date,kitchen_id,menu_item_id,item_name,quantity_sold,price
2024-01-01,1,1,Margherita Pizza,26,12.0
2024-01-01,1,2,Pasta Alfredo,28,14.0
2024-01-01,1,3,Lasagna Bolognese,22,16.0
2024-01-01,1,4,Bruschetta,29,8.0
2024-01-01,1,5,Tiramisu,28,7.0
2024-01-01,1,6,Caesar Salad,19,10.0
2024-01-01,1,7,Minestrone Soup,29,9.0
2024-01-01,2,1,Margherita Pizza,28,12.0
2024-01-01,2,2,Pasta Alfredo,28,14.0
2024-01-01,2,3,Lasagna Bolognese,23,16.0
2024-01-01,2,4,Bruschetta,24,8.0
2024-01-01,2,5,Tiramisu,28,7.0
2024-01-01,2,6,Caesar Salad,22,10.0
2024-01-01,2,7,Minestrone Soup,20,9.0
2024-01-01,3,1,Margherita Pizza,22,12.0
2024-01-01,3,2,Pasta Alfredo,30,14.0
2024-01-01,3,3,Lasagna Bolognese,19,16.0
2024-01-01,3,4,Bruschetta,28,8.0
2024-01-01,3,5,Tiramisu,29,7.0
2024-01-01,3,6,Caesar Salad,18,10.0
2024-01-01,3,7,Minestrone Soup,31,9.0
2024-01-01,4,1,Margherita Pizza,27,12.0
2024-01-01,4,2,Pasta Alfredo,33,14.0
2024-01-01,4,3,Lasagna Bolognese,19,16.0
2024-01-01,4,4,Bruschetta,26,8.0
2024-01-01,4,5,Tiramisu,33,7.0
2024-01-01,4,6,Caesar Salad,20,10.0
2024-01-01,4,7,Minestrone Soup,29,9.0
2024-01-01,5,1,Margherita Pizza,28,12.0
2024-01-01,5,2,Pasta Alfredo,33,14.0
2024-01-01,5,3,Lasagna Bolognese,23,16.0
2024-01-01,5,4,Bruschetta,35,8.0
2024-01-01,5,5,Tiramisu,34,7.0
2024-01-01,5,6,Caesar Salad,21,10.0
2024-01-01,5,7,Minestrone Soup,32,9.0
2024-01-02,1,1,Margherita Pizza,25,12.0
2024-01-02,1,2,Pasta Alfredo,34,14.0
2024-01-02,1,3,Lasagna Bolognese,18,16.0
2024-01-02,1,4,Bruschetta,25,8.0
2024-01-02,1,5,Tiramisu,34,7.0
2024-01-02,1,6,Caesar Salad,26,10.0
2024-01-02,1,7,Minestrone Soup,29,9.0
2024-01-02,2,1,Margherita Pizza,30,12.0
2024-01-02,2,2,Pasta Alfredo,34,14.0
2024-01-02,2,3,Lasagna Bolognese,21,16.0
2024-01-02,2,4,Bruschetta,28,8.0
2024-01-02,2,5,Tiramisu,34,7.0
2024-01-02,2,6,Caesar Salad,28,10.0
2024-01-02,2,7,Minestrone Soup,31,9.0
2024-01-02,3,1,Margherita Pizza,26,12.0
2024-01-02,3,2,Pasta Alfredo,38,14.0
2024-01-02,3,3,Lasagna Bolognese,25,16.0
2024-01-02,3,4,Bruschetta,29,8.0
2024-01-02,3,5,Tiramisu,39,7.0
2024-01-02,3,6,Caesar Salad,29,10.0
2024-01-02,3,7,Minestrone Soup,34,9.0
2024-01-02,4,1,Margherita Pizza,30,12.0
2024-01-02,4,2,Pasta Alfredo,38,14.0
2024-01-02,4,3,Lasagna Bolognese,28,16.0
2024-01-02,4,4,Bruschetta,36,8.0
2024-01-02,4,5,Tiramisu,37,7.0
2024-01-02,4,6,Caesar Salad,27,10.0
2024-01-02,4,7,Minestrone Soup,30,9.0
2024-01-02,5,1,Margherita Pizza,31,12.0
2024-01-02,5,2,Pasta Alfredo,43,14.0
2024-01-02,5,3,Lasagna Bolognese,33,16.0
2024-01-02,5,4,Bruschetta,34,8.0
2024-01-02,5,5,Tiramisu,43,7.0
2024-01-02,5,6,Caesar Salad,30,10.0
2024-01-02,5,7,Minestrone Soup,33,9.0
2024-01-03,1,1,Margherita Pizza,30,12.0
2024-01-03,1,2,Pasta Alfredo,38,14.0
2024-01-03,1,3,Lasagna Bolognese,24,16.0
2024-01-03,1,4,Bruschetta,33,8.0
2024-01-03,1,5,Tiramisu,25,7.0
2024-01-03,1,6,Caesar Salad,26,10.0
2024-01-03,1,7,Minestrone Soup,29,9.0
2024-01-03,2,1,Margherita Pizza,29,12.0
2024-01-03,2,2,Pasta Alfredo,35,14.0
2024-01-03,2,3,Lasagna Bolognese,19,16.0
2024-01-03,2,4,Bruschetta,29,8.0
2024-01-03,2,5,Tiramisu,36,7.0
2024-01-03,2,6,Caesar Salad,29,10.0
2024-01-03,2,7,Minestrone Soup,28,9.0
2024-01-03,3,1,Margherita Pizza,29,12.0
2024-01-03,3,2,Pasta Alfredo,35,14.0
2024-01-03,3,3,Lasagna Bolognese,29,16.0
2024-01-03,3,4,Bruschetta,32,8.0
2024-01-03,3,5,Tiramisu,35,7.0
2024-01-03,3,6,Caesar Salad,28,10.0
2024-01-03,3,7,Minestrone Soup,32,9.0
2024-01-03,4,1,Margherita Pizza,36,12.0
2024-01-03,4,2,Pasta Alfredo,36,14.0
2024-01-03,4,3,Lasagna Bolognese,27,16.0
2024-01-03,4,4,Bruschetta,32,8.0
2024-01-03,4,5,Tiramisu,34,7.0
2024-01-03,4,6,Caesar Salad,28,10.0
2024-01-03,4,7,Minestrone Soup,34,9.0
2024-01-03,5,1,Margherita Pizza,35,12.0
2024-01-03,5,2,Pasta Alfredo,40,14.0
2024-01-03,5,3,Lasagna Bolognese,25,16.0
2024-01-03,5,4,Bruschetta,33,8.0
2024-01-03,5,5,Tiramisu,39,7.0
2024-01-03,5,6,Caesar Salad,26,10.0
2024-01-03,5,7,Minestrone Soup,34,9.0
2024-01-04,1,1,Margherita Pizza,30,12.0
2024-01-04,1,2,Pasta Alfredo,39,14.0
2024-01-04,1,3,Lasagna Bolognese,24,16.0
2024-01-04,1,4,Bruschetta,29,8.0
2024-01-04,1,5,Tiramisu,33,7.0
2024-01-04,1,6,Caesar Salad,18,10.0
2024-01-04,1,7,Minestrone Soup,28,9.0
2024-01-04,2,1,Margherita Pizza,30,12.0
2024-01-04,2,2,Pasta Alfredo,42,14.0
2024-01-04,2,3,Lasagna Bolognese,24,16.0
2024-01-04,2,4,Bruschetta,31,8.0
2024-01-04,2,5,Tiramisu,35,7.0
2024-01-04,2,6,Caesar Salad,21,10.0
2024-01-04,2,7,Minestrone Soup,33,9.0
2024-01-04,3,1,Margherita Pizza,34,12.0
2024-01-04,3,2,Pasta Alfredo,39,14.0
2024-01-04,3,3,Lasagna Bolognese,24,16.0
2024-01-04,3,4,Bruschetta,36,8.0
2024-01-04,3,5,Tiramisu,33,7.0
2024-01-04,3,6,Caesar Salad,28,10.0
2024-01-04,3,7,Minestrone Soup,38,9.0
2024-01-04,4,1,Margherita Pizza,30,12.0
2024-01-04,4,2,Pasta Alfredo,37,14.0
2024-01-04,4,3,Lasagna Bolognese,28,16.0
2024-01-04,4,4,Bruschetta,31,8.0
2024-01-04,4,5,Tiramisu,34,7.0
2024-01-04,4,6,Caesar Salad,28,10.0
2024-01-04,4,7,Minestrone Soup,30,9.0
2024-01-04,5,1,Margherita Pizza,36,12.0
2024-01-04,5,2,Pasta Alfredo,37,14.0
2024-01-04,5,3,Lasagna Bolognese,33,16.0
2024-01-04,5,4,Bruschetta,32,8.0
2024-01-04,5,5,Tiramisu,39,7.0
2024-01-04,5,6,Caesar Salad,31,10.0
2024-01-04,5,7,Minestrone Soup,31,9.0
2024-01-05,1,1,Margherita Pizza,39,12.0
2024-01-05,1,2,Pasta Alfredo,49,14.0
2024-01-05,1,3,Lasagna Bolognese,27,16.0
2024-01-05,1,4,Bruschetta,39,8.0
2024-01-05,1,5,Tiramisu,46,7.0
2024-01-05,1,6,Caesar Salad,34,10.0
2024-01-05,1,7,Minestrone Soup,35,9.0
2024-01-05,2,1,Margherita Pizza,37,12.0
2024-01-05,2,2,Pasta Alfredo,49,14.0
2024-01-05,2,3,Lasagna Bolognese,35,16.0
2024-01-05,2,4,Bruschetta,41,8.0
2024-01-05,2,5,Tiramisu,48,7.0
2024-01-05,2,6,Caesar Salad,32,10.0
2024-01-05,2,7,Minestrone Soup,41,9.0
2024-01-05,3,1,Margherita Pizza,43,12.0
2024-01-05,3,2,Pasta Alfredo,47,14.0
2024-01-05,3,3,Lasagna Bolognese,41,16.0
2024-01-05,3,4,Bruschetta,44,8.0
2024-01-05,3,5,Tiramisu,46,7.0
2024-01-05,3,6,Caesar Salad,37,10.0
2024-01-05,3,7,Minestrone Soup,40,9.0
2024-01-05,4,1,Margherita Pizza,47,12.0
2024-01-05,4,2,Pasta Alfredo,55,14.0
2024-01-05,4,3,Lasagna Bolognese,35,16.0
2024-01-05,4,4,Bruschetta,47,8.0
2024-01-05,4,5,Tiramisu,53,7.0
2024-01-05,4,6,Caesar Salad,40,10.0
2024-01-05,4,7,Minestrone Soup,50,9.0
2024-01-05,5,1,Margherita Pizza,46,12.0
2024-01-05,5,2,Pasta Alfredo,52,14.0
2024-01-05,5,3,Lasagna Bolognese,36,16.0
2024-01-05,5,4,Bruschetta,44,8.0
2024-01-05,5,5,Tiramisu,54,7.0
2024-01-05,5,6,Caesar Salad,40,10.0
2024-01-05,5,7,Minestrone Soup,47,9.0
2024-01-06,1,1,Margherita Pizza,41,12.0
2024-01-06,1,2,Pasta Alfredo,45,14.0
2024-01-06,1,3,Lasagna Bolognese,36,16.0
2024-01-06,1,4,Bruschetta,38,8.0
2024-01-06,1,5,Tiramisu,53,7.0
2024-01-06,1,6,Caesar Salad,34,10.0
2024-01-06,1,7,Minestrone Soup,36,9.0
2024-01-06,2,1,Margherita Pizza,37,12.0
2024-01-06,2,2,Pasta Alfredo,49,14.0
2024-01-06,2,3,Lasagna Bolognese,33,16.0
2024-01-06,2,4,Bruschetta,43,8.0
2024-01-06,2,5,Tiramisu,49,7.0
2024-01-06,2,6,Caesar Salad,34,10.0
2024-01-06,2,7,Minestrone Soup,38,9.0
2024-01-06,3,1,Margherita Pizza,38,12.0
2024-01-06,3,2,Pasta Alfredo,48,14.0
2024-01-06,3,3,Lasagna Bolognese,38,16.0
2024-01-06,3,4,Bruschetta,43,8.0
2024-01-06,3,5,Tiramisu,46,7.0
2024-01-06,3,6,Caesar Salad,36,10.0
2024-01-06,3,7,Minestrone Soup,44,9.0
2024-01-06,4,1,Margherita Pizza,42,12.0
2024-01-06,4,2,Pasta Alfredo,52,14.0
2024-01-06,4,3,Lasagna Bolognese,37,16.0
2024-01-06,4,4,Bruschetta,41,8.0
2024-01-06,4,5,Tiramisu,53,7.0
2024-01-06,4,6,Caesar Salad,39,10.0
2024-01-06,4,7,Minestrone Soup,48,9.0
2024-01-06,5,1,Margherita Pizza,50,12.0
2024-01-06,5,2,Pasta Alfredo,50,14.0
2024-01-06,5,3,Lasagna Bolognese,36,16.0
2024-01-06,5,4,Bruschetta,48,8.0
2024-01-06,5,5,Tiramisu,56,7.0
2024-01-06,5,6,Caesar Salad,40,10.0
2024-01-06,5,7,Minestrone Soup,58,9.0
2024-01-07,1,1,Margherita Pizza,34,12.0
2024-01-07,1,2,Pasta Alfredo,42,14.0
2024-01-07,1,3,Lasagna Bolognese,30,16.0
2024-01-07,1,4,Bruschetta,35,8.0
2024-01-07,1,5,Tiramisu,37,7.0
2024-01-07,1,6,Caesar Salad,30,10.0
2024-01-07,1,7,Minestrone Soup,30,9.0
2024-01-07,2,1,Margherita Pizza,34,12.0
2024-01-07,2,2,Pasta Alfredo,39,14.0
2024-01-07,2,3,Lasagna Bolognese,29,16.0
2024-01-07,2,4,Bruschetta,41,8.0
2024-01-07,2,5,Tiramisu,35,7.0
2024-01-07,2,6,Caesar Salad,31,10.0
2024-01-07,2,7,Minestrone Soup,30,9.0
2024-01-07,3,1,Margherita Pizza,35,12.0
2024-01-07,3,2,Pasta Alfredo,46,14.0
2024-01-07,3,3,Lasagna Bolognese,30,16.0
2024-01-07,3,4,Bruschetta,33,8.0
2024-01-07,3,5,Tiramisu,40,7.0
2024-01-07,3,6,Caesar Salad,32,10.0
2024-01-07,3,7,Minestrone Soup,34,9.0
2024-01-07,4,1,Margherita Pizza,39,12.0
2024-01-07,4,2,Pasta Alfredo,44,14.0
2024-01-07,4,3,Lasagna Bolognese,30,16.0
2024-01-07,4,4,Bruschetta,44,8.0
2024-01-07,4,5,Tiramisu,46,7.0
2024-01-07,4,6,Caesar Salad,26,10.0
2024-01-07,4,7,Minestrone Soup,39,9.0
2024-01-07,5,1,Margherita Pizza,38,12.0
2024-01-07,5,2,Pasta Alfredo,49,14.0
2024-01-07,5,3,Lasagna Bolognese,31,16.0
2024-01-07,5,4,Bruschetta,39,8.0
2024-01-07,5,5,Tiramisu,48,7.0
2024-01-07,5,6,Caesar Salad,36,10.0
2024-01-07,5,7,Minestrone Soup,36,9.0
2024-01-08,1,1,Margherita Pizza,23,12.0
2024-01-08,1,2,Pasta Alfredo,27,14.0
2024-01-08,1,3,Lasagna Bolognese,18,16.0
2024-01-08,1,4,Bruschetta,30,8.0
2024-01-08,1,5,Tiramisu,29,7.0
2024-01-08,1,6,Caesar Salad,16,10.0
2024-01-08,1,7,Minestrone Soup,27,9.0
2024-01-08,2,1,Margherita Pizza,32,12.0
2024-01-08,2,2,Pasta Alfredo,33,14.0
2024-01-08,2,3,Lasagna Bolognese,17,16.0
2024-01-08,2,4,Bruschetta,24,8.0
2024-01-08,2,5,Tiramisu,34,7.0
2024-01-08,2,6,Caesar Salad,19,10.0
2024-01-08,2,7,Minestrone Soup,27,9.0
2024-01-08,3,1,Margherita Pizza,29,12.0
2024-01-08,3,2,Pasta Alfredo,28,14.0
2024-01-08,3,3,Lasagna Bolognese,22,16.0
2024-01-08,3,4,Bruschetta,17,8.0
2024-01-08,3,5,Tiramisu,28,7.0
2024-01-08,3,6,Caesar Salad,22,10.0
2024-01-08,3,7,Minestrone Soup,23,9.0
2024-01-08,4,1,Margherita Pizza,33,12.0
2024-01-08,4,2,Pasta Alfredo,28,14.0
2024-01-08,4,3,Lasagna Bolognese,22,16.0
2024-01-08,4,4,Bruschetta,28,8.0
2024-01-08,4,5,Tiramisu,37,7.0
2024-01-08,4,6,Caesar Salad,19,10.0
2024-01-08,4,7,Minestrone Soup,32,9.0
2024-01-08,5,1,Margherita Pizza,29,12.0
2024-01-08,5,2,Pasta Alfredo,31,14.0
2024-01-08,5,3,Lasagna Bolognese,26,16.0
2024-01-08,5,4,Bruschetta,30,8.0
2024-01-08,5,5,Tiramisu,32,7.0
2024-01-08,5,6,Caesar Salad,25,10.0
2024-01-08,5,7,Minestrone Soup,28,9.0
2024-01-09,1,1,Margherita Pizza,29,12.0
2024-01-09,1,2,Pasta Alfredo,35,14.0
2024-01-09,1,3,Lasagna Bolognese,29,16.0
2024-01-09,1,4,Bruschetta,25,8.0
2024-01-09,1,5,Tiramisu,40,7.0
2024-01-09,1,6,Caesar Salad,18,10.0
2024-01-09,1,7,Minestrone Soup,28,9.0
2024-01-09,2,1,Margherita Pizza,32,12.0
2024-01-09,2,2,Pasta Alfredo,36,14.0
2024-01-09,2,3,Lasagna Bolognese,23,16.0
2024-01-09,2,4,Bruschetta,29,8.0
2024-01-09,2,5,Tiramisu,34,7.0
2024-01-09,2,6,Caesar Salad,23,10.0
2024-01-09,2,7,Minestrone Soup,33,9.0
2024-01-09,3,1,Margherita Pizza,33,12.0
2024-01-09,3,2,Pasta Alfredo,35,14.0
2024-01-09,3,3,Lasagna Bolognese,29,16.0
2024-01-09,3,4,Bruschetta,32,8.0
2024-01-09,3,5,Tiramisu,39,7.0
2024-01-09,3,6,Caesar Salad,28,10.0
2024-01-09,3,7,Minestrone Soup,29,9.0
2024-01-09,4,1,Margherita Pizza,31,12.0
2024-01-09,4,2,Pasta Alfredo,41,14.0
2024-01-09,4,3,Lasagna Bolognese,29,16.0
2024-01-09,4,4,Bruschetta,33,8.0
2024-01-09,4,5,Tiramisu,39,7.0
2024-01-09,4,6,Caesar Salad,31,10.0
2024-01-09,4,7,Minestrone Soup,31,9.0
2024-01-09,5,1,Margherita Pizza,36,12.0
2024-01-09,5,2,Pasta Alfredo,40,14.0
2024-01-09,5,3,Lasagna Bolognese,28,16.0
2024-01-09,5,4,Bruschetta,38,8.0
2024-01-09,5,5,Tiramisu,43,7.0
2024-01-09,5,6,Caesar Salad,31,10.0
2024-01-09,5,7,Minestrone Soup,38,9.0
2024-01-10,1,1,Margherita Pizza,29,12.0
2024-01-10,1,2,Pasta Alfredo,35,14.0
2024-01-10,1,3,Lasagna Bolognese,23,16.0
2024-01-10,1,4,Bruschetta,29,8.0
2024-01-10,1,5,Tiramisu,33,7.0
2024-01-10,1,6,Caesar Salad,24,10.0
2024-01-10,1,7,Minestrone Soup,30,9.0
2024-01-10,2,1,Margherita Pizza,28,12.0
2024-01-10,2,2,Pasta Alfredo,41,14.0
2024-01-10,2,3,Lasagna Bolognese,22,16.0
2024-01-10,2,4,Bruschetta,26,8.0
2024-01-10,2,5,Tiramisu,38,7.0
2024-01-10,2,6,Caesar Salad,27,10.0
2024-01-10,2,7,Minestrone Soup,32,9.0
2024-01-10,3,1,Margherita Pizza,33,12.0
2024-01-10,3,2,Pasta Alfredo,37,14.0
2024-01-10,3,3,Lasagna Bolognese,24,16.0
2024-01-10,3,4,Bruschetta,32,8.0
2024-01-10,3,5,Tiramisu,35,7.0
2024-01-10,3,6,Caesar Salad,29,10.0
2024-01-10,3,7,Minestrone Soup,31,9.0
2024-01-10,4,1,Margherita Pizza,31,12.0
2024-01-10,4,2,Pasta Alfredo,38,14.0
2024-01-10,4,3,Lasagna Bolognese,29,16.0
2024-01-10,4,4,Bruschetta,31,8.0
2024-01-10,4,5,Tiramisu,36,7.0
2024-01-10,4,6,Caesar Salad,28,10.0
2024-01-10,4,7,Minestrone Soup,34,9.0
2024-01-10,5,1,Margherita Pizza,33,12.0
2024-01-10,5,2,Pasta Alfredo,39,14.0
2024-01-10,5,3,Lasagna Bolognese,29,16.0
2024-01-10,5,4,Bruschetta,30,8.0
2024-01-10,5,5,Tiramisu,36,7.0
2024-01-10,5,6,Caesar Salad,27,10.0
2024-01-10,5,7,Minestrone Soup,34,9.0
2024-01-11,1,1,Margherita Pizza,29,12.0
2024-01-11,1,2,Pasta Alfredo,38,14.0
2024-01-11,1,3,Lasagna Bolognese,26,16.0
2024-01-11,1,4,Bruschetta,28,8.0
2024-01-11,1,5,Tiramisu,33,7.0
2024-01-11,1,6,Caesar Salad,21,10.0
2024-01-11,1,7,Minestrone Soup,28,9.0
2024-01-11,2,1,Margherita Pizza,29,12.0
2024-01-11,2,2,Pasta Alfredo,36,14.0
2024-01-11,2,3,Lasagna Bolognese,23,16.0
2024-01-11,2,4,Bruschetta,32,8.0
2024-01-11,2,5,Tiramisu,40,7.0
2024-01-11,2,6,Caesar Salad,25,10.0
2024-01-11,2,7,Minestrone Soup,31,9.0
2024-01-11,3,1,Margherita Pizza,34,12.0
2024-01-11,3,2,Pasta Alfredo,36,14.0
2024-01-11,3,3,Lasagna Bolognese,27,16.0
2024-01-11,3,4,Bruschetta,32,8.0
2024-01-11,3,5,Tiramisu,37,7.0
2024-01-11,3,6,Caesar Salad,24,10.0
2024-01-11,3,7,Minestrone Soup,32,9.0
2024-01-11,4,1,Margherita Pizza,34,12.0
2024-01-11,4,2,Pasta Alfredo,43,14.0
2024-01-11,4,3,Lasagna Bolognese,30,16.0
2024-01-11,4,4,Bruschetta,39,8.0
2024-01-11,4,5,Tiramisu,36,7.0
2024-01-11,4,6,Caesar Salad,30,10.0
2024-01-11,4,7,Minestrone Soup,34,9.0
2024-01-11,5,1,Margherita Pizza,41,12.0
2024-01-11,5,2,Pasta Alfredo,38,14.0
2024-01-11,5,3,Lasagna Bolognese,26,16.0
2024-01-11,5,4,Bruschetta,33,8.0
2024-01-11,5,5,Tiramisu,34,7.0
2024-01-11,5,6,Caesar Salad,27,10.0
2024-01-11,5,7,Minestrone Soup,32,9.0
2024-01-12,1,1,Margherita Pizza,39,12.0
2024-01-12,1,2,Pasta Alfredo,46,14.0
2024-01-12,1,3,Lasagna Bolognese,38,16.0
2024-01-12,1,4,Bruschetta,41,8.0
2024-01-12,1,5,Tiramisu,43,7.0
2024-01-12,1,6,Caesar Salad,29,10.0
2024-01-12,1,7,Minestrone Soup,40,9.0
2024-01-12,2,1,Margherita Pizza,37,12.0
2024-01-12,2,2,Pasta Alfredo,53,14.0
2024-01-12,2,3,Lasagna Bolognese,37,16.0
2024-01-12,2,4,Bruschetta,39,8.0
2024-01-12,2,5,Tiramisu,42,7.0
2024-01-12,2,6,Caesar Salad,38,10.0
2024-01-12,2,7,Minestrone Soup,40,9.0
2024-01-12,3,1,Margherita Pizza,46,12.0
2024-01-12,3,2,Pasta Alfredo,45,14.0
2024-01-12,3,3,Lasagna Bolognese,34,16.0
2024-01-12,3,4,Bruschetta,43,8.0
2024-01-12,3,5,Tiramisu,50,7.0
2024-01-12,3,6,Caesar Salad,34,10.0
2024-01-12,3,7,Minestrone Soup,44,9.0
2024-01-12,4,1,Margherita Pizza,41,12.0
2024-01-12,4,2,Pasta Alfredo,52,14.0
2024-01-12,4,3,Lasagna Bolognese,37,16.0
2024-01-12,4,4,Bruschetta,46,8.0
2024-01-12,4,5,Tiramisu,54,7.0
2024-01-12,4,6,Caesar Salad,34,10.0
2024-01-12,4,7,Minestrone Soup,40,9.0
2024-01-12,5,1,Margherita Pizza,50,12.0
2024-01-12,5,2,Pasta Alfredo,55,14.0
2024-01-12,5,3,Lasagna Bolognese,37,16.0
2024-01-12,5,4,Bruschetta,51,8.0
2024-01-12,5,5,Tiramisu,55,7.0
2024-01-12,5,6,Caesar Salad,42,10.0
2024-01-12,5,7,Minestrone Soup,47,9.0
2024-01-13,1,1,Margherita Pizza,45,12.0
2024-01-13,1,2,Pasta Alfredo,50,14.0
2024-01-13,1,3,Lasagna Bolognese,31,16.0
2024-01-13,1,4,Bruschetta,41,8.0
2024-01-13,1,5,Tiramisu,47,7.0
2024-01-13,1,6,Caesar Salad,36,10.0
2024-01-13,1,7,Minestrone Soup,36,9.0
2024-01-13,2,1,Margherita Pizza,43,12.0
2024-01-13,2,2,Pasta Alfredo,50,14.0
2024-01-13,2,3,Lasagna Bolognese,28,16.0
2024-01-13,2,4,Bruschetta,37,8.0
2024-01-13,2,5,Tiramisu,41,7.0
2024-01-13,2,6,Caesar Salad,33,10.0
2024-01-13,2,7,Minestrone Soup,43,9.0
2024-01-13,3,1,Margherita Pizza,47,12.0
2024-01-13,3,2,Pasta Alfredo,50,14.0
2024-01-13,3,3,Lasagna Bolognese,40,16.0
2024-01-13,3,4,Bruschetta,38,8.0
2024-01-13,3,5,Tiramisu,45,7.0
2024-01-13,3,6,Caesar Salad,35,10.0
2024-01-13,3,7,Minestrone Soup,44,9.0
2024-01-13,4,1,Margherita Pizza,44,12.0
2024-01-13,4,2,Pasta Alfredo,46,14.0
2024-01-13,4,3,Lasagna Bolognese,37,16.0
2024-01-13,4,4,Bruschetta,41,8.0
2024-01-13,4,5,Tiramisu,54,7.0
2024-01-13,4,6,Caesar Salad,38,10.0
2024-01-13,4,7,Minestrone Soup,42,9.0
2024-01-13,5,1,Margherita Pizza,45,12.0
2024-01-13,5,2,Pasta Alfredo,51,14.0
2024-01-13,5,3,Lasagna Bolognese,39,16.0
2024-01-13,5,4,Bruschetta,49,8.0
2024-01-13,5,5,Tiramisu,51,7.0
2024-01-13,5,6,Caesar Salad,40,10.0
2024-01-13,5,7,Minestrone Soup,45,9.0
2024-01-14,1,1,Margherita Pizza,30,12.0
2024-01-14,1,2,Pasta Alfredo,38,14.0
2024-01-14,1,3,Lasagna Bolognese,24,16.0
2024-01-14,1,4,Bruschetta,31,8.0
2024-01-14,1,5,Tiramisu,35,7.0
2024-01-14,1,6,Caesar Salad,33,10.0
2024-01-14,1,7,Minestrone Soup,33,9.0
2024-01-14,2,1,Margherita Pizza,32,12.0
2024-01-14,2,2,Pasta Alfredo,41,14.0
2024-01-14,2,3,Lasagna Bolognese,28,16.0
2024-01-14,2,4,Bruschetta,34,8.0
2024-01-14,2,5,Tiramisu,42,7.0
2024-01-14,2,6,Caesar Salad,31,10.0
2024-01-14,2,7,Minestrone Soup,33,9.0
2024-01-14,3,1,Margherita Pizza,34,12.0
2024-01-14,3,2,Pasta Alfredo,41,14.0
2024-01-14,3,3,Lasagna Bolognese,23,16.0
2024-01-14,3,4,Bruschetta,32,8.0
2024-01-14,3,5,Tiramisu,46,7.0
2024-01-14,3,6,Caesar Salad,35,10.0
2024-01-14,3,7,Minestrone Soup,35,9.0
2024-01-14,4,1,Margherita Pizza,40,12.0
2024-01-14,4,2,Pasta Alfredo,45,14.0
2024-01-14,4,3,Lasagna Bolognese,41,16.0
2024-01-14,4,4,Bruschetta,41,8.0
2024-01-14,4,5,Tiramisu,44,7.0
2024-01-14,4,6,Caesar Salad,29,10.0
2024-01-14,4,7,Minestrone Soup,33,9.0
2024-01-14,5,1,Margherita Pizza,40,12.0
2024-01-14,5,2,Pasta Alfredo,44,14.0
2024-01-14,5,3,Lasagna Bolognese,29,16.0
2024-01-14,5,4,Bruschetta,38,8.0
2024-01-14,5,5,Tiramisu,43,7.0
2024-01-14,5,6,Caesar Salad,38,10.0
2024-01-14,5,7,Minestrone Soup,42,9.0
2024-01-15,1,1,Margherita Pizza,24,12.0
2024-01-15,1,2,Pasta Alfredo,33,14.0
2024-01-15,1,3,Lasagna Bolognese,20,16.0
2024-01-15,1,4,Bruschetta,22,8.0
2024-01-15,1,5,Tiramisu,33,7.0
2024-01-15,1,6,Caesar Salad,22,10.0
2024-01-15,1,7,Minestrone Soup,21,9.0
2024-01-15,2,1,Margherita Pizza,25,12.0
2024-01-15,2,2,Pasta Alfredo,27,14.0
2024-01-15,2,3,Lasagna Bolognese,17,16.0
2024-01-15,2,4,Bruschetta,28,8.0
2024-01-15,2,5,Tiramisu,35,7.0
2024-01-15,2,6,Caesar Salad,17,10.0
2024-01-15,2,7,Minestrone Soup,27,9.0
2024-01-15,3,1,Margherita Pizza,25,12.0
2024-01-15,3,2,Pasta Alfredo,30,14.0
2024-01-15,3,3,Lasagna Bolognese,21,16.0
2024-01-15,3,4,Bruschetta,24,8.0
2024-01-15,3,5,Tiramisu,31,7.0
2024-01-15,3,6,Caesar Salad,20,10.0
2024-01-15,3,7,Minestrone Soup,28,9.0
2024-01-15,4,1,Margherita Pizza,28,12.0
2024-01-15,4,2,Pasta Alfredo,32,14.0
2024-01-15,4,3,Lasagna Bolognese,21,16.0
2024-01-15,4,4,Bruschetta,26,8.0
2024-01-15,4,5,Tiramisu,35,7.0
2024-01-15,4,6,Caesar Salad,25,10.0
2024-01-15,4,7,Minestrone Soup,25,9.0
2024-01-15,5,1,Margherita Pizza,30,12.0
2024-01-15,5,2,Pasta Alfredo,36,14.0
2024-01-15,5,3,Lasagna Bolognese,19,16.0
2024-01-15,5,4,Bruschetta,31,8.0
2024-01-15,5,5,Tiramisu,32,7.0
2024-01-15,5,6,Caesar Salad,26,10.0
2024-01-15,5,7,Minestrone Soup,27,9.0
2024-01-16,1,1,Margherita Pizza,23,12.0
2024-01-16,1,2,Pasta Alfredo,28,14.0
2024-01-16,1,3,Lasagna Bolognese,24,16.0
2024-01-16,1,4,Bruschetta,29,8.0
2024-01-16,1,5,Tiramisu,31,7.0
2024-01-16,1,6,Caesar Salad,26,10.0
2024-01-16,1,7,Minestrone Soup,24,9.0
2024-01-16,2,1,Margherita Pizza,30,12.0
2024-01-16,2,2,Pasta Alfredo,31,14.0
2024-01-16,2,3,Lasagna Bolognese,23,16.0
2024-01-16,2,4,Bruschetta,30,8.0
2024-01-16,2,5,Tiramisu,32,7.0
2024-01-16,2,6,Caesar Salad,24,10.0
2024-01-16,2,7,Minestrone Soup,33,9.0
2024-01-16,3,1,Margherita Pizza,30,12.0
2024-01-16,3,2,Pasta Alfredo,39,14.0
2024-01-16,3,3,Lasagna Bolognese,23,16.0
2024-01-16,3,4,Bruschetta,33,8.0
2024-01-16,3,5,Tiramisu,41,7.0
2024-01-16,3,6,Caesar Salad,19,10.0
2024-01-16,3,7,Minestrone Soup,29,9.0
2024-01-16,4,1,Margherita Pizza,35,12.0
2024-01-16,4,2,Pasta Alfredo,38,14.0
2024-01-16,4,3,Lasagna Bolognese,29,16.0
2024-01-16,4,4,Bruschetta,31,8.0
2024-01-16,4,5,Tiramisu,39,7.0
2024-01-16,4,6,Caesar Salad,27,10.0
2024-01-16,4,7,Minestrone Soup,37,9.0
2024-01-16,5,1,Margherita Pizza,35,12.0
2024-01-16,5,2,Pasta Alfredo,41,14.0
2024-01-16,5,3,Lasagna Bolognese,28,16.0
2024-01-16,5,4,Bruschetta,33,8.0
2024-01-16,5,5,Tiramisu,39,7.0
2024-01-16,5,6,Caesar Salad,30,10.0
2024-01-16,5,7,Minestrone Soup,33,9.0
2024-01-17,1,1,Margherita Pizza,29,12.0
2024-01-17,1,2,Pasta Alfredo,39,14.0
2024-01-17,1,3,Lasagna Bolognese,26,16.0
2024-01-17,1,4,Bruschetta,28,8.0
2024-01-17,1,5,Tiramisu,37,7.0
2024-01-17,1,6,Caesar Salad,23,10.0
2024-01-17,1,7,Minestrone Soup,22,9.0
2024-01-17,2,1,Margherita Pizza,27,12.0
2024-01-17,2,2,Pasta Alfredo,29,14.0
2024-01-17,2,3,Lasagna Bolognese,24,16.0
2024-01-17,2,4,Bruschetta,30,8.0
2024-01-17,2,5,Tiramisu,40,7.0
2024-01-17,2,6,Caesar Salad,26,10.0
2024-01-17,2,7,Minestrone Soup,29,9.0
2024-01-17,3,1,Margherita Pizza,34,12.0
2024-01-17,3,2,Pasta Alfredo,30,14.0
2024-01-17,3,3,Lasagna Bolognese,27,16.0
2024-01-17,3,4,Bruschetta,34,8.0
2024-01-17,3,5,Tiramisu,32,7.0
2024-01-17,3,6,Caesar Salad,30,10.0
2024-01-17,3,7,Minestrone Soup,33,9.0
2024-01-17,4,1,Margherita Pizza,32,12.0
2024-01-17,4,2,Pasta Alfredo,40,14.0
2024-01-17,4,3,Lasagna Bolognese,34,16.0
2024-01-17,4,4,Bruschetta,34,8.0
2024-01-17,4,5,Tiramisu,39,7.0
2024-01-17,4,6,Caesar Salad,26,10.0
2024-01-17,4,7,Minestrone Soup,30,9.0
2024-01-17,5,1,Margherita Pizza,37,12.0
2024-01-17,5,2,Pasta Alfredo,38,14.0
2024-01-17,5,3,Lasagna Bolognese,29,16.0
2024-01-17,5,4,Bruschetta,33,8.0
2024-01-17,5,5,Tiramisu,42,7.0
2024-01-17,5,6,Caesar Salad,30,10.0
2024-01-17,5,7,Minestrone Soup,38,9.0
2024-01-18,1,1,Margherita Pizza,27,12.0
2024-01-18,1,2,Pasta Alfredo,32,14.0
2024-01-18,1,3,Lasagna Bolognese,21,16.0
2024-01-18,1,4,Bruschetta,27,8.0
2024-01-18,1,5,Tiramisu,34,7.0
2024-01-18,1,6,Caesar Salad,26,10.0
2024-01-18,1,7,Minestrone Soup,26,9.0
2024-01-18,2,1,Margherita Pizza,33,12.0
2024-01-18,2,2,Pasta Alfredo,39,14.0
2024-01-18,2,3,Lasagna Bolognese,26,16.0
2024-01-18,2,4,Bruschetta,36,8.0
2024-01-18,2,5,Tiramisu,33,7.0
2024-01-18,2,6,Caesar Salad,21,10.0
2024-01-18,2,7,Minestrone Soup,25,9.0
2024-01-18,3,1,Margherita Pizza,36,12.0
2024-01-18,3,2,Pasta Alfredo,39,14.0
2024-01-18,3,3,Lasagna Bolognese,26,16.0
2024-01-18,3,4,Bruschetta,32,8.0
2024-01-18,3,5,Tiramisu,33,7.0
2024-01-18,3,6,Caesar Salad,34,10.0
2024-01-18,3,7,Minestrone Soup,32,9.0
2024-01-18,4,1,Margherita Pizza,33,12.0
2024-01-18,4,2,Pasta Alfredo,41,14.0
2024-01-18,4,3,Lasagna Bolognese,29,16.0
2024-01-18,4,4,Bruschetta,34,8.0
2024-01-18,4,5,Tiramisu,36,7.0
2024-01-18,4,6,Caesar Salad,29,10.0
2024-01-18,4,7,Minestrone Soup,39,9.0
2024-01-18,5,1,Margherita Pizza,39,12.0
2024-01-18,5,2,Pasta Alfredo,45,14.0
2024-01-18,5,3,Lasagna Bolognese,27,16.0
2024-01-18,5,4,Bruschetta,32,8.0
2024-01-18,5,5,Tiramisu,40,7.0
2024-01-18,5,6,Caesar Salad,29,10.0
2024-01-18,5,7,Minestrone Soup,38,9.0
2024-01-19,1,1,Margherita Pizza,33,12.0
2024-01-19,1,2,Pasta Alfredo,49,14.0
2024-01-19,1,3,Lasagna Bolognese,32,16.0
2024-01-19,1,4,Bruschetta,37,8.0
2024-01-19,1,5,Tiramisu,42,7.0
2024-01-19,1,6,Caesar Salad,27,10.0
2024-01-19,1,7,Minestrone Soup,41,9.0
2024-01-19,2,1,Margherita Pizza,41,12.0
2024-01-19,2,2,Pasta Alfredo,43,14.0
2024-01-19,2,3,Lasagna Bolognese,30,16.0
2024-01-19,2,4,Bruschetta,39,8.0
2024-01-19,2,5,Tiramisu,52,7.0
2024-01-19,2,6,Caesar Salad,33,10.0
2024-01-19,2,7,Minestrone Soup,36,9.0
2024-01-19,3,1,Margherita Pizza,42,12.0
2024-01-19,3,2,Pasta Alfredo,49,14.0
2024-01-19,3,3,Lasagna Bolognese,27,16.0
2024-01-19,3,4,Bruschetta,42,8.0
2024-01-19,3,5,Tiramisu,49,7.0
2024-01-19,3,6,Caesar Salad,38,10.0
2024-01-19,3,7,Minestrone Soup,48,9.0
2024-01-19,4,1,Margherita Pizza,48,12.0
2024-01-19,4,2,Pasta Alfredo,51,14.0
2024-01-19,4,3,Lasagna Bolognese,34,16.0
2024-01-19,4,4,Bruschetta,52,8.0
2024-01-19,4,5,Tiramisu,52,7.0
2024-01-19,4,6,Caesar Salad,37,10.0
2024-01-19,4,7,Minestrone Soup,44,9.0
2024-01-19,5,1,Margherita Pizza,47,12.0
2024-01-19,5,2,Pasta Alfredo,54,14.0
2024-01-19,5,3,Lasagna Bolognese,37,16.0
2024-01-19,5,4,Bruschetta,45,8.0
2024-01-19,5,5,Tiramisu,54,7.0
2024-01-19,5,6,Caesar Salad,37,10.0
2024-01-19,5,7,Minestrone Soup,44,9.0
2024-01-20,1,1,Margherita Pizza,39,12.0
2024-01-20,1,2,Pasta Alfredo,44,14.0
2024-01-20,1,3,Lasagna Bolognese,37,16.0
2024-01-20,1,4,Bruschetta,31,8.0
2024-01-20,1,5,Tiramisu,48,7.0
2024-01-20,1,6,Caesar Salad,36,10.0
2024-01-20,1,7,Minestrone Soup,32,9.0
2024-01-20,2,1,Margherita Pizza,39,12.0
2024-01-20,2,2,Pasta Alfredo,46,14.0
2024-01-20,2,3,Lasagna Bolognese,30,16.0
2024-01-20,2,4,Bruschetta,38,8.0
2024-01-20,2,5,Tiramisu,44,7.0
2024-01-20,2,6,Caesar Salad,39,10.0
2024-01-20,2,7,Minestrone Soup,43,9.0
2024-01-20,3,1,Margherita Pizza,46,12.0
2024-01-20,3,2,Pasta Alfredo,52,14.0
2024-01-20,3,3,Lasagna Bolognese,32,16.0
2024-01-20,3,4,Bruschetta,41,8.0
2024-01-20,3,5,Tiramisu,51,7.0
2024-01-20,3,6,Caesar Salad,32,10.0
2024-01-20,3,7,Minestrone Soup,45,9.0
2024-01-20,4,1,Margherita Pizza,44,12.0
2024-01-20,4,2,Pasta Alfredo,51,14.0
2024-01-20,4,3,Lasagna Bolognese,39,16.0
2024-01-20,4,4,Bruschetta,46,8.0
2024-01-20,4,5,Tiramisu,51,7.0
2024-01-20,4,6,Caesar Salad,41,10.0
2024-01-20,4,7,Minestrone Soup,41,9.0
2024-01-20,5,1,Margherita Pizza,48,12.0
2024-01-20,5,2,Pasta Alfredo,56,14.0
2024-01-20,5,3,Lasagna Bolognese,38,16.0
2024-01-20,5,4,Bruschetta,48,8.0
2024-01-20,5,5,Tiramisu,51,7.0
2024-01-20,5,6,Caesar Salad,42,10.0
2024-01-20,5,7,Minestrone Soup,46,9.0
2024-01-21,1,1,Margherita Pizza,31,12.0
2024-01-21,1,2,Pasta Alfredo,41,14.0
2024-01-21,1,3,Lasagna Bolognese,25,16.0
2024-01-21,1,4,Bruschetta,29,8.0
2024-01-21,1,5,Tiramisu,34,7.0
2024-01-21,1,6,Caesar Salad,29,10.0
2024-01-21,1,7,Minestrone Soup,29,9.0
2024-01-21,2,1,Margherita Pizza,40,12.0
2024-01-21,2,2,Pasta Alfredo,34,14.0
2024-01-21,2,3,Lasagna Bolognese,34,16.0
2024-01-21,2,4,Bruschetta,35,8.0
2024-01-21,2,5,Tiramisu,40,7.0
2024-01-21,2,6,Caesar Salad,27,10.0
2024-01-21,2,7,Minestrone Soup,36,9.0
2024-01-21,3,1,Margherita Pizza,36,12.0
2024-01-21,3,2,Pasta Alfredo,46,14.0
2024-01-21,3,3,Lasagna Bolognese,31,16.0
2024-01-21,3,4,Bruschetta,37,8.0
2024-01-21,3,5,Tiramisu,41,7.0
2024-01-21,3,6,Caesar Salad,30,10.0
2024-01-21,3,7,Minestrone Soup,37,9.0
2024-01-21,4,1,Margherita Pizza,33,12.0
2024-01-21,4,2,Pasta Alfredo,40,14.0
2024-01-21,4,3,Lasagna Bolognese,34,16.0
2024-01-21,4,4,Bruschetta,38,8.0
2024-01-21,4,5,Tiramisu,44,7.0
2024-01-21,4,6,Caesar Salad,32,10.0
2024-01-21,4,7,Minestrone Soup,39,9.0
2024-01-21,5,1,Margherita Pizza,38,12.0
2024-01-21,5,2,Pasta Alfredo,44,14.0
2024-01-21,5,3,Lasagna Bolognese,34,16.0
2024-01-21,5,4,Bruschetta,37,8.0
2024-01-21,5,5,Tiramisu,48,7.0
2024-01-21,5,6,Caesar Salad,28,10.0
2024-01-21,5,7,Minestrone Soup,43,9.0
2024-01-22,1,1,Margherita Pizza,26,12.0
2024-01-22,1,2,Pasta Alfredo,29,14.0
2024-01-22,1,3,Lasagna Bolognese,23,16.0
2024-01-22,1,4,Bruschetta,29,8.0
2024-01-22,1,5,Tiramisu,31,7.0
2024-01-22,1,6,Caesar Salad,15,10.0
2024-01-22,1,7,Minestrone Soup,20,9.0
2024-01-22,2,1,Margherita Pizza,24,12.0
2024-01-22,2,2,Pasta Alfredo,30,14.0
2024-01-22,2,3,Lasagna Bolognese,23,16.0
2024-01-22,2,4,Bruschetta,23,8.0
2024-01-22,2,5,Tiramisu,30,7.0
2024-01-22,2,6,Caesar Salad,19,10.0
2024-01-22,2,7,Minestrone Soup,24,9.0
2024-01-22,3,1,Margherita Pizza,23,12.0
2024-01-22,3,2,Pasta Alfredo,28,14.0
2024-01-22,3,3,Lasagna Bolognese,18,16.0
2024-01-22,3,4,Bruschetta,24,8.0
2024-01-22,3,5,Tiramisu,34,7.0
2024-01-22,3,6,Caesar Salad,19,10.0
2024-01-22,3,7,Minestrone Soup,35,9.0
2024-01-22,4,1,Margherita Pizza,30,12.0
2024-01-22,4,2,Pasta Alfredo,33,14.0
2024-01-22,4,3,Lasagna Bolognese,21,16.0
2024-01-22,4,4,Bruschetta,30,8.0
2024-01-22,4,5,Tiramisu,31,7.0
2024-01-22,4,6,Caesar Salad,24,10.0
2024-01-22,4,7,Minestrone Soup,36,9.0
2024-01-22,5,1,Margherita Pizza,29,12.0
2024-01-22,5,2,Pasta Alfredo,38,14.0
2024-01-22,5,3,Lasagna Bolognese,22,16.0
2024-01-22,5,4,Bruschetta,29,8.0
2024-01-22,5,5,Tiramisu,40,7.0
2024-01-22,5,6,Caesar Salad,23,10.0
2024-01-22,5,7,Minestrone Soup,35,9.0
2024-01-23,1,1,Margherita Pizza,31,12.0
2024-01-23,1,2,Pasta Alfredo,32,14.0
2024-01-23,1,3,Lasagna Bolognese,26,16.0
2024-01-23,1,4,Bruschetta,31,8.0
2024-01-23,1,5,Tiramisu,35,7.0
2024-01-23,1,6,Caesar Salad,19,10.0
2024-01-23,1,7,Minestrone Soup,26,9.0
2024-01-23,2,1,Margherita Pizza,29,12.0
2024-01-23,2,2,Pasta Alfredo,35,14.0
2024-01-23,2,3,Lasagna Bolognese,27,16.0
2024-01-23,2,4,Bruschetta,31,8.0
2024-01-23,2,5,Tiramisu,31,7.0
2024-01-23,2,6,Caesar Salad,26,10.0
2024-01-23,2,7,Minestrone Soup,32,9.0
2024-01-23,3,1,Margherita Pizza,33,12.0
2024-01-23,3,2,Pasta Alfredo,40,14.0
2024-01-23,3,3,Lasagna Bolognese,29,16.0
2024-01-23,3,4,Bruschetta,33,8.0
2024-01-23,3,5,Tiramisu,37,7.0
2024-01-23,3,6,Caesar Salad,21,10.0
2024-01-23,3,7,Minestrone Soup,33,9.0
2024-01-23,4,1,Margherita Pizza,34,12.0
2024-01-23,4,2,Pasta Alfredo,39,14.0
2024-01-23,4,3,Lasagna Bolognese,24,16.0
2024-01-23,4,4,Bruschetta,30,8.0
2024-01-23,4,5,Tiramisu,42,7.0
2024-01-23,4,6,Caesar Salad,27,10.0
2024-01-23,4,7,Minestrone Soup,35,9.0
2024-01-23,5,1,Margherita Pizza,35,12.0
2024-01-23,5,2,Pasta Alfredo,40,14.0
2024-01-23,5,3,Lasagna Bolognese,32,16.0
2024-01-23,5,4,Bruschetta,33,8.0
2024-01-23,5,5,Tiramisu,41,7.0
2024-01-23,5,6,Caesar Salad,27,10.0
2024-01-23,5,7,Minestrone Soup,33,9.0
2024-01-24,1,1,Margherita Pizza,28,12.0
2024-01-24,1,2,Pasta Alfredo,34,14.0
2024-01-24,1,3,Lasagna Bolognese,22,16.0
2024-01-24,1,4,Bruschetta,32,8.0
2024-01-24,1,5,Tiramisu,31,7.0
2024-01-24,1,6,Caesar Salad,23,10.0
2024-01-24,1,7,Minestrone Soup,27,9.0
2024-01-24,2,1,Margherita Pizza,34,12.0
2024-01-24,2,2,Pasta Alfredo,36,14.0
2024-01-24,2,3,Lasagna Bolognese,28,16.0
2024-01-24,2,4,Bruschetta,26,8.0
2024-01-24,2,5,Tiramisu,36,7.0
2024-01-24,2,6,Caesar Salad,28,10.0
2024-01-24,2,7,Minestrone Soup,30,9.0
2024-01-24,3,1,Margherita Pizza,35,12.0
2024-01-24,3,2,Pasta Alfredo,35,14.0
2024-01-24,3,3,Lasagna Bolognese,30,16.0
2024-01-24,3,4,Bruschetta,38,8.0
2024-01-24,3,5,Tiramisu,36,7.0
2024-01-24,3,6,Caesar Salad,25,10.0
2024-01-24,3,7,Minestrone Soup,36,9.0
2024-01-24,4,1,Margherita Pizza,38,12.0
2024-01-24,4,2,Pasta Alfredo,37,14.0
2024-01-24,4,3,Lasagna Bolognese,26,16.0
2024-01-24,4,4,Bruschetta,32,8.0
2024-01-24,4,5,Tiramisu,34,7.0
2024-01-24,4,6,Caesar Salad,25,10.0
2024-01-24,4,7,Minestrone Soup,30,9.0
2024-01-24,5,1,Margherita Pizza,32,12.0
2024-01-24,5,2,Pasta Alfredo,40,14.0
2024-01-24,5,3,Lasagna Bolognese,29,16.0
2024-01-24,5,4,Bruschetta,39,8.0
2024-01-24,5,5,Tiramisu,37,7.0
2024-01-24,5,6,Caesar Salad,32,10.0
2024-01-24,5,7,Minestrone Soup,34,9.0
2024-01-25,1,1,Margherita Pizza,28,12.0
2024-01-25,1,2,Pasta Alfredo,35,14.0
2024-01-25,1,3,Lasagna Bolognese,20,16.0
2024-01-25,1,4,Bruschetta,30,8.0
2024-01-25,1,5,Tiramisu,34,7.0
2024-01-25,1,6,Caesar Salad,25,10.0
2024-01-25,1,7,Minestrone Soup,29,9.0
2024-01-25,2,1,Margherita Pizza,37,12.0
2024-01-25,2,2,Pasta Alfredo,33,14.0
2024-01-25,2,3,Lasagna Bolognese,23,16.0
2024-01-25,2,4,Bruschetta,28,8.0
2024-01-25,2,5,Tiramisu,33,7.0
2024-01-25,2,6,Caesar Salad,23,10.0
2024-01-25,2,7,Minestrone Soup,34,9.0
2024-01-25,3,1,Margherita Pizza,36,12.0
2024-01-25,3,2,Pasta Alfredo,35,14.0
2024-01-25,3,3,Lasagna Bolognese,24,16.0
2024-01-25,3,4,Bruschetta,33,8.0
2024-01-25,3,5,Tiramisu,35,7.0
2024-01-25,3,6,Caesar Salad,28,10.0
2024-01-25,3,7,Minestrone Soup,32,9.0
2024-01-25,4,1,Margherita Pizza,28,12.0
2024-01-25,4,2,Pasta Alfredo,43,14.0
2024-01-25,4,3,Lasagna Bolognese,33,16.0
2024-01-25,4,4,Bruschetta,31,8.0
2024-01-25,4,5,Tiramisu,37,7.0
2024-01-25,4,6,Caesar Salad,28,10.0
2024-01-25,4,7,Minestrone Soup,34,9.0
2024-01-25,5,1,Margherita Pizza,36,12.0
2024-01-25,5,2,Pasta Alfredo,46,14.0
2024-01-25,5,3,Lasagna Bolognese,28,16.0
2024-01-25,5,4,Bruschetta,32,8.0
2024-01-25,5,5,Tiramisu,36,7.0
2024-01-25,5,6,Caesar Salad,27,10.0
2024-01-25,5,7,Minestrone Soup,34,9.0
2024-01-26,1,1,Margherita Pizza,44,12.0
2024-01-26,1,2,Pasta Alfredo,43,14.0
2024-01-26,1,3,Lasagna Bolognese,33,16.0
2024-01-26,1,4,Bruschetta,38,8.0
2024-01-26,1,5,Tiramisu,48,7.0
2024-01-26,1,6,Caesar Salad,40,10.0
2024-01-26,1,7,Minestrone Soup,37,9.0
2024-01-26,2,1,Margherita Pizza,39,12.0
2024-01-26,2,2,Pasta Alfredo,50,14.0
2024-01-26,2,3,Lasagna Bolognese,36,16.0
2024-01-26,2,4,Bruschetta,46,8.0
2024-01-26,2,5,Tiramisu,49,7.0
2024-01-26,2,6,Caesar Salad,33,10.0
2024-01-26,2,7,Minestrone Soup,42,9.0
2024-01-26,3,1,Margherita Pizza,46,12.0
2024-01-26,3,2,Pasta Alfredo,52,14.0
2024-01-26,3,3,Lasagna Bolognese,37,16.0
2024-01-26,3,4,Bruschetta,46,8.0
2024-01-26,3,5,Tiramisu,53,7.0
2024-01-26,3,6,Caesar Salad,40,10.0
2024-01-26,3,7,Minestrone Soup,44,9.0
2024-01-26,4,1,Margherita Pizza,44,12.0
2024-01-26,4,2,Pasta Alfredo,52,14.0
2024-01-26,4,3,Lasagna Bolognese,41,16.0
2024-01-26,4,4,Bruschetta,42,8.0
2024-01-26,4,5,Tiramisu,53,7.0
2024-01-26,4,6,Caesar Salad,36,10.0
2024-01-26,4,7,Minestrone Soup,45,9.0
2024-01-26,5,1,Margherita Pizza,50,12.0
2024-01-26,5,2,Pasta Alfredo,55,14.0
2024-01-26,5,3,Lasagna Bolognese,39,16.0
2024-01-26,5,4,Bruschetta,42,8.0
2024-01-26,5,5,Tiramisu,57,7.0
2024-01-26,5,6,Caesar Salad,41,10.0
2024-01-26,5,7,Minestrone Soup,53,9.0
2024-01-27,1,1,Margherita Pizza,38,12.0
2024-01-27,1,2,Pasta Alfredo,46,14.0
2024-01-27,1,3,Lasagna Bolognese,33,16.0
2024-01-27,1,4,Bruschetta,43,8.0
2024-01-27,1,5,Tiramisu,45,7.0
2024-01-27,1,6,Caesar Salad,33,10.0
2024-01-27,1,7,Minestrone Soup,40,9.0
2024-01-27,2,1,Margherita Pizza,41,12.0
2024-01-27,2,2,Pasta Alfredo,46,14.0
2024-01-27,2,3,Lasagna Bolognese,34,16.0
2024-01-27,2,4,Bruschetta,44,8.0
2024-01-27,2,5,Tiramisu,44,7.0
2024-01-27,2,6,Caesar Salad,34,10.0
2024-01-27,2,7,Minestrone Soup,38,9.0
2024-01-27,3,1,Margherita Pizza,46,12.0
2024-01-27,3,2,Pasta Alfredo,45,14.0
2024-01-27,3,3,Lasagna Bolognese,34,16.0
2024-01-27,3,4,Bruschetta,44,8.0
2024-01-27,3,5,Tiramisu,54,7.0
2024-01-27,3,6,Caesar Salad,35,10.0
2024-01-27,3,7,Minestrone Soup,41,9.0
2024-01-27,4,1,Margherita Pizza,50,12.0
2024-01-27,4,2,Pasta Alfredo,48,14.0
2024-01-27,4,3,Lasagna Bolognese,31,16.0
2024-01-27,4,4,Bruschetta,46,8.0
2024-01-27,4,5,Tiramisu,50,7.0
2024-01-27,4,6,Caesar Salad,34,10.0
2024-01-27,4,7,Minestrone Soup,47,9.0
2024-01-27,5,1,Margherita Pizza,47,12.0
2024-01-27,5,2,Pasta Alfredo,53,14.0
2024-01-27,5,3,Lasagna Bolognese,35,16.0
2024-01-27,5,4,Bruschetta,49,8.0
2024-01-27,5,5,Tiramisu,56,7.0
2024-01-27,5,6,Caesar Salad,39,10.0
2024-01-27,5,7,Minestrone Soup,52,9.0
2024-01-28,1,1,Margherita Pizza,30,12.0
2024-01-28,1,2,Pasta Alfredo,34,14.0
2024-01-28,1,3,Lasagna Bolognese,25,16.0
2024-01-28,1,4,Bruschetta,33,8.0
2024-01-28,1,5,Tiramisu,39,7.0
2024-01-28,1,6,Caesar Salad,27,10.0
2024-01-28,1,7,Minestrone Soup,34,9.0
2024-01-28,2,1,Margherita Pizza,31,12.0
2024-01-28,2,2,Pasta Alfredo,45,14.0
2024-01-28,2,3,Lasagna Bolognese,29,16.0
2024-01-28,2,4,Bruschetta,38,8.0
2024-01-28,2,5,Tiramisu,41,7.0
2024-01-28,2,6,Caesar Salad,30,10.0
2024-01-28,2,7,Minestrone Soup,36,9.0
2024-01-28,3,1,Margherita Pizza,38,12.0
2024-01-28,3,2,Pasta Alfredo,44,14.0
2024-01-28,3,3,Lasagna Bolognese,34,16.0
2024-01-28,3,4,Bruschetta,37,8.0
2024-01-28,3,5,Tiramisu,44,7.0
2024-01-28,3,6,Caesar Salad,30,10.0
2024-01-28,3,7,Minestrone Soup,41,9.0
2024-01-28,4,1,Margherita Pizza,36,12.0
2024-01-28,4,2,Pasta Alfredo,50,14.0
2024-01-28,4,3,Lasagna Bolognese,32,16.0
2024-01-28,4,4,Bruschetta,34,8.0
2024-01-28,4,5,Tiramisu,45,7.0
2024-01-28,4,6,Caesar Salad,30,10.0
2024-01-28,4,7,Minestrone Soup,40,9.0
2024-01-28,5,1,Margherita Pizza,38,12.0
2024-01-28,5,2,Pasta Alfredo,45,14.0
2024-01-28,5,3,Lasagna Bolognese,27,16.0
2024-01-28,5,4,Bruschetta,38,8.0
2024-01-28,5,5,Tiramisu,39,7.0
2024-01-28,5,6,Caesar Salad,28,10.0
2024-01-28,5,7,Minestrone Soup,42,9.0
2024-01-29,1,1,Margherita Pizza,27,12.0
2024-01-29,1,2,Pasta Alfredo,30,14.0
2024-01-29,1,3,Lasagna Bolognese,17,16.0
2024-01-29,1,4,Bruschetta,24,8.0
2024-01-29,1,5,Tiramisu,28,7.0
2024-01-29,1,6,Caesar Salad,17,10.0
2024-01-29,1,7,Minestrone Soup,29,9.0
2024-01-29,2,1,Margherita Pizza,28,12.0
2024-01-29,2,2,Pasta Alfredo,29,14.0
2024-01-29,2,3,Lasagna Bolognese,21,16.0
2024-01-29,2,4,Bruschetta,26,8.0
2024-01-29,2,5,Tiramisu,24,7.0
2024-01-29,2,6,Caesar Salad,21,10.0
2024-01-29,2,7,Minestrone Soup,23,9.0
2024-01-29,3,1,Margherita Pizza,24,12.0
2024-01-29,3,2,Pasta Alfredo,30,14.0
2024-01-29,3,3,Lasagna Bolognese,28,16.0
2024-01-29,3,4,Bruschetta,29,8.0
2024-01-29,3,5,Tiramisu,30,7.0
2024-01-29,3,6,Caesar Salad,24,10.0
2024-01-29,3,7,Minestrone Soup,31,9.0
2024-01-29,4,1,Margherita Pizza,31,12.0
2024-01-29,4,2,Pasta Alfredo,33,14.0
2024-01-29,4,3,Lasagna Bolognese,21,16.0
2024-01-29,4,4,Bruschetta,30,8.0
2024-01-29,4,5,Tiramisu,34,7.0
2024-01-29,4,6,Caesar Salad,26,10.0
2024-01-29,4,7,Minestrone Soup,30,9.0
2024-01-29,5,1,Margherita Pizza,32,12.0
2024-01-29,5,2,Pasta Alfredo,33,14.0
2024-01-29,5,3,Lasagna Bolognese,28,16.0
2024-01-29,5,4,Bruschetta,30,8.0
2024-01-29,5,5,Tiramisu,40,7.0
2024-01-29,5,6,Caesar Salad,22,10.0
2024-01-29,5,7,Minestrone Soup,35,9.0
2024-01-30,1,1,Margherita Pizza,29,12.0
2024-01-30,1,2,Pasta Alfredo,31,14.0
2024-01-30,1,3,Lasagna Bolognese,22,16.0
2024-01-30,1,4,Bruschetta,28,8.0
2024-01-30,1,5,Tiramisu,35,7.0
2024-01-30,1,6,Caesar Salad,25,10.0
2024-01-30,1,7,Minestrone Soup,27,9.0
2024-01-30,2,1,Margherita Pizza,30,12.0
2024-01-30,2,2,Pasta Alfredo,41,14.0
2024-01-30,2,3,Lasagna Bolognese,30,16.0
2024-01-30,2,4,Bruschetta,31,8.0
2024-01-30,2,5,Tiramisu,35,7.0
2024-01-30,2,6,Caesar Salad,25,10.0
2024-01-30,2,7,Minestrone Soup,32,9.0
2024-01-30,3,1,Margherita Pizza,28,12.0
2024-01-30,3,2,Pasta Alfredo,36,14.0
2024-01-30,3,3,Lasagna Bolognese,21,16.0
2024-01-30,3,4,Bruschetta,33,8.0
2024-01-30,3,5,Tiramisu,39,7.0
2024-01-30,3,6,Caesar Salad,25,10.0
2024-01-30,3,7,Minestrone Soup,36,9.0
2024-01-30,4,1,Margherita Pizza,29,12.0
2024-01-30,4,2,Pasta Alfredo,34,14.0
2024-01-30,4,3,Lasagna Bolognese,28,16.0
2024-01-30,4,4,Bruschetta,36,8.0
2024-01-30,4,5,Tiramisu,44,7.0
2024-01-30,4,6,Caesar Salad,26,10.0
2024-01-30,4,7,Minestrone Soup,36,9.0
2024-01-30,5,1,Margherita Pizza,34,12.0
2024-01-30,5,2,Pasta Alfredo,40,14.0
2024-01-30,5,3,Lasagna Bolognese,31,16.0
2024-01-30,5,4,Bruschetta,36,8.0
2024-01-30,5,5,Tiramisu,36,7.0
2024-01-30,5,6,Caesar Salad,33,10.0
2024-01-30,5,7,Minestrone Soup,39,9.0
2024-01-31,1,1,Margherita Pizza,27,12.0
2024-01-31,1,2,Pasta Alfredo,34,14.0
2024-01-31,1,3,Lasagna Bolognese,25,16.0
2024-01-31,1,4,Bruschetta,29,8.0
2024-01-31,1,5,Tiramisu,32,7.0
2024-01-31,1,6,Caesar Salad,22,10.0
2024-01-31,1,7,Minestrone Soup,28,9.0
2024-01-31,2,1,Margherita Pizza,34,12.0
2024-01-31,2,2,Pasta Alfredo,37,14.0
2024-01-31,2,3,Lasagna Bolognese,24,16.0
2024-01-31,2,4,Bruschetta,32,8.0
2024-01-31,2,5,Tiramisu,26,7.0
2024-01-31,2,6,Caesar Salad,28,10.0
2024-01-31,2,7,Minestrone Soup,25,9.0
2024-01-31,3,1,Margherita Pizza,30,12.0
2024-01-31,3,2,Pasta Alfredo,33,14.0
2024-01-31,3,3,Lasagna Bolognese,22,16.0
2024-01-31,3,4,Bruschetta,35,8.0
2024-01-31,3,5,Tiramisu,35,7.0
2024-01-31,3,6,Caesar Salad,27,10.0
2024-01-31,3,7,Minestrone Soup,31,9.0
2024-01-31,4,1,Margherita Pizza,34,12.0
2024-01-31,4,2,Pasta Alfredo,39,14.0
2024-01-31,4,3,Lasagna Bolognese,24,16.0
2024-01-31,4,4,Bruschetta,36,8.0
2024-01-31,4,5,Tiramisu,37,7.0
2024-01-31,4,6,Caesar Salad,23,10.0
2024-01-31,4,7,Minestrone Soup,32,9.0
2024-01-31,5,1,Margherita Pizza,39,12.0
2024-01-31,5,2,Pasta Alfredo,43,14.0
2024-01-31,5,3,Lasagna Bolognese,28,16.0
2024-01-31,5,4,Bruschetta,33,8.0
2024-01-31,5,5,Tiramisu,39,7.0
2024-01-31,5,6,Caesar Salad,35,10.0
2024-01-31,5,7,Minestrone Soup,36,9.0
2024-02-01,1,1,Margherita Pizza,31,12.0
2024-02-01,1,2,Pasta Alfredo,38,14.0
2024-02-01,1,3,Lasagna Bolognese,26,16.0
2024-02-01,1,4,Bruschetta,29,8.0
2024-02-01,1,5,Tiramisu,34,7.0
2024-02-01,1,6,Caesar Salad,25,10.0
2024-02-01,1,7,Minestrone Soup,30,9.0
2024-02-01,2,1,Margherita Pizza,34,12.0
2024-02-01,2,2,Pasta Alfredo,37,14.0
2024-02-01,2,3,Lasagna Bolognese,28,16.0
2024-02-01,2,4,Bruschetta,31,8.0
2024-02-01,2,5,Tiramisu,37,7.0
2024-02-01,2,6,Caesar Salad,20,10.0
2024-02-01,2,7,Minestrone Soup,34,9.0
2024-02-01,3,1,Margherita Pizza,34,12.0
2024-02-01,3,2,Pasta Alfredo,42,14.0
2024-02-01,3,3,Lasagna Bolognese,19,16.0
2024-02-01,3,4,Bruschetta,39,8.0
2024-02-01,3,5,Tiramisu,38,7.0
2024-02-01,3,6,Caesar Salad,31,10.0
2024-02-01,3,7,Minestrone Soup,30,9.0
2024-02-01,4,1,Margherita Pizza,36,12.0
2024-02-01,4,2,Pasta Alfredo,37,14.0
2024-02-01,4,3,Lasagna Bolognese,27,16.0
2024-02-01,4,4,Bruschetta,40,8.0
2024-02-01,4,5,Tiramisu,40,7.0
2024-02-01,4,6,Caesar Salad,30,10.0
2024-02-01,4,7,Minestrone Soup,37,9.0
2024-02-01,5,1,Margherita Pizza,38,12.0
2024-02-01,5,2,Pasta Alfredo,43,14.0
2024-02-01,5,3,Lasagna Bolognese,31,16.0
2024-02-01,5,4,Bruschetta,43,8.0
2024-02-01,5,5,Tiramisu,42,7.0
2024-02-01,5,6,Caesar Salad,31,10.0
2024-02-01,5,7,Minestrone Soup,39,9.0
2024-02-02,1,1,Margherita Pizza,44,12.0
2024-02-02,1,2,Pasta Alfredo,51,14.0
2024-02-02,1,3,Lasagna Bolognese,36,16.0
2024-02-02,1,4,Bruschetta,37,8.0
2024-02-02,1,5,Tiramisu,52,7.0
2024-02-02,1,6,Caesar Salad,30,10.0
2024-02-02,1,7,Minestrone Soup,41,9.0
2024-02-02,2,1,Margherita Pizza,40,12.0
2024-02-02,2,2,Pasta Alfredo,49,14.0
2024-02-02,2,3,Lasagna Bolognese,36,16.0
2024-02-02,2,4,Bruschetta,43,8.0
2024-02-02,2,5,Tiramisu,51,7.0
2024-02-02,2,6,Caesar Salad,40,10.0
2024-02-02,2,7,Minestrone Soup,44,9.0
2024-02-02,3,1,Margherita Pizza,44,12.0
2024-02-02,3,2,Pasta Alfredo,55,14.0
2024-02-02,3,3,Lasagna Bolognese,41,16.0
2024-02-02,3,4,Bruschetta,41,8.0
2024-02-02,3,5,Tiramisu,54,7.0
2024-02-02,3,6,Caesar Salad,39,10.0
2024-02-02,3,7,Minestrone Soup,44,9.0
2024-02-02,4,1,Margherita Pizza,51,12.0
2024-02-02,4,2,Pasta Alfredo,54,14.0
2024-02-02,4,3,Lasagna Bolognese,39,16.0
2024-02-02,4,4,Bruschetta,46,8.0
2024-02-02,4,5,Tiramisu,55,7.0
2024-02-02,4,6,Caesar Salad,36,10.0
2024-02-02,4,7,Minestrone Soup,42,9.0
2024-02-02,5,1,Margherita Pizza,54,12.0
2024-02-02,5,2,Pasta Alfredo,55,14.0
2024-02-02,5,3,Lasagna Bolognese,38,16.0
2024-02-02,5,4,Bruschetta,42,8.0
2024-02-02,5,5,Tiramisu,55,7.0
2024-02-02,5,6,Caesar Salad,37,10.0
2024-02-02,5,7,Minestrone Soup,54,9.0
2024-02-03,1,1,Margherita Pizza,43,12.0
2024-02-03,1,2,Pasta Alfredo,45,14.0
2024-02-03,1,3,Lasagna Bolognese,40,16.0
2024-02-03,1,4,Bruschetta,43,8.0
2024-02-03,1,5,Tiramisu,46,7.0
2024-02-03,1,6,Caesar Salad,26,10.0
2024-02-03,1,7,Minestrone Soup,47,9.0
2024-02-03,2,1,Margherita Pizza,38,12.0
2024-02-03,2,2,Pasta Alfredo,45,14.0
2024-02-03,2,3,Lasagna Bolognese,39,16.0
2024-02-03,2,4,Bruschetta,50,8.0
2024-02-03,2,5,Tiramisu,54,7.0
2024-02-03,2,6,Caesar Salad,37,10.0
2024-02-03,2,7,Minestrone Soup,44,9.0
2024-02-03,3,1,Margherita Pizza,47,12.0
2024-02-03,3,2,Pasta Alfredo,54,14.0
2024-02-03,3,3,Lasagna Bolognese,38,16.0
2024-02-03,3,4,Bruschetta,45,8.0
2024-02-03,3,5,Tiramisu,52,7.0
2024-02-03,3,6,Caesar Salad,35,10.0
2024-02-03,3,7,Minestrone Soup,44,9.0
2024-02-03,4,1,Margherita Pizza,42,12.0
2024-02-03,4,2,Pasta Alfredo,54,14.0
2024-02-03,4,3,Lasagna Bolognese,36,16.0
2024-02-03,4,4,Bruschetta,43,8.0
2024-02-03,4,5,Tiramisu,55,7.0
2024-02-03,4,6,Caesar Salad,43,10.0
2024-02-03,4,7,Minestrone Soup,50,9.0
2024-02-03,5,1,Margherita Pizza,44,12.0
2024-02-03,5,2,Pasta Alfredo,54,14.0
2024-02-03,5,3,Lasagna Bolognese,44,16.0
2024-02-03,5,4,Bruschetta,46,8.0
2024-02-03,5,5,Tiramisu,56,7.0
2024-02-03,5,6,Caesar Salad,42,10.0
2024-02-03,5,7,Minestrone Soup,46,9.0
2024-02-04,1,1,Margherita Pizza,35,12.0
2024-02-04,1,2,Pasta Alfredo,36,14.0
2024-02-04,1,3,Lasagna Bolognese,27,16.0
2024-02-04,1,4,Bruschetta,35,8.0
2024-02-04,1,5,Tiramisu,35,7.0
2024-02-04,1,6,Caesar Salad,30,10.0
2024-02-04,1,7,Minestrone Soup,34,9.0
2024-02-04,2,1,Margherita Pizza,38,12.0
2024-02-04,2,2,Pasta Alfredo,43,14.0
2024-02-04,2,3,Lasagna Bolognese,34,16.0
2024-02-04,2,4,Bruschetta,37,8.0
2024-02-04,2,5,Tiramisu,41,7.0
2024-02-04,2,6,Caesar Salad,31,10.0
2024-02-04,2,7,Minestrone Soup,38,9.0
2024-02-04,3,1,Margherita Pizza,38,12.0
2024-02-04,3,2,Pasta Alfredo,44,14.0
2024-02-04,3,3,Lasagna Bolognese,30,16.0
2024-02-04,3,4,Bruschetta,36,8.0
2024-02-04,3,5,Tiramisu,40,7.0
2024-02-04,3,6,Caesar Salad,37,10.0
2024-02-04,3,7,Minestrone Soup,34,9.0
2024-02-04,4,1,Margherita Pizza,38,12.0
2024-02-04,4,2,Pasta Alfredo,44,14.0
2024-02-04,4,3,Lasagna Bolognese,36,16.0
2024-02-04,4,4,Bruschetta,39,8.0
2024-02-04,4,5,Tiramisu,50,7.0
2024-02-04,4,6,Caesar Salad,31,10.0
2024-02-04,4,7,Minestrone Soup,41,9.0
2024-02-04,5,1,Margherita Pizza,39,12.0
2024-02-04,5,2,Pasta Alfredo,55,14.0
2024-02-04,5,3,Lasagna Bolognese,31,16.0
2024-02-04,5,4,Bruschetta,43,8.0
2024-02-04,5,5,Tiramisu,51,7.0
2024-02-04,5,6,Caesar Salad,36,10.0
2024-02-04,5,7,Minestrone Soup,41,9.0
2024-02-05,1,1,Margherita Pizza,25,12.0
2024-02-05,1,2,Pasta Alfredo,30,14.0
2024-02-05,1,3,Lasagna Bolognese,21,16.0
2024-02-05,1,4,Bruschetta,28,8.0
2024-02-05,1,5,Tiramisu,36,7.0
2024-02-05,1,6,Caesar Salad,20,10.0
2024-02-05,1,7,Minestrone Soup,21,9.0
2024-02-05,2,1,Margherita Pizza,27,12.0
2024-02-05,2,2,Pasta Alfredo,39,14.0
2024-02-05,2,3,Lasagna Bolognese,20,16.0
2024-02-05,2,4,Bruschetta,32,8.0
2024-02-05,2,5,Tiramisu,36,7.0
2024-02-05,2,6,Caesar Salad,21,10.0
2024-02-05,2,7,Minestrone Soup,28,9.0
2024-02-05,3,1,Margherita Pizza,33,12.0
2024-02-05,3,2,Pasta Alfredo,32,14.0
2024-02-05,3,3,Lasagna Bolognese,23,16.0
2024-02-05,3,4,Bruschetta,26,8.0
2024-02-05,3,5,Tiramisu,30,7.0
2024-02-05,3,6,Caesar Salad,21,10.0
2024-02-05,3,7,Minestrone Soup,24,9.0
2024-02-05,4,1,Margherita Pizza,30,12.0
2024-02-05,4,2,Pasta Alfredo,32,14.0
2024-02-05,4,3,Lasagna Bolognese,25,16.0
2024-02-05,4,4,Bruschetta,25,8.0
2024-02-05,4,5,Tiramisu,35,7.0
2024-02-05,4,6,Caesar Salad,27,10.0
2024-02-05,4,7,Minestrone Soup,23,9.0
2024-02-05,5,1,Margherita Pizza,32,12.0
2024-02-05,5,2,Pasta Alfredo,40,14.0
2024-02-05,5,3,Lasagna Bolognese,22,16.0
2024-02-05,5,4,Bruschetta,36,8.0
2024-02-05,5,5,Tiramisu,37,7.0
2024-02-05,5,6,Caesar Salad,24,10.0
2024-02-05,5,7,Minestrone Soup,31,9.0
2024-02-06,1,1,Margherita Pizza,32,12.0
2024-02-06,1,2,Pasta Alfredo,35,14.0
2024-02-06,1,3,Lasagna Bolognese,27,16.0
2024-02-06,1,4,Bruschetta,27,8.0
2024-02-06,1,5,Tiramisu,35,7.0
2024-02-06,1,6,Caesar Salad,21,10.0
2024-02-06,1,7,Minestrone Soup,30,9.0
2024-02-06,2,1,Margherita Pizza,29,12.0
2024-02-06,2,2,Pasta Alfredo,35,14.0
2024-02-06,2,3,Lasagna Bolognese,30,16.0
2024-02-06,2,4,Bruschetta,35,8.0
2024-02-06,2,5,Tiramisu,39,7.0
2024-02-06,2,6,Caesar Salad,23,10.0
2024-02-06,2,7,Minestrone Soup,31,9.0
2024-02-06,3,1,Margherita Pizza,37,12.0
2024-02-06,3,2,Pasta Alfredo,39,14.0
2024-02-06,3,3,Lasagna Bolognese,35,16.0
2024-02-06,3,4,Bruschetta,34,8.0
2024-02-06,3,5,Tiramisu,39,7.0
2024-02-06,3,6,Caesar Salad,27,10.0
2024-02-06,3,7,Minestrone Soup,33,9.0
2024-02-06,4,1,Margherita Pizza,34,12.0
2024-02-06,4,2,Pasta Alfredo,43,14.0
2024-02-06,4,3,Lasagna Bolognese,32,16.0
2024-02-06,4,4,Bruschetta,32,8.0
2024-02-06,4,5,Tiramisu,36,7.0
2024-02-06,4,6,Caesar Salad,23,10.0
2024-02-06,4,7,Minestrone Soup,36,9.0
2024-02-06,5,1,Margherita Pizza,33,12.0
2024-02-06,5,2,Pasta Alfredo,36,14.0
2024-02-06,5,3,Lasagna Bolognese,31,16.0
2024-02-06,5,4,Bruschetta,44,8.0
2024-02-06,5,5,Tiramisu,42,7.0
2024-02-06,5,6,Caesar Salad,33,10.0
2024-02-06,5,7,Minestrone Soup,36,9.0
2024-02-07,1,1,Margherita Pizza,30,12.0
2024-02-07,1,2,Pasta Alfredo,38,14.0
2024-02-07,1,3,Lasagna Bolognese,24,16.0
2024-02-07,1,4,Bruschetta,31,8.0
2024-02-07,1,5,Tiramisu,36,7.0
2024-02-07,1,6,Caesar Salad,23,10.0
2024-02-07,1,7,Minestrone Soup,33,9.0
2024-02-07,2,1,Margherita Pizza,31,12.0
2024-02-07,2,2,Pasta Alfredo,34,14.0
2024-02-07,2,3,Lasagna Bolognese,28,16.0
2024-02-07,2,4,Bruschetta,29,8.0
2024-02-07,2,5,Tiramisu,37,7.0
2024-02-07,2,6,Caesar Salad,26,10.0
2024-02-07,2,7,Minestrone Soup,35,9.0
2024-02-07,3,1,Margherita Pizza,34,12.0
2024-02-07,3,2,Pasta Alfredo,39,14.0
2024-02-07,3,3,Lasagna Bolognese,30,16.0
2024-02-07,3,4,Bruschetta,37,8.0
2024-02-07,3,5,Tiramisu,40,7.0
2024-02-07,3,6,Caesar Salad,28,10.0
2024-02-07,3,7,Minestrone Soup,29,9.0
2024-02-07,4,1,Margherita Pizza,31,12.0
2024-02-07,4,2,Pasta Alfredo,40,14.0
2024-02-07,4,3,Lasagna Bolognese,27,16.0
2024-02-07,4,4,Bruschetta,34,8.0
2024-02-07,4,5,Tiramisu,41,7.0
2024-02-07,4,6,Caesar Salad,30,10.0
2024-02-07,4,7,Minestrone Soup,34,9.0
2024-02-07,5,1,Margherita Pizza,38,12.0
2024-02-07,5,2,Pasta Alfredo,42,14.0
2024-02-07,5,3,Lasagna Bolognese,24,16.0
2024-02-07,5,4,Bruschetta,33,8.0
2024-02-07,5,5,Tiramisu,42,7.0
2024-02-07,5,6,Caesar Salad,27,10.0
2024-02-07,5,7,Minestrone Soup,38,9.0
2024-02-08,1,1,Margherita Pizza,35,12.0
2024-02-08,1,2,Pasta Alfredo,39,14.0
2024-02-08,1,3,Lasagna Bolognese,24,16.0
2024-02-08,1,4,Bruschetta,34,8.0
2024-02-08,1,5,Tiramisu,35,7.0
2024-02-08,1,6,Caesar Salad,24,10.0
2024-02-08,1,7,Minestrone Soup,28,9.0
2024-02-08,2,1,Margherita Pizza,31,12.0
2024-02-08,2,2,Pasta Alfredo,36,14.0
2024-02-08,2,3,Lasagna Bolognese,27,16.0
2024-02-08,2,4,Bruschetta,32,8.0
2024-02-08,2,5,Tiramisu,37,7.0
2024-02-08,2,6,Caesar Salad,28,10.0
2024-02-08,2,7,Minestrone Soup,35,9.0
2024-02-08,3,1,Margherita Pizza,36,12.0
2024-02-08,3,2,Pasta Alfredo,34,14.0
2024-02-08,3,3,Lasagna Bolognese,20,16.0
2024-02-08,3,4,Bruschetta,36,8.0
2024-02-08,3,5,Tiramisu,34,7.0
2024-02-08,3,6,Caesar Salad,27,10.0
2024-02-08,3,7,Minestrone Soup,30,9.0
2024-02-08,4,1,Margherita Pizza,29,12.0
2024-02-08,4,2,Pasta Alfredo,42,14.0
2024-02-08,4,3,Lasagna Bolognese,31,16.0
2024-02-08,4,4,Bruschetta,33,8.0
2024-02-08,4,5,Tiramisu,33,7.0
2024-02-08,4,6,Caesar Salad,27,10.0
2024-02-08,4,7,Minestrone Soup,36,9.0
2024-02-08,5,1,Margherita Pizza,32,12.0
2024-02-08,5,2,Pasta Alfredo,43,14.0
2024-02-08,5,3,Lasagna Bolognese,30,16.0
2024-02-08,5,4,Bruschetta,38,8.0
2024-02-08,5,5,Tiramisu,43,7.0
2024-02-08,5,6,Caesar Salad,27,10.0
2024-02-08,5,7,Minestrone Soup,40,9.0
2024-02-09,1,1,Margherita Pizza,40,12.0
2024-02-09,1,2,Pasta Alfredo,47,14.0
2024-02-09,1,3,Lasagna Bolognese,31,16.0
2024-02-09,1,4,Bruschetta,39,8.0
2024-02-09,1,5,Tiramisu,44,7.0
2024-02-09,1,6,Caesar Salad,33,10.0
2024-02-09,1,7,Minestrone Soup,46,9.0
2024-02-09,2,1,Margherita Pizza,38,12.0
2024-02-09,2,2,Pasta Alfredo,45,14.0
2024-02-09,2,3,Lasagna Bolognese,40,16.0
2024-02-09,2,4,Bruschetta,42,8.0
2024-02-09,2,5,Tiramisu,48,7.0
2024-02-09,2,6,Caesar Salad,39,10.0
2024-02-09,2,7,Minestrone Soup,41,9.0
2024-02-09,3,1,Margherita Pizza,50,12.0
2024-02-09,3,2,Pasta Alfredo,54,14.0
2024-02-09,3,3,Lasagna Bolognese,36,16.0
2024-02-09,3,4,Bruschetta,51,8.0
2024-02-09,3,5,Tiramisu,50,7.0
2024-02-09,3,6,Caesar Salad,39,10.0
2024-02-09,3,7,Minestrone Soup,46,9.0
2024-02-09,4,1,Margherita Pizza,51,12.0
2024-02-09,4,2,Pasta Alfredo,59,14.0
2024-02-09,4,3,Lasagna Bolognese,39,16.0
2024-02-09,4,4,Bruschetta,45,8.0
2024-02-09,4,5,Tiramisu,56,7.0
2024-02-09,4,6,Caesar Salad,37,10.0
2024-02-09,4,7,Minestrone Soup,53,9.0
2024-02-09,5,1,Margherita Pizza,49,12.0
2024-02-09,5,2,Pasta Alfredo,56,14.0
2024-02-09,5,3,Lasagna Bolognese,41,16.0
2024-02-09,5,4,Bruschetta,45,8.0
2024-02-09,5,5,Tiramisu,54,7.0
2024-02-09,5,6,Caesar Salad,44,10.0
2024-02-09,5,7,Minestrone Soup,47,9.0
2024-02-10,1,1,Margherita Pizza,37,12.0
2024-02-10,1,2,Pasta Alfredo,49,14.0
2024-02-10,1,3,Lasagna Bolognese,37,16.0
2024-02-10,1,4,Bruschetta,43,8.0
2024-02-10,1,5,Tiramisu,50,7.0
2024-02-10,1,6,Caesar Salad,31,10.0
2024-02-10,1,7,Minestrone Soup,36,9.0
2024-02-10,2,1,Margherita Pizza,47,12.0
2024-02-10,2,2,Pasta Alfredo,49,14.0
2024-02-10,2,3,Lasagna Bolognese,35,16.0
2024-02-10,2,4,Bruschetta,47,8.0
2024-02-10,2,5,Tiramisu,51,7.0
2024-02-10,2,6,Caesar Salad,37,10.0
2024-02-10,2,7,Minestrone Soup,49,9.0
2024-02-10,3,1,Margherita Pizza,43,12.0
2024-02-10,3,2,Pasta Alfredo,55,14.0
2024-02-10,3,3,Lasagna Bolognese,37,16.0
2024-02-10,3,4,Bruschetta,45,8.0
2024-02-10,3,5,Tiramisu,57,7.0
2024-02-10,3,6,Caesar Salad,39,10.0
2024-02-10,3,7,Minestrone Soup,46,9.0
2024-02-10,4,1,Margherita Pizza,50,12.0
2024-02-10,4,2,Pasta Alfredo,53,14.0
2024-02-10,4,3,Lasagna Bolognese,36,16.0
2024-02-10,4,4,Bruschetta,44,8.0
2024-02-10,4,5,Tiramisu,49,7.0
2024-02-10,4,6,Caesar Salad,45,10.0
2024-02-10,4,7,Minestrone Soup,43,9.0
2024-02-10,5,1,Margherita Pizza,48,12.0
2024-02-10,5,2,Pasta Alfredo,56,14.0
2024-02-10,5,3,Lasagna Bolognese,42,16.0
2024-02-10,5,4,Bruschetta,51,8.0
2024-02-10,5,5,Tiramisu,60,7.0
2024-02-10,5,6,Caesar Salad,39,10.0
2024-02-10,5,7,Minestrone Soup,48,9.0
2024-02-11,1,1,Margherita Pizza,35,12.0
2024-02-11,1,2,Pasta Alfredo,39,14.0
2024-02-11,1,3,Lasagna Bolognese,34,16.0
2024-02-11,1,4,Bruschetta,36,8.0
2024-02-11,1,5,Tiramisu,42,7.0
2024-02-11,1,6,Caesar Salad,31,10.0
2024-02-11,1,7,Minestrone Soup,38,9.0
2024-02-11,2,1,Margherita Pizza,37,12.0
2024-02-11,2,2,Pasta Alfredo,38,14.0
2024-02-11,2,3,Lasagna Bolognese,31,16.0
2024-02-11,2,4,Bruschetta,34,8.0
2024-02-11,2,5,Tiramisu,41,7.0
2024-02-11,2,6,Caesar Salad,32,10.0
2024-02-11,2,7,Minestrone Soup,40,9.0
2024-02-11,3,1,Margherita Pizza,38,12.0
2024-02-11,3,2,Pasta Alfredo,45,14.0
2024-02-11,3,3,Lasagna Bolognese,37,16.0
2024-02-11,3,4,Bruschetta,39,8.0
2024-02-11,3,5,Tiramisu,52,7.0
2024-02-11,3,6,Caesar Salad,33,10.0
2024-02-11,3,7,Minestrone Soup,33,9.0
2024-02-11,4,1,Margherita Pizza,42,12.0
2024-02-11,4,2,Pasta Alfredo,48,14.0
2024-02-11,4,3,Lasagna Bolognese,37,16.0
2024-02-11,4,4,Bruschetta,42,8.0
2024-02-11,4,5,Tiramisu,46,7.0
2024-02-11,4,6,Caesar Salad,30,10.0
2024-02-11,4,7,Minestrone Soup,39,9.0
2024-02-11,5,1,Margherita Pizza,39,12.0
2024-02-11,5,2,Pasta Alfredo,47,14.0
2024-02-11,5,3,Lasagna Bolognese,36,16.0
2024-02-11,5,4,Bruschetta,47,8.0
2024-02-11,5,5,Tiramisu,50,7.0
2024-02-11,5,6,Caesar Salad,31,10.0
2024-02-11,5,7,Minestrone Soup,43,9.0
2024-02-12,1,1,Margherita Pizza,29,12.0
2024-02-12,1,2,Pasta Alfredo,28,14.0
2024-02-12,1,3,Lasagna Bolognese,21,16.0
2024-02-12,1,4,Bruschetta,25,8.0
2024-02-12,1,5,Tiramisu,27,7.0
2024-02-12,1,6,Caesar Salad,23,10.0
2024-02-12,1,7,Minestrone Soup,25,9.0
2024-02-12,2,1,Margherita Pizza,28,12.0
2024-02-12,2,2,Pasta Alfredo,29,14.0
2024-02-12,2,3,Lasagna Bolognese,21,16.0
2024-02-12,2,4,Bruschetta,29,8.0
2024-02-12,2,5,Tiramisu,30,7.0
2024-02-12,2,6,Caesar Salad,27,10.0
2024-02-12,2,7,Minestrone Soup,26,9.0
2024-02-12,3,1,Margherita Pizza,29,12.0
2024-02-12,3,2,Pasta Alfredo,36,14.0
2024-02-12,3,3,Lasagna Bolognese,19,16.0
2024-02-12,3,4,Bruschetta,23,8.0
2024-02-12,3,5,Tiramisu,28,7.0
2024-02-12,3,6,Caesar Salad,27,10.0
2024-02-12,3,7,Minestrone Soup,26,9.0
2024-02-12,4,1,Margherita Pizza,37,12.0
2024-02-12,4,2,Pasta Alfredo,33,14.0
2024-02-12,4,3,Lasagna Bolognese,25,16.0
2024-02-12,4,4,Bruschetta,34,8.0
2024-02-12,4,5,Tiramisu,40,7.0
2024-02-12,4,6,Caesar Salad,31,10.0
2024-02-12,4,7,Minestrone Soup,33,9.0
2024-02-12,5,1,Margherita Pizza,34,12.0
2024-02-12,5,2,Pasta Alfredo,38,14.0
2024-02-12,5,3,Lasagna Bolognese,28,16.0
2024-02-12,5,4,Bruschetta,29,8.0
2024-02-12,5,5,Tiramisu,33,7.0
2024-02-12,5,6,Caesar Salad,26,10.0
2024-02-12,5,7,Minestrone Soup,30,9.0
2024-02-13,1,1,Margherita Pizza,29,12.0
2024-02-13,1,2,Pasta Alfredo,37,14.0
2024-02-13,1,3,Lasagna Bolognese,28,16.0
2024-02-13,1,4,Bruschetta,30,8.0
2024-02-13,1,5,Tiramisu,39,7.0
2024-02-13,1,6,Caesar Salad,22,10.0
2024-02-13,1,7,Minestrone Soup,29,9.0
2024-02-13,2,1,Margherita Pizza,29,12.0
2024-02-13,2,2,Pasta Alfredo,31,14.0
2024-02-13,2,3,Lasagna Bolognese,26,16.0
2024-02-13,2,4,Bruschetta,31,8.0
2024-02-13,2,5,Tiramisu,41,7.0
2024-02-13,2,6,Caesar Salad,28,10.0
2024-02-13,2,7,Minestrone Soup,28,9.0
2024-02-13,3,1,Margherita Pizza,39,12.0
2024-02-13,3,2,Pasta Alfredo,42,14.0
2024-02-13,3,3,Lasagna Bolognese,29,16.0
2024-02-13,3,4,Bruschetta,32,8.0
2024-02-13,3,5,Tiramisu,36,7.0
2024-02-13,3,6,Caesar Salad,26,10.0
2024-02-13,3,7,Minestrone Soup,36,9.0
2024-02-13,4,1,Margherita Pizza,40,12.0
2024-02-13,4,2,Pasta Alfredo,45,14.0
2024-02-13,4,3,Lasagna Bolognese,27,16.0
2024-02-13,4,4,Bruschetta,31,8.0
2024-02-13,4,5,Tiramisu,41,7.0
2024-02-13,4,6,Caesar Salad,24,10.0
2024-02-13,4,7,Minestrone Soup,36,9.0
2024-02-13,5,1,Margherita Pizza,36,12.0
2024-02-13,5,2,Pasta Alfredo,41,14.0
2024-02-13,5,3,Lasagna Bolognese,25,16.0
2024-02-13,5,4,Bruschetta,38,8.0
2024-02-13,5,5,Tiramisu,41,7.0
2024-02-13,5,6,Caesar Salad,27,10.0
2024-02-13,5,7,Minestrone Soup,28,9.0
2024-02-14,1,1,Margherita Pizza,30,12.0
2024-02-14,1,2,Pasta Alfredo,40,14.0
2024-02-14,1,3,Lasagna Bolognese,30,16.0
2024-02-14,1,4,Bruschetta,29,8.0
2024-02-14,1,5,Tiramisu,33,7.0
2024-02-14,1,6,Caesar Salad,26,10.0
2024-02-14,1,7,Minestrone Soup,27,9.0
2024-02-14,2,1,Margherita Pizza,32,12.0
2024-02-14,2,2,Pasta Alfredo,39,14.0
2024-02-14,2,3,Lasagna Bolognese,30,16.0
2024-02-14,2,4,Bruschetta,31,8.0
2024-02-14,2,5,Tiramisu,36,7.0
2024-02-14,2,6,Caesar Salad,24,10.0
2024-02-14,2,7,Minestrone Soup,29,9.0
2024-02-14,3,1,Margherita Pizza,32,12.0
2024-02-14,3,2,Pasta Alfredo,40,14.0
2024-02-14,3,3,Lasagna Bolognese,30,16.0
2024-02-14,3,4,Bruschetta,31,8.0
2024-02-14,3,5,Tiramisu,43,7.0
2024-02-14,3,6,Caesar Salad,27,10.0
2024-02-14,3,7,Minestrone Soup,33,9.0
2024-02-14,4,1,Margherita Pizza,32,12.0
2024-02-14,4,2,Pasta Alfredo,33,14.0
2024-02-14,4,3,Lasagna Bolognese,32,16.0
2024-02-14,4,4,Bruschetta,37,8.0
2024-02-14,4,5,Tiramisu,40,7.0
2024-02-14,4,6,Caesar Salad,29,10.0
2024-02-14,4,7,Minestrone Soup,36,9.0
2024-02-14,5,1,Margherita Pizza,32,12.0
2024-02-14,5,2,Pasta Alfredo,41,14.0
2024-02-14,5,3,Lasagna Bolognese,33,16.0
2024-02-14,5,4,Bruschetta,32,8.0
2024-02-14,5,5,Tiramisu,43,7.0
2024-02-14,5,6,Caesar Salad,26,10.0
2024-02-14,5,7,Minestrone Soup,38,9.0
2024-02-15,1,1,Margherita Pizza,30,12.0
2024-02-15,1,2,Pasta Alfredo,30,14.0
2024-02-15,1,3,Lasagna Bolognese,28,16.0
2024-02-15,1,4,Bruschetta,28,8.0
2024-02-15,1,5,Tiramisu,32,7.0
2024-02-15,1,6,Caesar Salad,26,10.0
2024-02-15,1,7,Minestrone Soup,33,9.0
2024-02-15,2,1,Margherita Pizza,28,12.0
2024-02-15,2,2,Pasta Alfredo,37,14.0
2024-02-15,2,3,Lasagna Bolognese,28,16.0
2024-02-15,2,4,Bruschetta,34,8.0
2024-02-15,2,5,Tiramisu,37,7.0
2024-02-15,2,6,Caesar Salad,25,10.0
2024-02-15,2,7,Minestrone Soup,29,9.0
2024-02-15,3,1,Margherita Pizza,33,12.0
2024-02-15,3,2,Pasta Alfredo,35,14.0
2024-02-15,3,3,Lasagna Bolognese,19,16.0
2024-02-15,3,4,Bruschetta,34,8.0
2024-02-15,3,5,Tiramisu,41,7.0
2024-02-15,3,6,Caesar Salad,20,10.0
2024-02-15,3,7,Minestrone Soup,30,9.0
2024-02-15,4,1,Margherita Pizza,37,12.0
2024-02-15,4,2,Pasta Alfredo,47,14.0
2024-02-15,4,3,Lasagna Bolognese,29,16.0
2024-02-15,4,4,Bruschetta,32,8.0
2024-02-15,4,5,Tiramisu,40,7.0
2024-02-15,4,6,Caesar Salad,33,10.0
2024-02-15,4,7,Minestrone Soup,33,9.0
2024-02-15,5,1,Margherita Pizza,34,12.0
2024-02-15,5,2,Pasta Alfredo,41,14.0
2024-02-15,5,3,Lasagna Bolognese,27,16.0
2024-02-15,5,4,Bruschetta,37,8.0
2024-02-15,5,5,Tiramisu,47,7.0
2024-02-15,5,6,Caesar Salad,31,10.0
2024-02-15,5,7,Minestrone Soup,35,9.0
2024-02-16,1,1,Margherita Pizza,40,12.0
2024-02-16,1,2,Pasta Alfredo,42,14.0
2024-02-16,1,3,Lasagna Bolognese,36,16.0
2024-02-16,1,4,Bruschetta,40,8.0
2024-02-16,1,5,Tiramisu,47,7.0
2024-02-16,1,6,Caesar Salad,43,10.0
2024-02-16,1,7,Minestrone Soup,41,9.0
2024-02-16,2,1,Margherita Pizza,40,12.0
2024-02-16,2,2,Pasta Alfredo,48,14.0
2024-02-16,2,3,Lasagna Bolognese,39,16.0
2024-02-16,2,4,Bruschetta,43,8.0
2024-02-16,2,5,Tiramisu,45,7.0
2024-02-16,2,6,Caesar Salad,38,10.0
2024-02-16,2,7,Minestrone Soup,41,9.0
2024-02-16,3,1,Margherita Pizza,50,12.0
2024-02-16,3,2,Pasta Alfredo,55,14.0
2024-02-16,3,3,Lasagna Bolognese,36,16.0
2024-02-16,3,4,Bruschetta,48,8.0
2024-02-16,3,5,Tiramisu,52,7.0
2024-02-16,3,6,Caesar Salad,40,10.0
2024-02-16,3,7,Minestrone Soup,46,9.0
2024-02-16,4,1,Margherita Pizza,44,12.0
2024-02-16,4,2,Pasta Alfredo,53,14.0
2024-02-16,4,3,Lasagna Bolognese,42,16.0
2024-02-16,4,4,Bruschetta,46,8.0
2024-02-16,4,5,Tiramisu,53,7.0
2024-02-16,4,6,Caesar Salad,36,10.0
2024-02-16,4,7,Minestrone Soup,48,9.0
2024-02-16,5,1,Margherita Pizza,55,12.0
2024-02-16,5,2,Pasta Alfredo,54,14.0
2024-02-16,5,3,Lasagna Bolognese,41,16.0
2024-02-16,5,4,Bruschetta,53,8.0
2024-02-16,5,5,Tiramisu,57,7.0
2024-02-16,5,6,Caesar Salad,42,10.0
2024-02-16,5,7,Minestrone Soup,46,9.0
2024-02-17,1,1,Margherita Pizza,42,12.0
2024-02-17,1,2,Pasta Alfredo,47,14.0
2024-02-17,1,3,Lasagna Bolognese,37,16.0
2024-02-17,1,4,Bruschetta,44,8.0
2024-02-17,1,5,Tiramisu,55,7.0
2024-02-17,1,6,Caesar Salad,35,10.0
2024-02-17,1,7,Minestrone Soup,41,9.0
2024-02-17,2,1,Margherita Pizza,43,12.0
2024-02-17,2,2,Pasta Alfredo,49,14.0
2024-02-17,2,3,Lasagna Bolognese,36,16.0
2024-02-17,2,4,Bruschetta,42,8.0
2024-02-17,2,5,Tiramisu,50,7.0
2024-02-17,2,6,Caesar Salad,39,10.0
2024-02-17,2,7,Minestrone Soup,40,9.0
2024-02-17,3,1,Margherita Pizza,48,12.0
2024-02-17,3,2,Pasta Alfredo,56,14.0
2024-02-17,3,3,Lasagna Bolognese,37,16.0
2024-02-17,3,4,Bruschetta,38,8.0
2024-02-17,3,5,Tiramisu,50,7.0
2024-02-17,3,6,Caesar Salad,41,10.0
2024-02-17,3,7,Minestrone Soup,45,9.0
2024-02-17,4,1,Margherita Pizza,44,12.0
2024-02-17,4,2,Pasta Alfredo,53,14.0
2024-02-17,4,3,Lasagna Bolognese,42,16.0
2024-02-17,4,4,Bruschetta,48,8.0
2024-02-17,4,5,Tiramisu,54,7.0
2024-02-17,4,6,Caesar Salad,38,10.0
2024-02-17,4,7,Minestrone Soup,46,9.0
2024-02-17,5,1,Margherita Pizza,46,12.0
2024-02-17,5,2,Pasta Alfredo,62,14.0
2024-02-17,5,3,Lasagna Bolognese,40,16.0
2024-02-17,5,4,Bruschetta,53,8.0
2024-02-17,5,5,Tiramisu,62,7.0
2024-02-17,5,6,Caesar Salad,44,10.0
2024-02-17,5,7,Minestrone Soup,48,9.0
2024-02-18,1,1,Margherita Pizza,36,12.0
2024-02-18,1,2,Pasta Alfredo,40,14.0
2024-02-18,1,3,Lasagna Bolognese,26,16.0
2024-02-18,1,4,Bruschetta,35,8.0
2024-02-18,1,5,Tiramisu,37,7.0
2024-02-18,1,6,Caesar Salad,32,10.0
2024-02-18,1,7,Minestrone Soup,33,9.0
2024-02-18,2,1,Margherita Pizza,37,12.0
2024-02-18,2,2,Pasta Alfredo,43,14.0
2024-02-18,2,3,Lasagna Bolognese,29,16.0
2024-02-18,2,4,Bruschetta,38,8.0
2024-02-18,2,5,Tiramisu,41,7.0
2024-02-18,2,6,Caesar Salad,33,10.0
2024-02-18,2,7,Minestrone Soup,32,9.0
2024-02-18,3,1,Margherita Pizza,38,12.0
2024-02-18,3,2,Pasta Alfredo,50,14.0
2024-02-18,3,3,Lasagna Bolognese,29,16.0
2024-02-18,3,4,Bruschetta,36,8.0
2024-02-18,3,5,Tiramisu,46,7.0
2024-02-18,3,6,Caesar Salad,32,10.0
2024-02-18,3,7,Minestrone Soup,39,9.0
2024-02-18,4,1,Margherita Pizza,41,12.0
2024-02-18,4,2,Pasta Alfredo,48,14.0
2024-02-18,4,3,Lasagna Bolognese,37,16.0
2024-02-18,4,4,Bruschetta,41,8.0
2024-02-18,4,5,Tiramisu,46,7.0
2024-02-18,4,6,Caesar Salad,35,10.0
2024-02-18,4,7,Minestrone Soup,46,9.0
2024-02-18,5,1,Margherita Pizza,41,12.0
2024-02-18,5,2,Pasta Alfredo,46,14.0
2024-02-18,5,3,Lasagna Bolognese,38,16.0
2024-02-18,5,4,Bruschetta,41,8.0
2024-02-18,5,5,Tiramisu,42,7.0
2024-02-18,5,6,Caesar Salad,37,10.0
2024-02-18,5,7,Minestrone Soup,40,9.0
2024-02-19,1,1,Margherita Pizza,25,12.0
2024-02-19,1,2,Pasta Alfredo,31,14.0
2024-02-19,1,3,Lasagna Bolognese,22,16.0
2024-02-19,1,4,Bruschetta,28,8.0
2024-02-19,1,5,Tiramisu,28,7.0
2024-02-19,1,6,Caesar Salad,23,10.0
2024-02-19,1,7,Minestrone Soup,25,9.0
2024-02-19,2,1,Margherita Pizza,29,12.0
2024-02-19,2,2,Pasta Alfredo,33,14.0
2024-02-19,2,3,Lasagna Bolognese,20,16.0
2024-02-19,2,4,Bruschetta,30,8.0
2024-02-19,2,5,Tiramisu,30,7.0
2024-02-19,2,6,Caesar Salad,25,10.0
2024-02-19,2,7,Minestrone Soup,28,9.0
2024-02-19,3,1,Margherita Pizza,34,12.0
2024-02-19,3,2,Pasta Alfredo,32,14.0
2024-02-19,3,3,Lasagna Bolognese,22,16.0
2024-02-19,3,4,Bruschetta,28,8.0
2024-02-19,3,5,Tiramisu,32,7.0
2024-02-19,3,6,Caesar Salad,26,10.0
2024-02-19,3,7,Minestrone Soup,23,9.0
2024-02-19,4,1,Margherita Pizza,26,12.0
2024-02-19,4,2,Pasta Alfredo,31,14.0
2024-02-19,4,3,Lasagna Bolognese,27,16.0
2024-02-19,4,4,Bruschetta,35,8.0
2024-02-19,4,5,Tiramisu,34,7.0
2024-02-19,4,6,Caesar Salad,24,10.0
2024-02-19,4,7,Minestrone Soup,30,9.0
2024-02-19,5,1,Margherita Pizza,34,12.0
2024-02-19,5,2,Pasta Alfredo,33,14.0
2024-02-19,5,3,Lasagna Bolognese,26,16.0
2024-02-19,5,4,Bruschetta,34,8.0
2024-02-19,5,5,Tiramisu,37,7.0
2024-02-19,5,6,Caesar Salad,26,10.0
2024-02-19,5,7,Minestrone Soup,34,9.0
2024-02-20,1,1,Margherita Pizza,22,12.0
2024-02-20,1,2,Pasta Alfredo,37,14.0
2024-02-20,1,3,Lasagna Bolognese,23,16.0
2024-02-20,1,4,Bruschetta,24,8.0
2024-02-20,1,5,Tiramisu,36,7.0
2024-02-20,1,6,Caesar Salad,29,10.0
2024-02-20,1,7,Minestrone Soup,30,9.0
2024-02-20,2,1,Margherita Pizza,34,12.0
2024-02-20,2,2,Pasta Alfredo,42,14.0
2024-02-20,2,3,Lasagna Bolognese,30,16.0
2024-02-20,2,4,Bruschetta,36,8.0
2024-02-20,2,5,Tiramisu,39,7.0
2024-02-20,2,6,Caesar Salad,26,10.0
2024-02-20,2,7,Minestrone Soup,27,9.0
2024-02-20,3,1,Margherita Pizza,32,12.0
2024-02-20,3,2,Pasta Alfredo,36,14.0
2024-02-20,3,3,Lasagna Bolognese,34,16.0
2024-02-20,3,4,Bruschetta,33,8.0
2024-02-20,3,5,Tiramisu,39,7.0
2024-02-20,3,6,Caesar Salad,29,10.0
2024-02-20,3,7,Minestrone Soup,33,9.0
2024-02-20,4,1,Margherita Pizza,40,12.0
2024-02-20,4,2,Pasta Alfredo,39,14.0
2024-02-20,4,3,Lasagna Bolognese,29,16.0
2024-02-20,4,4,Bruschetta,32,8.0
2024-02-20,4,5,Tiramisu,36,7.0
2024-02-20,4,6,Caesar Salad,27,10.0
2024-02-20,4,7,Minestrone Soup,35,9.0
2024-02-20,5,1,Margherita Pizza,35,12.0
2024-02-20,5,2,Pasta Alfredo,40,14.0
2024-02-20,5,3,Lasagna Bolognese,26,16.0
2024-02-20,5,4,Bruschetta,36,8.0
2024-02-20,5,5,Tiramisu,38,7.0
2024-02-20,5,6,Caesar Salad,32,10.0
2024-02-20,5,7,Minestrone Soup,36,9.0
2024-02-21,1,1,Margherita Pizza,26,12.0
2024-02-21,1,2,Pasta Alfredo,34,14.0
2024-02-21,1,3,Lasagna Bolognese,23,16.0
2024-02-21,1,4,Bruschetta,31,8.0
2024-02-21,1,5,Tiramisu,39,7.0
2024-02-21,1,6,Caesar Salad,19,10.0
2024-02-21,1,7,Minestrone Soup,30,9.0
2024-02-21,2,1,Margherita Pizza,31,12.0
2024-02-21,2,2,Pasta Alfredo,39,14.0
2024-02-21,2,3,Lasagna Bolognese,27,16.0
2024-02-21,2,4,Bruschetta,29,8.0
2024-02-21,2,5,Tiramisu,36,7.0
2024-02-21,2,6,Caesar Salad,24,10.0
2024-02-21,2,7,Minestrone Soup,35,9.0
2024-02-21,3,1,Margherita Pizza,33,12.0
2024-02-21,3,2,Pasta Alfredo,44,14.0
2024-02-21,3,3,Lasagna Bolognese,27,16.0
2024-02-21,3,4,Bruschetta,31,8.0
2024-02-21,3,5,Tiramisu,34,7.0
2024-02-21,3,6,Caesar Salad,22,10.0
2024-02-21,3,7,Minestrone Soup,28,9.0
2024-02-21,4,1,Margherita Pizza,35,12.0
2024-02-21,4,2,Pasta Alfredo,42,14.0
2024-02-21,4,3,Lasagna Bolognese,24,16.0
2024-02-21,4,4,Bruschetta,37,8.0
2024-02-21,4,5,Tiramisu,39,7.0
2024-02-21,4,6,Caesar Salad,29,10.0
2024-02-21,4,7,Minestrone Soup,39,9.0
2024-02-21,5,1,Margherita Pizza,39,12.0
2024-02-21,5,2,Pasta Alfredo,41,14.0
2024-02-21,5,3,Lasagna Bolognese,28,16.0
2024-02-21,5,4,Bruschetta,30,8.0
2024-02-21,5,5,Tiramisu,40,7.0
2024-02-21,5,6,Caesar Salad,30,10.0
2024-02-21,5,7,Minestrone Soup,33,9.0
2024-02-22,1,1,Margherita Pizza,30,12.0
2024-02-22,1,2,Pasta Alfredo,35,14.0
2024-02-22,1,3,Lasagna Bolognese,24,16.0
2024-02-22,1,4,Bruschetta,28,8.0
2024-02-22,1,5,Tiramisu,35,7.0
2024-02-22,1,6,Caesar Salad,26,10.0
2024-02-22,1,7,Minestrone Soup,27,9.0
2024-02-22,2,1,Margherita Pizza,36,12.0
2024-02-22,2,2,Pasta Alfredo,36,14.0
2024-02-22,2,3,Lasagna Bolognese,26,16.0
2024-02-22,2,4,Bruschetta,34,8.0
2024-02-22,2,5,Tiramisu,37,7.0
2024-02-22,2,6,Caesar Salad,29,10.0
2024-02-22,2,7,Minestrone Soup,32,9.0
2024-02-22,3,1,Margherita Pizza,31,12.0
2024-02-22,3,2,Pasta Alfredo,40,14.0
2024-02-22,3,3,Lasagna Bolognese,24,16.0
2024-02-22,3,4,Bruschetta,33,8.0
2024-02-22,3,5,Tiramisu,38,7.0
2024-02-22,3,6,Caesar Salad,27,10.0
2024-02-22,3,7,Minestrone Soup,33,9.0
2024-02-22,4,1,Margherita Pizza,29,12.0
2024-02-22,4,2,Pasta Alfredo,39,14.0
2024-02-22,4,3,Lasagna Bolognese,29,16.0
2024-02-22,4,4,Bruschetta,35,8.0
2024-02-22,4,5,Tiramisu,37,7.0
2024-02-22,4,6,Caesar Salad,33,10.0
2024-02-22,4,7,Minestrone Soup,32,9.0
2024-02-22,5,1,Margherita Pizza,39,12.0
2024-02-22,5,2,Pasta Alfredo,44,14.0
2024-02-22,5,3,Lasagna Bolognese,28,16.0
2024-02-22,5,4,Bruschetta,42,8.0
2024-02-22,5,5,Tiramisu,39,7.0
2024-02-22,5,6,Caesar Salad,33,10.0
2024-02-22,5,7,Minestrone Soup,39,9.0
2024-02-23,1,1,Margherita Pizza,38,12.0
2024-02-23,1,2,Pasta Alfredo,51,14.0
2024-02-23,1,3,Lasagna Bolognese,33,16.0
2024-02-23,1,4,Bruschetta,41,8.0
2024-02-23,1,5,Tiramisu,48,7.0
2024-02-23,1,6,Caesar Salad,33,10.0
2024-02-23,1,7,Minestrone Soup,43,9.0
2024-02-23,2,1,Margherita Pizza,45,12.0
2024-02-23,2,2,Pasta Alfredo,44,14.0
2024-02-23,2,3,Lasagna Bolognese,39,16.0
2024-02-23,2,4,Bruschetta,38,8.0
2024-02-23,2,5,Tiramisu,53,7.0
2024-02-23,2,6,Caesar Salad,39,10.0
2024-02-23,2,7,Minestrone Soup,39,9.0
2024-02-23,3,1,Margherita Pizza,43,12.0
2024-02-23,3,2,Pasta Alfredo,49,14.0
2024-02-23,3,3,Lasagna Bolognese,37,16.0
2024-02-23,3,4,Bruschetta,44,8.0
2024-02-23,3,5,Tiramisu,54,7.0
2024-02-23,3,6,Caesar Salad,41,10.0
2024-02-23,3,7,Minestrone Soup,49,9.0
2024-02-23,4,1,Margherita Pizza,45,12.0
2024-02-23,4,2,Pasta Alfredo,54,14.0
2024-02-23,4,3,Lasagna Bolognese,34,16.0
2024-02-23,4,4,Bruschetta,44,8.0
2024-02-23,4,5,Tiramisu,57,7.0
2024-02-23,4,6,Caesar Salad,44,10.0
2024-02-23,4,7,Minestrone Soup,43,9.0
2024-02-23,5,1,Margherita Pizza,47,12.0
2024-02-23,5,2,Pasta Alfredo,57,14.0
2024-02-23,5,3,Lasagna Bolognese,42,16.0
2024-02-23,5,4,Bruschetta,46,8.0
2024-02-23,5,5,Tiramisu,58,7.0
2024-02-23,5,6,Caesar Salad,39,10.0
2024-02-23,5,7,Minestrone Soup,49,9.0
2024-02-24,1,1,Margherita Pizza,42,12.0
2024-02-24,1,2,Pasta Alfredo,47,14.0
2024-02-24,1,3,Lasagna Bolognese,32,16.0
2024-02-24,1,4,Bruschetta,40,8.0
2024-02-24,1,5,Tiramisu,47,7.0
2024-02-24,1,6,Caesar Salad,33,10.0
2024-02-24,1,7,Minestrone Soup,40,9.0
2024-02-24,2,1,Margherita Pizza,47,12.0
2024-02-24,2,2,Pasta Alfredo,51,14.0
2024-02-24,2,3,Lasagna Bolognese,35,16.0
2024-02-24,2,4,Bruschetta,45,8.0
2024-02-24,2,5,Tiramisu,49,7.0
2024-02-24,2,6,Caesar Salad,39,10.0
2024-02-24,2,7,Minestrone Soup,44,9.0
2024-02-24,3,1,Margherita Pizza,44,12.0
2024-02-24,3,2,Pasta Alfredo,53,14.0
2024-02-24,3,3,Lasagna Bolognese,32,16.0
2024-02-24,3,4,Bruschetta,41,8.0
2024-02-24,3,5,Tiramisu,49,7.0
2024-02-24,3,6,Caesar Salad,38,10.0
2024-02-24,3,7,Minestrone Soup,50,9.0
2024-02-24,4,1,Margherita Pizza,53,12.0
2024-02-24,4,2,Pasta Alfredo,56,14.0
2024-02-24,4,3,Lasagna Bolognese,40,16.0
2024-02-24,4,4,Bruschetta,41,8.0
2024-02-24,4,5,Tiramisu,53,7.0
2024-02-24,4,6,Caesar Salad,37,10.0
2024-02-24,4,7,Minestrone Soup,45,9.0
2024-02-24,5,1,Margherita Pizza,48,12.0
2024-02-24,5,2,Pasta Alfredo,56,14.0
2024-02-24,5,3,Lasagna Bolognese,35,16.0
2024-02-24,5,4,Bruschetta,51,8.0
2024-02-24,5,5,Tiramisu,54,7.0
2024-02-24,5,6,Caesar Salad,41,10.0
2024-02-24,5,7,Minestrone Soup,55,9.0
2024-02-25,1,1,Margherita Pizza,32,12.0
2024-02-25,1,2,Pasta Alfredo,33,14.0
2024-02-25,1,3,Lasagna Bolognese,28,16.0
2024-02-25,1,4,Bruschetta,38,8.0
2024-02-25,1,5,Tiramisu,46,7.0
2024-02-25,1,6,Caesar Salad,25,10.0
2024-02-25,1,7,Minestrone Soup,36,9.0
2024-02-25,2,1,Margherita Pizza,35,12.0
2024-02-25,2,2,Pasta Alfredo,42,14.0
2024-02-25,2,3,Lasagna Bolognese,38,16.0
2024-02-25,2,4,Bruschetta,32,8.0
2024-02-25,2,5,Tiramisu,43,7.0
2024-02-25,2,6,Caesar Salad,32,10.0
2024-02-25,2,7,Minestrone Soup,39,9.0
2024-02-25,3,1,Margherita Pizza,38,12.0
2024-02-25,3,2,Pasta Alfredo,45,14.0
2024-02-25,3,3,Lasagna Bolognese,31,16.0
2024-02-25,3,4,Bruschetta,39,8.0
2024-02-25,3,5,Tiramisu,43,7.0
2024-02-25,3,6,Caesar Salad,34,10.0
2024-02-25,3,7,Minestrone Soup,37,9.0
2024-02-25,4,1,Margherita Pizza,41,12.0
2024-02-25,4,2,Pasta Alfredo,46,14.0
2024-02-25,4,3,Lasagna Bolognese,37,16.0
2024-02-25,4,4,Bruschetta,40,8.0
2024-02-25,4,5,Tiramisu,41,7.0
2024-02-25,4,6,Caesar Salad,37,10.0
2024-02-25,4,7,Minestrone Soup,37,9.0
2024-02-25,5,1,Margherita Pizza,40,12.0
2024-02-25,5,2,Pasta Alfredo,47,14.0
2024-02-25,5,3,Lasagna Bolognese,39,16.0
2024-02-25,5,4,Bruschetta,35,8.0
2024-02-25,5,5,Tiramisu,58,7.0
2024-02-25,5,6,Caesar Salad,38,10.0
2024-02-25,5,7,Minestrone Soup,42,9.0
2024-02-26,1,1,Margherita Pizza,25,12.0
2024-02-26,1,2,Pasta Alfredo,31,14.0
2024-02-26,1,3,Lasagna Bolognese,23,16.0
2024-02-26,1,4,Bruschetta,27,8.0
2024-02-26,1,5,Tiramisu,31,7.0
2024-02-26,1,6,Caesar Salad,21,10.0
2024-02-26,1,7,Minestrone Soup,25,9.0
2024-02-26,2,1,Margherita Pizza,26,12.0
2024-02-26,2,2,Pasta Alfredo,31,14.0
2024-02-26,2,3,Lasagna Bolognese,26,16.0
2024-02-26,2,4,Bruschetta,29,8.0
2024-02-26,2,5,Tiramisu,22,7.0
2024-02-26,2,6,Caesar Salad,24,10.0
2024-02-26,2,7,Minestrone Soup,27,9.0
2024-02-26,3,1,Margherita Pizza,28,12.0
2024-02-26,3,2,Pasta Alfredo,32,14.0
2024-02-26,3,3,Lasagna Bolognese,27,16.0
2024-02-26,3,4,Bruschetta,31,8.0
2024-02-26,3,5,Tiramisu,30,7.0
2024-02-26,3,6,Caesar Salad,25,10.0
2024-02-26,3,7,Minestrone Soup,25,9.0
2024-02-26,4,1,Margherita Pizza,25,12.0
2024-02-26,4,2,Pasta Alfredo,32,14.0
2024-02-26,4,3,Lasagna Bolognese,27,16.0
2024-02-26,4,4,Bruschetta,32,8.0
2024-02-26,4,5,Tiramisu,36,7.0
2024-02-26,4,6,Caesar Salad,27,10.0
2024-02-26,4,7,Minestrone Soup,31,9.0
2024-02-26,5,1,Margherita Pizza,29,12.0
2024-02-26,5,2,Pasta Alfredo,37,14.0
2024-02-26,5,3,Lasagna Bolognese,28,16.0
2024-02-26,5,4,Bruschetta,33,8.0
2024-02-26,5,5,Tiramisu,39,7.0
2024-02-26,5,6,Caesar Salad,28,10.0
2024-02-26,5,7,Minestrone Soup,32,9.0
2024-02-27,1,1,Margherita Pizza,33,12.0
2024-02-27,1,2,Pasta Alfredo,35,14.0
2024-02-27,1,3,Lasagna Bolognese,22,16.0
2024-02-27,1,4,Bruschetta,29,8.0
2024-02-27,1,5,Tiramisu,33,7.0
2024-02-27,1,6,Caesar Salad,23,10.0
2024-02-27,1,7,Minestrone Soup,29,9.0
2024-02-27,2,1,Margherita Pizza,29,12.0
2024-02-27,2,2,Pasta Alfredo,36,14.0
2024-02-27,2,3,Lasagna Bolognese,21,16.0
2024-02-27,2,4,Bruschetta,32,8.0
2024-02-27,2,5,Tiramisu,37,7.0
2024-02-27,2,6,Caesar Salad,24,10.0
2024-02-27,2,7,Minestrone Soup,33,9.0
2024-02-27,3,1,Margherita Pizza,36,12.0
2024-02-27,3,2,Pasta Alfredo,34,14.0
2024-02-27,3,3,Lasagna Bolognese,25,16.0
2024-02-27,3,4,Bruschetta,31,8.0
2024-02-27,3,5,Tiramisu,36,7.0
2024-02-27,3,6,Caesar Salad,30,10.0
2024-02-27,3,7,Minestrone Soup,32,9.0
2024-02-27,4,1,Margherita Pizza,34,12.0
2024-02-27,4,2,Pasta Alfredo,34,14.0
2024-02-27,4,3,Lasagna Bolognese,31,16.0
2024-02-27,4,4,Bruschetta,31,8.0
2024-02-27,4,5,Tiramisu,41,7.0
2024-02-27,4,6,Caesar Salad,30,10.0
2024-02-27,4,7,Minestrone Soup,39,9.0
2024-02-27,5,1,Margherita Pizza,32,12.0
2024-02-27,5,2,Pasta Alfredo,33,14.0
2024-02-27,5,3,Lasagna Bolognese,31,16.0
2024-02-27,5,4,Bruschetta,42,8.0
2024-02-27,5,5,Tiramisu,46,7.0
2024-02-27,5,6,Caesar Salad,31,10.0
2024-02-27,5,7,Minestrone Soup,35,9.0
2024-02-28,1,1,Margherita Pizza,32,12.0
2024-02-28,1,2,Pasta Alfredo,32,14.0
2024-02-28,1,3,Lasagna Bolognese,26,16.0
2024-02-28,1,4,Bruschetta,31,8.0
2024-02-28,1,5,Tiramisu,38,7.0
2024-02-28,1,6,Caesar Salad,33,10.0
2024-02-28,1,7,Minestrone Soup,31,9.0
2024-02-28,2,1,Margherita Pizza,30,12.0
2024-02-28,2,2,Pasta Alfredo,37,14.0
2024-02-28,2,3,Lasagna Bolognese,21,16.0
2024-02-28,2,4,Bruschetta,29,8.0
2024-02-28,2,5,Tiramisu,36,7.0
2024-02-28,2,6,Caesar Salad,25,10.0
2024-02-28,2,7,Minestrone Soup,32,9.0
2024-02-28,3,1,Margherita Pizza,31,12.0
2024-02-28,3,2,Pasta Alfredo,42,14.0
2024-02-28,3,3,Lasagna Bolognese,28,16.0
2024-02-28,3,4,Bruschetta,33,8.0
2024-02-28,3,5,Tiramisu,38,7.0
2024-02-28,3,6,Caesar Salad,28,10.0
2024-02-28,3,7,Minestrone Soup,36,9.0
2024-02-28,4,1,Margherita Pizza,32,12.0
2024-02-28,4,2,Pasta Alfredo,38,14.0
2024-02-28,4,3,Lasagna Bolognese,28,16.0
2024-02-28,4,4,Bruschetta,31,8.0
2024-02-28,4,5,Tiramisu,38,7.0
2024-02-28,4,6,Caesar Salad,27,10.0
2024-02-28,4,7,Minestrone Soup,37,9.0
2024-02-28,5,1,Margherita Pizza,37,12.0
2024-02-28,5,2,Pasta Alfredo,43,14.0
2024-02-28,5,3,Lasagna Bolognese,33,16.0
2024-02-28,5,4,Bruschetta,36,8.0
2024-02-28,5,5,Tiramisu,43,7.0
2024-02-28,5,6,Caesar Salad,30,10.0
2024-02-28,5,7,Minestrone Soup,37,9.0
2024-02-29,1,1,Margherita Pizza,28,12.0
2024-02-29,1,2,Pasta Alfredo,28,14.0
2024-02-29,1,3,Lasagna Bolognese,25,16.0
2024-02-29,1,4,Bruschetta,34,8.0
2024-02-29,1,5,Tiramisu,38,7.0
2024-02-29,1,6,Caesar Salad,28,10.0
2024-02-29,1,7,Minestrone Soup,34,9.0
2024-02-29,2,1,Margherita Pizza,32,12.0
2024-02-29,2,2,Pasta Alfredo,37,14.0
2024-02-29,2,3,Lasagna Bolognese,24,16.0
2024-02-29,2,4,Bruschetta,31,8.0
2024-02-29,2,5,Tiramisu,39,7.0
2024-02-29,2,6,Caesar Salad,30,10.0
2024-02-29,2,7,Minestrone Soup,31,9.0
2024-02-29,3,1,Margherita Pizza,32,12.0
2024-02-29,3,2,Pasta Alfredo,39,14.0
2024-02-29,3,3,Lasagna Bolognese,29,16.0
2024-02-29,3,4,Bruschetta,29,8.0
2024-02-29,3,5,Tiramisu,32,7.0
2024-02-29,3,6,Caesar Salad,26,10.0
2024-02-29,3,7,Minestrone Soup,29,9.0
2024-02-29,4,1,Margherita Pizza,33,12.0
2024-02-29,4,2,Pasta Alfredo,40,14.0
2024-02-29,4,3,Lasagna Bolognese,28,16.0
2024-02-29,4,4,Bruschetta,39,8.0
2024-02-29,4,5,Tiramisu,41,7.0
2024-02-29,4,6,Caesar Salad,30,10.0
2024-02-29,4,7,Minestrone Soup,37,9.0
2024-02-29,5,1,Margherita Pizza,33,12.0
2024-02-29,5,2,Pasta Alfredo,45,14.0
2024-02-29,5,3,Lasagna Bolognese,30,16.0
2024-02-29,5,4,Bruschetta,38,8.0
2024-02-29,5,5,Tiramisu,39,7.0
2024-02-29,5,6,Caesar Salad,26,10.0
2024-02-29,5,7,Minestrone Soup,39,9.0
2024-03-01,1,1,Margherita Pizza,43,12.0
2024-03-01,1,2,Pasta Alfredo,46,14.0
2024-03-01,1,3,Lasagna Bolognese,32,16.0
2024-03-01,1,4,Bruschetta,45,8.0
2024-03-01,1,5,Tiramisu,45,7.0
2024-03-01,1,6,Caesar Salad,40,10.0
2024-03-01,1,7,Minestrone Soup,39,9.0
2024-03-01,2,1,Margherita Pizza,46,12.0
2024-03-01,2,2,Pasta Alfredo,50,14.0
2024-03-01,2,3,Lasagna Bolognese,38,16.0
2024-03-01,2,4,Bruschetta,42,8.0
2024-03-01,2,5,Tiramisu,51,7.0
2024-03-01,2,6,Caesar Salad,37,10.0
2024-03-01,2,7,Minestrone Soup,41,9.0
2024-03-01,3,1,Margherita Pizza,48,12.0
2024-03-01,3,2,Pasta Alfredo,52,14.0
2024-03-01,3,3,Lasagna Bolognese,38,16.0
2024-03-01,3,4,Bruschetta,43,8.0
2024-03-01,3,5,Tiramisu,46,7.0
2024-03-01,3,6,Caesar Salad,38,10.0
2024-03-01,3,7,Minestrone Soup,53,9.0
2024-03-01,4,1,Margherita Pizza,51,12.0
2024-03-01,4,2,Pasta Alfredo,56,14.0
2024-03-01,4,3,Lasagna Bolognese,40,16.0
2024-03-01,4,4,Bruschetta,48,8.0
2024-03-01,4,5,Tiramisu,58,7.0
2024-03-01,4,6,Caesar Salad,37,10.0
2024-03-01,4,7,Minestrone Soup,52,9.0
2024-03-01,5,1,Margherita Pizza,53,12.0
2024-03-01,5,2,Pasta Alfredo,61,14.0
2024-03-01,5,3,Lasagna Bolognese,43,16.0
2024-03-01,5,4,Bruschetta,51,8.0
2024-03-01,5,5,Tiramisu,61,7.0
2024-03-01,5,6,Caesar Salad,44,10.0
2024-03-01,5,7,Minestrone Soup,50,9.0
2024-03-02,1,1,Margherita Pizza,40,12.0
2024-03-02,1,2,Pasta Alfredo,49,14.0
2024-03-02,1,3,Lasagna Bolognese,39,16.0
2024-03-02,1,4,Bruschetta,38,8.0
2024-03-02,1,5,Tiramisu,44,7.0
2024-03-02,1,6,Caesar Salad,35,10.0
2024-03-02,1,7,Minestrone Soup,42,9.0
2024-03-02,2,1,Margherita Pizza,45,12.0
2024-03-02,2,2,Pasta Alfredo,52,14.0
2024-03-02,2,3,Lasagna Bolognese,36,16.0
2024-03-02,2,4,Bruschetta,48,8.0
2024-03-02,2,5,Tiramisu,47,7.0
2024-03-02,2,6,Caesar Salad,34,10.0
2024-03-02,2,7,Minestrone Soup,44,9.0
2024-03-02,3,1,Margherita Pizza,41,12.0
2024-03-02,3,2,Pasta Alfredo,53,14.0
2024-03-02,3,3,Lasagna Bolognese,43,16.0
2024-03-02,3,4,Bruschetta,46,8.0
2024-03-02,3,5,Tiramisu,55,7.0
2024-03-02,3,6,Caesar Salad,35,10.0
2024-03-02,3,7,Minestrone Soup,44,9.0
2024-03-02,4,1,Margherita Pizza,47,12.0
2024-03-02,4,2,Pasta Alfredo,56,14.0
2024-03-02,4,3,Lasagna Bolognese,44,16.0
2024-03-02,4,4,Bruschetta,50,8.0
2024-03-02,4,5,Tiramisu,53,7.0
2024-03-02,4,6,Caesar Salad,41,10.0
2024-03-02,4,7,Minestrone Soup,50,9.0
2024-03-02,5,1,Margherita Pizza,54,12.0
2024-03-02,5,2,Pasta Alfredo,64,14.0
2024-03-02,5,3,Lasagna Bolognese,39,16.0
2024-03-02,5,4,Bruschetta,48,8.0
2024-03-02,5,5,Tiramisu,55,7.0
2024-03-02,5,6,Caesar Salad,41,10.0
2024-03-02,5,7,Minestrone Soup,52,9.0
2024-03-03,1,1,Margherita Pizza,39,12.0
2024-03-03,1,2,Pasta Alfredo,41,14.0
2024-03-03,1,3,Lasagna Bolognese,29,16.0
2024-03-03,1,4,Bruschetta,36,8.0
2024-03-03,1,5,Tiramisu,39,7.0
2024-03-03,1,6,Caesar Salad,36,10.0
2024-03-03,1,7,Minestrone Soup,31,9.0
2024-03-03,2,1,Margherita Pizza,38,12.0
2024-03-03,2,2,Pasta Alfredo,50,14.0
2024-03-03,2,3,Lasagna Bolognese,31,16.0
2024-03-03,2,4,Bruschetta,37,8.0
2024-03-03,2,5,Tiramisu,43,7.0
2024-03-03,2,6,Caesar Salad,31,10.0
2024-03-03,2,7,Minestrone Soup,42,9.0
2024-03-03,3,1,Margherita Pizza,33,12.0
2024-03-03,3,2,Pasta Alfredo,51,14.0
2024-03-03,3,3,Lasagna Bolognese,29,16.0
2024-03-03,3,4,Bruschetta,39,8.0
2024-03-03,3,5,Tiramisu,45,7.0
2024-03-03,3,6,Caesar Salad,35,10.0
2024-03-03,3,7,Minestrone Soup,35,9.0
2024-03-03,4,1,Margherita Pizza,43,12.0
2024-03-03,4,2,Pasta Alfredo,54,14.0
2024-03-03,4,3,Lasagna Bolognese,30,16.0
2024-03-03,4,4,Bruschetta,42,8.0
2024-03-03,4,5,Tiramisu,46,7.0
2024-03-03,4,6,Caesar Salad,36,10.0
2024-03-03,4,7,Minestrone Soup,41,9.0
2024-03-03,5,1,Margherita Pizza,41,12.0
2024-03-03,5,2,Pasta Alfredo,52,14.0
2024-03-03,5,3,Lasagna Bolognese,41,16.0
2024-03-03,5,4,Bruschetta,43,8.0
2024-03-03,5,5,Tiramisu,52,7.0
2024-03-03,5,6,Caesar Salad,32,10.0
2024-03-03,5,7,Minestrone Soup,40,9.0
2024-03-04,1,1,Margherita Pizza,28,12.0
2024-03-04,1,2,Pasta Alfredo,35,14.0
2024-03-04,1,3,Lasagna Bolognese,23,16.0
2024-03-04,1,4,Bruschetta,25,8.0
2024-03-04,1,5,Tiramisu,31,7.0
2024-03-04,1,6,Caesar Salad,18,10.0
2024-03-04,1,7,Minestrone Soup,28,9.0
2024-03-04,2,1,Margherita Pizza,30,12.0
2024-03-04,2,2,Pasta Alfredo,31,14.0
2024-03-04,2,3,Lasagna Bolognese,22,16.0
2024-03-04,2,4,Bruschetta,29,8.0
2024-03-04,2,5,Tiramisu,31,7.0
2024-03-04,2,6,Caesar Salad,23,10.0
2024-03-04,2,7,Minestrone Soup,34,9.0
2024-03-04,3,1,Margherita Pizza,28,12.0
2024-03-04,3,2,Pasta Alfredo,33,14.0
2024-03-04,3,3,Lasagna Bolognese,22,16.0
2024-03-04,3,4,Bruschetta,31,8.0
2024-03-04,3,5,Tiramisu,33,7.0
2024-03-04,3,6,Caesar Salad,22,10.0
2024-03-04,3,7,Minestrone Soup,33,9.0
2024-03-04,4,1,Margherita Pizza,35,12.0
2024-03-04,4,2,Pasta Alfredo,34,14.0
2024-03-04,4,3,Lasagna Bolognese,20,16.0
2024-03-04,4,4,Bruschetta,34,8.0
2024-03-04,4,5,Tiramisu,34,7.0
2024-03-04,4,6,Caesar Salad,28,10.0
2024-03-04,4,7,Minestrone Soup,25,9.0
2024-03-04,5,1,Margherita Pizza,35,12.0
2024-03-04,5,2,Pasta Alfredo,34,14.0
2024-03-04,5,3,Lasagna Bolognese,29,16.0
2024-03-04,5,4,Bruschetta,32,8.0
2024-03-04,5,5,Tiramisu,34,7.0
2024-03-04,5,6,Caesar Salad,25,10.0
2024-03-04,5,7,Minestrone Soup,34,9.0
2024-03-05,1,1,Margherita Pizza,31,12.0
2024-03-05,1,2,Pasta Alfredo,38,14.0
2024-03-05,1,3,Lasagna Bolognese,32,16.0
2024-03-05,1,4,Bruschetta,26,8.0
2024-03-05,1,5,Tiramisu,41,7.0
2024-03-05,1,6,Caesar Salad,26,10.0
2024-03-05,1,7,Minestrone Soup,28,9.0
2024-03-05,2,1,Margherita Pizza,29,12.0
2024-03-05,2,2,Pasta Alfredo,37,14.0
2024-03-05,2,3,Lasagna Bolognese,30,16.0
2024-03-05,2,4,Bruschetta,32,8.0
2024-03-05,2,5,Tiramisu,43,7.0
2024-03-05,2,6,Caesar Salad,23,10.0
2024-03-05,2,7,Minestrone Soup,33,9.0
2024-03-05,3,1,Margherita Pizza,30,12.0
2024-03-05,3,2,Pasta Alfredo,41,14.0
2024-03-05,3,3,Lasagna Bolognese,31,16.0
2024-03-05,3,4,Bruschetta,33,8.0
2024-03-05,3,5,Tiramisu,32,7.0
2024-03-05,3,6,Caesar Salad,29,10.0
2024-03-05,3,7,Minestrone Soup,36,9.0
2024-03-05,4,1,Margherita Pizza,37,12.0
2024-03-05,4,2,Pasta Alfredo,46,14.0
2024-03-05,4,3,Lasagna Bolognese,27,16.0
2024-03-05,4,4,Bruschetta,38,8.0
2024-03-05,4,5,Tiramisu,45,7.0
2024-03-05,4,6,Caesar Salad,25,10.0
2024-03-05,4,7,Minestrone Soup,37,9.0
2024-03-05,5,1,Margherita Pizza,36,12.0
2024-03-05,5,2,Pasta Alfredo,43,14.0
2024-03-05,5,3,Lasagna Bolognese,32,16.0
2024-03-05,5,4,Bruschetta,36,8.0
2024-03-05,5,5,Tiramisu,42,7.0
2024-03-05,5,6,Caesar Salad,31,10.0
2024-03-05,5,7,Minestrone Soup,34,9.0
2024-03-06,1,1,Margherita Pizza,28,12.0
2024-03-06,1,2,Pasta Alfredo,38,14.0
2024-03-06,1,3,Lasagna Bolognese,22,16.0
2024-03-06,1,4,Bruschetta,33,8.0
2024-03-06,1,5,Tiramisu,38,7.0
2024-03-06,1,6,Caesar Salad,21,10.0
2024-03-06,1,7,Minestrone Soup,29,9.0
2024-03-06,2,1,Margherita Pizza,36,12.0
2024-03-06,2,2,Pasta Alfredo,35,14.0
2024-03-06,2,3,Lasagna Bolognese,26,16.0
2024-03-06,2,4,Bruschetta,34,8.0
2024-03-06,2,5,Tiramisu,40,7.0
2024-03-06,2,6,Caesar Salad,26,10.0
2024-03-06,2,7,Minestrone Soup,31,9.0
2024-03-06,3,1,Margherita Pizza,38,12.0
2024-03-06,3,2,Pasta Alfredo,45,14.0
2024-03-06,3,3,Lasagna Bolognese,31,16.0
2024-03-06,3,4,Bruschetta,34,8.0
2024-03-06,3,5,Tiramisu,38,7.0
2024-03-06,3,6,Caesar Salad,26,10.0
2024-03-06,3,7,Minestrone Soup,36,9.0
2024-03-06,4,1,Margherita Pizza,37,12.0
2024-03-06,4,2,Pasta Alfredo,46,14.0
2024-03-06,4,3,Lasagna Bolognese,32,16.0
2024-03-06,4,4,Bruschetta,31,8.0
2024-03-06,4,5,Tiramisu,45,7.0
2024-03-06,4,6,Caesar Salad,27,10.0
2024-03-06,4,7,Minestrone Soup,35,9.0
2024-03-06,5,1,Margherita Pizza,38,12.0
2024-03-06,5,2,Pasta Alfredo,50,14.0
2024-03-06,5,3,Lasagna Bolognese,41,16.0
2024-03-06,5,4,Bruschetta,39,8.0
2024-03-06,5,5,Tiramisu,43,7.0
2024-03-06,5,6,Caesar Salad,33,10.0
2024-03-06,5,7,Minestrone Soup,40,9.0
2024-03-07,1,1,Margherita Pizza,30,12.0
2024-03-07,1,2,Pasta Alfredo,42,14.0
2024-03-07,1,3,Lasagna Bolognese,26,16.0
2024-03-07,1,4,Bruschetta,32,8.0
2024-03-07,1,5,Tiramisu,38,7.0
2024-03-07,1,6,Caesar Salad,27,10.0
2024-03-07,1,7,Minestrone Soup,33,9.0
2024-03-07,2,1,Margherita Pizza,31,12.0
2024-03-07,2,2,Pasta Alfredo,36,14.0
2024-03-07,2,3,Lasagna Bolognese,24,16.0
2024-03-07,2,4,Bruschetta,34,8.0
2024-03-07,2,5,Tiramisu,40,7.0
2024-03-07,2,6,Caesar Salad,29,10.0
2024-03-07,2,7,Minestrone Soup,38,9.0
2024-03-07,3,1,Margherita Pizza,34,12.0
2024-03-07,3,2,Pasta Alfredo,42,14.0
2024-03-07,3,3,Lasagna Bolognese,25,16.0
2024-03-07,3,4,Bruschetta,33,8.0
2024-03-07,3,5,Tiramisu,42,7.0
2024-03-07,3,6,Caesar Salad,31,10.0
2024-03-07,3,7,Minestrone Soup,33,9.0
2024-03-07,4,1,Margherita Pizza,36,12.0
2024-03-07,4,2,Pasta Alfredo,37,14.0
2024-03-07,4,3,Lasagna Bolognese,29,16.0
2024-03-07,4,4,Bruschetta,39,8.0
2024-03-07,4,5,Tiramisu,44,7.0
2024-03-07,4,6,Caesar Salad,31,10.0
2024-03-07,4,7,Minestrone Soup,36,9.0
2024-03-07,5,1,Margherita Pizza,38,12.0
2024-03-07,5,2,Pasta Alfredo,42,14.0
2024-03-07,5,3,Lasagna Bolognese,33,16.0
2024-03-07,5,4,Bruschetta,39,8.0
2024-03-07,5,5,Tiramisu,45,7.0
2024-03-07,5,6,Caesar Salad,30,10.0
2024-03-07,5,7,Minestrone Soup,31,9.0
2024-03-08,1,1,Margherita Pizza,45,12.0
2024-03-08,1,2,Pasta Alfredo,47,14.0
2024-03-08,1,3,Lasagna Bolognese,32,16.0
2024-03-08,1,4,Bruschetta,44,8.0
2024-03-08,1,5,Tiramisu,48,7.0
2024-03-08,1,6,Caesar Salad,38,10.0
2024-03-08,1,7,Minestrone Soup,44,9.0
2024-03-08,2,1,Margherita Pizza,46,12.0
2024-03-08,2,2,Pasta Alfredo,47,14.0
2024-03-08,2,3,Lasagna Bolognese,40,16.0
2024-03-08,2,4,Bruschetta,45,8.0
2024-03-08,2,5,Tiramisu,50,7.0
2024-03-08,2,6,Caesar Salad,37,10.0
2024-03-08,2,7,Minestrone Soup,39,9.0
2024-03-08,3,1,Margherita Pizza,47,12.0
2024-03-08,3,2,Pasta Alfredo,51,14.0
2024-03-08,3,3,Lasagna Bolognese,34,16.0
2024-03-08,3,4,Bruschetta,42,8.0
2024-03-08,3,5,Tiramisu,57,7.0
2024-03-08,3,6,Caesar Salad,37,10.0
2024-03-08,3,7,Minestrone Soup,51,9.0
2024-03-08,4,1,Margherita Pizza,47,12.0
2024-03-08,4,2,Pasta Alfredo,51,14.0
2024-03-08,4,3,Lasagna Bolognese,37,16.0
2024-03-08,4,4,Bruschetta,52,8.0
2024-03-08,4,5,Tiramisu,56,7.0
2024-03-08,4,6,Caesar Salad,39,10.0
2024-03-08,4,7,Minestrone Soup,49,9.0
2024-03-08,5,1,Margherita Pizza,52,12.0
2024-03-08,5,2,Pasta Alfredo,62,14.0
2024-03-08,5,3,Lasagna Bolognese,47,16.0
2024-03-08,5,4,Bruschetta,50,8.0
2024-03-08,5,5,Tiramisu,55,7.0
2024-03-08,5,6,Caesar Salad,41,10.0
2024-03-08,5,7,Minestrone Soup,51,9.0
2024-03-09,1,1,Margherita Pizza,39,12.0
2024-03-09,1,2,Pasta Alfredo,46,14.0
2024-03-09,1,3,Lasagna Bolognese,36,16.0
2024-03-09,1,4,Bruschetta,42,8.0
2024-03-09,1,5,Tiramisu,49,7.0
2024-03-09,1,6,Caesar Salad,33,10.0
2024-03-09,1,7,Minestrone Soup,41,9.0
2024-03-09,2,1,Margherita Pizza,41,12.0
2024-03-09,2,2,Pasta Alfredo,54,14.0
2024-03-09,2,3,Lasagna Bolognese,40,16.0
2024-03-09,2,4,Bruschetta,38,8.0
2024-03-09,2,5,Tiramisu,49,7.0
2024-03-09,2,6,Caesar Salad,32,10.0
2024-03-09,2,7,Minestrone Soup,42,9.0
2024-03-09,3,1,Margherita Pizza,46,12.0
2024-03-09,3,2,Pasta Alfredo,50,14.0
2024-03-09,3,3,Lasagna Bolognese,36,16.0
2024-03-09,3,4,Bruschetta,43,8.0
2024-03-09,3,5,Tiramisu,55,7.0
2024-03-09,3,6,Caesar Salad,39,10.0
2024-03-09,3,7,Minestrone Soup,44,9.0
2024-03-09,4,1,Margherita Pizza,49,12.0
2024-03-09,4,2,Pasta Alfredo,55,14.0
2024-03-09,4,3,Lasagna Bolognese,40,16.0
2024-03-09,4,4,Bruschetta,53,8.0
2024-03-09,4,5,Tiramisu,60,7.0
2024-03-09,4,6,Caesar Salad,36,10.0
2024-03-09,4,7,Minestrone Soup,51,9.0
2024-03-09,5,1,Margherita Pizza,53,12.0
2024-03-09,5,2,Pasta Alfredo,56,14.0
2024-03-09,5,3,Lasagna Bolognese,45,16.0
2024-03-09,5,4,Bruschetta,55,8.0
2024-03-09,5,5,Tiramisu,56,7.0
2024-03-09,5,6,Caesar Salad,39,10.0
2024-03-09,5,7,Minestrone Soup,54,9.0
2024-03-10,1,1,Margherita Pizza,36,12.0
2024-03-10,1,2,Pasta Alfredo,43,14.0
2024-03-10,1,3,Lasagna Bolognese,31,16.0
2024-03-10,1,4,Bruschetta,37,8.0
2024-03-10,1,5,Tiramisu,38,7.0
2024-03-10,1,6,Caesar Salad,33,10.0
2024-03-10,1,7,Minestrone Soup,39,9.0
2024-03-10,2,1,Margherita Pizza,37,12.0
2024-03-10,2,2,Pasta Alfredo,44,14.0
2024-03-10,2,3,Lasagna Bolognese,27,16.0
2024-03-10,2,4,Bruschetta,39,8.0
2024-03-10,2,5,Tiramisu,45,7.0
2024-03-10,2,6,Caesar Salad,31,10.0
2024-03-10,2,7,Minestrone Soup,41,9.0
2024-03-10,3,1,Margherita Pizza,38,12.0
2024-03-10,3,2,Pasta Alfredo,48,14.0
2024-03-10,3,3,Lasagna Bolognese,30,16.0
2024-03-10,3,4,Bruschetta,39,8.0
2024-03-10,3,5,Tiramisu,45,7.0
2024-03-10,3,6,Caesar Salad,33,10.0
2024-03-10,3,7,Minestrone Soup,38,9.0
2024-03-10,4,1,Margherita Pizza,41,12.0
2024-03-10,4,2,Pasta Alfredo,51,14.0
2024-03-10,4,3,Lasagna Bolognese,33,16.0
2024-03-10,4,4,Bruschetta,36,8.0
2024-03-10,4,5,Tiramisu,53,7.0
2024-03-10,4,6,Caesar Salad,39,10.0
2024-03-10,4,7,Minestrone Soup,37,9.0
2024-03-10,5,1,Margherita Pizza,45,12.0
2024-03-10,5,2,Pasta Alfredo,49,14.0
2024-03-10,5,3,Lasagna Bolognese,37,16.0
2024-03-10,5,4,Bruschetta,44,8.0
2024-03-10,5,5,Tiramisu,50,7.0
2024-03-10,5,6,Caesar Salad,34,10.0
2024-03-10,5,7,Minestrone Soup,41,9.0
2024-03-11,1,1,Margherita Pizza,24,12.0
2024-03-11,1,2,Pasta Alfredo,28,14.0
2024-03-11,1,3,Lasagna Bolognese,22,16.0
2024-03-11,1,4,Bruschetta,24,8.0
2024-03-11,1,5,Tiramisu,33,7.0
2024-03-11,1,6,Caesar Salad,26,10.0
2024-03-11,1,7,Minestrone Soup,25,9.0
2024-03-11,2,1,Margherita Pizza,28,12.0
2024-03-11,2,2,Pasta Alfredo,34,14.0
2024-03-11,2,3,Lasagna Bolognese,25,16.0
2024-03-11,2,4,Bruschetta,28,8.0
2024-03-11,2,5,Tiramisu,35,7.0
2024-03-11,2,6,Caesar Salad,25,10.0
2024-03-11,2,7,Minestrone Soup,24,9.0
2024-03-11,3,1,Margherita Pizza,32,12.0
2024-03-11,3,2,Pasta Alfredo,37,14.0
2024-03-11,3,3,Lasagna Bolognese,22,16.0
2024-03-11,3,4,Bruschetta,29,8.0
2024-03-11,3,5,Tiramisu,36,7.0
2024-03-11,3,6,Caesar Salad,24,10.0
2024-03-11,3,7,Minestrone Soup,32,9.0
2024-03-11,4,1,Margherita Pizza,38,12.0
2024-03-11,4,2,Pasta Alfredo,33,14.0
2024-03-11,4,3,Lasagna Bolognese,21,16.0
2024-03-11,4,4,Bruschetta,31,8.0
2024-03-11,4,5,Tiramisu,38,7.0
2024-03-11,4,6,Caesar Salad,25,10.0
2024-03-11,4,7,Minestrone Soup,35,9.0
2024-03-11,5,1,Margherita Pizza,28,12.0
2024-03-11,5,2,Pasta Alfredo,39,14.0
2024-03-11,5,3,Lasagna Bolognese,25,16.0
2024-03-11,5,4,Bruschetta,37,8.0
2024-03-11,5,5,Tiramisu,43,7.0
2024-03-11,5,6,Caesar Salad,24,10.0
2024-03-11,5,7,Minestrone Soup,30,9.0
2024-03-12,1,1,Margherita Pizza,34,12.0
2024-03-12,1,2,Pasta Alfredo,35,14.0
2024-03-12,1,3,Lasagna Bolognese,26,16.0
2024-03-12,1,4,Bruschetta,31,8.0
2024-03-12,1,5,Tiramisu,30,7.0
2024-03-12,1,6,Caesar Salad,26,10.0
2024-03-12,1,7,Minestrone Soup,29,9.0
2024-03-12,2,1,Margherita Pizza,31,12.0
2024-03-12,2,2,Pasta Alfredo,42,14.0
2024-03-12,2,3,Lasagna Bolognese,23,16.0
2024-03-12,2,4,Bruschetta,35,8.0
2024-03-12,2,5,Tiramisu,37,7.0
2024-03-12,2,6,Caesar Salad,26,10.0
2024-03-12,2,7,Minestrone Soup,35,9.0
2024-03-12,3,1,Margherita Pizza,35,12.0
2024-03-12,3,2,Pasta Alfredo,42,14.0
2024-03-12,3,3,Lasagna Bolognese,31,16.0
2024-03-12,3,4,Bruschetta,33,8.0
2024-03-12,3,5,Tiramisu,38,7.0
2024-03-12,3,6,Caesar Salad,25,10.0
2024-03-12,3,7,Minestrone Soup,32,9.0
2024-03-12,4,1,Margherita Pizza,45,12.0
2024-03-12,4,2,Pasta Alfredo,46,14.0
2024-03-12,4,3,Lasagna Bolognese,26,16.0
2024-03-12,4,4,Bruschetta,32,8.0
2024-03-12,4,5,Tiramisu,43,7.0
2024-03-12,4,6,Caesar Salad,32,10.0
2024-03-12,4,7,Minestrone Soup,38,9.0
2024-03-12,5,1,Margherita Pizza,37,12.0
2024-03-12,5,2,Pasta Alfredo,43,14.0
2024-03-12,5,3,Lasagna Bolognese,32,16.0
2024-03-12,5,4,Bruschetta,38,8.0
2024-03-12,5,5,Tiramisu,37,7.0
2024-03-12,5,6,Caesar Salad,31,10.0
2024-03-12,5,7,Minestrone Soup,35,9.0
2024-03-13,1,1,Margherita Pizza,31,12.0
2024-03-13,1,2,Pasta Alfredo,45,14.0
2024-03-13,1,3,Lasagna Bolognese,27,16.0
2024-03-13,1,4,Bruschetta,30,8.0
2024-03-13,1,5,Tiramisu,39,7.0
2024-03-13,1,6,Caesar Salad,27,10.0
2024-03-13,1,7,Minestrone Soup,32,9.0
2024-03-13,2,1,Margherita Pizza,34,12.0
2024-03-13,2,2,Pasta Alfredo,44,14.0
2024-03-13,2,3,Lasagna Bolognese,24,16.0
2024-03-13,2,4,Bruschetta,34,8.0
2024-03-13,2,5,Tiramisu,35,7.0
2024-03-13,2,6,Caesar Salad,29,10.0
2024-03-13,2,7,Minestrone Soup,30,9.0
2024-03-13,3,1,Margherita Pizza,33,12.0
2024-03-13,3,2,Pasta Alfredo,39,14.0
2024-03-13,3,3,Lasagna Bolognese,31,16.0
2024-03-13,3,4,Bruschetta,37,8.0
2024-03-13,3,5,Tiramisu,36,7.0
2024-03-13,3,6,Caesar Salad,29,10.0
2024-03-13,3,7,Minestrone Soup,32,9.0
2024-03-13,4,1,Margherita Pizza,32,12.0
2024-03-13,4,2,Pasta Alfredo,41,14.0
2024-03-13,4,3,Lasagna Bolognese,29,16.0
2024-03-13,4,4,Bruschetta,43,8.0
2024-03-13,4,5,Tiramisu,43,7.0
2024-03-13,4,6,Caesar Salad,26,10.0
2024-03-13,4,7,Minestrone Soup,34,9.0
2024-03-13,5,1,Margherita Pizza,41,12.0
2024-03-13,5,2,Pasta Alfredo,50,14.0
2024-03-13,5,3,Lasagna Bolognese,26,16.0
2024-03-13,5,4,Bruschetta,32,8.0
2024-03-13,5,5,Tiramisu,49,7.0
2024-03-13,5,6,Caesar Salad,32,10.0
2024-03-13,5,7,Minestrone Soup,35,9.0
2024-03-14,1,1,Margherita Pizza,33,12.0
2024-03-14,1,2,Pasta Alfredo,28,14.0
2024-03-14,1,3,Lasagna Bolognese,26,16.0
2024-03-14,1,4,Bruschetta,32,8.0
2024-03-14,1,5,Tiramisu,39,7.0
2024-03-14,1,6,Caesar Salad,23,10.0
2024-03-14,1,7,Minestrone Soup,31,9.0
2024-03-14,2,1,Margherita Pizza,30,12.0
2024-03-14,2,2,Pasta Alfredo,39,14.0
2024-03-14,2,3,Lasagna Bolognese,24,16.0
2024-03-14,2,4,Bruschetta,31,8.0
2024-03-14,2,5,Tiramisu,35,7.0
2024-03-14,2,6,Caesar Salad,29,10.0
2024-03-14,2,7,Minestrone Soup,35,9.0
2024-03-14,3,1,Margherita Pizza,34,12.0
2024-03-14,3,2,Pasta Alfredo,40,14.0
2024-03-14,3,3,Lasagna Bolognese,24,16.0
2024-03-14,3,4,Bruschetta,33,8.0
2024-03-14,3,5,Tiramisu,40,7.0
2024-03-14,3,6,Caesar Salad,36,10.0
2024-03-14,3,7,Minestrone Soup,31,9.0
2024-03-14,4,1,Margherita Pizza,40,12.0
2024-03-14,4,2,Pasta Alfredo,45,14.0
2024-03-14,4,3,Lasagna Bolognese,31,16.0
2024-03-14,4,4,Bruschetta,41,8.0
2024-03-14,4,5,Tiramisu,43,7.0
2024-03-14,4,6,Caesar Salad,31,10.0
2024-03-14,4,7,Minestrone Soup,36,9.0
2024-03-14,5,1,Margherita Pizza,41,12.0
2024-03-14,5,2,Pasta Alfredo,47,14.0
2024-03-14,5,3,Lasagna Bolognese,29,16.0
2024-03-14,5,4,Bruschetta,34,8.0
2024-03-14,5,5,Tiramisu,43,7.0
2024-03-14,5,6,Caesar Salad,29,10.0
2024-03-14,5,7,Minestrone Soup,37,9.0
2024-03-15,1,1,Margherita Pizza,46,12.0
2024-03-15,1,2,Pasta Alfredo,47,14.0
2024-03-15,1,3,Lasagna Bolognese,35,16.0
2024-03-15,1,4,Bruschetta,42,8.0
2024-03-15,1,5,Tiramisu,51,7.0
2024-03-15,1,6,Caesar Salad,28,10.0
2024-03-15,1,7,Minestrone Soup,40,9.0
2024-03-15,2,1,Margherita Pizza,45,12.0
2024-03-15,2,2,Pasta Alfredo,55,14.0
2024-03-15,2,3,Lasagna Bolognese,35,16.0
2024-03-15,2,4,Bruschetta,38,8.0
2024-03-15,2,5,Tiramisu,53,7.0
2024-03-15,2,6,Caesar Salad,35,10.0
2024-03-15,2,7,Minestrone Soup,40,9.0
2024-03-15,3,1,Margherita Pizza,44,12.0
2024-03-15,3,2,Pasta Alfredo,53,14.0
2024-03-15,3,3,Lasagna Bolognese,37,16.0
2024-03-15,3,4,Bruschetta,40,8.0
2024-03-15,3,5,Tiramisu,57,7.0
2024-03-15,3,6,Caesar Salad,42,10.0
2024-03-15,3,7,Minestrone Soup,48,9.0
2024-03-15,4,1,Margherita Pizza,45,12.0
2024-03-15,4,2,Pasta Alfredo,56,14.0
2024-03-15,4,3,Lasagna Bolognese,40,16.0
2024-03-15,4,4,Bruschetta,50,8.0
2024-03-15,4,5,Tiramisu,58,7.0
2024-03-15,4,6,Caesar Salad,38,10.0
2024-03-15,4,7,Minestrone Soup,49,9.0
2024-03-15,5,1,Margherita Pizza,52,12.0
2024-03-15,5,2,Pasta Alfredo,63,14.0
2024-03-15,5,3,Lasagna Bolognese,44,16.0
2024-03-15,5,4,Bruschetta,53,8.0
2024-03-15,5,5,Tiramisu,59,7.0
2024-03-15,5,6,Caesar Salad,46,10.0
2024-03-15,5,7,Minestrone Soup,52,9.0
2024-03-16,1,1,Margherita Pizza,39,12.0
2024-03-16,1,2,Pasta Alfredo,53,14.0
2024-03-16,1,3,Lasagna Bolognese,37,16.0
2024-03-16,1,4,Bruschetta,40,8.0
2024-03-16,1,5,Tiramisu,47,7.0
2024-03-16,1,6,Caesar Salad,36,10.0
2024-03-16,1,7,Minestrone Soup,43,9.0
2024-03-16,2,1,Margherita Pizza,45,12.0
2024-03-16,2,2,Pasta Alfredo,52,14.0
2024-03-16,2,3,Lasagna Bolognese,42,16.0
2024-03-16,2,4,Bruschetta,47,8.0
2024-03-16,2,5,Tiramisu,52,7.0
2024-03-16,2,6,Caesar Salad,39,10.0
2024-03-16,2,7,Minestrone Soup,41,9.0
2024-03-16,3,1,Margherita Pizza,47,12.0
2024-03-16,3,2,Pasta Alfredo,59,14.0
2024-03-16,3,3,Lasagna Bolognese,38,16.0
2024-03-16,3,4,Bruschetta,44,8.0
2024-03-16,3,5,Tiramisu,52,7.0
2024-03-16,3,6,Caesar Salad,35,10.0
2024-03-16,3,7,Minestrone Soup,44,9.0
2024-03-16,4,1,Margherita Pizza,47,12.0
2024-03-16,4,2,Pasta Alfredo,52,14.0
2024-03-16,4,3,Lasagna Bolognese,40,16.0
2024-03-16,4,4,Bruschetta,51,8.0
2024-03-16,4,5,Tiramisu,54,7.0
2024-03-16,4,6,Caesar Salad,45,10.0
2024-03-16,4,7,Minestrone Soup,50,9.0
2024-03-16,5,1,Margherita Pizza,54,12.0
2024-03-16,5,2,Pasta Alfredo,57,14.0
2024-03-16,5,3,Lasagna Bolognese,45,16.0
2024-03-16,5,4,Bruschetta,47,8.0
2024-03-16,5,5,Tiramisu,62,7.0
2024-03-16,5,6,Caesar Salad,43,10.0
2024-03-16,5,7,Minestrone Soup,52,9.0
2024-03-17,1,1,Margherita Pizza,32,12.0
2024-03-17,1,2,Pasta Alfredo,39,14.0
2024-03-17,1,3,Lasagna Bolognese,31,16.0
2024-03-17,1,4,Bruschetta,33,8.0
2024-03-17,1,5,Tiramisu,43,7.0
2024-03-17,1,6,Caesar Salad,26,10.0
2024-03-17,1,7,Minestrone Soup,38,9.0
2024-03-17,2,1,Margherita Pizza,34,12.0
2024-03-17,2,2,Pasta Alfredo,45,14.0
2024-03-17,2,3,Lasagna Bolognese,33,16.0
2024-03-17,2,4,Bruschetta,35,8.0
2024-03-17,2,5,Tiramisu,45,7.0
2024-03-17,2,6,Caesar Salad,32,10.0
2024-03-17,2,7,Minestrone Soup,36,9.0
2024-03-17,3,1,Margherita Pizza,36,12.0
2024-03-17,3,2,Pasta Alfredo,40,14.0
2024-03-17,3,3,Lasagna Bolognese,34,16.0
2024-03-17,3,4,Bruschetta,35,8.0
2024-03-17,3,5,Tiramisu,46,7.0
2024-03-17,3,6,Caesar Salad,32,10.0
2024-03-17,3,7,Minestrone Soup,41,9.0
2024-03-17,4,1,Margherita Pizza,40,12.0
2024-03-17,4,2,Pasta Alfredo,47,14.0
2024-03-17,4,3,Lasagna Bolognese,37,16.0
2024-03-17,4,4,Bruschetta,42,8.0
2024-03-17,4,5,Tiramisu,49,7.0
2024-03-17,4,6,Caesar Salad,36,10.0
2024-03-17,4,7,Minestrone Soup,37,9.0
2024-03-17,5,1,Margherita Pizza,45,12.0
2024-03-17,5,2,Pasta Alfredo,52,14.0
2024-03-17,5,3,Lasagna Bolognese,33,16.0
2024-03-17,5,4,Bruschetta,42,8.0
2024-03-17,5,5,Tiramisu,50,7.0
2024-03-17,5,6,Caesar Salad,36,10.0
2024-03-17,5,7,Minestrone Soup,44,9.0
2024-03-18,1,1,Margherita Pizza,31,12.0
2024-03-18,1,2,Pasta Alfredo,34,14.0
2024-03-18,1,3,Lasagna Bolognese,18,16.0
2024-03-18,1,4,Bruschetta,28,8.0
2024-03-18,1,5,Tiramisu,35,7.0
2024-03-18,1,6,Caesar Salad,23,10.0
2024-03-18,1,7,Minestrone Soup,30,9.0
2024-03-18,2,1,Margherita Pizza,34,12.0
2024-03-18,2,2,Pasta Alfredo,35,14.0
2024-03-18,2,3,Lasagna Bolognese,24,16.0
2024-03-18,2,4,Bruschetta,31,8.0
2024-03-18,2,5,Tiramisu,33,7.0
2024-03-18,2,6,Caesar Salad,23,10.0
2024-03-18,2,7,Minestrone Soup,27,9.0
2024-03-18,3,1,Margherita Pizza,34,12.0
2024-03-18,3,2,Pasta Alfredo,31,14.0
2024-03-18,3,3,Lasagna Bolognese,29,16.0
2024-03-18,3,4,Bruschetta,31,8.0
2024-03-18,3,5,Tiramisu,30,7.0
2024-03-18,3,6,Caesar Salad,25,10.0
2024-03-18,3,7,Minestrone Soup,23,9.0
2024-03-18,4,1,Margherita Pizza,32,12.0
2024-03-18,4,2,Pasta Alfredo,38,14.0
2024-03-18,4,3,Lasagna Bolognese,24,16.0
2024-03-18,4,4,Bruschetta,31,8.0
2024-03-18,4,5,Tiramisu,41,7.0
2024-03-18,4,6,Caesar Salad,24,10.0
2024-03-18,4,7,Minestrone Soup,27,9.0
2024-03-18,5,1,Margherita Pizza,36,12.0
2024-03-18,5,2,Pasta Alfredo,43,14.0
2024-03-18,5,3,Lasagna Bolognese,27,16.0
2024-03-18,5,4,Bruschetta,35,8.0
2024-03-18,5,5,Tiramisu,41,7.0
2024-03-18,5,6,Caesar Salad,24,10.0
2024-03-18,5,7,Minestrone Soup,30,9.0
2024-03-19,1,1,Margherita Pizza,35,12.0
2024-03-19,1,2,Pasta Alfredo,41,14.0
2024-03-19,1,3,Lasagna Bolognese,27,16.0
2024-03-19,1,4,Bruschetta,28,8.0
2024-03-19,1,5,Tiramisu,42,7.0
2024-03-19,1,6,Caesar Salad,24,10.0
2024-03-19,1,7,Minestrone Soup,30,9.0
2024-03-19,2,1,Margherita Pizza,34,12.0
2024-03-19,2,2,Pasta Alfredo,43,14.0
2024-03-19,2,3,Lasagna Bolognese,30,16.0
2024-03-19,2,4,Bruschetta,34,8.0
2024-03-19,2,5,Tiramisu,39,7.0
2024-03-19,2,6,Caesar Salad,27,10.0
2024-03-19,2,7,Minestrone Soup,34,9.0
2024-03-19,3,1,Margherita Pizza,27,12.0
2024-03-19,3,2,Pasta Alfredo,39,14.0
2024-03-19,3,3,Lasagna Bolognese,29,16.0
2024-03-19,3,4,Bruschetta,31,8.0
2024-03-19,3,5,Tiramisu,41,7.0
2024-03-19,3,6,Caesar Salad,28,10.0
2024-03-19,3,7,Minestrone Soup,39,9.0
2024-03-19,4,1,Margherita Pizza,41,12.0
2024-03-19,4,2,Pasta Alfredo,40,14.0
2024-03-19,4,3,Lasagna Bolognese,29,16.0
2024-03-19,4,4,Bruschetta,36,8.0
2024-03-19,4,5,Tiramisu,40,7.0
2024-03-19,4,6,Caesar Salad,30,10.0
2024-03-19,4,7,Minestrone Soup,34,9.0
2024-03-19,5,1,Margherita Pizza,34,12.0
2024-03-19,5,2,Pasta Alfredo,46,14.0
2024-03-19,5,3,Lasagna Bolognese,33,16.0
2024-03-19,5,4,Bruschetta,35,8.0
2024-03-19,5,5,Tiramisu,46,7.0
2024-03-19,5,6,Caesar Salad,29,10.0
2024-03-19,5,7,Minestrone Soup,38,9.0
2024-03-20,1,1,Margherita Pizza,33,12.0
2024-03-20,1,2,Pasta Alfredo,36,14.0
2024-03-20,1,3,Lasagna Bolognese,27,16.0
2024-03-20,1,4,Bruschetta,29,8.0
2024-03-20,1,5,Tiramisu,36,7.0
2024-03-20,1,6,Caesar Salad,25,10.0
2024-03-20,1,7,Minestrone Soup,29,9.0
2024-03-20,2,1,Margherita Pizza,32,12.0
2024-03-20,2,2,Pasta Alfredo,33,14.0
2024-03-20,2,3,Lasagna Bolognese,26,16.0
2024-03-20,2,4,Bruschetta,32,8.0
2024-03-20,2,5,Tiramisu,37,7.0
2024-03-20,2,6,Caesar Salad,26,10.0
2024-03-20,2,7,Minestrone Soup,32,9.0
2024-03-20,3,1,Margherita Pizza,36,12.0
2024-03-20,3,2,Pasta Alfredo,43,14.0
2024-03-20,3,3,Lasagna Bolognese,27,16.0
2024-03-20,3,4,Bruschetta,31,8.0
2024-03-20,3,5,Tiramisu,37,7.0
2024-03-20,3,6,Caesar Salad,27,10.0
2024-03-20,3,7,Minestrone Soup,33,9.0
2024-03-20,4,1,Margherita Pizza,34,12.0
2024-03-20,4,2,Pasta Alfredo,38,14.0
2024-03-20,4,3,Lasagna Bolognese,29,16.0
2024-03-20,4,4,Bruschetta,36,8.0
2024-03-20,4,5,Tiramisu,44,7.0
2024-03-20,4,6,Caesar Salad,28,10.0
2024-03-20,4,7,Minestrone Soup,35,9.0
2024-03-20,5,1,Margherita Pizza,35,12.0
2024-03-20,5,2,Pasta Alfredo,44,14.0
2024-03-20,5,3,Lasagna Bolognese,29,16.0
2024-03-20,5,4,Bruschetta,39,8.0
2024-03-20,5,5,Tiramisu,38,7.0
2024-03-20,5,6,Caesar Salad,30,10.0
2024-03-20,5,7,Minestrone Soup,38,9.0
2024-03-21,1,1,Margherita Pizza,32,12.0
2024-03-21,1,2,Pasta Alfredo,44,14.0
2024-03-21,1,3,Lasagna Bolognese,27,16.0
2024-03-21,1,4,Bruschetta,28,8.0
2024-03-21,1,5,Tiramisu,36,7.0
2024-03-21,1,6,Caesar Salad,20,10.0
2024-03-21,1,7,Minestrone Soup,31,9.0
2024-03-21,2,1,Margherita Pizza,30,12.0
2024-03-21,2,2,Pasta Alfredo,41,14.0
2024-03-21,2,3,Lasagna Bolognese,26,16.0
2024-03-21,2,4,Bruschetta,32,8.0
2024-03-21,2,5,Tiramisu,36,7.0
2024-03-21,2,6,Caesar Salad,32,10.0
2024-03-21,2,7,Minestrone Soup,32,9.0
2024-03-21,3,1,Margherita Pizza,40,12.0
2024-03-21,3,2,Pasta Alfredo,42,14.0
2024-03-21,3,3,Lasagna Bolognese,30,16.0
2024-03-21,3,4,Bruschetta,35,8.0
2024-03-21,3,5,Tiramisu,41,7.0
2024-03-21,3,6,Caesar Salad,23,10.0
2024-03-21,3,7,Minestrone Soup,33,9.0
2024-03-21,4,1,Margherita Pizza,38,12.0
2024-03-21,4,2,Pasta Alfredo,42,14.0
2024-03-21,4,3,Lasagna Bolognese,26,16.0
2024-03-21,4,4,Bruschetta,36,8.0
2024-03-21,4,5,Tiramisu,47,7.0
2024-03-21,4,6,Caesar Salad,34,10.0
2024-03-21,4,7,Minestrone Soup,36,9.0
2024-03-21,5,1,Margherita Pizza,40,12.0
2024-03-21,5,2,Pasta Alfredo,43,14.0
2024-03-21,5,3,Lasagna Bolognese,26,16.0
2024-03-21,5,4,Bruschetta,35,8.0
2024-03-21,5,5,Tiramisu,48,7.0
2024-03-21,5,6,Caesar Salad,30,10.0
2024-03-21,5,7,Minestrone Soup,37,9.0
2024-03-22,1,1,Margherita Pizza,41,12.0
2024-03-22,1,2,Pasta Alfredo,54,14.0
2024-03-22,1,3,Lasagna Bolognese,40,16.0
2024-03-22,1,4,Bruschetta,48,8.0
2024-03-22,1,5,Tiramisu,48,7.0
2024-03-22,1,6,Caesar Salad,36,10.0
2024-03-22,1,7,Minestrone Soup,37,9.0
2024-03-22,2,1,Margherita Pizza,48,12.0
2024-03-22,2,2,Pasta Alfredo,48,14.0
2024-03-22,2,3,Lasagna Bolognese,37,16.0
2024-03-22,2,4,Bruschetta,41,8.0
2024-03-22,2,5,Tiramisu,50,7.0
2024-03-22,2,6,Caesar Salad,34,10.0
2024-03-22,2,7,Minestrone Soup,42,9.0
2024-03-22,3,1,Margherita Pizza,45,12.0
2024-03-22,3,2,Pasta Alfredo,52,14.0
2024-03-22,3,3,Lasagna Bolognese,41,16.0
2024-03-22,3,4,Bruschetta,43,8.0
2024-03-22,3,5,Tiramisu,55,7.0
2024-03-22,3,6,Caesar Salad,42,10.0
2024-03-22,3,7,Minestrone Soup,45,9.0
2024-03-22,4,1,Margherita Pizza,46,12.0
2024-03-22,4,2,Pasta Alfredo,56,14.0
2024-03-22,4,3,Lasagna Bolognese,44,16.0
2024-03-22,4,4,Bruschetta,49,8.0
2024-03-22,4,5,Tiramisu,55,7.0
2024-03-22,4,6,Caesar Salad,42,10.0
2024-03-22,4,7,Minestrone Soup,45,9.0
2024-03-22,5,1,Margherita Pizza,53,12.0
2024-03-22,5,2,Pasta Alfredo,60,14.0
2024-03-22,5,3,Lasagna Bolognese,41,16.0
2024-03-22,5,4,Bruschetta,48,8.0
2024-03-22,5,5,Tiramisu,56,7.0
2024-03-22,5,6,Caesar Salad,44,10.0
2024-03-22,5,7,Minestrone Soup,54,9.0
2024-03-23,1,1,Margherita Pizza,40,12.0
2024-03-23,1,2,Pasta Alfredo,50,14.0
2024-03-23,1,3,Lasagna Bolognese,29,16.0
2024-03-23,1,4,Bruschetta,40,8.0
2024-03-23,1,5,Tiramisu,49,7.0
2024-03-23,1,6,Caesar Salad,32,10.0
2024-03-23,1,7,Minestrone Soup,39,9.0
2024-03-23,2,1,Margherita Pizza,42,12.0
2024-03-23,2,2,Pasta Alfredo,52,14.0
2024-03-23,2,3,Lasagna Bolognese,36,16.0
2024-03-23,2,4,Bruschetta,37,8.0
2024-03-23,2,5,Tiramisu,45,7.0
2024-03-23,2,6,Caesar Salad,35,10.0
2024-03-23,2,7,Minestrone Soup,45,9.0
2024-03-23,3,1,Margherita Pizza,38,12.0
2024-03-23,3,2,Pasta Alfredo,52,14.0
2024-03-23,3,3,Lasagna Bolognese,37,16.0
2024-03-23,3,4,Bruschetta,50,8.0
2024-03-23,3,5,Tiramisu,53,7.0
2024-03-23,3,6,Caesar Salad,40,10.0
2024-03-23,3,7,Minestrone Soup,47,9.0
2024-03-23,4,1,Margherita Pizza,42,12.0
2024-03-23,4,2,Pasta Alfredo,59,14.0
2024-03-23,4,3,Lasagna Bolognese,41,16.0
2024-03-23,4,4,Bruschetta,50,8.0
2024-03-23,4,5,Tiramisu,68,7.0
2024-03-23,4,6,Caesar Salad,34,10.0
2024-03-23,4,7,Minestrone Soup,54,9.0
2024-03-23,5,1,Margherita Pizza,50,12.0
2024-03-23,5,2,Pasta Alfredo,60,14.0
2024-03-23,5,3,Lasagna Bolognese,42,16.0
2024-03-23,5,4,Bruschetta,49,8.0
2024-03-23,5,5,Tiramisu,57,7.0
2024-03-23,5,6,Caesar Salad,43,10.0
2024-03-23,5,7,Minestrone Soup,46,9.0
2024-03-24,1,1,Margherita Pizza,38,12.0
2024-03-24,1,2,Pasta Alfredo,40,14.0
2024-03-24,1,3,Lasagna Bolognese,26,16.0
2024-03-24,1,4,Bruschetta,34,8.0
2024-03-24,1,5,Tiramisu,45,7.0
2024-03-24,1,6,Caesar Salad,28,10.0
2024-03-24,1,7,Minestrone Soup,37,9.0
2024-03-24,2,1,Margherita Pizza,35,12.0
2024-03-24,2,2,Pasta Alfredo,46,14.0
2024-03-24,2,3,Lasagna Bolognese,33,16.0
2024-03-24,2,4,Bruschetta,43,8.0
2024-03-24,2,5,Tiramisu,43,7.0
2024-03-24,2,6,Caesar Salad,33,10.0
2024-03-24,2,7,Minestrone Soup,38,9.0
2024-03-24,3,1,Margherita Pizza,43,12.0
2024-03-24,3,2,Pasta Alfredo,44,14.0
2024-03-24,3,3,Lasagna Bolognese,35,16.0
2024-03-24,3,4,Bruschetta,39,8.0
2024-03-24,3,5,Tiramisu,46,7.0
2024-03-24,3,6,Caesar Salad,33,10.0
2024-03-24,3,7,Minestrone Soup,40,9.0
2024-03-24,4,1,Margherita Pizza,41,12.0
2024-03-24,4,2,Pasta Alfredo,49,14.0
2024-03-24,4,3,Lasagna Bolognese,39,16.0
2024-03-24,4,4,Bruschetta,44,8.0
2024-03-24,4,5,Tiramisu,51,7.0
2024-03-24,4,6,Caesar Salad,33,10.0
2024-03-24,4,7,Minestrone Soup,39,9.0
2024-03-24,5,1,Margherita Pizza,46,12.0
2024-03-24,5,2,Pasta Alfredo,53,14.0
2024-03-24,5,3,Lasagna Bolognese,40,16.0
2024-03-24,5,4,Bruschetta,41,8.0
2024-03-24,5,5,Tiramisu,50,7.0
2024-03-24,5,6,Caesar Salad,31,10.0
2024-03-24,5,7,Minestrone Soup,42,9.0
2024-03-25,1,1,Margherita Pizza,29,12.0
2024-03-25,1,2,Pasta Alfredo,29,14.0
2024-03-25,1,3,Lasagna Bolognese,24,16.0
2024-03-25,1,4,Bruschetta,26,8.0
2024-03-25,1,5,Tiramisu,32,7.0
2024-03-25,1,6,Caesar Salad,18,10.0
2024-03-25,1,7,Minestrone Soup,27,9.0
2024-03-25,2,1,Margherita Pizza,19,12.0
2024-03-25,2,2,Pasta Alfredo,32,14.0
2024-03-25,2,3,Lasagna Bolognese,18,16.0
2024-03-25,2,4,Bruschetta,31,8.0
2024-03-25,2,5,Tiramisu,35,7.0
2024-03-25,2,6,Caesar Salad,24,10.0
2024-03-25,2,7,Minestrone Soup,32,9.0
2024-03-25,3,1,Margherita Pizza,26,12.0
2024-03-25,3,2,Pasta Alfredo,39,14.0
2024-03-25,3,3,Lasagna Bolognese,27,16.0
2024-03-25,3,4,Bruschetta,28,8.0
2024-03-25,3,5,Tiramisu,37,7.0
2024-03-25,3,6,Caesar Salad,21,10.0
2024-03-25,3,7,Minestrone Soup,27,9.0
2024-03-25,4,1,Margherita Pizza,29,12.0
2024-03-25,4,2,Pasta Alfredo,34,14.0
2024-03-25,4,3,Lasagna Bolognese,22,16.0
2024-03-25,4,4,Bruschetta,34,8.0
2024-03-25,4,5,Tiramisu,35,7.0
2024-03-25,4,6,Caesar Salad,26,10.0
2024-03-25,4,7,Minestrone Soup,29,9.0
2024-03-25,5,1,Margherita Pizza,26,12.0
2024-03-25,5,2,Pasta Alfredo,38,14.0
2024-03-25,5,3,Lasagna Bolognese,21,16.0
2024-03-25,5,4,Bruschetta,32,8.0
2024-03-25,5,5,Tiramisu,33,7.0
2024-03-25,5,6,Caesar Salad,33,10.0
2024-03-25,5,7,Minestrone Soup,35,9.0
2024-03-26,1,1,Margherita Pizza,31,12.0
2024-03-26,1,2,Pasta Alfredo,40,14.0
2024-03-26,1,3,Lasagna Bolognese,23,16.0
2024-03-26,1,4,Bruschetta,33,8.0
2024-03-26,1,5,Tiramisu,37,7.0
2024-03-26,1,6,Caesar Salad,27,10.0
2024-03-26,1,7,Minestrone Soup,35,9.0
2024-03-26,2,1,Margherita Pizza,35,12.0
2024-03-26,2,2,Pasta Alfredo,39,14.0
2024-03-26,2,3,Lasagna Bolognese,22,16.0
2024-03-26,2,4,Bruschetta,30,8.0
2024-03-26,2,5,Tiramisu,38,7.0
2024-03-26,2,6,Caesar Salad,27,10.0
2024-03-26,2,7,Minestrone Soup,29,9.0
2024-03-26,3,1,Margherita Pizza,41,12.0
2024-03-26,3,2,Pasta Alfredo,44,14.0
2024-03-26,3,3,Lasagna Bolognese,30,16.0
2024-03-26,3,4,Bruschetta,34,8.0
2024-03-26,3,5,Tiramisu,39,7.0
2024-03-26,3,6,Caesar Salad,26,10.0
2024-03-26,3,7,Minestrone Soup,34,9.0
2024-03-26,4,1,Margherita Pizza,37,12.0
2024-03-26,4,2,Pasta Alfredo,38,14.0
2024-03-26,4,3,Lasagna Bolognese,31,16.0
2024-03-26,4,4,Bruschetta,35,8.0
2024-03-26,4,5,Tiramisu,36,7.0
2024-03-26,4,6,Caesar Salad,27,10.0
2024-03-26,4,7,Minestrone Soup,35,9.0
2024-03-26,5,1,Margherita Pizza,43,12.0
2024-03-26,5,2,Pasta Alfredo,45,14.0
2024-03-26,5,3,Lasagna Bolognese,27,16.0
2024-03-26,5,4,Bruschetta,39,8.0
2024-03-26,5,5,Tiramisu,39,7.0
2024-03-26,5,6,Caesar Salad,34,10.0
2024-03-26,5,7,Minestrone Soup,36,9.0
2024-03-27,1,1,Margherita Pizza,31,12.0
2024-03-27,1,2,Pasta Alfredo,40,14.0
2024-03-27,1,3,Lasagna Bolognese,22,16.0
2024-03-27,1,4,Bruschetta,27,8.0
2024-03-27,1,5,Tiramisu,34,7.0
2024-03-27,1,6,Caesar Salad,29,10.0
2024-03-27,1,7,Minestrone Soup,26,9.0
2024-03-27,2,1,Margherita Pizza,24,12.0
2024-03-27,2,2,Pasta Alfredo,37,14.0
2024-03-27,2,3,Lasagna Bolognese,29,16.0
2024-03-27,2,4,Bruschetta,36,8.0
2024-03-27,2,5,Tiramisu,37,7.0
2024-03-27,2,6,Caesar Salad,26,10.0
2024-03-27,2,7,Minestrone Soup,36,9.0
2024-03-27,3,1,Margherita Pizza,29,12.0
2024-03-27,3,2,Pasta Alfredo,39,14.0
2024-03-27,3,3,Lasagna Bolognese,29,16.0
2024-03-27,3,4,Bruschetta,36,8.0
2024-03-27,3,5,Tiramisu,38,7.0
2024-03-27,3,6,Caesar Salad,29,10.0
2024-03-27,3,7,Minestrone Soup,27,9.0
2024-03-27,4,1,Margherita Pizza,34,12.0
2024-03-27,4,2,Pasta Alfredo,43,14.0
2024-03-27,4,3,Lasagna Bolognese,27,16.0
2024-03-27,4,4,Bruschetta,36,8.0
2024-03-27,4,5,Tiramisu,43,7.0
2024-03-27,4,6,Caesar Salad,29,10.0
2024-03-27,4,7,Minestrone Soup,36,9.0
2024-03-27,5,1,Margherita Pizza,35,12.0
2024-03-27,5,2,Pasta Alfredo,43,14.0
2024-03-27,5,3,Lasagna Bolognese,33,16.0
2024-03-27,5,4,Bruschetta,38,8.0
2024-03-27,5,5,Tiramisu,42,7.0
2024-03-27,5,6,Caesar Salad,32,10.0
2024-03-27,5,7,Minestrone Soup,40,9.0
2024-03-28,1,1,Margherita Pizza,25,12.0
2024-03-28,1,2,Pasta Alfredo,40,14.0
2024-03-28,1,3,Lasagna Bolognese,25,16.0
2024-03-28,1,4,Bruschetta,32,8.0
2024-03-28,1,5,Tiramisu,40,7.0
2024-03-28,1,6,Caesar Salad,22,10.0
2024-03-28,1,7,Minestrone Soup,29,9.0
2024-03-28,2,1,Margherita Pizza,32,12.0
2024-03-28,2,2,Pasta Alfredo,36,14.0
2024-03-28,2,3,Lasagna Bolognese,32,16.0
2024-03-28,2,4,Bruschetta,30,8.0
2024-03-28,2,5,Tiramisu,36,7.0
2024-03-28,2,6,Caesar Salad,28,10.0
2024-03-28,2,7,Minestrone Soup,29,9.0
2024-03-28,3,1,Margherita Pizza,33,12.0
2024-03-28,3,2,Pasta Alfredo,41,14.0
2024-03-28,3,3,Lasagna Bolognese,28,16.0
2024-03-28,3,4,Bruschetta,34,8.0
2024-03-28,3,5,Tiramisu,38,7.0
2024-03-28,3,6,Caesar Salad,24,10.0
2024-03-28,3,7,Minestrone Soup,35,9.0
2024-03-28,4,1,Margherita Pizza,41,12.0
2024-03-28,4,2,Pasta Alfredo,42,14.0
2024-03-28,4,3,Lasagna Bolognese,31,16.0
2024-03-28,4,4,Bruschetta,38,8.0
2024-03-28,4,5,Tiramisu,38,7.0
2024-03-28,4,6,Caesar Salad,35,10.0
2024-03-28,4,7,Minestrone Soup,36,9.0
2024-03-28,5,1,Margherita Pizza,42,12.0
2024-03-28,5,2,Pasta Alfredo,42,14.0
2024-03-28,5,3,Lasagna Bolognese,37,16.0
2024-03-28,5,4,Bruschetta,40,8.0
2024-03-28,5,5,Tiramisu,45,7.0
2024-03-28,5,6,Caesar Salad,32,10.0
2024-03-28,5,7,Minestrone Soup,37,9.0
2024-03-29,1,1,Margherita Pizza,45,12.0
2024-03-29,1,2,Pasta Alfredo,49,14.0
2024-03-29,1,3,Lasagna Bolognese,29,16.0
2024-03-29,1,4,Bruschetta,38,8.0
2024-03-29,1,5,Tiramisu,48,7.0
2024-03-29,1,6,Caesar Salad,36,10.0
2024-03-29,1,7,Minestrone Soup,42,9.0
2024-03-29,2,1,Margherita Pizza,48,12.0
2024-03-29,2,2,Pasta Alfredo,45,14.0
2024-03-29,2,3,Lasagna Bolognese,37,16.0
2024-03-29,2,4,Bruschetta,39,8.0
2024-03-29,2,5,Tiramisu,54,7.0
2024-03-29,2,6,Caesar Salad,36,10.0
2024-03-29,2,7,Minestrone Soup,45,9.0
2024-03-29,3,1,Margherita Pizza,44,12.0
2024-03-29,3,2,Pasta Alfredo,58,14.0
2024-03-29,3,3,Lasagna Bolognese,42,16.0
2024-03-29,3,4,Bruschetta,48,8.0
2024-03-29,3,5,Tiramisu,54,7.0
2024-03-29,3,6,Caesar Salad,40,10.0
2024-03-29,3,7,Minestrone Soup,44,9.0
2024-03-29,4,1,Margherita Pizza,51,12.0
2024-03-29,4,2,Pasta Alfredo,61,14.0
2024-03-29,4,3,Lasagna Bolognese,44,16.0
2024-03-29,4,4,Bruschetta,46,8.0
2024-03-29,4,5,Tiramisu,58,7.0
2024-03-29,4,6,Caesar Salad,36,10.0
2024-03-29,4,7,Minestrone Soup,50,9.0
2024-03-29,5,1,Margherita Pizza,52,12.0
2024-03-29,5,2,Pasta Alfredo,53,14.0
2024-03-29,5,3,Lasagna Bolognese,39,16.0
2024-03-29,5,4,Bruschetta,50,8.0
2024-03-29,5,5,Tiramisu,58,7.0
2024-03-29,5,6,Caesar Salad,39,10.0
2024-03-29,5,7,Minestrone Soup,52,9.0
2024-03-30,1,1,Margherita Pizza,43,12.0
2024-03-30,1,2,Pasta Alfredo,48,14.0
2024-03-30,1,3,Lasagna Bolognese,33,16.0
2024-03-30,1,4,Bruschetta,45,8.0
2024-03-30,1,5,Tiramisu,54,7.0
2024-03-30,1,6,Caesar Salad,33,10.0
2024-03-30,1,7,Minestrone Soup,40,9.0
2024-03-30,2,1,Margherita Pizza,45,12.0
2024-03-30,2,2,Pasta Alfredo,50,14.0
2024-03-30,2,3,Lasagna Bolognese,36,16.0
2024-03-30,2,4,Bruschetta,46,8.0
2024-03-30,2,5,Tiramisu,46,7.0
2024-03-30,2,6,Caesar Salad,41,10.0
2024-03-30,2,7,Minestrone Soup,44,9.0
2024-03-30,3,1,Margherita Pizza,45,12.0
2024-03-30,3,2,Pasta Alfredo,54,14.0
2024-03-30,3,3,Lasagna Bolognese,38,16.0
2024-03-30,3,4,Bruschetta,41,8.0
2024-03-30,3,5,Tiramisu,58,7.0
2024-03-30,3,6,Caesar Salad,39,10.0
2024-03-30,3,7,Minestrone Soup,48,9.0
2024-03-30,4,1,Margherita Pizza,51,12.0
2024-03-30,4,2,Pasta Alfredo,53,14.0
2024-03-30,4,3,Lasagna Bolognese,42,16.0
2024-03-30,4,4,Bruschetta,48,8.0
2024-03-30,4,5,Tiramisu,59,7.0
2024-03-30,4,6,Caesar Salad,34,10.0
2024-03-30,4,7,Minestrone Soup,48,9.0
2024-03-30,5,1,Margherita Pizza,49,12.0
2024-03-30,5,2,Pasta Alfredo,60,14.0
2024-03-30,5,3,Lasagna Bolognese,44,16.0
2024-03-30,5,4,Bruschetta,48,8.0
2024-03-30,5,5,Tiramisu,57,7.0
2024-03-30,5,6,Caesar Salad,42,10.0
2024-03-30,5,7,Minestrone Soup,48,9.0
2024-03-31,1,1,Margherita Pizza,38,12.0
2024-03-31,1,2,Pasta Alfredo,40,14.0
2024-03-31,1,3,Lasagna Bolognese,21,16.0
2024-03-31,1,4,Bruschetta,34,8.0
2024-03-31,1,5,Tiramisu,38,7.0
2024-03-31,1,6,Caesar Salad,25,10.0
2024-03-31,1,7,Minestrone Soup,32,9.0
2024-03-31,2,1,Margherita Pizza,38,12.0
2024-03-31,2,2,Pasta Alfredo,48,14.0
2024-03-31,2,3,Lasagna Bolognese,32,16.0
2024-03-31,2,4,Bruschetta,36,8.0
2024-03-31,2,5,Tiramisu,45,7.0
2024-03-31,2,6,Caesar Salad,30,10.0
2024-03-31,2,7,Minestrone Soup,35,9.0
2024-03-31,3,1,Margherita Pizza,36,12.0
2024-03-31,3,2,Pasta Alfredo,41,14.0
2024-03-31,3,3,Lasagna Bolognese,32,16.0
2024-03-31,3,4,Bruschetta,40,8.0
2024-03-31,3,5,Tiramisu,46,7.0
2024-03-31,3,6,Caesar Salad,32,10.0
2024-03-31,3,7,Minestrone Soup,37,9.0
2024-03-31,4,1,Margherita Pizza,43,12.0
2024-03-31,4,2,Pasta Alfredo,44,14.0
2024-03-31,4,3,Lasagna Bolognese,37,16.0
2024-03-31,4,4,Bruschetta,38,8.0
2024-03-31,4,5,Tiramisu,46,7.0
2024-03-31,4,6,Caesar Salad,30,10.0
2024-03-31,4,7,Minestrone Soup,40,9.0
2024-03-31,5,1,Margherita Pizza,46,12.0
2024-03-31,5,2,Pasta Alfredo,52,14.0
2024-03-31,5,3,Lasagna Bolognese,39,16.0
2024-03-31,5,4,Bruschetta,45,8.0
2024-03-31,5,5,Tiramisu,47,7.0
2024-03-31,5,6,Caesar Salad,35,10.0
2024-03-31,5,7,Minestrone Soup,41,9.0
2024-04-01,1,1,Margherita Pizza,31,12.0
2024-04-01,1,2,Pasta Alfredo,27,14.0
2024-04-01,1,3,Lasagna Bolognese,25,16.0
2024-04-01,1,4,Bruschetta,29,8.0
2024-04-01,1,5,Tiramisu,37,7.0
2024-04-01,1,6,Caesar Salad,21,10.0
2024-04-01,1,7,Minestrone Soup,29,9.0
2024-04-01,2,1,Margherita Pizza,35,12.0
2024-04-01,2,2,Pasta Alfredo,31,14.0
2024-04-01,2,3,Lasagna Bolognese,19,16.0
2024-04-01,2,4,Bruschetta,22,8.0
2024-04-01,2,5,Tiramisu,35,7.0
2024-04-01,2,6,Caesar Salad,18,10.0
2024-04-01,2,7,Minestrone Soup,27,9.0
2024-04-01,3,1,Margherita Pizza,31,12.0
2024-04-01,3,2,Pasta Alfredo,35,14.0
2024-04-01,3,3,Lasagna Bolognese,26,16.0
2024-04-01,3,4,Bruschetta,30,8.0
2024-04-01,3,5,Tiramisu,38,7.0
2024-04-01,3,6,Caesar Salad,22,10.0
2024-04-01,3,7,Minestrone Soup,27,9.0
2024-04-01,4,1,Margherita Pizza,29,12.0
2024-04-01,4,2,Pasta Alfredo,38,14.0
2024-04-01,4,3,Lasagna Bolognese,28,16.0
2024-04-01,4,4,Bruschetta,32,8.0
2024-04-01,4,5,Tiramisu,40,7.0
2024-04-01,4,6,Caesar Salad,22,10.0
2024-04-01,4,7,Minestrone Soup,36,9.0
2024-04-01,5,1,Margherita Pizza,37,12.0
2024-04-01,5,2,Pasta Alfredo,40,14.0
2024-04-01,5,3,Lasagna Bolognese,32,16.0
2024-04-01,5,4,Bruschetta,27,8.0
2024-04-01,5,5,Tiramisu,36,7.0
2024-04-01,5,6,Caesar Salad,25,10.0
2024-04-01,5,7,Minestrone Soup,34,9.0
2024-04-02,1,1,Margherita Pizza,28,12.0
2024-04-02,1,2,Pasta Alfredo,39,14.0
2024-04-02,1,3,Lasagna Bolognese,30,16.0
2024-04-02,1,4,Bruschetta,33,8.0
2024-04-02,1,5,Tiramisu,37,7.0
2024-04-02,1,6,Caesar Salad,23,10.0
2024-04-02,1,7,Minestrone Soup,29,9.0
2024-04-02,2,1,Margherita Pizza,37,12.0
2024-04-02,2,2,Pasta Alfredo,41,14.0
2024-04-02,2,3,Lasagna Bolognese,27,16.0
2024-04-02,2,4,Bruschetta,32,8.0
2024-04-02,2,5,Tiramisu,32,7.0
2024-04-02,2,6,Caesar Salad,24,10.0
2024-04-02,2,7,Minestrone Soup,39,9.0
2024-04-02,3,1,Margherita Pizza,31,12.0
2024-04-02,3,2,Pasta Alfredo,41,14.0
2024-04-02,3,3,Lasagna Bolognese,32,16.0
2024-04-02,3,4,Bruschetta,31,8.0
2024-04-02,3,5,Tiramisu,41,7.0
2024-04-02,3,6,Caesar Salad,32,10.0
2024-04-02,3,7,Minestrone Soup,35,9.0
2024-04-02,4,1,Margherita Pizza,45,12.0
2024-04-02,4,2,Pasta Alfredo,37,14.0
2024-04-02,4,3,Lasagna Bolognese,33,16.0
2024-04-02,4,4,Bruschetta,36,8.0
2024-04-02,4,5,Tiramisu,45,7.0
2024-04-02,4,6,Caesar Salad,32,10.0
2024-04-02,4,7,Minestrone Soup,34,9.0
2024-04-02,5,1,Margherita Pizza,39,12.0
2024-04-02,5,2,Pasta Alfredo,39,14.0
2024-04-02,5,3,Lasagna Bolognese,33,16.0
2024-04-02,5,4,Bruschetta,39,8.0
2024-04-02,5,5,Tiramisu,46,7.0
2024-04-02,5,6,Caesar Salad,35,10.0
2024-04-02,5,7,Minestrone Soup,39,9.0
2024-04-03,1,1,Margherita Pizza,32,12.0
2024-04-03,1,2,Pasta Alfredo,34,14.0
2024-04-03,1,3,Lasagna Bolognese,24,16.0
2024-04-03,1,4,Bruschetta,35,8.0
2024-04-03,1,5,Tiramisu,41,7.0
2024-04-03,1,6,Caesar Salad,25,10.0
2024-04-03,1,7,Minestrone Soup,31,9.0
2024-04-03,2,1,Margherita Pizza,30,12.0
2024-04-03,2,2,Pasta Alfredo,42,14.0
2024-04-03,2,3,Lasagna Bolognese,29,16.0
2024-04-03,2,4,Bruschetta,39,8.0
2024-04-03,2,5,Tiramisu,36,7.0
2024-04-03,2,6,Caesar Salad,26,10.0
2024-04-03,2,7,Minestrone Soup,34,9.0
2024-04-03,3,1,Margherita Pizza,37,12.0
2024-04-03,3,2,Pasta Alfredo,40,14.0
2024-04-03,3,3,Lasagna Bolognese,26,16.0
2024-04-03,3,4,Bruschetta,37,8.0
2024-04-03,3,5,Tiramisu,43,7.0
2024-04-03,3,6,Caesar Salad,26,10.0
2024-04-03,3,7,Minestrone Soup,39,9.0
2024-04-03,4,1,Margherita Pizza,40,12.0
2024-04-03,4,2,Pasta Alfredo,43,14.0
2024-04-03,4,3,Lasagna Bolognese,30,16.0
2024-04-03,4,4,Bruschetta,38,8.0
2024-04-03,4,5,Tiramisu,40,7.0
2024-04-03,4,6,Caesar Salad,30,10.0
2024-04-03,4,7,Minestrone Soup,30,9.0
2024-04-03,5,1,Margherita Pizza,41,12.0
2024-04-03,5,2,Pasta Alfredo,40,14.0
2024-04-03,5,3,Lasagna Bolognese,36,16.0
2024-04-03,5,4,Bruschetta,37,8.0
2024-04-03,5,5,Tiramisu,44,7.0
2024-04-03,5,6,Caesar Salad,30,10.0
2024-04-03,5,7,Minestrone Soup,37,9.0
2024-04-04,1,1,Margherita Pizza,36,12.0
2024-04-04,1,2,Pasta Alfredo,29,14.0
2024-04-04,1,3,Lasagna Bolognese,30,16.0
2024-04-04,1,4,Bruschetta,32,8.0
2024-04-04,1,5,Tiramisu,33,7.0
2024-04-04,1,6,Caesar Salad,23,10.0
2024-04-04,1,7,Minestrone Soup,36,9.0
2024-04-04,2,1,Margherita Pizza,30,12.0
2024-04-04,2,2,Pasta Alfredo,35,14.0
2024-04-04,2,3,Lasagna Bolognese,31,16.0
2024-04-04,2,4,Bruschetta,34,8.0
2024-04-04,2,5,Tiramisu,36,7.0
2024-04-04,2,6,Caesar Salad,28,10.0
2024-04-04,2,7,Minestrone Soup,30,9.0
2024-04-04,3,1,Margherita Pizza,38,12.0
2024-04-04,3,2,Pasta Alfredo,44,14.0
2024-04-04,3,3,Lasagna Bolognese,30,16.0
2024-04-04,3,4,Bruschetta,36,8.0
2024-04-04,3,5,Tiramisu,46,7.0
2024-04-04,3,6,Caesar Salad,29,10.0
2024-04-04,3,7,Minestrone Soup,31,9.0
2024-04-04,4,1,Margherita Pizza,38,12.0
2024-04-04,4,2,Pasta Alfredo,49,14.0
2024-04-04,4,3,Lasagna Bolognese,27,16.0
2024-04-04,4,4,Bruschetta,35,8.0
2024-04-04,4,5,Tiramisu,44,7.0
2024-04-04,4,6,Caesar Salad,30,10.0
2024-04-04,4,7,Minestrone Soup,33,9.0
2024-04-04,5,1,Margherita Pizza,41,12.0
2024-04-04,5,2,Pasta Alfredo,51,14.0
2024-04-04,5,3,Lasagna Bolognese,32,16.0
2024-04-04,5,4,Bruschetta,35,8.0
2024-04-04,5,5,Tiramisu,40,7.0
2024-04-04,5,6,Caesar Salad,32,10.0
2024-04-04,5,7,Minestrone Soup,41,9.0
2024-04-05,1,1,Margherita Pizza,44,12.0
2024-04-05,1,2,Pasta Alfredo,49,14.0
2024-04-05,1,3,Lasagna Bolognese,34,16.0
2024-04-05,1,4,Bruschetta,39,8.0
2024-04-05,1,5,Tiramisu,52,7.0
2024-04-05,1,6,Caesar Salad,38,10.0
2024-04-05,1,7,Minestrone Soup,38,9.0
2024-04-05,2,1,Margherita Pizza,49,12.0
2024-04-05,2,2,Pasta Alfredo,54,14.0
2024-04-05,2,3,Lasagna Bolognese,41,16.0
2024-04-05,2,4,Bruschetta,41,8.0
2024-04-05,2,5,Tiramisu,48,7.0
2024-04-05,2,6,Caesar Salad,37,10.0
2024-04-05,2,7,Minestrone Soup,46,9.0
2024-04-05,3,1,Margherita Pizza,52,12.0
2024-04-05,3,2,Pasta Alfredo,57,14.0
2024-04-05,3,3,Lasagna Bolognese,38,16.0
2024-04-05,3,4,Bruschetta,44,8.0
2024-04-05,3,5,Tiramisu,58,7.0
2024-04-05,3,6,Caesar Salad,36,10.0
2024-04-05,3,7,Minestrone Soup,52,9.0
2024-04-05,4,1,Margherita Pizza,48,12.0
2024-04-05,4,2,Pasta Alfredo,62,14.0
2024-04-05,4,3,Lasagna Bolognese,43,16.0
2024-04-05,4,4,Bruschetta,49,8.0
2024-04-05,4,5,Tiramisu,56,7.0
2024-04-05,4,6,Caesar Salad,40,10.0
2024-04-05,4,7,Minestrone Soup,50,9.0
2024-04-05,5,1,Margherita Pizza,51,12.0
2024-04-05,5,2,Pasta Alfredo,58,14.0
2024-04-05,5,3,Lasagna Bolognese,42,16.0
2024-04-05,5,4,Bruschetta,51,8.0
2024-04-05,5,5,Tiramisu,53,7.0
2024-04-05,5,6,Caesar Salad,44,10.0
2024-04-05,5,7,Minestrone Soup,48,9.0
2024-04-06,1,1,Margherita Pizza,39,12.0
2024-04-06,1,2,Pasta Alfredo,44,14.0
2024-04-06,1,3,Lasagna Bolognese,30,16.0
2024-04-06,1,4,Bruschetta,38,8.0
2024-04-06,1,5,Tiramisu,47,7.0
2024-04-06,1,6,Caesar Salad,41,10.0
2024-04-06,1,7,Minestrone Soup,41,9.0
2024-04-06,2,1,Margherita Pizza,45,12.0
2024-04-06,2,2,Pasta Alfredo,53,14.0
2024-04-06,2,3,Lasagna Bolognese,38,16.0
2024-04-06,2,4,Bruschetta,44,8.0
2024-04-06,2,5,Tiramisu,48,7.0
2024-04-06,2,6,Caesar Salad,41,10.0
2024-04-06,2,7,Minestrone Soup,50,9.0
2024-04-06,3,1,Margherita Pizza,42,12.0
2024-04-06,3,2,Pasta Alfredo,52,14.0
2024-04-06,3,3,Lasagna Bolognese,38,16.0
2024-04-06,3,4,Bruschetta,44,8.0
2024-04-06,3,5,Tiramisu,56,7.0
2024-04-06,3,6,Caesar Salad,37,10.0
2024-04-06,3,7,Minestrone Soup,53,9.0
2024-04-06,4,1,Margherita Pizza,53,12.0
2024-04-06,4,2,Pasta Alfredo,58,14.0
2024-04-06,4,3,Lasagna Bolognese,44,16.0
2024-04-06,4,4,Bruschetta,52,8.0
2024-04-06,4,5,Tiramisu,55,7.0
2024-04-06,4,6,Caesar Salad,38,10.0
2024-04-06,4,7,Minestrone Soup,49,9.0
2024-04-06,5,1,Margherita Pizza,54,12.0
2024-04-06,5,2,Pasta Alfredo,60,14.0
2024-04-06,5,3,Lasagna Bolognese,38,16.0
2024-04-06,5,4,Bruschetta,49,8.0
2024-04-06,5,5,Tiramisu,60,7.0
2024-04-06,5,6,Caesar Salad,42,10.0
2024-04-06,5,7,Minestrone Soup,57,9.0
2024-04-07,1,1,Margherita Pizza,32,12.0
2024-04-07,1,2,Pasta Alfredo,44,14.0
2024-04-07,1,3,Lasagna Bolognese,35,16.0
2024-04-07,1,4,Bruschetta,43,8.0
2024-04-07,1,5,Tiramisu,41,7.0
2024-04-07,1,6,Caesar Salad,32,10.0
2024-04-07,1,7,Minestrone Soup,38,9.0
2024-04-07,2,1,Margherita Pizza,39,12.0
2024-04-07,2,2,Pasta Alfredo,44,14.0
2024-04-07,2,3,Lasagna Bolognese,33,16.0
2024-04-07,2,4,Bruschetta,30,8.0
2024-04-07,2,5,Tiramisu,46,7.0
2024-04-07,2,6,Caesar Salad,32,10.0
2024-04-07,2,7,Minestrone Soup,37,9.0
2024-04-07,3,1,Margherita Pizza,46,12.0
2024-04-07,3,2,Pasta Alfredo,44,14.0
2024-04-07,3,3,Lasagna Bolognese,32,16.0
2024-04-07,3,4,Bruschetta,46,8.0
2024-04-07,3,5,Tiramisu,44,7.0
2024-04-07,3,6,Caesar Salad,32,10.0
2024-04-07,3,7,Minestrone Soup,39,9.0
2024-04-07,4,1,Margherita Pizza,44,12.0
2024-04-07,4,2,Pasta Alfredo,49,14.0
2024-04-07,4,3,Lasagna Bolognese,31,16.0
2024-04-07,4,4,Bruschetta,40,8.0
2024-04-07,4,5,Tiramisu,47,7.0
2024-04-07,4,6,Caesar Salad,35,10.0
2024-04-07,4,7,Minestrone Soup,43,9.0
2024-04-07,5,1,Margherita Pizza,45,12.0
2024-04-07,5,2,Pasta Alfredo,46,14.0
2024-04-07,5,3,Lasagna Bolognese,40,16.0
2024-04-07,5,4,Bruschetta,44,8.0
2024-04-07,5,5,Tiramisu,55,7.0
2024-04-07,5,6,Caesar Salad,38,10.0
2024-04-07,5,7,Minestrone Soup,47,9.0
2024-04-08,1,1,Margherita Pizza,28,12.0
2024-04-08,1,2,Pasta Alfredo,35,14.0
2024-04-08,1,3,Lasagna Bolognese,24,16.0
2024-04-08,1,4,Bruschetta,26,8.0
2024-04-08,1,5,Tiramisu,38,7.0
2024-04-08,1,6,Caesar Salad,25,10.0
2024-04-08,1,7,Minestrone Soup,28,9.0
2024-04-08,2,1,Margherita Pizza,24,12.0
2024-04-08,2,2,Pasta Alfredo,29,14.0
2024-04-08,2,3,Lasagna Bolognese,24,16.0
2024-04-08,2,4,Bruschetta,28,8.0
2024-04-08,2,5,Tiramisu,31,7.0
2024-04-08,2,6,Caesar Salad,24,10.0
2024-04-08,2,7,Minestrone Soup,33,9.0
2024-04-08,3,1,Margherita Pizza,32,12.0
2024-04-08,3,2,Pasta Alfredo,31,14.0
2024-04-08,3,3,Lasagna Bolognese,24,16.0
2024-04-08,3,4,Bruschetta,27,8.0
2024-04-08,3,5,Tiramisu,33,7.0
2024-04-08,3,6,Caesar Salad,23,10.0
2024-04-08,3,7,Minestrone Soup,28,9.0
2024-04-08,4,1,Margherita Pizza,27,12.0
2024-04-08,4,2,Pasta Alfredo,36,14.0
2024-04-08,4,3,Lasagna Bolognese,24,16.0
2024-04-08,4,4,Bruschetta,22,8.0
2024-04-08,4,5,Tiramisu,42,7.0
2024-04-08,4,6,Caesar Salad,29,10.0
2024-04-08,4,7,Minestrone Soup,30,9.0
2024-04-08,5,1,Margherita Pizza,32,12.0
2024-04-08,5,2,Pasta Alfredo,34,14.0
2024-04-08,5,3,Lasagna Bolognese,32,16.0
2024-04-08,5,4,Bruschetta,38,8.0
2024-04-08,5,5,Tiramisu,38,7.0
2024-04-08,5,6,Caesar Salad,30,10.0
2024-04-08,5,7,Minestrone Soup,33,9.0
2024-04-09,1,1,Margherita Pizza,27,12.0
2024-04-09,1,2,Pasta Alfredo,35,14.0
2024-04-09,1,3,Lasagna Bolognese,27,16.0
2024-04-09,1,4,Bruschetta,30,8.0
2024-04-09,1,5,Tiramisu,36,7.0
2024-04-09,1,6,Caesar Salad,26,10.0
2024-04-09,1,7,Minestrone Soup,31,9.0
2024-04-09,2,1,Margherita Pizza,33,12.0
2024-04-09,2,2,Pasta Alfredo,35,14.0
2024-04-09,2,3,Lasagna Bolognese,25,16.0
2024-04-09,2,4,Bruschetta,29,8.0
2024-04-09,2,5,Tiramisu,41,7.0
2024-04-09,2,6,Caesar Salad,21,10.0
2024-04-09,2,7,Minestrone Soup,36,9.0
2024-04-09,3,1,Margherita Pizza,39,12.0
2024-04-09,3,2,Pasta Alfredo,40,14.0
2024-04-09,3,3,Lasagna Bolognese,21,16.0
2024-04-09,3,4,Bruschetta,34,8.0
2024-04-09,3,5,Tiramisu,40,7.0
2024-04-09,3,6,Caesar Salad,26,10.0
2024-04-09,3,7,Minestrone Soup,33,9.0
2024-04-09,4,1,Margherita Pizza,41,12.0
2024-04-09,4,2,Pasta Alfredo,44,14.0
2024-04-09,4,3,Lasagna Bolognese,27,16.0
2024-04-09,4,4,Bruschetta,32,8.0
2024-04-09,4,5,Tiramisu,41,7.0
2024-04-09,4,6,Caesar Salad,30,10.0
2024-04-09,4,7,Minestrone Soup,38,9.0
2024-04-09,5,1,Margherita Pizza,36,12.0
2024-04-09,5,2,Pasta Alfredo,46,14.0
2024-04-09,5,3,Lasagna Bolognese,37,16.0
2024-04-09,5,4,Bruschetta,40,8.0
2024-04-09,5,5,Tiramisu,44,7.0
2024-04-09,5,6,Caesar Salad,31,10.0
2024-04-09,5,7,Minestrone Soup,37,9.0
2024-04-10,1,1,Margherita Pizza,35,12.0
2024-04-10,1,2,Pasta Alfredo,35,14.0
2024-04-10,1,3,Lasagna Bolognese,26,16.0
2024-04-10,1,4,Bruschetta,32,8.0
2024-04-10,1,5,Tiramisu,35,7.0
2024-04-10,1,6,Caesar Salad,22,10.0
2024-04-10,1,7,Minestrone Soup,32,9.0
2024-04-10,2,1,Margherita Pizza,33,12.0
2024-04-10,2,2,Pasta Alfredo,40,14.0
2024-04-10,2,3,Lasagna Bolognese,26,16.0
2024-04-10,2,4,Bruschetta,37,8.0
2024-04-10,2,5,Tiramisu,36,7.0
2024-04-10,2,6,Caesar Salad,33,10.0
2024-04-10,2,7,Minestrone Soup,28,9.0
2024-04-10,3,1,Margherita Pizza,36,12.0
2024-04-10,3,2,Pasta Alfredo,42,14.0
2024-04-10,3,3,Lasagna Bolognese,26,16.0
2024-04-10,3,4,Bruschetta,36,8.0
2024-04-10,3,5,Tiramisu,44,7.0
2024-04-10,3,6,Caesar Salad,22,10.0
2024-04-10,3,7,Minestrone Soup,36,9.0
2024-04-10,4,1,Margherita Pizza,29,12.0
2024-04-10,4,2,Pasta Alfredo,39,14.0
2024-04-10,4,3,Lasagna Bolognese,35,16.0
2024-04-10,4,4,Bruschetta,35,8.0
2024-04-10,4,5,Tiramisu,39,7.0
2024-04-10,4,6,Caesar Salad,30,10.0
2024-04-10,4,7,Minestrone Soup,43,9.0
2024-04-10,5,1,Margherita Pizza,32,12.0
2024-04-10,5,2,Pasta Alfredo,41,14.0
2024-04-10,5,3,Lasagna Bolognese,36,16.0
2024-04-10,5,4,Bruschetta,44,8.0
2024-04-10,5,5,Tiramisu,44,7.0
2024-04-10,5,6,Caesar Salad,28,10.0
2024-04-10,5,7,Minestrone Soup,44,9.0
2024-04-11,1,1,Margherita Pizza,36,12.0
2024-04-11,1,2,Pasta Alfredo,39,14.0
2024-04-11,1,3,Lasagna Bolognese,24,16.0
2024-04-11,1,4,Bruschetta,31,8.0
2024-04-11,1,5,Tiramisu,36,7.0
2024-04-11,1,6,Caesar Salad,27,10.0
2024-04-11,1,7,Minestrone Soup,36,9.0
2024-04-11,2,1,Margherita Pizza,36,12.0
2024-04-11,2,2,Pasta Alfredo,35,14.0
2024-04-11,2,3,Lasagna Bolognese,32,16.0
2024-04-11,2,4,Bruschetta,34,8.0
2024-04-11,2,5,Tiramisu,41,7.0
2024-04-11,2,6,Caesar Salad,32,10.0
2024-04-11,2,7,Minestrone Soup,30,9.0
2024-04-11,3,1,Margherita Pizza,35,12.0
2024-04-11,3,2,Pasta Alfredo,39,14.0
2024-04-11,3,3,Lasagna Bolognese,24,16.0
2024-04-11,3,4,Bruschetta,36,8.0
2024-04-11,3,5,Tiramisu,48,7.0
2024-04-11,3,6,Caesar Salad,23,10.0
2024-04-11,3,7,Minestrone Soup,35,9.0
2024-04-11,4,1,Margherita Pizza,38,12.0
2024-04-11,4,2,Pasta Alfredo,43,14.0
2024-04-11,4,3,Lasagna Bolognese,30,16.0
2024-04-11,4,4,Bruschetta,32,8.0
2024-04-11,4,5,Tiramisu,43,7.0
2024-04-11,4,6,Caesar Salad,28,10.0
2024-04-11,4,7,Minestrone Soup,30,9.0
2024-04-11,5,1,Margherita Pizza,42,12.0
2024-04-11,5,2,Pasta Alfredo,47,14.0
2024-04-11,5,3,Lasagna Bolognese,32,16.0
2024-04-11,5,4,Bruschetta,39,8.0
2024-04-11,5,5,Tiramisu,47,7.0
2024-04-11,5,6,Caesar Salad,32,10.0
2024-04-11,5,7,Minestrone Soup,41,9.0
2024-04-12,1,1,Margherita Pizza,41,12.0
2024-04-12,1,2,Pasta Alfredo,53,14.0
2024-04-12,1,3,Lasagna Bolognese,36,16.0
2024-04-12,1,4,Bruschetta,43,8.0
2024-04-12,1,5,Tiramisu,46,7.0
2024-04-12,1,6,Caesar Salad,36,10.0
2024-04-12,1,7,Minestrone Soup,40,9.0
2024-04-12,2,1,Margherita Pizza,43,12.0
2024-04-12,2,2,Pasta Alfredo,50,14.0
2024-04-12,2,3,Lasagna Bolognese,34,16.0
2024-04-12,2,4,Bruschetta,51,8.0
2024-04-12,2,5,Tiramisu,56,7.0
2024-04-12,2,6,Caesar Salad,43,10.0
2024-04-12,2,7,Minestrone Soup,41,9.0
2024-04-12,3,1,Margherita Pizza,47,12.0
2024-04-12,3,2,Pasta Alfredo,51,14.0
2024-04-12,3,3,Lasagna Bolognese,37,16.0
2024-04-12,3,4,Bruschetta,44,8.0
2024-04-12,3,5,Tiramisu,58,7.0
2024-04-12,3,6,Caesar Salad,38,10.0
2024-04-12,3,7,Minestrone Soup,50,9.0
2024-04-12,4,1,Margherita Pizza,51,12.0
2024-04-12,4,2,Pasta Alfredo,64,14.0
2024-04-12,4,3,Lasagna Bolognese,36,16.0
2024-04-12,4,4,Bruschetta,53,8.0
2024-04-12,4,5,Tiramisu,61,7.0
2024-04-12,4,6,Caesar Salad,38,10.0
2024-04-12,4,7,Minestrone Soup,52,9.0
2024-04-12,5,1,Margherita Pizza,52,12.0
2024-04-12,5,2,Pasta Alfredo,59,14.0
2024-04-12,5,3,Lasagna Bolognese,40,16.0
2024-04-12,5,4,Bruschetta,49,8.0
2024-04-12,5,5,Tiramisu,66,7.0
2024-04-12,5,6,Caesar Salad,43,10.0
2024-04-12,5,7,Minestrone Soup,54,9.0
2024-04-13,1,1,Margherita Pizza,40,12.0
2024-04-13,1,2,Pasta Alfredo,47,14.0
2024-04-13,1,3,Lasagna Bolognese,39,16.0
2024-04-13,1,4,Bruschetta,38,8.0
2024-04-13,1,5,Tiramisu,48,7.0
2024-04-13,1,6,Caesar Salad,35,10.0
2024-04-13,1,7,Minestrone Soup,43,9.0
2024-04-13,2,1,Margherita Pizza,44,12.0
2024-04-13,2,2,Pasta Alfredo,53,14.0
2024-04-13,2,3,Lasagna Bolognese,39,16.0
2024-04-13,2,4,Bruschetta,47,8.0
2024-04-13,2,5,Tiramisu,49,7.0
2024-04-13,2,6,Caesar Salad,36,10.0
2024-04-13,2,7,Minestrone Soup,48,9.0
2024-04-13,3,1,Margherita Pizza,49,12.0
2024-04-13,3,2,Pasta Alfredo,50,14.0
2024-04-13,3,3,Lasagna Bolognese,40,16.0
2024-04-13,3,4,Bruschetta,41,8.0
2024-04-13,3,5,Tiramisu,55,7.0
2024-04-13,3,6,Caesar Salad,45,10.0
2024-04-13,3,7,Minestrone Soup,44,9.0
2024-04-13,4,1,Margherita Pizza,47,12.0
2024-04-13,4,2,Pasta Alfredo,59,14.0
2024-04-13,4,3,Lasagna Bolognese,36,16.0
2024-04-13,4,4,Bruschetta,47,8.0
2024-04-13,4,5,Tiramisu,59,7.0
2024-04-13,4,6,Caesar Salad,39,10.0
2024-04-13,4,7,Minestrone Soup,48,9.0
2024-04-13,5,1,Margherita Pizza,53,12.0
2024-04-13,5,2,Pasta Alfredo,61,14.0
2024-04-13,5,3,Lasagna Bolognese,43,16.0
2024-04-13,5,4,Bruschetta,50,8.0
2024-04-13,5,5,Tiramisu,61,7.0
2024-04-13,5,6,Caesar Salad,42,10.0
2024-04-13,5,7,Minestrone Soup,53,9.0
2024-04-14,1,1,Margherita Pizza,35,12.0
2024-04-14,1,2,Pasta Alfredo,42,14.0
2024-04-14,1,3,Lasagna Bolognese,27,16.0
2024-04-14,1,4,Bruschetta,36,8.0
2024-04-14,1,5,Tiramisu,40,7.0
2024-04-14,1,6,Caesar Salad,27,10.0
2024-04-14,1,7,Minestrone Soup,37,9.0
2024-04-14,2,1,Margherita Pizza,39,12.0
2024-04-14,2,2,Pasta Alfredo,47,14.0
2024-04-14,2,3,Lasagna Bolognese,30,16.0
2024-04-14,2,4,Bruschetta,39,8.0
2024-04-14,2,5,Tiramisu,46,7.0
2024-04-14,2,6,Caesar Salad,33,10.0
2024-04-14,2,7,Minestrone Soup,35,9.0
2024-04-14,3,1,Margherita Pizza,40,12.0
2024-04-14,3,2,Pasta Alfredo,48,14.0
2024-04-14,3,3,Lasagna Bolognese,33,16.0
2024-04-14,3,4,Bruschetta,34,8.0
2024-04-14,3,5,Tiramisu,47,7.0
2024-04-14,3,6,Caesar Salad,40,10.0
2024-04-14,3,7,Minestrone Soup,39,9.0
2024-04-14,4,1,Margherita Pizza,40,12.0
2024-04-14,4,2,Pasta Alfredo,50,14.0
2024-04-14,4,3,Lasagna Bolognese,36,16.0
2024-04-14,4,4,Bruschetta,45,8.0
2024-04-14,4,5,Tiramisu,45,7.0
2024-04-14,4,6,Caesar Salad,37,10.0
2024-04-14,4,7,Minestrone Soup,44,9.0
2024-04-14,5,1,Margherita Pizza,43,12.0
2024-04-14,5,2,Pasta Alfredo,52,14.0
2024-04-14,5,3,Lasagna Bolognese,39,16.0
2024-04-14,5,4,Bruschetta,46,8.0
2024-04-14,5,5,Tiramisu,47,7.0
2024-04-14,5,6,Caesar Salad,39,10.0
2024-04-14,5,7,Minestrone Soup,43,9.0
2024-04-15,1,1,Margherita Pizza,27,12.0
2024-04-15,1,2,Pasta Alfredo,31,14.0
2024-04-15,1,3,Lasagna Bolognese,22,16.0
2024-04-15,1,4,Bruschetta,30,8.0
2024-04-15,1,5,Tiramisu,31,7.0
2024-04-15,1,6,Caesar Salad,19,10.0
2024-04-15,1,7,Minestrone Soup,25,9.0
2024-04-15,2,1,Margherita Pizza,29,12.0
2024-04-15,2,2,Pasta Alfredo,36,14.0
2024-04-15,2,3,Lasagna Bolognese,25,16.0
2024-04-15,2,4,Bruschetta,25,8.0
2024-04-15,2,5,Tiramisu,40,7.0
2024-04-15,2,6,Caesar Salad,24,10.0
2024-04-15,2,7,Minestrone Soup,32,9.0
2024-04-15,3,1,Margherita Pizza,29,12.0
2024-04-15,3,2,Pasta Alfredo,36,14.0
2024-04-15,3,3,Lasagna Bolognese,27,16.0
2024-04-15,3,4,Bruschetta,33,8.0
2024-04-15,3,5,Tiramisu,38,7.0
2024-04-15,3,6,Caesar Salad,27,10.0
2024-04-15,3,7,Minestrone Soup,29,9.0
2024-04-15,4,1,Margherita Pizza,29,12.0
2024-04-15,4,2,Pasta Alfredo,37,14.0
2024-04-15,4,3,Lasagna Bolognese,29,16.0
2024-04-15,4,4,Bruschetta,30,8.0
2024-04-15,4,5,Tiramisu,39,7.0
2024-04-15,4,6,Caesar Salad,30,10.0
2024-04-15,4,7,Minestrone Soup,28,9.0
2024-04-15,5,1,Margherita Pizza,30,12.0
2024-04-15,5,2,Pasta Alfredo,37,14.0
2024-04-15,5,3,Lasagna Bolognese,28,16.0
2024-04-15,5,4,Bruschetta,31,8.0
2024-04-15,5,5,Tiramisu,42,7.0
2024-04-15,5,6,Caesar Salad,28,10.0
2024-04-15,5,7,Minestrone Soup,32,9.0
2024-04-16,1,1,Margherita Pizza,27,12.0
2024-04-16,1,2,Pasta Alfredo,33,14.0
2024-04-16,1,3,Lasagna Bolognese,27,16.0
2024-04-16,1,4,Bruschetta,25,8.0
2024-04-16,1,5,Tiramisu,40,7.0
2024-04-16,1,6,Caesar Salad,26,10.0
2024-04-16,1,7,Minestrone Soup,41,9.0
2024-04-16,2,1,Margherita Pizza,40,12.0
2024-04-16,2,2,Pasta Alfredo,38,14.0
2024-04-16,2,3,Lasagna Bolognese,27,16.0
2024-04-16,2,4,Bruschetta,36,8.0
2024-04-16,2,5,Tiramisu,44,7.0
2024-04-16,2,6,Caesar Salad,23,10.0
2024-04-16,2,7,Minestrone Soup,28,9.0
2024-04-16,3,1,Margherita Pizza,33,12.0
2024-04-16,3,2,Pasta Alfredo,42,14.0
2024-04-16,3,3,Lasagna Bolognese,30,16.0
2024-04-16,3,4,Bruschetta,38,8.0
2024-04-16,3,5,Tiramisu,37,7.0
2024-04-16,3,6,Caesar Salad,22,10.0
2024-04-16,3,7,Minestrone Soup,37,9.0
2024-04-16,4,1,Margherita Pizza,34,12.0
2024-04-16,4,2,Pasta Alfredo,36,14.0
2024-04-16,4,3,Lasagna Bolognese,31,16.0
2024-04-16,4,4,Bruschetta,39,8.0
2024-04-16,4,5,Tiramisu,42,7.0
2024-04-16,4,6,Caesar Salad,29,10.0
2024-04-16,4,7,Minestrone Soup,36,9.0
2024-04-16,5,1,Margherita Pizza,37,12.0
2024-04-16,5,2,Pasta Alfredo,40,14.0
2024-04-16,5,3,Lasagna Bolognese,29,16.0
2024-04-16,5,4,Bruschetta,40,8.0
2024-04-16,5,5,Tiramisu,45,7.0
2024-04-16,5,6,Caesar Salad,32,10.0
2024-04-16,5,7,Minestrone Soup,35,9.0
2024-04-17,1,1,Margherita Pizza,31,12.0
2024-04-17,1,2,Pasta Alfredo,30,14.0
2024-04-17,1,3,Lasagna Bolognese,27,16.0
2024-04-17,1,4,Bruschetta,36,8.0
2024-04-17,1,5,Tiramisu,32,7.0
2024-04-17,1,6,Caesar Salad,24,10.0
2024-04-17,1,7,Minestrone Soup,32,9.0
2024-04-17,2,1,Margherita Pizza,37,12.0
2024-04-17,2,2,Pasta Alfredo,37,14.0
2024-04-17,2,3,Lasagna Bolognese,25,16.0
2024-04-17,2,4,Bruschetta,27,8.0
2024-04-17,2,5,Tiramisu,39,7.0
2024-04-17,2,6,Caesar Salad,34,10.0
2024-04-17,2,7,Minestrone Soup,34,9.0
2024-04-17,3,1,Margherita Pizza,35,12.0
2024-04-17,3,2,Pasta Alfredo,41,14.0
2024-04-17,3,3,Lasagna Bolognese,29,16.0
2024-04-17,3,4,Bruschetta,32,8.0
2024-04-17,3,5,Tiramisu,43,7.0
2024-04-17,3,6,Caesar Salad,30,10.0
2024-04-17,3,7,Minestrone Soup,35,9.0
2024-04-17,4,1,Margherita Pizza,33,12.0
2024-04-17,4,2,Pasta Alfredo,46,14.0
2024-04-17,4,3,Lasagna Bolognese,32,16.0
2024-04-17,4,4,Bruschetta,35,8.0
2024-04-17,4,5,Tiramisu,45,7.0
2024-04-17,4,6,Caesar Salad,29,10.0
2024-04-17,4,7,Minestrone Soup,34,9.0
2024-04-17,5,1,Margherita Pizza,36,12.0
2024-04-17,5,2,Pasta Alfredo,39,14.0
2024-04-17,5,3,Lasagna Bolognese,33,16.0
2024-04-17,5,4,Bruschetta,32,8.0
2024-04-17,5,5,Tiramisu,41,7.0
2024-04-17,5,6,Caesar Salad,25,10.0
2024-04-17,5,7,Minestrone Soup,38,9.0
2024-04-18,1,1,Margherita Pizza,31,12.0
2024-04-18,1,2,Pasta Alfredo,36,14.0
2024-04-18,1,3,Lasagna Bolognese,23,16.0
2024-04-18,1,4,Bruschetta,28,8.0
2024-04-18,1,5,Tiramisu,38,7.0
2024-04-18,1,6,Caesar Salad,24,10.0
2024-04-18,1,7,Minestrone Soup,32,9.0
2024-04-18,2,1,Margherita Pizza,30,12.0
2024-04-18,2,2,Pasta Alfredo,39,14.0
2024-04-18,2,3,Lasagna Bolognese,31,16.0
2024-04-18,2,4,Bruschetta,35,8.0
2024-04-18,2,5,Tiramisu,37,7.0
2024-04-18,2,6,Caesar Salad,28,10.0
2024-04-18,2,7,Minestrone Soup,32,9.0
2024-04-18,3,1,Margherita Pizza,35,12.0
2024-04-18,3,2,Pasta Alfredo,39,14.0
2024-04-18,3,3,Lasagna Bolognese,28,16.0
2024-04-18,3,4,Bruschetta,35,8.0
2024-04-18,3,5,Tiramisu,37,7.0
2024-04-18,3,6,Caesar Salad,26,10.0
2024-04-18,3,7,Minestrone Soup,30,9.0
2024-04-18,4,1,Margherita Pizza,31,12.0
2024-04-18,4,2,Pasta Alfredo,39,14.0
2024-04-18,4,3,Lasagna Bolognese,31,16.0
2024-04-18,4,4,Bruschetta,34,8.0
2024-04-18,4,5,Tiramisu,44,7.0
2024-04-18,4,6,Caesar Salad,30,10.0
2024-04-18,4,7,Minestrone Soup,30,9.0
2024-04-18,5,1,Margherita Pizza,40,12.0
2024-04-18,5,2,Pasta Alfredo,47,14.0
2024-04-18,5,3,Lasagna Bolognese,29,16.0
2024-04-18,5,4,Bruschetta,39,8.0
2024-04-18,5,5,Tiramisu,42,7.0
2024-04-18,5,6,Caesar Salad,32,10.0
2024-04-18,5,7,Minestrone Soup,34,9.0
2024-04-19,1,1,Margherita Pizza,37,12.0
2024-04-19,1,2,Pasta Alfredo,48,14.0
2024-04-19,1,3,Lasagna Bolognese,35,16.0
2024-04-19,1,4,Bruschetta,41,8.0
2024-04-19,1,5,Tiramisu,46,7.0
2024-04-19,1,6,Caesar Salad,34,10.0
2024-04-19,1,7,Minestrone Soup,43,9.0
2024-04-19,2,1,Margherita Pizza,44,12.0
2024-04-19,2,2,Pasta Alfredo,53,14.0
2024-04-19,2,3,Lasagna Bolognese,35,16.0
2024-04-19,2,4,Bruschetta,48,8.0
2024-04-19,2,5,Tiramisu,48,7.0
2024-04-19,2,6,Caesar Salad,39,10.0
2024-04-19,2,7,Minestrone Soup,48,9.0
2024-04-19,3,1,Margherita Pizza,48,12.0
2024-04-19,3,2,Pasta Alfredo,54,14.0
2024-04-19,3,3,Lasagna Bolognese,37,16.0
2024-04-19,3,4,Bruschetta,50,8.0
2024-04-19,3,5,Tiramisu,50,7.0
2024-04-19,3,6,Caesar Salad,36,10.0
2024-04-19,3,7,Minestrone Soup,46,9.0
2024-04-19,4,1,Margherita Pizza,53,12.0
2024-04-19,4,2,Pasta Alfredo,58,14.0
2024-04-19,4,3,Lasagna Bolognese,38,16.0
2024-04-19,4,4,Bruschetta,48,8.0
2024-04-19,4,5,Tiramisu,55,7.0
2024-04-19,4,6,Caesar Salad,39,10.0
2024-04-19,4,7,Minestrone Soup,52,9.0
2024-04-19,5,1,Margherita Pizza,47,12.0
2024-04-19,5,2,Pasta Alfredo,65,14.0
2024-04-19,5,3,Lasagna Bolognese,45,16.0
2024-04-19,5,4,Bruschetta,55,8.0
2024-04-19,5,5,Tiramisu,58,7.0
2024-04-19,5,6,Caesar Salad,42,10.0
2024-04-19,5,7,Minestrone Soup,47,9.0
2024-04-20,1,1,Margherita Pizza,41,12.0
2024-04-20,1,2,Pasta Alfredo,51,14.0
2024-04-20,1,3,Lasagna Bolognese,39,16.0
2024-04-20,1,4,Bruschetta,39,8.0
2024-04-20,1,5,Tiramisu,48,7.0
2024-04-20,1,6,Caesar Salad,35,10.0
2024-04-20,1,7,Minestrone Soup,38,9.0
2024-04-20,2,1,Margherita Pizza,46,12.0
2024-04-20,2,2,Pasta Alfredo,50,14.0
2024-04-20,2,3,Lasagna Bolognese,37,16.0
2024-04-20,2,4,Bruschetta,43,8.0
2024-04-20,2,5,Tiramisu,50,7.0
2024-04-20,2,6,Caesar Salad,37,10.0
2024-04-20,2,7,Minestrone Soup,44,9.0
2024-04-20,3,1,Margherita Pizza,46,12.0
2024-04-20,3,2,Pasta Alfredo,52,14.0
2024-04-20,3,3,Lasagna Bolognese,40,16.0
2024-04-20,3,4,Bruschetta,52,8.0
2024-04-20,3,5,Tiramisu,55,7.0
2024-04-20,3,6,Caesar Salad,42,10.0
2024-04-20,3,7,Minestrone Soup,43,9.0
2024-04-20,4,1,Margherita Pizza,49,12.0
2024-04-20,4,2,Pasta Alfredo,54,14.0
2024-04-20,4,3,Lasagna Bolognese,36,16.0
2024-04-20,4,4,Bruschetta,47,8.0
2024-04-20,4,5,Tiramisu,61,7.0
2024-04-20,4,6,Caesar Salad,44,10.0
2024-04-20,4,7,Minestrone Soup,50,9.0
2024-04-20,5,1,Margherita Pizza,47,12.0
2024-04-20,5,2,Pasta Alfredo,59,14.0
2024-04-20,5,3,Lasagna Bolognese,44,16.0
2024-04-20,5,4,Bruschetta,52,8.0
2024-04-20,5,5,Tiramisu,54,7.0
2024-04-20,5,6,Caesar Salad,40,10.0
2024-04-20,5,7,Minestrone Soup,51,9.0
2024-04-21,1,1,Margherita Pizza,38,12.0
2024-04-21,1,2,Pasta Alfredo,35,14.0
2024-04-21,1,3,Lasagna Bolognese,30,16.0
2024-04-21,1,4,Bruschetta,36,8.0
2024-04-21,1,5,Tiramisu,45,7.0
2024-04-21,1,6,Caesar Salad,32,10.0
2024-04-21,1,7,Minestrone Soup,38,9.0
2024-04-21,2,1,Margherita Pizza,36,12.0
2024-04-21,2,2,Pasta Alfredo,39,14.0
2024-04-21,2,3,Lasagna Bolognese,30,16.0
2024-04-21,2,4,Bruschetta,41,8.0
2024-04-21,2,5,Tiramisu,48,7.0
2024-04-21,2,6,Caesar Salad,34,10.0
2024-04-21,2,7,Minestrone Soup,39,9.0
2024-04-21,3,1,Margherita Pizza,41,12.0
2024-04-21,3,2,Pasta Alfredo,45,14.0
2024-04-21,3,3,Lasagna Bolognese,33,16.0
2024-04-21,3,4,Bruschetta,45,8.0
2024-04-21,3,5,Tiramisu,44,7.0
2024-04-21,3,6,Caesar Salad,38,10.0
2024-04-21,3,7,Minestrone Soup,39,9.0
2024-04-21,4,1,Margherita Pizza,46,12.0
2024-04-21,4,2,Pasta Alfredo,44,14.0
2024-04-21,4,3,Lasagna Bolognese,37,16.0
2024-04-21,4,4,Bruschetta,40,8.0
2024-04-21,4,5,Tiramisu,44,7.0
2024-04-21,4,6,Caesar Salad,35,10.0
2024-04-21,4,7,Minestrone Soup,45,9.0
2024-04-21,5,1,Margherita Pizza,41,12.0
2024-04-21,5,2,Pasta Alfredo,46,14.0
2024-04-21,5,3,Lasagna Bolognese,36,16.0
2024-04-21,5,4,Bruschetta,43,8.0
2024-04-21,5,5,Tiramisu,53,7.0
2024-04-21,5,6,Caesar Salad,39,10.0
2024-04-21,5,7,Minestrone Soup,43,9.0
2024-04-22,1,1,Margherita Pizza,32,12.0
2024-04-22,1,2,Pasta Alfredo,32,14.0
2024-04-22,1,3,Lasagna Bolognese,21,16.0
2024-04-22,1,4,Bruschetta,22,8.0
2024-04-22,1,5,Tiramisu,30,7.0
2024-04-22,1,6,Caesar Salad,21,10.0
2024-04-22,1,7,Minestrone Soup,30,9.0
2024-04-22,2,1,Margherita Pizza,29,12.0
2024-04-22,2,2,Pasta Alfredo,29,14.0
2024-04-22,2,3,Lasagna Bolognese,24,16.0
2024-04-22,2,4,Bruschetta,30,8.0
2024-04-22,2,5,Tiramisu,37,7.0
2024-04-22,2,6,Caesar Salad,26,10.0
2024-04-22,2,7,Minestrone Soup,30,9.0
2024-04-22,3,1,Margherita Pizza,30,12.0
2024-04-22,3,2,Pasta Alfredo,36,14.0
2024-04-22,3,3,Lasagna Bolognese,28,16.0
2024-04-22,3,4,Bruschetta,25,8.0
2024-04-22,3,5,Tiramisu,33,7.0
2024-04-22,3,6,Caesar Salad,22,10.0
2024-04-22,3,7,Minestrone Soup,31,9.0
2024-04-22,4,1,Margherita Pizza,35,12.0
2024-04-22,4,2,Pasta Alfredo,34,14.0
2024-04-22,4,3,Lasagna Bolognese,19,16.0
2024-04-22,4,4,Bruschetta,30,8.0
2024-04-22,4,5,Tiramisu,39,7.0
2024-04-22,4,6,Caesar Salad,27,10.0
2024-04-22,4,7,Minestrone Soup,32,9.0
2024-04-22,5,1,Margherita Pizza,31,12.0
2024-04-22,5,2,Pasta Alfredo,34,14.0
2024-04-22,5,3,Lasagna Bolognese,28,16.0
2024-04-22,5,4,Bruschetta,30,8.0
2024-04-22,5,5,Tiramisu,44,7.0
2024-04-22,5,6,Caesar Salad,29,10.0
2024-04-22,5,7,Minestrone Soup,31,9.0
2024-04-23,1,1,Margherita Pizza,30,12.0
2024-04-23,1,2,Pasta Alfredo,36,14.0
2024-04-23,1,3,Lasagna Bolognese,25,16.0
2024-04-23,1,4,Bruschetta,35,8.0
2024-04-23,1,5,Tiramisu,37,7.0
2024-04-23,1,6,Caesar Salad,24,10.0
2024-04-23,1,7,Minestrone Soup,37,9.0
2024-04-23,2,1,Margherita Pizza,33,12.0
2024-04-23,2,2,Pasta Alfredo,41,14.0
2024-04-23,2,3,Lasagna Bolognese,26,16.0
2024-04-23,2,4,Bruschetta,34,8.0
2024-04-23,2,5,Tiramisu,39,7.0
2024-04-23,2,6,Caesar Salad,22,10.0
2024-04-23,2,7,Minestrone Soup,39,9.0
2024-04-23,3,1,Margherita Pizza,39,12.0
2024-04-23,3,2,Pasta Alfredo,39,14.0
2024-04-23,3,3,Lasagna Bolognese,26,16.0
2024-04-23,3,4,Bruschetta,36,8.0
2024-04-23,3,5,Tiramisu,41,7.0
2024-04-23,3,6,Caesar Salad,30,10.0
2024-04-23,3,7,Minestrone Soup,35,9.0
2024-04-23,4,1,Margherita Pizza,38,12.0
2024-04-23,4,2,Pasta Alfredo,47,14.0
2024-04-23,4,3,Lasagna Bolognese,32,16.0
2024-04-23,4,4,Bruschetta,33,8.0
2024-04-23,4,5,Tiramisu,46,7.0
2024-04-23,4,6,Caesar Salad,35,10.0
2024-04-23,4,7,Minestrone Soup,46,9.0
2024-04-23,5,1,Margherita Pizza,35,12.0
2024-04-23,5,2,Pasta Alfredo,45,14.0
2024-04-23,5,3,Lasagna Bolognese,25,16.0
2024-04-23,5,4,Bruschetta,40,8.0
2024-04-23,5,5,Tiramisu,43,7.0
2024-04-23,5,6,Caesar Salad,37,10.0
2024-04-23,5,7,Minestrone Soup,36,9.0
2024-04-24,1,1,Margherita Pizza,26,12.0
2024-04-24,1,2,Pasta Alfredo,35,14.0
2024-04-24,1,3,Lasagna Bolognese,20,16.0
2024-04-24,1,4,Bruschetta,34,8.0
2024-04-24,1,5,Tiramisu,30,7.0
2024-04-24,1,6,Caesar Salad,26,10.0
2024-04-24,1,7,Minestrone Soup,25,9.0
2024-04-24,2,1,Margherita Pizza,32,12.0
2024-04-24,2,2,Pasta Alfredo,43,14.0
2024-04-24,2,3,Lasagna Bolognese,29,16.0
2024-04-24,2,4,Bruschetta,30,8.0
2024-04-24,2,5,Tiramisu,38,7.0
2024-04-24,2,6,Caesar Salad,28,10.0
2024-04-24,2,7,Minestrone Soup,34,9.0
2024-04-24,3,1,Margherita Pizza,31,12.0
2024-04-24,3,2,Pasta Alfredo,42,14.0
2024-04-24,3,3,Lasagna Bolognese,21,16.0
2024-04-24,3,4,Bruschetta,33,8.0
2024-04-24,3,5,Tiramisu,39,7.0
2024-04-24,3,6,Caesar Salad,31,10.0
2024-04-24,3,7,Minestrone Soup,35,9.0
2024-04-24,4,1,Margherita Pizza,32,12.0
2024-04-24,4,2,Pasta Alfredo,39,14.0
2024-04-24,4,3,Lasagna Bolognese,31,16.0
2024-04-24,4,4,Bruschetta,36,8.0
2024-04-24,4,5,Tiramisu,41,7.0
2024-04-24,4,6,Caesar Salad,29,10.0
2024-04-24,4,7,Minestrone Soup,38,9.0
2024-04-24,5,1,Margherita Pizza,36,12.0
2024-04-24,5,2,Pasta Alfredo,44,14.0
2024-04-24,5,3,Lasagna Bolognese,38,16.0
2024-04-24,5,4,Bruschetta,34,8.0
2024-04-24,5,5,Tiramisu,39,7.0
2024-04-24,5,6,Caesar Salad,34,10.0
2024-04-24,5,7,Minestrone Soup,36,9.0
2024-04-25,1,1,Margherita Pizza,30,12.0
2024-04-25,1,2,Pasta Alfredo,34,14.0
2024-04-25,1,3,Lasagna Bolognese,25,16.0
2024-04-25,1,4,Bruschetta,36,8.0
2024-04-25,1,5,Tiramisu,39,7.0
2024-04-25,1,6,Caesar Salad,29,10.0
2024-04-25,1,7,Minestrone Soup,27,9.0
2024-04-25,2,1,Margherita Pizza,30,12.0
2024-04-25,2,2,Pasta Alfredo,30,14.0
2024-04-25,2,3,Lasagna Bolognese,25,16.0
2024-04-25,2,4,Bruschetta,36,8.0
2024-04-25,2,5,Tiramisu,40,7.0
2024-04-25,2,6,Caesar Salad,27,10.0
2024-04-25,2,7,Minestrone Soup,33,9.0
2024-04-25,3,1,Margherita Pizza,33,12.0
2024-04-25,3,2,Pasta Alfredo,41,14.0
2024-04-25,3,3,Lasagna Bolognese,31,16.0
2024-04-25,3,4,Bruschetta,30,8.0
2024-04-25,3,5,Tiramisu,41,7.0
2024-04-25,3,6,Caesar Salad,32,10.0
2024-04-25,3,7,Minestrone Soup,33,9.0
2024-04-25,4,1,Margherita Pizza,38,12.0
2024-04-25,4,2,Pasta Alfredo,51,14.0
2024-04-25,4,3,Lasagna Bolognese,30,16.0
2024-04-25,4,4,Bruschetta,37,8.0
2024-04-25,4,5,Tiramisu,40,7.0
2024-04-25,4,6,Caesar Salad,31,10.0
2024-04-25,4,7,Minestrone Soup,38,9.0
2024-04-25,5,1,Margherita Pizza,39,12.0
2024-04-25,5,2,Pasta Alfredo,41,14.0
2024-04-25,5,3,Lasagna Bolognese,32,16.0
2024-04-25,5,4,Bruschetta,42,8.0
2024-04-25,5,5,Tiramisu,46,7.0
2024-04-25,5,6,Caesar Salad,35,10.0
2024-04-25,5,7,Minestrone Soup,37,9.0
2024-04-26,1,1,Margherita Pizza,45,12.0
2024-04-26,1,2,Pasta Alfredo,50,14.0
2024-04-26,1,3,Lasagna Bolognese,32,16.0
2024-04-26,1,4,Bruschetta,43,8.0
2024-04-26,1,5,Tiramisu,46,7.0
2024-04-26,1,6,Caesar Salad,33,10.0
2024-04-26,1,7,Minestrone Soup,43,9.0
2024-04-26,2,1,Margherita Pizza,45,12.0
2024-04-26,2,2,Pasta Alfredo,48,14.0
2024-04-26,2,3,Lasagna Bolognese,40,16.0
2024-04-26,2,4,Bruschetta,46,8.0
2024-04-26,2,5,Tiramisu,50,7.0
2024-04-26,2,6,Caesar Salad,33,10.0
2024-04-26,2,7,Minestrone Soup,44,9.0
2024-04-26,3,1,Margherita Pizza,45,12.0
2024-04-26,3,2,Pasta Alfredo,55,14.0
2024-04-26,3,3,Lasagna Bolognese,38,16.0
2024-04-26,3,4,Bruschetta,41,8.0
2024-04-26,3,5,Tiramisu,53,7.0
2024-04-26,3,6,Caesar Salad,38,10.0
2024-04-26,3,7,Minestrone Soup,49,9.0
2024-04-26,4,1,Margherita Pizza,47,12.0
2024-04-26,4,2,Pasta Alfredo,62,14.0
2024-04-26,4,3,Lasagna Bolognese,35,16.0
2024-04-26,4,4,Bruschetta,53,8.0
2024-04-26,4,5,Tiramisu,56,7.0
2024-04-26,4,6,Caesar Salad,43,10.0
2024-04-26,4,7,Minestrone Soup,49,9.0
2024-04-26,5,1,Margherita Pizza,55,12.0
2024-04-26,5,2,Pasta Alfredo,59,14.0
2024-04-26,5,3,Lasagna Bolognese,39,16.0
2024-04-26,5,4,Bruschetta,55,8.0
2024-04-26,5,5,Tiramisu,59,7.0
2024-04-26,5,6,Caesar Salad,43,10.0
2024-04-26,5,7,Minestrone Soup,55,9.0
2024-04-27,1,1,Margherita Pizza,39,12.0
2024-04-27,1,2,Pasta Alfredo,51,14.0
2024-04-27,1,3,Lasagna Bolognese,33,16.0
2024-04-27,1,4,Bruschetta,42,8.0
2024-04-27,1,5,Tiramisu,50,7.0
2024-04-27,1,6,Caesar Salad,31,10.0
2024-04-27,1,7,Minestrone Soup,40,9.0
2024-04-27,2,1,Margherita Pizza,49,12.0
2024-04-27,2,2,Pasta Alfredo,55,14.0
2024-04-27,2,3,Lasagna Bolognese,37,16.0
2024-04-27,2,4,Bruschetta,45,8.0
2024-04-27,2,5,Tiramisu,51,7.0
2024-04-27,2,6,Caesar Salad,41,10.0
2024-04-27,2,7,Minestrone Soup,44,9.0
2024-04-27,3,1,Margherita Pizza,47,12.0
2024-04-27,3,2,Pasta Alfredo,58,14.0
2024-04-27,3,3,Lasagna Bolognese,37,16.0
2024-04-27,3,4,Bruschetta,51,8.0
2024-04-27,3,5,Tiramisu,50,7.0
2024-04-27,3,6,Caesar Salad,44,10.0
2024-04-27,3,7,Minestrone Soup,46,9.0
2024-04-27,4,1,Margherita Pizza,48,12.0
2024-04-27,4,2,Pasta Alfredo,52,14.0
2024-04-27,4,3,Lasagna Bolognese,39,16.0
2024-04-27,4,4,Bruschetta,46,8.0
2024-04-27,4,5,Tiramisu,55,7.0
2024-04-27,4,6,Caesar Salad,40,10.0
2024-04-27,4,7,Minestrone Soup,52,9.0
2024-04-27,5,1,Margherita Pizza,52,12.0
2024-04-27,5,2,Pasta Alfredo,61,14.0
2024-04-27,5,3,Lasagna Bolognese,39,16.0
2024-04-27,5,4,Bruschetta,49,8.0
2024-04-27,5,5,Tiramisu,65,7.0
2024-04-27,5,6,Caesar Salad,40,10.0
2024-04-27,5,7,Minestrone Soup,56,9.0
2024-04-28,1,1,Margherita Pizza,35,12.0
2024-04-28,1,2,Pasta Alfredo,42,14.0
2024-04-28,1,3,Lasagna Bolognese,33,16.0
2024-04-28,1,4,Bruschetta,40,8.0
2024-04-28,1,5,Tiramisu,42,7.0
2024-04-28,1,6,Caesar Salad,29,10.0
2024-04-28,1,7,Minestrone Soup,36,9.0
2024-04-28,2,1,Margherita Pizza,39,12.0
2024-04-28,2,2,Pasta Alfredo,47,14.0
2024-04-28,2,3,Lasagna Bolognese,32,16.0
2024-04-28,2,4,Bruschetta,40,8.0
2024-04-28,2,5,Tiramisu,49,7.0
2024-04-28,2,6,Caesar Salad,33,10.0
2024-04-28,2,7,Minestrone Soup,39,9.0
2024-04-28,3,1,Margherita Pizza,35,12.0
2024-04-28,3,2,Pasta Alfredo,39,14.0
2024-04-28,3,3,Lasagna Bolognese,34,16.0
2024-04-28,3,4,Bruschetta,40,8.0
2024-04-28,3,5,Tiramisu,45,7.0
2024-04-28,3,6,Caesar Salad,34,10.0
2024-04-28,3,7,Minestrone Soup,40,9.0
2024-04-28,4,1,Margherita Pizza,45,12.0
2024-04-28,4,2,Pasta Alfredo,49,14.0
2024-04-28,4,3,Lasagna Bolognese,33,16.0
2024-04-28,4,4,Bruschetta,45,8.0
2024-04-28,4,5,Tiramisu,48,7.0
2024-04-28,4,6,Caesar Salad,36,10.0
2024-04-28,4,7,Minestrone Soup,40,9.0
2024-04-28,5,1,Margherita Pizza,42,12.0
2024-04-28,5,2,Pasta Alfredo,51,14.0
2024-04-28,5,3,Lasagna Bolognese,36,16.0
2024-04-28,5,4,Bruschetta,45,8.0
2024-04-28,5,5,Tiramisu,50,7.0
2024-04-28,5,6,Caesar Salad,31,10.0
2024-04-28,5,7,Minestrone Soup,42,9.0
2024-04-29,1,1,Margherita Pizza,29,12.0
2024-04-29,1,2,Pasta Alfredo,30,14.0
2024-04-29,1,3,Lasagna Bolognese,21,16.0
2024-04-29,1,4,Bruschetta,30,8.0
2024-04-29,1,5,Tiramisu,29,7.0
2024-04-29,1,6,Caesar Salad,18,10.0
2024-04-29,1,7,Minestrone Soup,26,9.0
2024-04-29,2,1,Margherita Pizza,27,12.0
2024-04-29,2,2,Pasta Alfredo,30,14.0
2024-04-29,2,3,Lasagna Bolognese,23,16.0
2024-04-29,2,4,Bruschetta,30,8.0
2024-04-29,2,5,Tiramisu,33,7.0
2024-04-29,2,6,Caesar Salad,24,10.0
2024-04-29,2,7,Minestrone Soup,33,9.0
2024-04-29,3,1,Margherita Pizza,28,12.0
2024-04-29,3,2,Pasta Alfredo,35,14.0
2024-04-29,3,3,Lasagna Bolognese,23,16.0
2024-04-29,3,4,Bruschetta,27,8.0
2024-04-29,3,5,Tiramisu,33,7.0
2024-04-29,3,6,Caesar Salad,23,10.0
2024-04-29,3,7,Minestrone Soup,31,9.0
2024-04-29,4,1,Margherita Pizza,38,12.0
2024-04-29,4,2,Pasta Alfredo,34,14.0
2024-04-29,4,3,Lasagna Bolognese,24,16.0
2024-04-29,4,4,Bruschetta,31,8.0
2024-04-29,4,5,Tiramisu,37,7.0
2024-04-29,4,6,Caesar Salad,27,10.0
2024-04-29,4,7,Minestrone Soup,35,9.0
2024-04-29,5,1,Margherita Pizza,25,12.0
2024-04-29,5,2,Pasta Alfredo,30,14.0
2024-04-29,5,3,Lasagna Bolognese,25,16.0
2024-04-29,5,4,Bruschetta,36,8.0
2024-04-29,5,5,Tiramisu,33,7.0
2024-04-29,5,6,Caesar Salad,18,10.0
2024-04-29,5,7,Minestrone Soup,34,9.0
2024-04-30,1,1,Margherita Pizza,32,12.0
2024-04-30,1,2,Pasta Alfredo,33,14.0
2024-04-30,1,3,Lasagna Bolognese,23,16.0
2024-04-30,1,4,Bruschetta,28,8.0
2024-04-30,1,5,Tiramisu,37,7.0
2024-04-30,1,6,Caesar Salad,24,10.0
2024-04-30,1,7,Minestrone Soup,33,9.0
2024-04-30,2,1,Margherita Pizza,24,12.0
2024-04-30,2,2,Pasta Alfredo,36,14.0
2024-04-30,2,3,Lasagna Bolognese,24,16.0
2024-04-30,2,4,Bruschetta,32,8.0
2024-04-30,2,5,Tiramisu,37,7.0
2024-04-30,2,6,Caesar Salad,30,10.0
2024-04-30,2,7,Minestrone Soup,27,9.0
2024-04-30,3,1,Margherita Pizza,35,12.0
2024-04-30,3,2,Pasta Alfredo,42,14.0
2024-04-30,3,3,Lasagna Bolognese,34,16.0
2024-04-30,3,4,Bruschetta,33,8.0
2024-04-30,3,5,Tiramisu,41,7.0
2024-04-30,3,6,Caesar Salad,23,10.0
2024-04-30,3,7,Minestrone Soup,27,9.0
2024-04-30,4,1,Margherita Pizza,39,12.0
2024-04-30,4,2,Pasta Alfredo,42,14.0
2024-04-30,4,3,Lasagna Bolognese,34,16.0
2024-04-30,4,4,Bruschetta,32,8.0
2024-04-30,4,5,Tiramisu,44,7.0
2024-04-30,4,6,Caesar Salad,36,10.0
2024-04-30,4,7,Minestrone Soup,38,9.0
2024-04-30,5,1,Margherita Pizza,39,12.0
2024-04-30,5,2,Pasta Alfredo,44,14.0
2024-04-30,5,3,Lasagna Bolognese,27,16.0
2024-04-30,5,4,Bruschetta,42,8.0
2024-04-30,5,5,Tiramisu,42,7.0
2024-04-30,5,6,Caesar Salad,33,10.0
2024-04-30,5,7,Minestrone Soup,33,9.0
2024-05-01,1,1,Margherita Pizza,27,12.0
2024-05-01,1,2,Pasta Alfredo,40,14.0
2024-05-01,1,3,Lasagna Bolognese,25,16.0
2024-05-01,1,4,Bruschetta,35,8.0
2024-05-01,1,5,Tiramisu,36,7.0
2024-05-01,1,6,Caesar Salad,20,10.0
2024-05-01,1,7,Minestrone Soup,34,9.0
2024-05-01,2,1,Margherita Pizza,31,12.0
2024-05-01,2,2,Pasta Alfredo,40,14.0
2024-05-01,2,3,Lasagna Bolognese,27,16.0
2024-05-01,2,4,Bruschetta,28,8.0
2024-05-01,2,5,Tiramisu,39,7.0
2024-05-01,2,6,Caesar Salad,34,10.0
2024-05-01,2,7,Minestrone Soup,34,9.0
2024-05-01,3,1,Margherita Pizza,34,12.0
2024-05-01,3,2,Pasta Alfredo,43,14.0
2024-05-01,3,3,Lasagna Bolognese,29,16.0
2024-05-01,3,4,Bruschetta,35,8.0
2024-05-01,3,5,Tiramisu,37,7.0
2024-05-01,3,6,Caesar Salad,29,10.0
2024-05-01,3,7,Minestrone Soup,37,9.0
2024-05-01,4,1,Margherita Pizza,33,12.0
2024-05-01,4,2,Pasta Alfredo,46,14.0
2024-05-01,4,3,Lasagna Bolognese,30,16.0
2024-05-01,4,4,Bruschetta,33,8.0
2024-05-01,4,5,Tiramisu,45,7.0
2024-05-01,4,6,Caesar Salad,29,10.0
2024-05-01,4,7,Minestrone Soup,38,9.0
2024-05-01,5,1,Margherita Pizza,37,12.0
2024-05-01,5,2,Pasta Alfredo,44,14.0
2024-05-01,5,3,Lasagna Bolognese,33,16.0
2024-05-01,5,4,Bruschetta,38,8.0
2024-05-01,5,5,Tiramisu,38,7.0
2024-05-01,5,6,Caesar Salad,28,10.0
2024-05-01,5,7,Minestrone Soup,40,9.0
2024-05-02,1,1,Margherita Pizza,31,12.0
2024-05-02,1,2,Pasta Alfredo,35,14.0
2024-05-02,1,3,Lasagna Bolognese,22,16.0
2024-05-02,1,4,Bruschetta,28,8.0
2024-05-02,1,5,Tiramisu,30,7.0
2024-05-02,1,6,Caesar Salad,26,10.0
2024-05-02,1,7,Minestrone Soup,29,9.0
2024-05-02,2,1,Margherita Pizza,30,12.0
2024-05-02,2,2,Pasta Alfredo,38,14.0
2024-05-02,2,3,Lasagna Bolognese,28,16.0
2024-05-02,2,4,Bruschetta,39,8.0
2024-05-02,2,5,Tiramisu,33,7.0
2024-05-02,2,6,Caesar Salad,31,10.0
2024-05-02,2,7,Minestrone Soup,36,9.0
2024-05-02,3,1,Margherita Pizza,32,12.0
2024-05-02,3,2,Pasta Alfredo,41,14.0
2024-05-02,3,3,Lasagna Bolognese,27,16.0
2024-05-02,3,4,Bruschetta,35,8.0
2024-05-02,3,5,Tiramisu,44,7.0
2024-05-02,3,6,Caesar Salad,30,10.0
2024-05-02,3,7,Minestrone Soup,36,9.0
2024-05-02,4,1,Margherita Pizza,35,12.0
2024-05-02,4,2,Pasta Alfredo,37,14.0
2024-05-02,4,3,Lasagna Bolognese,29,16.0
2024-05-02,4,4,Bruschetta,39,8.0
2024-05-02,4,5,Tiramisu,37,7.0
2024-05-02,4,6,Caesar Salad,27,10.0
2024-05-02,4,7,Minestrone Soup,36,9.0
2024-05-02,5,1,Margherita Pizza,35,12.0
2024-05-02,5,2,Pasta Alfredo,41,14.0
2024-05-02,5,3,Lasagna Bolognese,30,16.0
2024-05-02,5,4,Bruschetta,33,8.0
2024-05-02,5,5,Tiramisu,41,7.0
2024-05-02,5,6,Caesar Salad,33,10.0
2024-05-02,5,7,Minestrone Soup,34,9.0
2024-05-03,1,1,Margherita Pizza,37,12.0
2024-05-03,1,2,Pasta Alfredo,47,14.0
2024-05-03,1,3,Lasagna Bolognese,37,16.0
2024-05-03,1,4,Bruschetta,41,8.0
2024-05-03,1,5,Tiramisu,47,7.0
2024-05-03,1,6,Caesar Salad,35,10.0
2024-05-03,1,7,Minestrone Soup,37,9.0
2024-05-03,2,1,Margherita Pizza,45,12.0
2024-05-03,2,2,Pasta Alfredo,52,14.0
2024-05-03,2,3,Lasagna Bolognese,35,16.0
2024-05-03,2,4,Bruschetta,47,8.0
2024-05-03,2,5,Tiramisu,48,7.0
2024-05-03,2,6,Caesar Salad,40,10.0
2024-05-03,2,7,Minestrone Soup,44,9.0
2024-05-03,3,1,Margherita Pizza,45,12.0
2024-05-03,3,2,Pasta Alfredo,54,14.0
2024-05-03,3,3,Lasagna Bolognese,38,16.0
2024-05-03,3,4,Bruschetta,50,8.0
2024-05-03,3,5,Tiramisu,51,7.0
2024-05-03,3,6,Caesar Salad,36,10.0
2024-05-03,3,7,Minestrone Soup,49,9.0
2024-05-03,4,1,Margherita Pizza,47,12.0
2024-05-03,4,2,Pasta Alfredo,59,14.0
2024-05-03,4,3,Lasagna Bolognese,45,16.0
2024-05-03,4,4,Bruschetta,47,8.0
2024-05-03,4,5,Tiramisu,59,7.0
2024-05-03,4,6,Caesar Salad,37,10.0
2024-05-03,4,7,Minestrone Soup,51,9.0
2024-05-03,5,1,Margherita Pizza,51,12.0
2024-05-03,5,2,Pasta Alfredo,60,14.0
2024-05-03,5,3,Lasagna Bolognese,40,16.0
2024-05-03,5,4,Bruschetta,46,8.0
2024-05-03,5,5,Tiramisu,61,7.0
2024-05-03,5,6,Caesar Salad,36,10.0
2024-05-03,5,7,Minestrone Soup,50,9.0
2024-05-04,1,1,Margherita Pizza,45,12.0
2024-05-04,1,2,Pasta Alfredo,49,14.0
2024-05-04,1,3,Lasagna Bolognese,41,16.0
2024-05-04,1,4,Bruschetta,45,8.0
2024-05-04,1,5,Tiramisu,47,7.0
2024-05-04,1,6,Caesar Salad,35,10.0
2024-05-04,1,7,Minestrone Soup,42,9.0
2024-05-04,2,1,Margherita Pizza,39,12.0
2024-05-04,2,2,Pasta Alfredo,49,14.0
2024-05-04,2,3,Lasagna Bolognese,35,16.0
2024-05-04,2,4,Bruschetta,38,8.0
2024-05-04,2,5,Tiramisu,51,7.0
2024-05-04,2,6,Caesar Salad,36,10.0
2024-05-04,2,7,Minestrone Soup,39,9.0
2024-05-04,3,1,Margherita Pizza,47,12.0
2024-05-04,3,2,Pasta Alfredo,56,14.0
2024-05-04,3,3,Lasagna Bolognese,39,16.0
2024-05-04,3,4,Bruschetta,45,8.0
2024-05-04,3,5,Tiramisu,56,7.0
2024-05-04,3,6,Caesar Salad,41,10.0
2024-05-04,3,7,Minestrone Soup,47,9.0
2024-05-04,4,1,Margherita Pizza,46,12.0
2024-05-04,4,2,Pasta Alfredo,57,14.0
2024-05-04,4,3,Lasagna Bolognese,44,16.0
2024-05-04,4,4,Bruschetta,47,8.0
2024-05-04,4,5,Tiramisu,63,7.0
2024-05-04,4,6,Caesar Salad,39,10.0
2024-05-04,4,7,Minestrone Soup,49,9.0
2024-05-04,5,1,Margherita Pizza,49,12.0
2024-05-04,5,2,Pasta Alfredo,60,14.0
2024-05-04,5,3,Lasagna Bolognese,37,16.0
2024-05-04,5,4,Bruschetta,49,8.0
2024-05-04,5,5,Tiramisu,56,7.0
2024-05-04,5,6,Caesar Salad,43,10.0
2024-05-04,5,7,Minestrone Soup,54,9.0
2024-05-05,1,1,Margherita Pizza,38,12.0
2024-05-05,1,2,Pasta Alfredo,34,14.0
2024-05-05,1,3,Lasagna Bolognese,36,16.0
2024-05-05,1,4,Bruschetta,36,8.0
2024-05-05,1,5,Tiramisu,39,7.0
2024-05-05,1,6,Caesar Salad,30,10.0
2024-05-05,1,7,Minestrone Soup,36,9.0
2024-05-05,2,1,Margherita Pizza,35,12.0
2024-05-05,2,2,Pasta Alfredo,44,14.0
2024-05-05,2,3,Lasagna Bolognese,29,16.0
2024-05-05,2,4,Bruschetta,36,8.0
2024-05-05,2,5,Tiramisu,42,7.0
2024-05-05,2,6,Caesar Salad,27,10.0
2024-05-05,2,7,Minestrone Soup,38,9.0
2024-05-05,3,1,Margherita Pizza,41,12.0
2024-05-05,3,2,Pasta Alfredo,47,14.0
2024-05-05,3,3,Lasagna Bolognese,35,16.0
2024-05-05,3,4,Bruschetta,40,8.0
2024-05-05,3,5,Tiramisu,44,7.0
2024-05-05,3,6,Caesar Salad,35,10.0
2024-05-05,3,7,Minestrone Soup,35,9.0
2024-05-05,4,1,Margherita Pizza,39,12.0
2024-05-05,4,2,Pasta Alfredo,45,14.0
2024-05-05,4,3,Lasagna Bolognese,38,16.0
2024-05-05,4,4,Bruschetta,44,8.0
2024-05-05,4,5,Tiramisu,50,7.0
2024-05-05,4,6,Caesar Salad,38,10.0
2024-05-05,4,7,Minestrone Soup,39,9.0
2024-05-05,5,1,Margherita Pizza,44,12.0
2024-05-05,5,2,Pasta Alfredo,50,14.0
2024-05-05,5,3,Lasagna Bolognese,38,16.0
2024-05-05,5,4,Bruschetta,43,8.0
2024-05-05,5,5,Tiramisu,49,7.0
2024-05-05,5,6,Caesar Salad,38,10.0
2024-05-05,5,7,Minestrone Soup,46,9.0
2024-05-06,1,1,Margherita Pizza,24,12.0
2024-05-06,1,2,Pasta Alfredo,31,14.0
2024-05-06,1,3,Lasagna Bolognese,19,16.0
2024-05-06,1,4,Bruschetta,19,8.0
2024-05-06,1,5,Tiramisu,31,7.0
2024-05-06,1,6,Caesar Salad,24,10.0
2024-05-06,1,7,Minestrone Soup,27,9.0
2024-05-06,2,1,Margherita Pizza,22,12.0
2024-05-06,2,2,Pasta Alfredo,31,14.0
2024-05-06,2,3,Lasagna Bolognese,16,16.0
2024-05-06,2,4,Bruschetta,32,8.0
2024-05-06,2,5,Tiramisu,29,7.0
2024-05-06,2,6,Caesar Salad,27,10.0
2024-05-06,2,7,Minestrone Soup,31,9.0
2024-05-06,3,1,Margherita Pizza,26,12.0
2024-05-06,3,2,Pasta Alfredo,31,14.0
2024-05-06,3,3,Lasagna Bolognese,25,16.0
2024-05-06,3,4,Bruschetta,27,8.0
2024-05-06,3,5,Tiramisu,34,7.0
2024-05-06,3,6,Caesar Salad,23,10.0
2024-05-06,3,7,Minestrone Soup,24,9.0
2024-05-06,4,1,Margherita Pizza,24,12.0
2024-05-06,4,2,Pasta Alfredo,36,14.0
2024-05-06,4,3,Lasagna Bolognese,24,16.0
2024-05-06,4,4,Bruschetta,29,8.0
2024-05-06,4,5,Tiramisu,38,7.0
2024-05-06,4,6,Caesar Salad,29,10.0
2024-05-06,4,7,Minestrone Soup,30,9.0
2024-05-06,5,1,Margherita Pizza,31,12.0
2024-05-06,5,2,Pasta Alfredo,39,14.0
2024-05-06,5,3,Lasagna Bolognese,22,16.0
2024-05-06,5,4,Bruschetta,33,8.0
2024-05-06,5,5,Tiramisu,39,7.0
2024-05-06,5,6,Caesar Salad,29,10.0
2024-05-06,5,7,Minestrone Soup,26,9.0
2024-05-07,1,1,Margherita Pizza,29,12.0
2024-05-07,1,2,Pasta Alfredo,33,14.0
2024-05-07,1,3,Lasagna Bolognese,26,16.0
2024-05-07,1,4,Bruschetta,32,8.0
2024-05-07,1,5,Tiramisu,41,7.0
2024-05-07,1,6,Caesar Salad,24,10.0
2024-05-07,1,7,Minestrone Soup,29,9.0
2024-05-07,2,1,Margherita Pizza,36,12.0
2024-05-07,2,2,Pasta Alfredo,39,14.0
2024-05-07,2,3,Lasagna Bolognese,31,16.0
2024-05-07,2,4,Bruschetta,33,8.0
2024-05-07,2,5,Tiramisu,35,7.0
2024-05-07,2,6,Caesar Salad,23,10.0
2024-05-07,2,7,Minestrone Soup,28,9.0
2024-05-07,3,1,Margherita Pizza,36,12.0
2024-05-07,3,2,Pasta Alfredo,43,14.0
2024-05-07,3,3,Lasagna Bolognese,34,16.0
2024-05-07,3,4,Bruschetta,37,8.0
2024-05-07,3,5,Tiramisu,43,7.0
2024-05-07,3,6,Caesar Salad,27,10.0
2024-05-07,3,7,Minestrone Soup,31,9.0
2024-05-07,4,1,Margherita Pizza,38,12.0
2024-05-07,4,2,Pasta Alfredo,43,14.0
2024-05-07,4,3,Lasagna Bolognese,30,16.0
2024-05-07,4,4,Bruschetta,37,8.0
2024-05-07,4,5,Tiramisu,43,7.0
2024-05-07,4,6,Caesar Salad,34,10.0
2024-05-07,4,7,Minestrone Soup,40,9.0
2024-05-07,5,1,Margherita Pizza,39,12.0
2024-05-07,5,2,Pasta Alfredo,46,14.0
2024-05-07,5,3,Lasagna Bolognese,33,16.0
2024-05-07,5,4,Bruschetta,36,8.0
2024-05-07,5,5,Tiramisu,46,7.0
2024-05-07,5,6,Caesar Salad,27,10.0
2024-05-07,5,7,Minestrone Soup,41,9.0
2024-05-08,1,1,Margherita Pizza,27,12.0
2024-05-08,1,2,Pasta Alfredo,37,14.0
2024-05-08,1,3,Lasagna Bolognese,23,16.0
2024-05-08,1,4,Bruschetta,33,8.0
2024-05-08,1,5,Tiramisu,36,7.0
2024-05-08,1,6,Caesar Salad,21,10.0
2024-05-08,1,7,Minestrone Soup,32,9.0
2024-05-08,2,1,Margherita Pizza,31,12.0
2024-05-08,2,2,Pasta Alfredo,41,14.0
2024-05-08,2,3,Lasagna Bolognese,27,16.0
2024-05-08,2,4,Bruschetta,34,8.0
2024-05-08,2,5,Tiramisu,35,7.0
2024-05-08,2,6,Caesar Salad,25,10.0
2024-05-08,2,7,Minestrone Soup,31,9.0
2024-05-08,3,1,Margherita Pizza,37,12.0
2024-05-08,3,2,Pasta Alfredo,45,14.0
2024-05-08,3,3,Lasagna Bolognese,26,16.0
2024-05-08,3,4,Bruschetta,37,8.0
2024-05-08,3,5,Tiramisu,33,7.0
2024-05-08,3,6,Caesar Salad,25,10.0
2024-05-08,3,7,Minestrone Soup,31,9.0
2024-05-08,4,1,Margherita Pizza,32,12.0
2024-05-08,4,2,Pasta Alfredo,37,14.0
2024-05-08,4,3,Lasagna Bolognese,31,16.0
2024-05-08,4,4,Bruschetta,35,8.0
2024-05-08,4,5,Tiramisu,43,7.0
2024-05-08,4,6,Caesar Salad,32,10.0
2024-05-08,4,7,Minestrone Soup,37,9.0
2024-05-08,5,1,Margherita Pizza,39,12.0
2024-05-08,5,2,Pasta Alfredo,44,14.0
2024-05-08,5,3,Lasagna Bolognese,28,16.0
2024-05-08,5,4,Bruschetta,41,8.0
2024-05-08,5,5,Tiramisu,42,7.0
2024-05-08,5,6,Caesar Salad,28,10.0
2024-05-08,5,7,Minestrone Soup,37,9.0
2024-05-09,1,1,Margherita Pizza,28,12.0
2024-05-09,1,2,Pasta Alfredo,35,14.0
2024-05-09,1,3,Lasagna Bolognese,27,16.0
2024-05-09,1,4,Bruschetta,32,8.0
2024-05-09,1,5,Tiramisu,33,7.0
2024-05-09,1,6,Caesar Salad,24,10.0
2024-05-09,1,7,Minestrone Soup,34,9.0
2024-05-09,2,1,Margherita Pizza,34,12.0
2024-05-09,2,2,Pasta Alfredo,44,14.0
2024-05-09,2,3,Lasagna Bolognese,31,16.0
2024-05-09,2,4,Bruschetta,36,8.0
2024-05-09,2,5,Tiramisu,34,7.0
2024-05-09,2,6,Caesar Salad,29,10.0
2024-05-09,2,7,Minestrone Soup,32,9.0
2024-05-09,3,1,Margherita Pizza,33,12.0
2024-05-09,3,2,Pasta Alfredo,40,14.0
2024-05-09,3,3,Lasagna Bolognese,31,16.0
2024-05-09,3,4,Bruschetta,36,8.0
2024-05-09,3,5,Tiramisu,37,7.0
2024-05-09,3,6,Caesar Salad,31,10.0
2024-05-09,3,7,Minestrone Soup,32,9.0
2024-05-09,4,1,Margherita Pizza,37,12.0
2024-05-09,4,2,Pasta Alfredo,41,14.0
2024-05-09,4,3,Lasagna Bolognese,29,16.0
2024-05-09,4,4,Bruschetta,38,8.0
2024-05-09,4,5,Tiramisu,39,7.0
2024-05-09,4,6,Caesar Salad,36,10.0
2024-05-09,4,7,Minestrone Soup,30,9.0
2024-05-09,5,1,Margherita Pizza,36,12.0
2024-05-09,5,2,Pasta Alfredo,45,14.0
2024-05-09,5,3,Lasagna Bolognese,33,16.0
2024-05-09,5,4,Bruschetta,37,8.0
2024-05-09,5,5,Tiramisu,44,7.0
2024-05-09,5,6,Caesar Salad,32,10.0
2024-05-09,5,7,Minestrone Soup,37,9.0
2024-05-10,1,1,Margherita Pizza,46,12.0
2024-05-10,1,2,Pasta Alfredo,51,14.0
2024-05-10,1,3,Lasagna Bolognese,37,16.0
2024-05-10,1,4,Bruschetta,39,8.0
2024-05-10,1,5,Tiramisu,49,7.0
2024-05-10,1,6,Caesar Salad,34,10.0
2024-05-10,1,7,Minestrone Soup,39,9.0
2024-05-10,2,1,Margherita Pizza,45,12.0
2024-05-10,2,2,Pasta Alfredo,50,14.0
2024-05-10,2,3,Lasagna Bolognese,39,16.0
2024-05-10,2,4,Bruschetta,41,8.0
2024-05-10,2,5,Tiramisu,56,7.0
2024-05-10,2,6,Caesar Salad,34,10.0
2024-05-10,2,7,Minestrone Soup,45,9.0
2024-05-10,3,1,Margherita Pizza,49,12.0
2024-05-10,3,2,Pasta Alfredo,52,14.0
2024-05-10,3,3,Lasagna Bolognese,41,16.0
2024-05-10,3,4,Bruschetta,43,8.0
2024-05-10,3,5,Tiramisu,58,7.0
2024-05-10,3,6,Caesar Salad,39,10.0
2024-05-10,3,7,Minestrone Soup,44,9.0
2024-05-10,4,1,Margherita Pizza,48,12.0
2024-05-10,4,2,Pasta Alfredo,59,14.0
2024-05-10,4,3,Lasagna Bolognese,39,16.0
2024-05-10,4,4,Bruschetta,46,8.0
2024-05-10,4,5,Tiramisu,56,7.0
2024-05-10,4,6,Caesar Salad,37,10.0
2024-05-10,4,7,Minestrone Soup,54,9.0
2024-05-10,5,1,Margherita Pizza,49,12.0
2024-05-10,5,2,Pasta Alfredo,62,14.0
2024-05-10,5,3,Lasagna Bolognese,43,16.0
2024-05-10,5,4,Bruschetta,48,8.0
2024-05-10,5,5,Tiramisu,59,7.0
2024-05-10,5,6,Caesar Salad,45,10.0
2024-05-10,5,7,Minestrone Soup,50,9.0
2024-05-11,1,1,Margherita Pizza,45,12.0
2024-05-11,1,2,Pasta Alfredo,52,14.0
2024-05-11,1,3,Lasagna Bolognese,38,16.0
2024-05-11,1,4,Bruschetta,40,8.0
2024-05-11,1,5,Tiramisu,46,7.0
2024-05-11,1,6,Caesar Salad,33,10.0
2024-05-11,1,7,Minestrone Soup,42,9.0
2024-05-11,2,1,Margherita Pizza,46,12.0
2024-05-11,2,2,Pasta Alfredo,45,14.0
2024-05-11,2,3,Lasagna Bolognese,37,16.0
2024-05-11,2,4,Bruschetta,44,8.0
2024-05-11,2,5,Tiramisu,51,7.0
2024-05-11,2,6,Caesar Salad,41,10.0
2024-05-11,2,7,Minestrone Soup,45,9.0
2024-05-11,3,1,Margherita Pizza,50,12.0
2024-05-11,3,2,Pasta Alfredo,53,14.0
2024-05-11,3,3,Lasagna Bolognese,41,16.0
2024-05-11,3,4,Bruschetta,51,8.0
2024-05-11,3,5,Tiramisu,58,7.0
2024-05-11,3,6,Caesar Salad,35,10.0
2024-05-11,3,7,Minestrone Soup,45,9.0
2024-05-11,4,1,Margherita Pizza,47,12.0
2024-05-11,4,2,Pasta Alfredo,58,14.0
2024-05-11,4,3,Lasagna Bolognese,42,16.0
2024-05-11,4,4,Bruschetta,46,8.0
2024-05-11,4,5,Tiramisu,57,7.0
2024-05-11,4,6,Caesar Salad,34,10.0
2024-05-11,4,7,Minestrone Soup,53,9.0
2024-05-11,5,1,Margherita Pizza,49,12.0
2024-05-11,5,2,Pasta Alfredo,59,14.0
2024-05-11,5,3,Lasagna Bolognese,41,16.0
2024-05-11,5,4,Bruschetta,54,8.0
2024-05-11,5,5,Tiramisu,51,7.0
2024-05-11,5,6,Caesar Salad,42,10.0
2024-05-11,5,7,Minestrone Soup,50,9.0
2024-05-12,1,1,Margherita Pizza,34,12.0
2024-05-12,1,2,Pasta Alfredo,47,14.0
2024-05-12,1,3,Lasagna Bolognese,27,16.0
2024-05-12,1,4,Bruschetta,38,8.0
2024-05-12,1,5,Tiramisu,43,7.0
2024-05-12,1,6,Caesar Salad,33,10.0
2024-05-12,1,7,Minestrone Soup,34,9.0
2024-05-12,2,1,Margherita Pizza,35,12.0
2024-05-12,2,2,Pasta Alfredo,47,14.0
2024-05-12,2,3,Lasagna Bolognese,33,16.0
2024-05-12,2,4,Bruschetta,33,8.0
2024-05-12,2,5,Tiramisu,42,7.0
2024-05-12,2,6,Caesar Salad,32,10.0
2024-05-12,2,7,Minestrone Soup,40,9.0
2024-05-12,3,1,Margherita Pizza,37,12.0
2024-05-12,3,2,Pasta Alfredo,37,14.0
2024-05-12,3,3,Lasagna Bolognese,34,16.0
2024-05-12,3,4,Bruschetta,36,8.0
2024-05-12,3,5,Tiramisu,40,7.0
2024-05-12,3,6,Caesar Salad,24,10.0
2024-05-12,3,7,Minestrone Soup,42,9.0
2024-05-12,4,1,Margherita Pizza,42,12.0
2024-05-12,4,2,Pasta Alfredo,47,14.0
2024-05-12,4,3,Lasagna Bolognese,39,16.0
2024-05-12,4,4,Bruschetta,43,8.0
2024-05-12,4,5,Tiramisu,53,7.0
2024-05-12,4,6,Caesar Salad,30,10.0
2024-05-12,4,7,Minestrone Soup,41,9.0
2024-05-12,5,1,Margherita Pizza,38,12.0
2024-05-12,5,2,Pasta Alfredo,50,14.0
2024-05-12,5,3,Lasagna Bolognese,35,16.0
2024-05-12,5,4,Bruschetta,45,8.0
2024-05-12,5,5,Tiramisu,50,7.0
2024-05-12,5,6,Caesar Salad,38,10.0
2024-05-12,5,7,Minestrone Soup,45,9.0
2024-05-13,1,1,Margherita Pizza,33,12.0
2024-05-13,1,2,Pasta Alfredo,30,14.0
2024-05-13,1,3,Lasagna Bolognese,19,16.0
2024-05-13,1,4,Bruschetta,27,8.0
2024-05-13,1,5,Tiramisu,28,7.0
2024-05-13,1,6,Caesar Salad,26,10.0
2024-05-13,1,7,Minestrone Soup,25,9.0
2024-05-13,2,1,Margherita Pizza,26,12.0
2024-05-13,2,2,Pasta Alfredo,31,14.0
2024-05-13,2,3,Lasagna Bolognese,25,16.0
2024-05-13,2,4,Bruschetta,27,8.0
2024-05-13,2,5,Tiramisu,30,7.0
2024-05-13,2,6,Caesar Salad,28,10.0
2024-05-13,2,7,Minestrone Soup,25,9.0
2024-05-13,3,1,Margherita Pizza,29,12.0
2024-05-13,3,2,Pasta Alfredo,36,14.0
2024-05-13,3,3,Lasagna Bolognese,19,16.0
2024-05-13,3,4,Bruschetta,31,8.0
2024-05-13,3,5,Tiramisu,31,7.0
2024-05-13,3,6,Caesar Salad,27,10.0
2024-05-13,3,7,Minestrone Soup,26,9.0
2024-05-13,4,1,Margherita Pizza,33,12.0
2024-05-13,4,2,Pasta Alfredo,39,14.0
2024-05-13,4,3,Lasagna Bolognese,28,16.0
2024-05-13,4,4,Bruschetta,31,8.0
2024-05-13,4,5,Tiramisu,35,7.0
2024-05-13,4,6,Caesar Salad,24,10.0
2024-05-13,4,7,Minestrone Soup,35,9.0
2024-05-13,5,1,Margherita Pizza,30,12.0
2024-05-13,5,2,Pasta Alfredo,34,14.0
2024-05-13,5,3,Lasagna Bolognese,29,16.0
2024-05-13,5,4,Bruschetta,29,8.0
2024-05-13,5,5,Tiramisu,34,7.0
2024-05-13,5,6,Caesar Salad,22,10.0
2024-05-13,5,7,Minestrone Soup,30,9.0
2024-05-14,1,1,Margherita Pizza,31,12.0
2024-05-14,1,2,Pasta Alfredo,37,14.0
2024-05-14,1,3,Lasagna Bolognese,29,16.0
2024-05-14,1,4,Bruschetta,33,8.0
2024-05-14,1,5,Tiramisu,36,7.0
2024-05-14,1,6,Caesar Salad,25,10.0
2024-05-14,1,7,Minestrone Soup,32,9.0
2024-05-14,2,1,Margherita Pizza,36,12.0
2024-05-14,2,2,Pasta Alfredo,38,14.0
2024-05-14,2,3,Lasagna Bolognese,26,16.0
2024-05-14,2,4,Bruschetta,30,8.0
2024-05-14,2,5,Tiramisu,34,7.0
2024-05-14,2,6,Caesar Salad,29,10.0
2024-05-14,2,7,Minestrone Soup,34,9.0
2024-05-14,3,1,Margherita Pizza,36,12.0
2024-05-14,3,2,Pasta Alfredo,40,14.0
2024-05-14,3,3,Lasagna Bolognese,33,16.0
2024-05-14,3,4,Bruschetta,33,8.0
2024-05-14,3,5,Tiramisu,43,7.0
2024-05-14,3,6,Caesar Salad,28,10.0
2024-05-14,3,7,Minestrone Soup,32,9.0
2024-05-14,4,1,Margherita Pizza,38,12.0
2024-05-14,4,2,Pasta Alfredo,43,14.0
2024-05-14,4,3,Lasagna Bolognese,31,16.0
2024-05-14,4,4,Bruschetta,36,8.0
2024-05-14,4,5,Tiramisu,42,7.0
2024-05-14,4,6,Caesar Salad,37,10.0
2024-05-14,4,7,Minestrone Soup,39,9.0
2024-05-14,5,1,Margherita Pizza,40,12.0
2024-05-14,5,2,Pasta Alfredo,44,14.0
2024-05-14,5,3,Lasagna Bolognese,34,16.0
2024-05-14,5,4,Bruschetta,39,8.0
2024-05-14,5,5,Tiramisu,44,7.0
2024-05-14,5,6,Caesar Salad,30,10.0
2024-05-14,5,7,Minestrone Soup,37,9.0
2024-05-15,1,1,Margherita Pizza,21,12.0
2024-05-15,1,2,Pasta Alfredo,37,14.0
2024-05-15,1,3,Lasagna Bolognese,24,16.0
2024-05-15,1,4,Bruschetta,36,8.0
2024-05-15,1,5,Tiramisu,36,7.0
2024-05-15,1,6,Caesar Salad,22,10.0
2024-05-15,1,7,Minestrone Soup,31,9.0
2024-05-15,2,1,Margherita Pizza,29,12.0
2024-05-15,2,2,Pasta Alfredo,39,14.0
2024-05-15,2,3,Lasagna Bolognese,28,16.0
2024-05-15,2,4,Bruschetta,35,8.0
2024-05-15,2,5,Tiramisu,36,7.0
2024-05-15,2,6,Caesar Salad,27,10.0
2024-05-15,2,7,Minestrone Soup,29,9.0
2024-05-15,3,1,Margherita Pizza,36,12.0
2024-05-15,3,2,Pasta Alfredo,41,14.0
2024-05-15,3,3,Lasagna Bolognese,30,16.0
2024-05-15,3,4,Bruschetta,34,8.0
2024-05-15,3,5,Tiramisu,41,7.0
2024-05-15,3,6,Caesar Salad,33,10.0
2024-05-15,3,7,Minestrone Soup,33,9.0
2024-05-15,4,1,Margherita Pizza,36,12.0
2024-05-15,4,2,Pasta Alfredo,39,14.0
2024-05-15,4,3,Lasagna Bolognese,27,16.0
2024-05-15,4,4,Bruschetta,36,8.0
2024-05-15,4,5,Tiramisu,45,7.0
2024-05-15,4,6,Caesar Salad,29,10.0
2024-05-15,4,7,Minestrone Soup,35,9.0
2024-05-15,5,1,Margherita Pizza,36,12.0
2024-05-15,5,2,Pasta Alfredo,42,14.0
2024-05-15,5,3,Lasagna Bolognese,32,16.0
2024-05-15,5,4,Bruschetta,33,8.0
2024-05-15,5,5,Tiramisu,48,7.0
2024-05-15,5,6,Caesar Salad,29,10.0
2024-05-15,5,7,Minestrone Soup,40,9.0
2024-05-16,1,1,Margherita Pizza,27,12.0
2024-05-16,1,2,Pasta Alfredo,38,14.0
2024-05-16,1,3,Lasagna Bolognese,28,16.0
2024-05-16,1,4,Bruschetta,32,8.0
2024-05-16,1,5,Tiramisu,33,7.0
2024-05-16,1,6,Caesar Salad,27,10.0
2024-05-16,1,7,Minestrone Soup,27,9.0
2024-05-16,2,1,Margherita Pizza,32,12.0
2024-05-16,2,2,Pasta Alfredo,41,14.0
2024-05-16,2,3,Lasagna Bolognese,30,16.0
2024-05-16,2,4,Bruschetta,33,8.0
2024-05-16,2,5,Tiramisu,35,7.0
2024-05-16,2,6,Caesar Salad,29,10.0
2024-05-16,2,7,Minestrone Soup,33,9.0
2024-05-16,3,1,Margherita Pizza,27,12.0
2024-05-16,3,2,Pasta Alfredo,42,14.0
2024-05-16,3,3,Lasagna Bolognese,28,16.0
2024-05-16,3,4,Bruschetta,38,8.0
2024-05-16,3,5,Tiramisu,37,7.0
2024-05-16,3,6,Caesar Salad,19,10.0
2024-05-16,3,7,Minestrone Soup,35,9.0
2024-05-16,4,1,Margherita Pizza,37,12.0
2024-05-16,4,2,Pasta Alfredo,37,14.0
2024-05-16,4,3,Lasagna Bolognese,27,16.0
2024-05-16,4,4,Bruschetta,44,8.0
2024-05-16,4,5,Tiramisu,41,7.0
2024-05-16,4,6,Caesar Salad,32,10.0
2024-05-16,4,7,Minestrone Soup,34,9.0
2024-05-16,5,1,Margherita Pizza,31,12.0
2024-05-16,5,2,Pasta Alfredo,43,14.0
2024-05-16,5,3,Lasagna Bolognese,30,16.0
2024-05-16,5,4,Bruschetta,36,8.0
2024-05-16,5,5,Tiramisu,43,7.0
2024-05-16,5,6,Caesar Salad,32,10.0
2024-05-16,5,7,Minestrone Soup,37,9.0
2024-05-17,1,1,Margherita Pizza,38,12.0
2024-05-17,1,2,Pasta Alfredo,50,14.0
2024-05-17,1,3,Lasagna Bolognese,29,16.0
2024-05-17,1,4,Bruschetta,36,8.0
2024-05-17,1,5,Tiramisu,51,7.0
2024-05-17,1,6,Caesar Salad,36,10.0
2024-05-17,1,7,Minestrone Soup,42,9.0
2024-05-17,2,1,Margherita Pizza,40,12.0
2024-05-17,2,2,Pasta Alfredo,49,14.0
2024-05-17,2,3,Lasagna Bolognese,36,16.0
2024-05-17,2,4,Bruschetta,39,8.0
2024-05-17,2,5,Tiramisu,49,7.0
2024-05-17,2,6,Caesar Salad,39,10.0
2024-05-17,2,7,Minestrone Soup,48,9.0
2024-05-17,3,1,Margherita Pizza,45,12.0
2024-05-17,3,2,Pasta Alfredo,56,14.0
2024-05-17,3,3,Lasagna Bolognese,33,16.0
2024-05-17,3,4,Bruschetta,48,8.0
2024-05-17,3,5,Tiramisu,51,7.0
2024-05-17,3,6,Caesar Salad,39,10.0
2024-05-17,3,7,Minestrone Soup,45,9.0
2024-05-17,4,1,Margherita Pizza,52,12.0
2024-05-17,4,2,Pasta Alfredo,54,14.0
2024-05-17,4,3,Lasagna Bolognese,42,16.0
2024-05-17,4,4,Bruschetta,48,8.0
2024-05-17,4,5,Tiramisu,56,7.0
2024-05-17,4,6,Caesar Salad,40,10.0
2024-05-17,4,7,Minestrone Soup,46,9.0
2024-05-17,5,1,Margherita Pizza,51,12.0
2024-05-17,5,2,Pasta Alfredo,59,14.0
2024-05-17,5,3,Lasagna Bolognese,43,16.0
2024-05-17,5,4,Bruschetta,51,8.0
2024-05-17,5,5,Tiramisu,61,7.0
2024-05-17,5,6,Caesar Salad,45,10.0
2024-05-17,5,7,Minestrone Soup,47,9.0
2024-05-18,1,1,Margherita Pizza,44,12.0
2024-05-18,1,2,Pasta Alfredo,45,14.0
2024-05-18,1,3,Lasagna Bolognese,37,16.0
2024-05-18,1,4,Bruschetta,44,8.0
2024-05-18,1,5,Tiramisu,43,7.0
2024-05-18,1,6,Caesar Salad,35,10.0
2024-05-18,1,7,Minestrone Soup,40,9.0
2024-05-18,2,1,Margherita Pizza,42,12.0
2024-05-18,2,2,Pasta Alfredo,55,14.0
2024-05-18,2,3,Lasagna Bolognese,35,16.0
2024-05-18,2,4,Bruschetta,42,8.0
2024-05-18,2,5,Tiramisu,52,7.0
2024-05-18,2,6,Caesar Salad,39,10.0
2024-05-18,2,7,Minestrone Soup,44,9.0
2024-05-18,3,1,Margherita Pizza,50,12.0
2024-05-18,3,2,Pasta Alfredo,56,14.0
2024-05-18,3,3,Lasagna Bolognese,32,16.0
2024-05-18,3,4,Bruschetta,45,8.0
2024-05-18,3,5,Tiramisu,52,7.0
2024-05-18,3,6,Caesar Salad,40,10.0
2024-05-18,3,7,Minestrone Soup,38,9.0
2024-05-18,4,1,Margherita Pizza,56,12.0
2024-05-18,4,2,Pasta Alfredo,58,14.0
2024-05-18,4,3,Lasagna Bolognese,41,16.0
2024-05-18,4,4,Bruschetta,52,8.0
2024-05-18,4,5,Tiramisu,64,7.0
2024-05-18,4,6,Caesar Salad,43,10.0
2024-05-18,4,7,Minestrone Soup,51,9.0
2024-05-18,5,1,Margherita Pizza,51,12.0
2024-05-18,5,2,Pasta Alfredo,59,14.0
2024-05-18,5,3,Lasagna Bolognese,41,16.0
2024-05-18,5,4,Bruschetta,48,8.0
2024-05-18,5,5,Tiramisu,57,7.0
2024-05-18,5,6,Caesar Salad,38,10.0
2024-05-18,5,7,Minestrone Soup,50,9.0
2024-05-19,1,1,Margherita Pizza,31,12.0
2024-05-19,1,2,Pasta Alfredo,42,14.0
2024-05-19,1,3,Lasagna Bolognese,30,16.0
2024-05-19,1,4,Bruschetta,36,8.0
2024-05-19,1,5,Tiramisu,40,7.0
2024-05-19,1,6,Caesar Salad,39,10.0
2024-05-19,1,7,Minestrone Soup,40,9.0
2024-05-19,2,1,Margherita Pizza,34,12.0
2024-05-19,2,2,Pasta Alfredo,44,14.0
2024-05-19,2,3,Lasagna Bolognese,29,16.0
2024-05-19,2,4,Bruschetta,34,8.0
2024-05-19,2,5,Tiramisu,40,7.0
2024-05-19,2,6,Caesar Salad,33,10.0
2024-05-19,2,7,Minestrone Soup,35,9.0
2024-05-19,3,1,Margherita Pizza,42,12.0
2024-05-19,3,2,Pasta Alfredo,49,14.0
2024-05-19,3,3,Lasagna Bolognese,37,16.0
2024-05-19,3,4,Bruschetta,37,8.0
2024-05-19,3,5,Tiramisu,47,7.0
2024-05-19,3,6,Caesar Salad,35,10.0
2024-05-19,3,7,Minestrone Soup,38,9.0
2024-05-19,4,1,Margherita Pizza,39,12.0
2024-05-19,4,2,Pasta Alfredo,53,14.0
2024-05-19,4,3,Lasagna Bolognese,35,16.0
2024-05-19,4,4,Bruschetta,43,8.0
2024-05-19,4,5,Tiramisu,46,7.0
2024-05-19,4,6,Caesar Salad,31,10.0
2024-05-19,4,7,Minestrone Soup,40,9.0
2024-05-19,5,1,Margherita Pizza,43,12.0
2024-05-19,5,2,Pasta Alfredo,47,14.0
2024-05-19,5,3,Lasagna Bolognese,36,16.0
2024-05-19,5,4,Bruschetta,38,8.0
2024-05-19,5,5,Tiramisu,47,7.0
2024-05-19,5,6,Caesar Salad,38,10.0
2024-05-19,5,7,Minestrone Soup,45,9.0
2024-05-20,1,1,Margherita Pizza,25,12.0
2024-05-20,1,2,Pasta Alfredo,28,14.0
2024-05-20,1,3,Lasagna Bolognese,19,16.0
2024-05-20,1,4,Bruschetta,25,8.0
2024-05-20,1,5,Tiramisu,33,7.0
2024-05-20,1,6,Caesar Salad,25,10.0
2024-05-20,1,7,Minestrone Soup,25,9.0
2024-05-20,2,1,Margherita Pizza,24,12.0
2024-05-20,2,2,Pasta Alfredo,33,14.0
2024-05-20,2,3,Lasagna Bolognese,21,16.0
2024-05-20,2,4,Bruschetta,26,8.0
2024-05-20,2,5,Tiramisu,36,7.0
2024-05-20,2,6,Caesar Salad,26,10.0
2024-05-20,2,7,Minestrone Soup,28,9.0
2024-05-20,3,1,Margherita Pizza,25,12.0
2024-05-20,3,2,Pasta Alfredo,35,14.0
2024-05-20,3,3,Lasagna Bolognese,27,16.0
2024-05-20,3,4,Bruschetta,28,8.0
2024-05-20,3,5,Tiramisu,38,7.0
2024-05-20,3,6,Caesar Salad,28,10.0
2024-05-20,3,7,Minestrone Soup,34,9.0
2024-05-20,4,1,Margherita Pizza,31,12.0
2024-05-20,4,2,Pasta Alfredo,37,14.0
2024-05-20,4,3,Lasagna Bolognese,30,16.0
2024-05-20,4,4,Bruschetta,32,8.0
2024-05-20,4,5,Tiramisu,34,7.0
2024-05-20,4,6,Caesar Salad,24,10.0
2024-05-20,4,7,Minestrone Soup,31,9.0
2024-05-20,5,1,Margherita Pizza,28,12.0
2024-05-20,5,2,Pasta Alfredo,37,14.0
2024-05-20,5,3,Lasagna Bolognese,30,16.0
2024-05-20,5,4,Bruschetta,25,8.0
2024-05-20,5,5,Tiramisu,42,7.0
2024-05-20,5,6,Caesar Salad,30,10.0
2024-05-20,5,7,Minestrone Soup,30,9.0
2024-05-21,1,1,Margherita Pizza,33,12.0
2024-05-21,1,2,Pasta Alfredo,36,14.0
2024-05-21,1,3,Lasagna Bolognese,29,16.0
2024-05-21,1,4,Bruschetta,34,8.0
2024-05-21,1,5,Tiramisu,32,7.0
2024-05-21,1,6,Caesar Salad,28,10.0
2024-05-21,1,7,Minestrone Soup,30,9.0
2024-05-21,2,1,Margherita Pizza,33,12.0
2024-05-21,2,2,Pasta Alfredo,36,14.0
2024-05-21,2,3,Lasagna Bolognese,32,16.0
2024-05-21,2,4,Bruschetta,36,8.0
2024-05-21,2,5,Tiramisu,36,7.0
2024-05-21,2,6,Caesar Salad,23,10.0
2024-05-21,2,7,Minestrone Soup,31,9.0
2024-05-21,3,1,Margherita Pizza,36,12.0
2024-05-21,3,2,Pasta Alfredo,41,14.0
2024-05-21,3,3,Lasagna Bolognese,32,16.0
2024-05-21,3,4,Bruschetta,37,8.0
2024-05-21,3,5,Tiramisu,43,7.0
2024-05-21,3,6,Caesar Salad,30,10.0
2024-05-21,3,7,Minestrone Soup,30,9.0
2024-05-21,4,1,Margherita Pizza,35,12.0
2024-05-21,4,2,Pasta Alfredo,45,14.0
2024-05-21,4,3,Lasagna Bolognese,30,16.0
2024-05-21,4,4,Bruschetta,37,8.0
2024-05-21,4,5,Tiramisu,41,7.0
2024-05-21,4,6,Caesar Salad,27,10.0
2024-05-21,4,7,Minestrone Soup,35,9.0
2024-05-21,5,1,Margherita Pizza,38,12.0
2024-05-21,5,2,Pasta Alfredo,42,14.0
2024-05-21,5,3,Lasagna Bolognese,31,16.0
2024-05-21,5,4,Bruschetta,35,8.0
2024-05-21,5,5,Tiramisu,47,7.0
2024-05-21,5,6,Caesar Salad,30,10.0
2024-05-21,5,7,Minestrone Soup,42,9.0
2024-05-22,1,1,Margherita Pizza,36,12.0
2024-05-22,1,2,Pasta Alfredo,36,14.0
2024-05-22,1,3,Lasagna Bolognese,23,16.0
2024-05-22,1,4,Bruschetta,25,8.0
2024-05-22,1,5,Tiramisu,32,7.0
2024-05-22,1,6,Caesar Salad,22,10.0
2024-05-22,1,7,Minestrone Soup,35,9.0
2024-05-22,2,1,Margherita Pizza,33,12.0
2024-05-22,2,2,Pasta Alfredo,39,14.0
2024-05-22,2,3,Lasagna Bolognese,21,16.0
2024-05-22,2,4,Bruschetta,29,8.0
2024-05-22,2,5,Tiramisu,41,7.0
2024-05-22,2,6,Caesar Salad,28,10.0
2024-05-22,2,7,Minestrone Soup,32,9.0
2024-05-22,3,1,Margherita Pizza,36,12.0
2024-05-22,3,2,Pasta Alfredo,45,14.0
2024-05-22,3,3,Lasagna Bolognese,28,16.0
2024-05-22,3,4,Bruschetta,34,8.0
2024-05-22,3,5,Tiramisu,41,7.0
2024-05-22,3,6,Caesar Salad,36,10.0
2024-05-22,3,7,Minestrone Soup,28,9.0
2024-05-22,4,1,Margherita Pizza,38,12.0
2024-05-22,4,2,Pasta Alfredo,41,14.0
2024-05-22,4,3,Lasagna Bolognese,32,16.0
2024-05-22,4,4,Bruschetta,34,8.0
2024-05-22,4,5,Tiramisu,42,7.0
2024-05-22,4,6,Caesar Salad,32,10.0
2024-05-22,4,7,Minestrone Soup,45,9.0
2024-05-22,5,1,Margherita Pizza,40,12.0
2024-05-22,5,2,Pasta Alfredo,41,14.0
2024-05-22,5,3,Lasagna Bolognese,30,16.0
2024-05-22,5,4,Bruschetta,36,8.0
2024-05-22,5,5,Tiramisu,38,7.0
2024-05-22,5,6,Caesar Salad,30,10.0
2024-05-22,5,7,Minestrone Soup,40,9.0
2024-05-23,1,1,Margherita Pizza,27,12.0
2024-05-23,1,2,Pasta Alfredo,39,14.0
2024-05-23,1,3,Lasagna Bolognese,27,16.0
2024-05-23,1,4,Bruschetta,29,8.0
2024-05-23,1,5,Tiramisu,36,7.0
2024-05-23,1,6,Caesar Salad,31,10.0
2024-05-23,1,7,Minestrone Soup,33,9.0
2024-05-23,2,1,Margherita Pizza,33,12.0
2024-05-23,2,2,Pasta Alfredo,37,14.0
2024-05-23,2,3,Lasagna Bolognese,27,16.0
2024-05-23,2,4,Bruschetta,31,8.0
2024-05-23,2,5,Tiramisu,32,7.0
2024-05-23,2,6,Caesar Salad,33,10.0
2024-05-23,2,7,Minestrone Soup,33,9.0
2024-05-23,3,1,Margherita Pizza,35,12.0
2024-05-23,3,2,Pasta Alfredo,40,14.0
2024-05-23,3,3,Lasagna Bolognese,26,16.0
2024-05-23,3,4,Bruschetta,34,8.0
2024-05-23,3,5,Tiramisu,35,7.0
2024-05-23,3,6,Caesar Salad,35,10.0
2024-05-23,3,7,Minestrone Soup,31,9.0
2024-05-23,4,1,Margherita Pizza,33,12.0
2024-05-23,4,2,Pasta Alfredo,41,14.0
2024-05-23,4,3,Lasagna Bolognese,34,16.0
2024-05-23,4,4,Bruschetta,36,8.0
2024-05-23,4,5,Tiramisu,38,7.0
2024-05-23,4,6,Caesar Salad,34,10.0
2024-05-23,4,7,Minestrone Soup,38,9.0
2024-05-23,5,1,Margherita Pizza,39,12.0
2024-05-23,5,2,Pasta Alfredo,46,14.0
2024-05-23,5,3,Lasagna Bolognese,38,16.0
2024-05-23,5,4,Bruschetta,44,8.0
2024-05-23,5,5,Tiramisu,42,7.0
2024-05-23,5,6,Caesar Salad,36,10.0
2024-05-23,5,7,Minestrone Soup,39,9.0
2024-05-24,1,1,Margherita Pizza,43,12.0
2024-05-24,1,2,Pasta Alfredo,44,14.0
2024-05-24,1,3,Lasagna Bolognese,34,16.0
2024-05-24,1,4,Bruschetta,39,8.0
2024-05-24,1,5,Tiramisu,51,7.0
2024-05-24,1,6,Caesar Salad,38,10.0
2024-05-24,1,7,Minestrone Soup,36,9.0
2024-05-24,2,1,Margherita Pizza,44,12.0
2024-05-24,2,2,Pasta Alfredo,55,14.0
2024-05-24,2,3,Lasagna Bolognese,36,16.0
2024-05-24,2,4,Bruschetta,46,8.0
2024-05-24,2,5,Tiramisu,52,7.0
2024-05-24,2,6,Caesar Salad,38,10.0
2024-05-24,2,7,Minestrone Soup,43,9.0
2024-05-24,3,1,Margherita Pizza,43,12.0
2024-05-24,3,2,Pasta Alfredo,51,14.0
2024-05-24,3,3,Lasagna Bolognese,41,16.0
2024-05-24,3,4,Bruschetta,46,8.0
2024-05-24,3,5,Tiramisu,53,7.0
2024-05-24,3,6,Caesar Salad,37,10.0
2024-05-24,3,7,Minestrone Soup,45,9.0
2024-05-24,4,1,Margherita Pizza,52,12.0
2024-05-24,4,2,Pasta Alfredo,55,14.0
2024-05-24,4,3,Lasagna Bolognese,36,16.0
2024-05-24,4,4,Bruschetta,51,8.0
2024-05-24,4,5,Tiramisu,56,7.0
2024-05-24,4,6,Caesar Salad,40,10.0
2024-05-24,4,7,Minestrone Soup,53,9.0
2024-05-24,5,1,Margherita Pizza,51,12.0
2024-05-24,5,2,Pasta Alfredo,60,14.0
2024-05-24,5,3,Lasagna Bolognese,39,16.0
2024-05-24,5,4,Bruschetta,50,8.0
2024-05-24,5,5,Tiramisu,61,7.0
2024-05-24,5,6,Caesar Salad,38,10.0
2024-05-24,5,7,Minestrone Soup,51,9.0
2024-05-25,1,1,Margherita Pizza,42,12.0
2024-05-25,1,2,Pasta Alfredo,49,14.0
2024-05-25,1,3,Lasagna Bolognese,38,16.0
2024-05-25,1,4,Bruschetta,43,8.0
2024-05-25,1,5,Tiramisu,53,7.0
2024-05-25,1,6,Caesar Salad,32,10.0
2024-05-25,1,7,Minestrone Soup,42,9.0
2024-05-25,2,1,Margherita Pizza,44,12.0
2024-05-25,2,2,Pasta Alfredo,48,14.0
2024-05-25,2,3,Lasagna Bolognese,40,16.0
2024-05-25,2,4,Bruschetta,51,8.0
2024-05-25,2,5,Tiramisu,51,7.0
2024-05-25,2,6,Caesar Salad,38,10.0
2024-05-25,2,7,Minestrone Soup,44,9.0
2024-05-25,3,1,Margherita Pizza,44,12.0
2024-05-25,3,2,Pasta Alfredo,48,14.0
2024-05-25,3,3,Lasagna Bolognese,36,16.0
2024-05-25,3,4,Bruschetta,42,8.0
2024-05-25,3,5,Tiramisu,59,7.0
2024-05-25,3,6,Caesar Salad,38,10.0
2024-05-25,3,7,Minestrone Soup,45,9.0
2024-05-25,4,1,Margherita Pizza,51,12.0
2024-05-25,4,2,Pasta Alfredo,53,14.0
2024-05-25,4,3,Lasagna Bolognese,38,16.0
2024-05-25,4,4,Bruschetta,49,8.0
2024-05-25,4,5,Tiramisu,60,7.0
2024-05-25,4,6,Caesar Salad,42,10.0
2024-05-25,4,7,Minestrone Soup,49,9.0
2024-05-25,5,1,Margherita Pizza,51,12.0
2024-05-25,5,2,Pasta Alfredo,60,14.0
2024-05-25,5,3,Lasagna Bolognese,43,16.0
2024-05-25,5,4,Bruschetta,48,8.0
2024-05-25,5,5,Tiramisu,59,7.0
2024-05-25,5,6,Caesar Salad,39,10.0
2024-05-25,5,7,Minestrone Soup,51,9.0
2024-05-26,1,1,Margherita Pizza,34,12.0
2024-05-26,1,2,Pasta Alfredo,49,14.0
2024-05-26,1,3,Lasagna Bolognese,30,16.0
2024-05-26,1,4,Bruschetta,31,8.0
2024-05-26,1,5,Tiramisu,41,7.0
2024-05-26,1,6,Caesar Salad,31,10.0
2024-05-26,1,7,Minestrone Soup,41,9.0
2024-05-26,2,1,Margherita Pizza,36,12.0
2024-05-26,2,2,Pasta Alfredo,39,14.0
2024-05-26,2,3,Lasagna Bolognese,34,16.0
2024-05-26,2,4,Bruschetta,33,8.0
2024-05-26,2,5,Tiramisu,42,7.0
2024-05-26,2,6,Caesar Salad,30,10.0
2024-05-26,2,7,Minestrone Soup,37,9.0
2024-05-26,3,1,Margherita Pizza,41,12.0
2024-05-26,3,2,Pasta Alfredo,44,14.0
2024-05-26,3,3,Lasagna Bolognese,32,16.0
2024-05-26,3,4,Bruschetta,39,8.0
2024-05-26,3,5,Tiramisu,46,7.0
2024-05-26,3,6,Caesar Salad,33,10.0
2024-05-26,3,7,Minestrone Soup,41,9.0
2024-05-26,4,1,Margherita Pizza,44,12.0
2024-05-26,4,2,Pasta Alfredo,49,14.0
2024-05-26,4,3,Lasagna Bolognese,36,16.0
2024-05-26,4,4,Bruschetta,36,8.0
2024-05-26,4,5,Tiramisu,48,7.0
2024-05-26,4,6,Caesar Salad,36,10.0
2024-05-26,4,7,Minestrone Soup,43,9.0
2024-05-26,5,1,Margherita Pizza,41,12.0
2024-05-26,5,2,Pasta Alfredo,48,14.0
2024-05-26,5,3,Lasagna Bolognese,34,16.0
2024-05-26,5,4,Bruschetta,45,8.0
2024-05-26,5,5,Tiramisu,53,7.0
2024-05-26,5,6,Caesar Salad,35,10.0
2024-05-26,5,7,Minestrone Soup,46,9.0
2024-05-27,1,1,Margherita Pizza,27,12.0
2024-05-27,1,2,Pasta Alfredo,30,14.0
2024-05-27,1,3,Lasagna Bolognese,21,16.0
2024-05-27,1,4,Bruschetta,29,8.0
2024-05-27,1,5,Tiramisu,32,7.0
2024-05-27,1,6,Caesar Salad,29,10.0
2024-05-27,1,7,Minestrone Soup,24,9.0
2024-05-27,2,1,Margherita Pizza,29,12.0
2024-05-27,2,2,Pasta Alfredo,31,14.0
2024-05-27,2,3,Lasagna Bolognese,20,16.0
2024-05-27,2,4,Bruschetta,28,8.0
2024-05-27,2,5,Tiramisu,33,7.0
2024-05-27,2,6,Caesar Salad,32,10.0
2024-05-27,2,7,Minestrone Soup,27,9.0
2024-05-27,3,1,Margherita Pizza,26,12.0
2024-05-27,3,2,Pasta Alfredo,35,14.0
2024-05-27,3,3,Lasagna Bolognese,18,16.0
2024-05-27,3,4,Bruschetta,29,8.0
2024-05-27,3,5,Tiramisu,34,7.0
2024-05-27,3,6,Caesar Salad,27,10.0
2024-05-27,3,7,Minestrone Soup,32,9.0
2024-05-27,4,1,Margherita Pizza,29,12.0
2024-05-27,4,2,Pasta Alfredo,35,14.0
2024-05-27,4,3,Lasagna Bolognese,23,16.0
2024-05-27,4,4,Bruschetta,27,8.0
2024-05-27,4,5,Tiramisu,36,7.0
2024-05-27,4,6,Caesar Salad,22,10.0
2024-05-27,4,7,Minestrone Soup,29,9.0
2024-05-27,5,1,Margherita Pizza,29,12.0
2024-05-27,5,2,Pasta Alfredo,39,14.0
2024-05-27,5,3,Lasagna Bolognese,32,16.0
2024-05-27,5,4,Bruschetta,28,8.0
2024-05-27,5,5,Tiramisu,32,7.0
2024-05-27,5,6,Caesar Salad,26,10.0
2024-05-27,5,7,Minestrone Soup,32,9.0
2024-05-28,1,1,Margherita Pizza,32,12.0
2024-05-28,1,2,Pasta Alfredo,35,14.0
2024-05-28,1,3,Lasagna Bolognese,25,16.0
2024-05-28,1,4,Bruschetta,32,8.0
2024-05-28,1,5,Tiramisu,39,7.0
2024-05-28,1,6,Caesar Salad,20,10.0
2024-05-28,1,7,Minestrone Soup,30,9.0
2024-05-28,2,1,Margherita Pizza,33,12.0
2024-05-28,2,2,Pasta Alfredo,35,14.0
2024-05-28,2,3,Lasagna Bolognese,32,16.0
2024-05-28,2,4,Bruschetta,31,8.0
2024-05-28,2,5,Tiramisu,38,7.0
2024-05-28,2,6,Caesar Salad,29,10.0
2024-05-28,2,7,Minestrone Soup,31,9.0
2024-05-28,3,1,Margherita Pizza,29,12.0
2024-05-28,3,2,Pasta Alfredo,39,14.0
2024-05-28,3,3,Lasagna Bolognese,32,16.0
2024-05-28,3,4,Bruschetta,33,8.0
2024-05-28,3,5,Tiramisu,37,7.0
2024-05-28,3,6,Caesar Salad,31,10.0
2024-05-28,3,7,Minestrone Soup,33,9.0
2024-05-28,4,1,Margherita Pizza,34,12.0
2024-05-28,4,2,Pasta Alfredo,42,14.0
2024-05-28,4,3,Lasagna Bolognese,32,16.0
2024-05-28,4,4,Bruschetta,43,8.0
2024-05-28,4,5,Tiramisu,44,7.0
2024-05-28,4,6,Caesar Salad,33,10.0
2024-05-28,4,7,Minestrone Soup,34,9.0
2024-05-28,5,1,Margherita Pizza,34,12.0
2024-05-28,5,2,Pasta Alfredo,44,14.0
2024-05-28,5,3,Lasagna Bolognese,32,16.0
2024-05-28,5,4,Bruschetta,34,8.0
2024-05-28,5,5,Tiramisu,43,7.0
2024-05-28,5,6,Caesar Salad,32,10.0
2024-05-28,5,7,Minestrone Soup,39,9.0
2024-05-29,1,1,Margherita Pizza,32,12.0
2024-05-29,1,2,Pasta Alfredo,37,14.0
2024-05-29,1,3,Lasagna Bolognese,24,16.0
2024-05-29,1,4,Bruschetta,29,8.0
2024-05-29,1,5,Tiramisu,33,7.0
2024-05-29,1,6,Caesar Salad,31,10.0
2024-05-29,1,7,Minestrone Soup,31,9.0
2024-05-29,2,1,Margherita Pizza,32,12.0
2024-05-29,2,2,Pasta Alfredo,35,14.0
2024-05-29,2,3,Lasagna Bolognese,36,16.0
2024-05-29,2,4,Bruschetta,29,8.0
2024-05-29,2,5,Tiramisu,37,7.0
2024-05-29,2,6,Caesar Salad,28,10.0
2024-05-29,2,7,Minestrone Soup,34,9.0
2024-05-29,3,1,Margherita Pizza,37,12.0
2024-05-29,3,2,Pasta Alfredo,45,14.0
2024-05-29,3,3,Lasagna Bolognese,30,16.0
2024-05-29,3,4,Bruschetta,31,8.0
2024-05-29,3,5,Tiramisu,39,7.0
2024-05-29,3,6,Caesar Salad,29,10.0
2024-05-29,3,7,Minestrone Soup,40,9.0
2024-05-29,4,1,Margherita Pizza,32,12.0
2024-05-29,4,2,Pasta Alfredo,45,14.0
2024-05-29,4,3,Lasagna Bolognese,30,16.0
2024-05-29,4,4,Bruschetta,38,8.0
2024-05-29,4,5,Tiramisu,42,7.0
2024-05-29,4,6,Caesar Salad,27,10.0
2024-05-29,4,7,Minestrone Soup,38,9.0
2024-05-29,5,1,Margherita Pizza,39,12.0
2024-05-29,5,2,Pasta Alfredo,47,14.0
2024-05-29,5,3,Lasagna Bolognese,31,16.0
2024-05-29,5,4,Bruschetta,36,8.0
2024-05-29,5,5,Tiramisu,39,7.0
2024-05-29,5,6,Caesar Salad,34,10.0
2024-05-29,5,7,Minestrone Soup,39,9.0
2024-05-30,1,1,Margherita Pizza,28,12.0
2024-05-30,1,2,Pasta Alfredo,35,14.0
2024-05-30,1,3,Lasagna Bolognese,24,16.0
2024-05-30,1,4,Bruschetta,27,8.0
2024-05-30,1,5,Tiramisu,34,7.0
2024-05-30,1,6,Caesar Salad,22,10.0
2024-05-30,1,7,Minestrone Soup,30,9.0
2024-05-30,2,1,Margherita Pizza,30,12.0
2024-05-30,2,2,Pasta Alfredo,33,14.0
2024-05-30,2,3,Lasagna Bolognese,33,16.0
2024-05-30,2,4,Bruschetta,36,8.0
2024-05-30,2,5,Tiramisu,36,7.0
2024-05-30,2,6,Caesar Salad,28,10.0
2024-05-30,2,7,Minestrone Soup,34,9.0
2024-05-30,3,1,Margherita Pizza,38,12.0
2024-05-30,3,2,Pasta Alfredo,37,14.0
2024-05-30,3,3,Lasagna Bolognese,32,16.0
2024-05-30,3,4,Bruschetta,33,8.0
2024-05-30,3,5,Tiramisu,36,7.0
2024-05-30,3,6,Caesar Salad,31,10.0
2024-05-30,3,7,Minestrone Soup,38,9.0
2024-05-30,4,1,Margherita Pizza,44,12.0
2024-05-30,4,2,Pasta Alfredo,38,14.0
2024-05-30,4,3,Lasagna Bolognese,32,16.0
2024-05-30,4,4,Bruschetta,35,8.0
2024-05-30,4,5,Tiramisu,44,7.0
2024-05-30,4,6,Caesar Salad,25,10.0
2024-05-30,4,7,Minestrone Soup,32,9.0
2024-05-30,5,1,Margherita Pizza,35,12.0
2024-05-30,5,2,Pasta Alfredo,44,14.0
2024-05-30,5,3,Lasagna Bolognese,29,16.0
2024-05-30,5,4,Bruschetta,39,8.0
2024-05-30,5,5,Tiramisu,47,7.0
2024-05-30,5,6,Caesar Salad,33,10.0
2024-05-30,5,7,Minestrone Soup,42,9.0
2024-05-31,1,1,Margherita Pizza,43,12.0
2024-05-31,1,2,Pasta Alfredo,45,14.0
2024-05-31,1,3,Lasagna Bolognese,39,16.0
2024-05-31,1,4,Bruschetta,40,8.0
2024-05-31,1,5,Tiramisu,52,7.0
2024-05-31,1,6,Caesar Salad,40,10.0
2024-05-31,1,7,Minestrone Soup,43,9.0
2024-05-31,2,1,Margherita Pizza,40,12.0
2024-05-31,2,2,Pasta Alfredo,49,14.0
2024-05-31,2,3,Lasagna Bolognese,41,16.0
2024-05-31,2,4,Bruschetta,44,8.0
2024-05-31,2,5,Tiramisu,52,7.0
2024-05-31,2,6,Caesar Salad,39,10.0
2024-05-31,2,7,Minestrone Soup,46,9.0
2024-05-31,3,1,Margherita Pizza,47,12.0
2024-05-31,3,2,Pasta Alfredo,53,14.0
2024-05-31,3,3,Lasagna Bolognese,38,16.0
2024-05-31,3,4,Bruschetta,49,8.0
2024-05-31,3,5,Tiramisu,56,7.0
2024-05-31,3,6,Caesar Salad,38,10.0
2024-05-31,3,7,Minestrone Soup,49,9.0
2024-05-31,4,1,Margherita Pizza,48,12.0
2024-05-31,4,2,Pasta Alfredo,54,14.0
2024-05-31,4,3,Lasagna Bolognese,38,16.0
2024-05-31,4,4,Bruschetta,45,8.0
2024-05-31,4,5,Tiramisu,56,7.0
2024-05-31,4,6,Caesar Salad,44,10.0
2024-05-31,4,7,Minestrone Soup,46,9.0
2024-05-31,5,1,Margherita Pizza,51,12.0
2024-05-31,5,2,Pasta Alfredo,57,14.0
2024-05-31,5,3,Lasagna Bolognese,41,16.0
2024-05-31,5,4,Bruschetta,46,8.0
2024-05-31,5,5,Tiramisu,58,7.0
2024-05-31,5,6,Caesar Salad,42,10.0
2024-05-31,5,7,Minestrone Soup,52,9.0
2024-06-01,1,1,Margherita Pizza,41,12.0
2024-06-01,1,2,Pasta Alfredo,44,14.0
2024-06-01,1,3,Lasagna Bolognese,37,16.0
2024-06-01,1,4,Bruschetta,41,8.0
2024-06-01,1,5,Tiramisu,48,7.0
2024-06-01,1,6,Caesar Salad,34,10.0
2024-06-01,1,7,Minestrone Soup,39,9.0
2024-06-01,2,1,Margherita Pizza,43,12.0
2024-06-01,2,2,Pasta Alfredo,51,14.0
2024-06-01,2,3,Lasagna Bolognese,30,16.0
2024-06-01,2,4,Bruschetta,41,8.0
2024-06-01,2,5,Tiramisu,49,7.0
2024-06-01,2,6,Caesar Salad,36,10.0
2024-06-01,2,7,Minestrone Soup,46,9.0
2024-06-01,3,1,Margherita Pizza,42,12.0
2024-06-01,3,2,Pasta Alfredo,51,14.0
2024-06-01,3,3,Lasagna Bolognese,36,16.0
2024-06-01,3,4,Bruschetta,42,8.0
2024-06-01,3,5,Tiramisu,51,7.0
2024-06-01,3,6,Caesar Salad,40,10.0
2024-06-01,3,7,Minestrone Soup,41,9.0
2024-06-01,4,1,Margherita Pizza,48,12.0
2024-06-01,4,2,Pasta Alfredo,49,14.0
2024-06-01,4,3,Lasagna Bolognese,37,16.0
2024-06-01,4,4,Bruschetta,46,8.0
2024-06-01,4,5,Tiramisu,60,7.0
2024-06-01,4,6,Caesar Salad,38,10.0
2024-06-01,4,7,Minestrone Soup,40,9.0
2024-06-01,5,1,Margherita Pizza,43,12.0
2024-06-01,5,2,Pasta Alfredo,57,14.0
2024-06-01,5,3,Lasagna Bolognese,43,16.0
2024-06-01,5,4,Bruschetta,50,8.0
2024-06-01,5,5,Tiramisu,58,7.0
2024-06-01,5,6,Caesar Salad,44,10.0
2024-06-01,5,7,Minestrone Soup,47,9.0
2024-06-02,1,1,Margherita Pizza,37,12.0
2024-06-02,1,2,Pasta Alfredo,35,14.0
2024-06-02,1,3,Lasagna Bolognese,26,16.0
2024-06-02,1,4,Bruschetta,29,8.0
2024-06-02,1,5,Tiramisu,39,7.0
2024-06-02,1,6,Caesar Salad,29,10.0
2024-06-02,1,7,Minestrone Soup,35,9.0
2024-06-02,2,1,Margherita Pizza,36,12.0
2024-06-02,2,2,Pasta Alfredo,39,14.0
2024-06-02,2,3,Lasagna Bolognese,30,16.0
2024-06-02,2,4,Bruschetta,32,8.0
2024-06-02,2,5,Tiramisu,46,7.0
2024-06-02,2,6,Caesar Salad,29,10.0
2024-06-02,2,7,Minestrone Soup,35,9.0
2024-06-02,3,1,Margherita Pizza,43,12.0
2024-06-02,3,2,Pasta Alfredo,41,14.0
2024-06-02,3,3,Lasagna Bolognese,28,16.0
2024-06-02,3,4,Bruschetta,35,8.0
2024-06-02,3,5,Tiramisu,44,7.0
2024-06-02,3,6,Caesar Salad,33,10.0
2024-06-02,3,7,Minestrone Soup,40,9.0
2024-06-02,4,1,Margherita Pizza,48,12.0
2024-06-02,4,2,Pasta Alfredo,40,14.0
2024-06-02,4,3,Lasagna Bolognese,35,16.0
2024-06-02,4,4,Bruschetta,38,8.0
2024-06-02,4,5,Tiramisu,45,7.0
2024-06-02,4,6,Caesar Salad,31,10.0
2024-06-02,4,7,Minestrone Soup,37,9.0
2024-06-02,5,1,Margherita Pizza,47,12.0
2024-06-02,5,2,Pasta Alfredo,51,14.0
2024-06-02,5,3,Lasagna Bolognese,35,16.0
2024-06-02,5,4,Bruschetta,46,8.0
2024-06-02,5,5,Tiramisu,44,7.0
2024-06-02,5,6,Caesar Salad,31,10.0
2024-06-02,5,7,Minestrone Soup,35,9.0
2024-06-03,1,1,Margherita Pizza,23,12.0
2024-06-03,1,2,Pasta Alfredo,30,14.0
2024-06-03,1,3,Lasagna Bolognese,22,16.0
2024-06-03,1,4,Bruschetta,26,8.0
2024-06-03,1,5,Tiramisu,25,7.0
2024-06-03,1,6,Caesar Salad,24,10.0
2024-06-03,1,7,Minestrone Soup,26,9.0
2024-06-03,2,1,Margherita Pizza,29,12.0
2024-06-03,2,2,Pasta Alfredo,26,14.0
2024-06-03,2,3,Lasagna Bolognese,23,16.0
2024-06-03,2,4,Bruschetta,23,8.0
2024-06-03,2,5,Tiramisu,30,7.0
2024-06-03,2,6,Caesar Salad,24,10.0
2024-06-03,2,7,Minestrone Soup,27,9.0
2024-06-03,3,1,Margherita Pizza,26,12.0
2024-06-03,3,2,Pasta Alfredo,33,14.0
2024-06-03,3,3,Lasagna Bolognese,19,16.0
2024-06-03,3,4,Bruschetta,32,8.0
2024-06-03,3,5,Tiramisu,32,7.0
2024-06-03,3,6,Caesar Salad,27,10.0
2024-06-03,3,7,Minestrone Soup,27,9.0
2024-06-03,4,1,Margherita Pizza,28,12.0
2024-06-03,4,2,Pasta Alfredo,32,14.0
2024-06-03,4,3,Lasagna Bolognese,27,16.0
2024-06-03,4,4,Bruschetta,27,8.0
2024-06-03,4,5,Tiramisu,36,7.0
2024-06-03,4,6,Caesar Salad,23,10.0
2024-06-03,4,7,Minestrone Soup,24,9.0
2024-06-03,5,1,Margherita Pizza,29,12.0
2024-06-03,5,2,Pasta Alfredo,32,14.0
2024-06-03,5,3,Lasagna Bolognese,26,16.0
2024-06-03,5,4,Bruschetta,27,8.0
2024-06-03,5,5,Tiramisu,39,7.0
2024-06-03,5,6,Caesar Salad,25,10.0
2024-06-03,5,7,Minestrone Soup,30,9.0
2024-06-04,1,1,Margherita Pizza,32,12.0
2024-06-04,1,2,Pasta Alfredo,38,14.0
2024-06-04,1,3,Lasagna Bolognese,25,16.0
2024-06-04,1,4,Bruschetta,28,8.0
2024-06-04,1,5,Tiramisu,30,7.0
2024-06-04,1,6,Caesar Salad,23,10.0
2024-06-04,1,7,Minestrone Soup,28,9.0
2024-06-04,2,1,Margherita Pizza,32,12.0
2024-06-04,2,2,Pasta Alfredo,36,14.0
2024-06-04,2,3,Lasagna Bolognese,28,16.0
2024-06-04,2,4,Bruschetta,30,8.0
2024-06-04,2,5,Tiramisu,37,7.0
2024-06-04,2,6,Caesar Salad,30,10.0
2024-06-04,2,7,Minestrone Soup,33,9.0
2024-06-04,3,1,Margherita Pizza,33,12.0
2024-06-04,3,2,Pasta Alfredo,37,14.0
2024-06-04,3,3,Lasagna Bolognese,26,16.0
2024-06-04,3,4,Bruschetta,31,8.0
2024-06-04,3,5,Tiramisu,37,7.0
2024-06-04,3,6,Caesar Salad,30,10.0
2024-06-04,3,7,Minestrone Soup,32,9.0
2024-06-04,4,1,Margherita Pizza,31,12.0
2024-06-04,4,2,Pasta Alfredo,46,14.0
2024-06-04,4,3,Lasagna Bolognese,30,16.0
2024-06-04,4,4,Bruschetta,30,8.0
2024-06-04,4,5,Tiramisu,39,7.0
2024-06-04,4,6,Caesar Salad,29,10.0
2024-06-04,4,7,Minestrone Soup,40,9.0
2024-06-04,5,1,Margherita Pizza,33,12.0
2024-06-04,5,2,Pasta Alfredo,45,14.0
2024-06-04,5,3,Lasagna Bolognese,34,16.0
2024-06-04,5,4,Bruschetta,34,8.0
2024-06-04,5,5,Tiramisu,41,7.0
2024-06-04,5,6,Caesar Salad,27,10.0
2024-06-04,5,7,Minestrone Soup,36,9.0
2024-06-05,1,1,Margherita Pizza,30,12.0
2024-06-05,1,2,Pasta Alfredo,37,14.0
2024-06-05,1,3,Lasagna Bolognese,28,16.0
2024-06-05,1,4,Bruschetta,28,8.0
2024-06-05,1,5,Tiramisu,29,7.0
2024-06-05,1,6,Caesar Salad,25,10.0
2024-06-05,1,7,Minestrone Soup,31,9.0
2024-06-05,2,1,Margherita Pizza,32,12.0
2024-06-05,2,2,Pasta Alfredo,36,14.0
2024-06-05,2,3,Lasagna Bolognese,27,16.0
2024-06-05,2,4,Bruschetta,36,8.0
2024-06-05,2,5,Tiramisu,38,7.0
2024-06-05,2,6,Caesar Salad,25,10.0
2024-06-05,2,7,Minestrone Soup,30,9.0
2024-06-05,3,1,Margherita Pizza,33,12.0
2024-06-05,3,2,Pasta Alfredo,43,14.0
2024-06-05,3,3,Lasagna Bolognese,27,16.0
2024-06-05,3,4,Bruschetta,33,8.0
2024-06-05,3,5,Tiramisu,37,7.0
2024-06-05,3,6,Caesar Salad,31,10.0
2024-06-05,3,7,Minestrone Soup,39,9.0
2024-06-05,4,1,Margherita Pizza,36,12.0
2024-06-05,4,2,Pasta Alfredo,41,14.0
2024-06-05,4,3,Lasagna Bolognese,29,16.0
2024-06-05,4,4,Bruschetta,27,8.0
2024-06-05,4,5,Tiramisu,43,7.0
2024-06-05,4,6,Caesar Salad,29,10.0
2024-06-05,4,7,Minestrone Soup,36,9.0
2024-06-05,5,1,Margherita Pizza,34,12.0
2024-06-05,5,2,Pasta Alfredo,41,14.0
2024-06-05,5,3,Lasagna Bolognese,29,16.0
2024-06-05,5,4,Bruschetta,39,8.0
2024-06-05,5,5,Tiramisu,41,7.0
2024-06-05,5,6,Caesar Salad,36,10.0
2024-06-05,5,7,Minestrone Soup,38,9.0
2024-06-06,1,1,Margherita Pizza,26,12.0
2024-06-06,1,2,Pasta Alfredo,35,14.0
2024-06-06,1,3,Lasagna Bolognese,23,16.0
2024-06-06,1,4,Bruschetta,23,8.0
2024-06-06,1,5,Tiramisu,40,7.0
2024-06-06,1,6,Caesar Salad,27,10.0
2024-06-06,1,7,Minestrone Soup,32,9.0
2024-06-06,2,1,Margherita Pizza,32,12.0
2024-06-06,2,2,Pasta Alfredo,33,14.0
2024-06-06,2,3,Lasagna Bolognese,25,16.0
2024-06-06,2,4,Bruschetta,34,8.0
2024-06-06,2,5,Tiramisu,34,7.0
2024-06-06,2,6,Caesar Salad,19,10.0
2024-06-06,2,7,Minestrone Soup,31,9.0
2024-06-06,3,1,Margherita Pizza,33,12.0
2024-06-06,3,2,Pasta Alfredo,39,14.0
2024-06-06,3,3,Lasagna Bolognese,30,16.0
2024-06-06,3,4,Bruschetta,35,8.0
2024-06-06,3,5,Tiramisu,39,7.0
2024-06-06,3,6,Caesar Salad,31,10.0
2024-06-06,3,7,Minestrone Soup,29,9.0
2024-06-06,4,1,Margherita Pizza,36,12.0
2024-06-06,4,2,Pasta Alfredo,42,14.0
2024-06-06,4,3,Lasagna Bolognese,25,16.0
2024-06-06,4,4,Bruschetta,30,8.0
2024-06-06,4,5,Tiramisu,38,7.0
2024-06-06,4,6,Caesar Salad,27,10.0
2024-06-06,4,7,Minestrone Soup,37,9.0
2024-06-06,5,1,Margherita Pizza,34,12.0
2024-06-06,5,2,Pasta Alfredo,40,14.0
2024-06-06,5,3,Lasagna Bolognese,28,16.0
2024-06-06,5,4,Bruschetta,40,8.0
2024-06-06,5,5,Tiramisu,42,7.0
2024-06-06,5,6,Caesar Salad,30,10.0
2024-06-06,5,7,Minestrone Soup,36,9.0
2024-06-07,1,1,Margherita Pizza,44,12.0
2024-06-07,1,2,Pasta Alfredo,45,14.0
2024-06-07,1,3,Lasagna Bolognese,38,16.0
2024-06-07,1,4,Bruschetta,41,8.0
2024-06-07,1,5,Tiramisu,47,7.0
2024-06-07,1,6,Caesar Salad,41,10.0
2024-06-07,1,7,Minestrone Soup,37,9.0
2024-06-07,2,1,Margherita Pizza,41,12.0
2024-06-07,2,2,Pasta Alfredo,46,14.0
2024-06-07,2,3,Lasagna Bolognese,38,16.0
2024-06-07,2,4,Bruschetta,48,8.0
2024-06-07,2,5,Tiramisu,55,7.0
2024-06-07,2,6,Caesar Salad,39,10.0
2024-06-07,2,7,Minestrone Soup,42,9.0
2024-06-07,3,1,Margherita Pizza,44,12.0
2024-06-07,3,2,Pasta Alfredo,47,14.0
2024-06-07,3,3,Lasagna Bolognese,43,16.0
2024-06-07,3,4,Bruschetta,46,8.0
2024-06-07,3,5,Tiramisu,51,7.0
2024-06-07,3,6,Caesar Salad,41,10.0
2024-06-07,3,7,Minestrone Soup,42,9.0
2024-06-07,4,1,Margherita Pizza,48,12.0
2024-06-07,4,2,Pasta Alfredo,54,14.0
2024-06-07,4,3,Lasagna Bolognese,41,16.0
2024-06-07,4,4,Bruschetta,47,8.0
2024-06-07,4,5,Tiramisu,50,7.0
2024-06-07,4,6,Caesar Salad,39,10.0
2024-06-07,4,7,Minestrone Soup,50,9.0
2024-06-07,5,1,Margherita Pizza,49,12.0
2024-06-07,5,2,Pasta Alfredo,59,14.0
2024-06-07,5,3,Lasagna Bolognese,38,16.0
2024-06-07,5,4,Bruschetta,49,8.0
2024-06-07,5,5,Tiramisu,55,7.0
2024-06-07,5,6,Caesar Salad,43,10.0
2024-06-07,5,7,Minestrone Soup,49,9.0
2024-06-08,1,1,Margherita Pizza,42,12.0
2024-06-08,1,2,Pasta Alfredo,50,14.0
2024-06-08,1,3,Lasagna Bolognese,36,16.0
2024-06-08,1,4,Bruschetta,41,8.0
2024-06-08,1,5,Tiramisu,44,7.0
2024-06-08,1,6,Caesar Salad,34,10.0
2024-06-08,1,7,Minestrone Soup,39,9.0
2024-06-08,2,1,Margherita Pizza,41,12.0
2024-06-08,2,2,Pasta Alfredo,48,14.0
2024-06-08,2,3,Lasagna Bolognese,32,16.0
2024-06-08,2,4,Bruschetta,37,8.0
2024-06-08,2,5,Tiramisu,48,7.0
2024-06-08,2,6,Caesar Salad,36,10.0
2024-06-08,2,7,Minestrone Soup,38,9.0
2024-06-08,3,1,Margherita Pizza,45,12.0
2024-06-08,3,2,Pasta Alfredo,58,14.0
2024-06-08,3,3,Lasagna Bolognese,40,16.0
2024-06-08,3,4,Bruschetta,50,8.0
2024-06-08,3,5,Tiramisu,53,7.0
2024-06-08,3,6,Caesar Salad,41,10.0
2024-06-08,3,7,Minestrone Soup,42,9.0
2024-06-08,4,1,Margherita Pizza,45,12.0
2024-06-08,4,2,Pasta Alfredo,46,14.0
2024-06-08,4,3,Lasagna Bolognese,43,16.0
2024-06-08,4,4,Bruschetta,51,8.0
2024-06-08,4,5,Tiramisu,53,7.0
2024-06-08,4,6,Caesar Salad,38,10.0
2024-06-08,4,7,Minestrone Soup,45,9.0
2024-06-08,5,1,Margherita Pizza,50,12.0
2024-06-08,5,2,Pasta Alfredo,60,14.0
2024-06-08,5,3,Lasagna Bolognese,36,16.0
2024-06-08,5,4,Bruschetta,50,8.0
2024-06-08,5,5,Tiramisu,56,7.0
2024-06-08,5,6,Caesar Salad,41,10.0
2024-06-08,5,7,Minestrone Soup,50,9.0
2024-06-09,1,1,Margherita Pizza,34,12.0
2024-06-09,1,2,Pasta Alfredo,40,14.0
2024-06-09,1,3,Lasagna Bolognese,28,16.0
2024-06-09,1,4,Bruschetta,37,8.0
2024-06-09,1,5,Tiramisu,41,7.0
2024-06-09,1,6,Caesar Salad,29,10.0
2024-06-09,1,7,Minestrone Soup,31,9.0
2024-06-09,2,1,Margherita Pizza,35,12.0
2024-06-09,2,2,Pasta Alfredo,45,14.0
2024-06-09,2,3,Lasagna Bolognese,30,16.0
2024-06-09,2,4,Bruschetta,38,8.0
2024-06-09,2,5,Tiramisu,48,7.0
2024-06-09,2,6,Caesar Salad,33,10.0
2024-06-09,2,7,Minestrone Soup,37,9.0
2024-06-09,3,1,Margherita Pizza,37,12.0
2024-06-09,3,2,Pasta Alfredo,37,14.0
2024-06-09,3,3,Lasagna Bolognese,31,16.0
2024-06-09,3,4,Bruschetta,37,8.0
2024-06-09,3,5,Tiramisu,46,7.0
2024-06-09,3,6,Caesar Salad,31,10.0
2024-06-09,3,7,Minestrone Soup,37,9.0
2024-06-09,4,1,Margherita Pizza,35,12.0
2024-06-09,4,2,Pasta Alfredo,44,14.0
2024-06-09,4,3,Lasagna Bolognese,35,16.0
2024-06-09,4,4,Bruschetta,45,8.0
2024-06-09,4,5,Tiramisu,46,7.0
2024-06-09,4,6,Caesar Salad,34,10.0
2024-06-09,4,7,Minestrone Soup,43,9.0
2024-06-09,5,1,Margherita Pizza,39,12.0
2024-06-09,5,2,Pasta Alfredo,50,14.0
2024-06-09,5,3,Lasagna Bolognese,32,16.0
2024-06-09,5,4,Bruschetta,44,8.0
2024-06-09,5,5,Tiramisu,49,7.0
2024-06-09,5,6,Caesar Salad,36,10.0
2024-06-09,5,7,Minestrone Soup,39,9.0
2024-06-10,1,1,Margherita Pizza,28,12.0
2024-06-10,1,2,Pasta Alfredo,36,14.0
2024-06-10,1,3,Lasagna Bolognese,18,16.0
2024-06-10,1,4,Bruschetta,24,8.0
2024-06-10,1,5,Tiramisu,30,7.0
2024-06-10,1,6,Caesar Salad,24,10.0
2024-06-10,1,7,Minestrone Soup,24,9.0
2024-06-10,2,1,Margherita Pizza,18,12.0
2024-06-10,2,2,Pasta Alfredo,35,14.0
2024-06-10,2,3,Lasagna Bolognese,25,16.0
2024-06-10,2,4,Bruschetta,22,8.0
2024-06-10,2,5,Tiramisu,29,7.0
2024-06-10,2,6,Caesar Salad,27,10.0
2024-06-10,2,7,Minestrone Soup,31,9.0
2024-06-10,3,1,Margherita Pizza,31,12.0
2024-06-10,3,2,Pasta Alfredo,32,14.0
2024-06-10,3,3,Lasagna Bolognese,24,16.0
2024-06-10,3,4,Bruschetta,28,8.0
2024-06-10,3,5,Tiramisu,36,7.0
2024-06-10,3,6,Caesar Salad,21,10.0
2024-06-10,3,7,Minestrone Soup,26,9.0
2024-06-10,4,1,Margherita Pizza,32,12.0
2024-06-10,4,2,Pasta Alfredo,34,14.0
2024-06-10,4,3,Lasagna Bolognese,29,16.0
2024-06-10,4,4,Bruschetta,27,8.0
2024-06-10,4,5,Tiramisu,34,7.0
2024-06-10,4,6,Caesar Salad,22,10.0
2024-06-10,4,7,Minestrone Soup,29,9.0
2024-06-10,5,1,Margherita Pizza,26,12.0
2024-06-10,5,2,Pasta Alfredo,34,14.0
2024-06-10,5,3,Lasagna Bolognese,21,16.0
2024-06-10,5,4,Bruschetta,33,8.0
2024-06-10,5,5,Tiramisu,38,7.0
2024-06-10,5,6,Caesar Salad,20,10.0
2024-06-10,5,7,Minestrone Soup,35,9.0
2024-06-11,1,1,Margherita Pizza,37,12.0
2024-06-11,1,2,Pasta Alfredo,35,14.0
2024-06-11,1,3,Lasagna Bolognese,23,16.0
2024-06-11,1,4,Bruschetta,38,8.0
2024-06-11,1,5,Tiramisu,31,7.0
2024-06-11,1,6,Caesar Salad,25,10.0
2024-06-11,1,7,Minestrone Soup,30,9.0
2024-06-11,2,1,Margherita Pizza,36,12.0
2024-06-11,2,2,Pasta Alfredo,38,14.0
2024-06-11,2,3,Lasagna Bolognese,25,16.0
2024-06-11,2,4,Bruschetta,29,8.0
2024-06-11,2,5,Tiramisu,36,7.0
2024-06-11,2,6,Caesar Salad,23,10.0
2024-06-11,2,7,Minestrone Soup,32,9.0
2024-06-11,3,1,Margherita Pizza,31,12.0
2024-06-11,3,2,Pasta Alfredo,34,14.0
2024-06-11,3,3,Lasagna Bolognese,31,16.0
2024-06-11,3,4,Bruschetta,32,8.0
2024-06-11,3,5,Tiramisu,35,7.0
2024-06-11,3,6,Caesar Salad,27,10.0
2024-06-11,3,7,Minestrone Soup,33,9.0
2024-06-11,4,1,Margherita Pizza,29,12.0
2024-06-11,4,2,Pasta Alfredo,41,14.0
2024-06-11,4,3,Lasagna Bolognese,26,16.0
2024-06-11,4,4,Bruschetta,40,8.0
2024-06-11,4,5,Tiramisu,42,7.0
2024-06-11,4,6,Caesar Salad,28,10.0
2024-06-11,4,7,Minestrone Soup,32,9.0
2024-06-11,5,1,Margherita Pizza,36,12.0
2024-06-11,5,2,Pasta Alfredo,44,14.0
2024-06-11,5,3,Lasagna Bolognese,30,16.0
2024-06-11,5,4,Bruschetta,36,8.0
2024-06-11,5,5,Tiramisu,42,7.0
2024-06-11,5,6,Caesar Salad,28,10.0
2024-06-11,5,7,Minestrone Soup,35,9.0
2024-06-12,1,1,Margherita Pizza,24,12.0
2024-06-12,1,2,Pasta Alfredo,38,14.0
2024-06-12,1,3,Lasagna Bolognese,26,16.0
2024-06-12,1,4,Bruschetta,28,8.0
2024-06-12,1,5,Tiramisu,41,7.0
2024-06-12,1,6,Caesar Salad,25,10.0
2024-06-12,1,7,Minestrone Soup,27,9.0
2024-06-12,2,1,Margherita Pizza,34,12.0
2024-06-12,2,2,Pasta Alfredo,38,14.0
2024-06-12,2,3,Lasagna Bolognese,27,16.0
2024-06-12,2,4,Bruschetta,30,8.0
2024-06-12,2,5,Tiramisu,38,7.0
2024-06-12,2,6,Caesar Salad,25,10.0
2024-06-12,2,7,Minestrone Soup,33,9.0
2024-06-12,3,1,Margherita Pizza,27,12.0
2024-06-12,3,2,Pasta Alfredo,37,14.0
2024-06-12,3,3,Lasagna Bolognese,33,16.0
2024-06-12,3,4,Bruschetta,31,8.0
2024-06-12,3,5,Tiramisu,37,7.0
2024-06-12,3,6,Caesar Salad,26,10.0
2024-06-12,3,7,Minestrone Soup,29,9.0
2024-06-12,4,1,Margherita Pizza,28,12.0
2024-06-12,4,2,Pasta Alfredo,40,14.0
2024-06-12,4,3,Lasagna Bolognese,29,16.0
2024-06-12,4,4,Bruschetta,34,8.0
2024-06-12,4,5,Tiramisu,40,7.0
2024-06-12,4,6,Caesar Salad,29,10.0
2024-06-12,4,7,Minestrone Soup,38,9.0
2024-06-12,5,1,Margherita Pizza,36,12.0
2024-06-12,5,2,Pasta Alfredo,41,14.0
2024-06-12,5,3,Lasagna Bolognese,29,16.0
2024-06-12,5,4,Bruschetta,38,8.0
2024-06-12,5,5,Tiramisu,46,7.0
2024-06-12,5,6,Caesar Salad,28,10.0
2024-06-12,5,7,Minestrone Soup,37,9.0
2024-06-13,1,1,Margherita Pizza,31,12.0
2024-06-13,1,2,Pasta Alfredo,32,14.0
2024-06-13,1,3,Lasagna Bolognese,25,16.0
2024-06-13,1,4,Bruschetta,26,8.0
2024-06-13,1,5,Tiramisu,30,7.0
2024-06-13,1,6,Caesar Salad,26,10.0
2024-06-13,1,7,Minestrone Soup,29,9.0
2024-06-13,2,1,Margherita Pizza,32,12.0
2024-06-13,2,2,Pasta Alfredo,37,14.0
2024-06-13,2,3,Lasagna Bolognese,23,16.0
2024-06-13,2,4,Bruschetta,31,8.0
2024-06-13,2,5,Tiramisu,33,7.0
2024-06-13,2,6,Caesar Salad,30,10.0
2024-06-13,2,7,Minestrone Soup,27,9.0
2024-06-13,3,1,Margherita Pizza,32,12.0
2024-06-13,3,2,Pasta Alfredo,35,14.0
2024-06-13,3,3,Lasagna Bolognese,29,16.0
2024-06-13,3,4,Bruschetta,32,8.0
2024-06-13,3,5,Tiramisu,37,7.0
2024-06-13,3,6,Caesar Salad,30,10.0
2024-06-13,3,7,Minestrone Soup,33,9.0
2024-06-13,4,1,Margherita Pizza,36,12.0
2024-06-13,4,2,Pasta Alfredo,37,14.0
2024-06-13,4,3,Lasagna Bolognese,25,16.0
2024-06-13,4,4,Bruschetta,35,8.0
2024-06-13,4,5,Tiramisu,39,7.0
2024-06-13,4,6,Caesar Salad,31,10.0
2024-06-13,4,7,Minestrone Soup,34,9.0
2024-06-13,5,1,Margherita Pizza,37,12.0
2024-06-13,5,2,Pasta Alfredo,37,14.0
2024-06-13,5,3,Lasagna Bolognese,36,16.0
2024-06-13,5,4,Bruschetta,36,8.0
2024-06-13,5,5,Tiramisu,44,7.0
2024-06-13,5,6,Caesar Salad,28,10.0
2024-06-13,5,7,Minestrone Soup,37,9.0
2024-06-14,1,1,Margherita Pizza,36,12.0
2024-06-14,1,2,Pasta Alfredo,48,14.0
2024-06-14,1,3,Lasagna Bolognese,33,16.0
2024-06-14,1,4,Bruschetta,40,8.0
2024-06-14,1,5,Tiramisu,49,7.0
2024-06-14,1,6,Caesar Salad,30,10.0
2024-06-14,1,7,Minestrone Soup,38,9.0
2024-06-14,2,1,Margherita Pizza,44,12.0
2024-06-14,2,2,Pasta Alfredo,56,14.0
2024-06-14,2,3,Lasagna Bolognese,35,16.0
2024-06-14,2,4,Bruschetta,44,8.0
2024-06-14,2,5,Tiramisu,49,7.0
2024-06-14,2,6,Caesar Salad,41,10.0
2024-06-14,2,7,Minestrone Soup,37,9.0
2024-06-14,3,1,Margherita Pizza,45,12.0
2024-06-14,3,2,Pasta Alfredo,47,14.0
2024-06-14,3,3,Lasagna Bolognese,30,16.0
2024-06-14,3,4,Bruschetta,46,8.0
2024-06-14,3,5,Tiramisu,53,7.0
2024-06-14,3,6,Caesar Salad,36,10.0
2024-06-14,3,7,Minestrone Soup,44,9.0
2024-06-14,4,1,Margherita Pizza,56,12.0
2024-06-14,4,2,Pasta Alfredo,54,14.0
2024-06-14,4,3,Lasagna Bolognese,41,16.0
2024-06-14,4,4,Bruschetta,45,8.0
2024-06-14,4,5,Tiramisu,55,7.0
2024-06-14,4,6,Caesar Salad,38,10.0
2024-06-14,4,7,Minestrone Soup,46,9.0
2024-06-14,5,1,Margherita Pizza,54,12.0
2024-06-14,5,2,Pasta Alfredo,61,14.0
2024-06-14,5,3,Lasagna Bolognese,41,16.0
2024-06-14,5,4,Bruschetta,42,8.0
2024-06-14,5,5,Tiramisu,56,7.0
2024-06-14,5,6,Caesar Salad,49,10.0
2024-06-14,5,7,Minestrone Soup,48,9.0
2024-06-15,1,1,Margherita Pizza,44,12.0
2024-06-15,1,2,Pasta Alfredo,51,14.0
2024-06-15,1,3,Lasagna Bolognese,34,16.0
2024-06-15,1,4,Bruschetta,38,8.0
2024-06-15,1,5,Tiramisu,40,7.0
2024-06-15,1,6,Caesar Salad,36,10.0
2024-06-15,1,7,Minestrone Soup,38,9.0
2024-06-15,2,1,Margherita Pizza,43,12.0
2024-06-15,2,2,Pasta Alfredo,46,14.0
2024-06-15,2,3,Lasagna Bolognese,35,16.0
2024-06-15,2,4,Bruschetta,43,8.0
2024-06-15,2,5,Tiramisu,50,7.0
2024-06-15,2,6,Caesar Salad,32,10.0
2024-06-15,2,7,Minestrone Soup,46,9.0
2024-06-15,3,1,Margherita Pizza,43,12.0
2024-06-15,3,2,Pasta Alfredo,47,14.0
2024-06-15,3,3,Lasagna Bolognese,37,16.0
2024-06-15,3,4,Bruschetta,45,8.0
2024-06-15,3,5,Tiramisu,53,7.0
2024-06-15,3,6,Caesar Salad,41,10.0
2024-06-15,3,7,Minestrone Soup,44,9.0
2024-06-15,4,1,Margherita Pizza,46,12.0
2024-06-15,4,2,Pasta Alfredo,51,14.0
2024-06-15,4,3,Lasagna Bolognese,41,16.0
2024-06-15,4,4,Bruschetta,47,8.0
2024-06-15,4,5,Tiramisu,53,7.0
2024-06-15,4,6,Caesar Salad,33,10.0
2024-06-15,4,7,Minestrone Soup,51,9.0
2024-06-15,5,1,Margherita Pizza,45,12.0
2024-06-15,5,2,Pasta Alfredo,55,14.0
2024-06-15,5,3,Lasagna Bolognese,42,16.0
2024-06-15,5,4,Bruschetta,45,8.0
2024-06-15,5,5,Tiramisu,53,7.0
2024-06-15,5,6,Caesar Salad,34,10.0
2024-06-15,5,7,Minestrone Soup,51,9.0
2024-06-16,1,1,Margherita Pizza,33,12.0
2024-06-16,1,2,Pasta Alfredo,49,14.0
2024-06-16,1,3,Lasagna Bolognese,26,16.0
2024-06-16,1,4,Bruschetta,32,8.0
2024-06-16,1,5,Tiramisu,38,7.0
2024-06-16,1,6,Caesar Salad,29,10.0
2024-06-16,1,7,Minestrone Soup,33,9.0
2024-06-16,2,1,Margherita Pizza,38,12.0
2024-06-16,2,2,Pasta Alfredo,39,14.0
2024-06-16,2,3,Lasagna Bolognese,26,16.0
2024-06-16,2,4,Bruschetta,31,8.0
2024-06-16,2,5,Tiramisu,36,7.0
2024-06-16,2,6,Caesar Salad,29,10.0
2024-06-16,2,7,Minestrone Soup,35,9.0
2024-06-16,3,1,Margherita Pizza,36,12.0
2024-06-16,3,2,Pasta Alfredo,48,14.0
2024-06-16,3,3,Lasagna Bolognese,35,16.0
2024-06-16,3,4,Bruschetta,37,8.0
2024-06-16,3,5,Tiramisu,39,7.0
2024-06-16,3,6,Caesar Salad,30,10.0
2024-06-16,3,7,Minestrone Soup,36,9.0
2024-06-16,4,1,Margherita Pizza,38,12.0
2024-06-16,4,2,Pasta Alfredo,44,14.0
2024-06-16,4,3,Lasagna Bolognese,31,16.0
2024-06-16,4,4,Bruschetta,39,8.0
2024-06-16,4,5,Tiramisu,45,7.0
2024-06-16,4,6,Caesar Salad,34,10.0
2024-06-16,4,7,Minestrone Soup,41,9.0
2024-06-16,5,1,Margherita Pizza,39,12.0
2024-06-16,5,2,Pasta Alfredo,52,14.0
2024-06-16,5,3,Lasagna Bolognese,32,16.0
2024-06-16,5,4,Bruschetta,37,8.0
2024-06-16,5,5,Tiramisu,50,7.0
2024-06-16,5,6,Caesar Salad,32,10.0
2024-06-16,5,7,Minestrone Soup,43,9.0
2024-06-17,1,1,Margherita Pizza,18,12.0
2024-06-17,1,2,Pasta Alfredo,34,14.0
2024-06-17,1,3,Lasagna Bolognese,23,16.0
2024-06-17,1,4,Bruschetta,21,8.0
2024-06-17,1,5,Tiramisu,25,7.0
2024-06-17,1,6,Caesar Salad,26,10.0
2024-06-17,1,7,Minestrone Soup,23,9.0
2024-06-17,2,1,Margherita Pizza,24,12.0
2024-06-17,2,2,Pasta Alfredo,24,14.0
2024-06-17,2,3,Lasagna Bolognese,21,16.0
2024-06-17,2,4,Bruschetta,26,8.0
2024-06-17,2,5,Tiramisu,33,7.0
2024-06-17,2,6,Caesar Salad,18,10.0
2024-06-17,2,7,Minestrone Soup,22,9.0
2024-06-17,3,1,Margherita Pizza,29,12.0
2024-06-17,3,2,Pasta Alfredo,36,14.0
2024-06-17,3,3,Lasagna Bolognese,19,16.0
2024-06-17,3,4,Bruschetta,31,8.0
2024-06-17,3,5,Tiramisu,33,7.0
2024-06-17,3,6,Caesar Salad,27,10.0
2024-06-17,3,7,Minestrone Soup,28,9.0
2024-06-17,4,1,Margherita Pizza,22,12.0
2024-06-17,4,2,Pasta Alfredo,34,14.0
2024-06-17,4,3,Lasagna Bolognese,28,16.0
2024-06-17,4,4,Bruschetta,27,8.0
2024-06-17,4,5,Tiramisu,33,7.0
2024-06-17,4,6,Caesar Salad,24,10.0
2024-06-17,4,7,Minestrone Soup,21,9.0
2024-06-17,5,1,Margherita Pizza,36,12.0
2024-06-17,5,2,Pasta Alfredo,33,14.0
2024-06-17,5,3,Lasagna Bolognese,27,16.0
2024-06-17,5,4,Bruschetta,31,8.0
2024-06-17,5,5,Tiramisu,40,7.0
2024-06-17,5,6,Caesar Salad,27,10.0
2024-06-17,5,7,Minestrone Soup,30,9.0
2024-06-18,1,1,Margherita Pizza,27,12.0
2024-06-18,1,2,Pasta Alfredo,37,14.0
2024-06-18,1,3,Lasagna Bolognese,19,16.0
2024-06-18,1,4,Bruschetta,32,8.0
2024-06-18,1,5,Tiramisu,32,7.0
2024-06-18,1,6,Caesar Salad,29,10.0
2024-06-18,1,7,Minestrone Soup,30,9.0
2024-06-18,2,1,Margherita Pizza,33,12.0
2024-06-18,2,2,Pasta Alfredo,37,14.0
2024-06-18,2,3,Lasagna Bolognese,21,16.0
2024-06-18,2,4,Bruschetta,29,8.0
2024-06-18,2,5,Tiramisu,39,7.0
2024-06-18,2,6,Caesar Salad,27,10.0
2024-06-18,2,7,Minestrone Soup,35,9.0
2024-06-18,3,1,Margherita Pizza,34,12.0
2024-06-18,3,2,Pasta Alfredo,36,14.0
2024-06-18,3,3,Lasagna Bolognese,25,16.0
2024-06-18,3,4,Bruschetta,33,8.0
2024-06-18,3,5,Tiramisu,32,7.0
2024-06-18,3,6,Caesar Salad,33,10.0
2024-06-18,3,7,Minestrone Soup,34,9.0
2024-06-18,4,1,Margherita Pizza,38,12.0
2024-06-18,4,2,Pasta Alfredo,36,14.0
2024-06-18,4,3,Lasagna Bolognese,33,16.0
2024-06-18,4,4,Bruschetta,41,8.0
2024-06-18,4,5,Tiramisu,36,7.0
2024-06-18,4,6,Caesar Salad,31,10.0
2024-06-18,4,7,Minestrone Soup,35,9.0
2024-06-18,5,1,Margherita Pizza,32,12.0
2024-06-18,5,2,Pasta Alfredo,44,14.0
2024-06-18,5,3,Lasagna Bolognese,33,16.0
2024-06-18,5,4,Bruschetta,34,8.0
2024-06-18,5,5,Tiramisu,46,7.0
2024-06-18,5,6,Caesar Salad,25,10.0
2024-06-18,5,7,Minestrone Soup,32,9.0
2024-06-19,1,1,Margherita Pizza,30,12.0
2024-06-19,1,2,Pasta Alfredo,35,14.0
2024-06-19,1,3,Lasagna Bolognese,23,16.0
2024-06-19,1,4,Bruschetta,32,8.0
2024-06-19,1,5,Tiramisu,37,7.0
2024-06-19,1,6,Caesar Salad,28,10.0
2024-06-19,1,7,Minestrone Soup,30,9.0
2024-06-19,2,1,Margherita Pizza,33,12.0
2024-06-19,2,2,Pasta Alfredo,35,14.0
2024-06-19,2,3,Lasagna Bolognese,32,16.0
2024-06-19,2,4,Bruschetta,29,8.0
2024-06-19,2,5,Tiramisu,43,7.0
2024-06-19,2,6,Caesar Salad,26,10.0
2024-06-19,2,7,Minestrone Soup,27,9.0
2024-06-19,3,1,Margherita Pizza,37,12.0
2024-06-19,3,2,Pasta Alfredo,39,14.0
2024-06-19,3,3,Lasagna Bolognese,30,16.0
2024-06-19,3,4,Bruschetta,37,8.0
2024-06-19,3,5,Tiramisu,40,7.0
2024-06-19,3,6,Caesar Salad,26,10.0
2024-06-19,3,7,Minestrone Soup,36,9.0
2024-06-19,4,1,Margherita Pizza,35,12.0
2024-06-19,4,2,Pasta Alfredo,42,14.0
2024-06-19,4,3,Lasagna Bolognese,22,16.0
2024-06-19,4,4,Bruschetta,36,8.0
2024-06-19,4,5,Tiramisu,39,7.0
2024-06-19,4,6,Caesar Salad,34,10.0
2024-06-19,4,7,Minestrone Soup,37,9.0
2024-06-19,5,1,Margherita Pizza,37,12.0
2024-06-19,5,2,Pasta Alfredo,44,14.0
2024-06-19,5,3,Lasagna Bolognese,27,16.0
2024-06-19,5,4,Bruschetta,41,8.0
2024-06-19,5,5,Tiramisu,48,7.0
2024-06-19,5,6,Caesar Salad,31,10.0
2024-06-19,5,7,Minestrone Soup,41,9.0
2024-06-20,1,1,Margherita Pizza,28,12.0
2024-06-20,1,2,Pasta Alfredo,33,14.0
2024-06-20,1,3,Lasagna Bolognese,25,16.0
2024-06-20,1,4,Bruschetta,31,8.0
2024-06-20,1,5,Tiramisu,34,7.0
2024-06-20,1,6,Caesar Salad,27,10.0
2024-06-20,1,7,Minestrone Soup,31,9.0
2024-06-20,2,1,Margherita Pizza,29,12.0
2024-06-20,2,2,Pasta Alfredo,38,14.0
2024-06-20,2,3,Lasagna Bolognese,29,16.0
2024-06-20,2,4,Bruschetta,32,8.0
2024-06-20,2,5,Tiramisu,40,7.0
2024-06-20,2,6,Caesar Salad,23,10.0
2024-06-20,2,7,Minestrone Soup,33,9.0
2024-06-20,3,1,Margherita Pizza,30,12.0
2024-06-20,3,2,Pasta Alfredo,35,14.0
2024-06-20,3,3,Lasagna Bolognese,26,16.0
2024-06-20,3,4,Bruschetta,30,8.0
2024-06-20,3,5,Tiramisu,37,7.0
2024-06-20,3,6,Caesar Salad,27,10.0
2024-06-20,3,7,Minestrone Soup,36,9.0
2024-06-20,4,1,Margherita Pizza,34,12.0
2024-06-20,4,2,Pasta Alfredo,36,14.0
2024-06-20,4,3,Lasagna Bolognese,32,16.0
2024-06-20,4,4,Bruschetta,32,8.0
2024-06-20,4,5,Tiramisu,40,7.0
2024-06-20,4,6,Caesar Salad,30,10.0
2024-06-20,4,7,Minestrone Soup,35,9.0
2024-06-20,5,1,Margherita Pizza,40,12.0
2024-06-20,5,2,Pasta Alfredo,44,14.0
2024-06-20,5,3,Lasagna Bolognese,28,16.0
2024-06-20,5,4,Bruschetta,43,8.0
2024-06-20,5,5,Tiramisu,43,7.0
2024-06-20,5,6,Caesar Salad,30,10.0
2024-06-20,5,7,Minestrone Soup,39,9.0
2024-06-21,1,1,Margherita Pizza,41,12.0
2024-06-21,1,2,Pasta Alfredo,48,14.0
2024-06-21,1,3,Lasagna Bolognese,41,16.0
2024-06-21,1,4,Bruschetta,40,8.0
2024-06-21,1,5,Tiramisu,46,7.0
2024-06-21,1,6,Caesar Salad,34,10.0
2024-06-21,1,7,Minestrone Soup,44,9.0
2024-06-21,2,1,Margherita Pizza,38,12.0
2024-06-21,2,2,Pasta Alfredo,44,14.0
2024-06-21,2,3,Lasagna Bolognese,34,16.0
2024-06-21,2,4,Bruschetta,38,8.0
2024-06-21,2,5,Tiramisu,48,7.0
2024-06-21,2,6,Caesar Salad,37,10.0
2024-06-21,2,7,Minestrone Soup,40,9.0
2024-06-21,3,1,Margherita Pizza,40,12.0
2024-06-21,3,2,Pasta Alfredo,52,14.0
2024-06-21,3,3,Lasagna Bolognese,40,16.0
2024-06-21,3,4,Bruschetta,40,8.0
2024-06-21,3,5,Tiramisu,55,7.0
2024-06-21,3,6,Caesar Salad,40,10.0
2024-06-21,3,7,Minestrone Soup,48,9.0
2024-06-21,4,1,Margherita Pizza,50,12.0
2024-06-21,4,2,Pasta Alfredo,61,14.0
2024-06-21,4,3,Lasagna Bolognese,38,16.0
2024-06-21,4,4,Bruschetta,47,8.0
2024-06-21,4,5,Tiramisu,53,7.0
2024-06-21,4,6,Caesar Salad,39,10.0
2024-06-21,4,7,Minestrone Soup,51,9.0
2024-06-21,5,1,Margherita Pizza,45,12.0
2024-06-21,5,2,Pasta Alfredo,54,14.0
2024-06-21,5,3,Lasagna Bolognese,45,16.0
2024-06-21,5,4,Bruschetta,52,8.0
2024-06-21,5,5,Tiramisu,56,7.0
2024-06-21,5,6,Caesar Salad,43,10.0
2024-06-21,5,7,Minestrone Soup,50,9.0
2024-06-22,1,1,Margherita Pizza,45,12.0
2024-06-22,1,2,Pasta Alfredo,47,14.0
2024-06-22,1,3,Lasagna Bolognese,37,16.0
2024-06-22,1,4,Bruschetta,48,8.0
2024-06-22,1,5,Tiramisu,49,7.0
2024-06-22,1,6,Caesar Salad,34,10.0
2024-06-22,1,7,Minestrone Soup,43,9.0
2024-06-22,2,1,Margherita Pizza,41,12.0
2024-06-22,2,2,Pasta Alfredo,57,14.0
2024-06-22,2,3,Lasagna Bolognese,36,16.0
2024-06-22,2,4,Bruschetta,42,8.0
2024-06-22,2,5,Tiramisu,47,7.0
2024-06-22,2,6,Caesar Salad,39,10.0
2024-06-22,2,7,Minestrone Soup,45,9.0
2024-06-22,3,1,Margherita Pizza,43,12.0
2024-06-22,3,2,Pasta Alfredo,54,14.0
2024-06-22,3,3,Lasagna Bolognese,33,16.0
2024-06-22,3,4,Bruschetta,45,8.0
2024-06-22,3,5,Tiramisu,53,7.0
2024-06-22,3,6,Caesar Salad,42,10.0
2024-06-22,3,7,Minestrone Soup,42,9.0
2024-06-22,4,1,Margherita Pizza,43,12.0
2024-06-22,4,2,Pasta Alfredo,52,14.0
2024-06-22,4,3,Lasagna Bolognese,35,16.0
2024-06-22,4,4,Bruschetta,51,8.0
2024-06-22,4,5,Tiramisu,59,7.0
2024-06-22,4,6,Caesar Salad,40,10.0
2024-06-22,4,7,Minestrone Soup,50,9.0
2024-06-22,5,1,Margherita Pizza,49,12.0
2024-06-22,5,2,Pasta Alfredo,57,14.0
2024-06-22,5,3,Lasagna Bolognese,40,16.0
2024-06-22,5,4,Bruschetta,48,8.0
2024-06-22,5,5,Tiramisu,52,7.0
2024-06-22,5,6,Caesar Salad,42,10.0
2024-06-22,5,7,Minestrone Soup,49,9.0
2024-06-23,1,1,Margherita Pizza,37,12.0
2024-06-23,1,2,Pasta Alfredo,40,14.0
2024-06-23,1,3,Lasagna Bolognese,28,16.0
2024-06-23,1,4,Bruschetta,32,8.0
2024-06-23,1,5,Tiramisu,40,7.0
2024-06-23,1,6,Caesar Salad,31,10.0
2024-06-23,1,7,Minestrone Soup,31,9.0
2024-06-23,2,1,Margherita Pizza,36,12.0
2024-06-23,2,2,Pasta Alfredo,43,14.0
2024-06-23,2,3,Lasagna Bolognese,28,16.0
2024-06-23,2,4,Bruschetta,34,8.0
2024-06-23,2,5,Tiramisu,43,7.0
2024-06-23,2,6,Caesar Salad,27,10.0
2024-06-23,2,7,Minestrone Soup,37,9.0
2024-06-23,3,1,Margherita Pizza,35,12.0
2024-06-23,3,2,Pasta Alfredo,48,14.0
2024-06-23,3,3,Lasagna Bolognese,39,16.0
2024-06-23,3,4,Bruschetta,35,8.0
2024-06-23,3,5,Tiramisu,46,7.0
2024-06-23,3,6,Caesar Salad,30,10.0
2024-06-23,3,7,Minestrone Soup,41,9.0
2024-06-23,4,1,Margherita Pizza,36,12.0
2024-06-23,4,2,Pasta Alfredo,48,14.0
2024-06-23,4,3,Lasagna Bolognese,31,16.0
2024-06-23,4,4,Bruschetta,39,8.0
2024-06-23,4,5,Tiramisu,43,7.0
2024-06-23,4,6,Caesar Salad,36,10.0
2024-06-23,4,7,Minestrone Soup,37,9.0
2024-06-23,5,1,Margherita Pizza,43,12.0
2024-06-23,5,2,Pasta Alfredo,48,14.0
2024-06-23,5,3,Lasagna Bolognese,34,16.0
2024-06-23,5,4,Bruschetta,42,8.0
2024-06-23,5,5,Tiramisu,46,7.0
2024-06-23,5,6,Caesar Salad,35,10.0
2024-06-23,5,7,Minestrone Soup,46,9.0
2024-06-24,1,1,Margherita Pizza,23,12.0
2024-06-24,1,2,Pasta Alfredo,33,14.0
2024-06-24,1,3,Lasagna Bolognese,26,16.0
2024-06-24,1,4,Bruschetta,23,8.0
2024-06-24,1,5,Tiramisu,25,7.0
2024-06-24,1,6,Caesar Salad,22,10.0
2024-06-24,1,7,Minestrone Soup,24,9.0
2024-06-24,2,1,Margherita Pizza,32,12.0
2024-06-24,2,2,Pasta Alfredo,31,14.0
2024-06-24,2,3,Lasagna Bolognese,20,16.0
2024-06-24,2,4,Bruschetta,23,8.0
2024-06-24,2,5,Tiramisu,35,7.0
2024-06-24,2,6,Caesar Salad,21,10.0
2024-06-24,2,7,Minestrone Soup,27,9.0
2024-06-24,3,1,Margherita Pizza,31,12.0
2024-06-24,3,2,Pasta Alfredo,31,14.0
2024-06-24,3,3,Lasagna Bolognese,23,16.0
2024-06-24,3,4,Bruschetta,28,8.0
2024-06-24,3,5,Tiramisu,35,7.0
2024-06-24,3,6,Caesar Salad,25,10.0
2024-06-24,3,7,Minestrone Soup,27,9.0
2024-06-24,4,1,Margherita Pizza,30,12.0
2024-06-24,4,2,Pasta Alfredo,33,14.0
2024-06-24,4,3,Lasagna Bolognese,20,16.0
2024-06-24,4,4,Bruschetta,30,8.0
2024-06-24,4,5,Tiramisu,40,7.0
2024-06-24,4,6,Caesar Salad,22,10.0
2024-06-24,4,7,Minestrone Soup,27,9.0
2024-06-24,5,1,Margherita Pizza,28,12.0
2024-06-24,5,2,Pasta Alfredo,38,14.0
2024-06-24,5,3,Lasagna Bolognese,27,16.0
2024-06-24,5,4,Bruschetta,30,8.0
2024-06-24,5,5,Tiramisu,33,7.0
2024-06-24,5,6,Caesar Salad,26,10.0
2024-06-24,5,7,Minestrone Soup,26,9.0
2024-06-25,1,1,Margherita Pizza,30,12.0
2024-06-25,1,2,Pasta Alfredo,38,14.0
2024-06-25,1,3,Lasagna Bolognese,21,16.0
2024-06-25,1,4,Bruschetta,25,8.0
2024-06-25,1,5,Tiramisu,40,7.0
2024-06-25,1,6,Caesar Salad,23,10.0
2024-06-25,1,7,Minestrone Soup,33,9.0
2024-06-25,2,1,Margherita Pizza,31,12.0
2024-06-25,2,2,Pasta Alfredo,36,14.0
2024-06-25,2,3,Lasagna Bolognese,28,16.0
2024-06-25,2,4,Bruschetta,29,8.0
2024-06-25,2,5,Tiramisu,37,7.0
2024-06-25,2,6,Caesar Salad,25,10.0
2024-06-25,2,7,Minestrone Soup,28,9.0
2024-06-25,3,1,Margherita Pizza,34,12.0
2024-06-25,3,2,Pasta Alfredo,38,14.0
2024-06-25,3,3,Lasagna Bolognese,27,16.0
2024-06-25,3,4,Bruschetta,29,8.0
2024-06-25,3,5,Tiramisu,43,7.0
2024-06-25,3,6,Caesar Salad,30,10.0
2024-06-25,3,7,Minestrone Soup,36,9.0
2024-06-25,4,1,Margherita Pizza,34,12.0
2024-06-25,4,2,Pasta Alfredo,35,14.0
2024-06-25,4,3,Lasagna Bolognese,35,16.0
2024-06-25,4,4,Bruschetta,34,8.0
2024-06-25,4,5,Tiramisu,38,7.0
2024-06-25,4,6,Caesar Salad,30,10.0
2024-06-25,4,7,Minestrone Soup,38,9.0
2024-06-25,5,1,Margherita Pizza,36,12.0
2024-06-25,5,2,Pasta Alfredo,46,14.0
2024-06-25,5,3,Lasagna Bolognese,33,16.0
2024-06-25,5,4,Bruschetta,33,8.0
2024-06-25,5,5,Tiramisu,40,7.0
2024-06-25,5,6,Caesar Salad,33,10.0
2024-06-25,5,7,Minestrone Soup,28,9.0
2024-06-26,1,1,Margherita Pizza,29,12.0
2024-06-26,1,2,Pasta Alfredo,31,14.0
2024-06-26,1,3,Lasagna Bolognese,24,16.0
2024-06-26,1,4,Bruschetta,29,8.0
2024-06-26,1,5,Tiramisu,34,7.0
2024-06-26,1,6,Caesar Salad,23,10.0
2024-06-26,1,7,Minestrone Soup,27,9.0
2024-06-26,2,1,Margherita Pizza,38,12.0
2024-06-26,2,2,Pasta Alfredo,42,14.0
2024-06-26,2,3,Lasagna Bolognese,23,16.0
2024-06-26,2,4,Bruschetta,36,8.0
2024-06-26,2,5,Tiramisu,36,7.0
2024-06-26,2,6,Caesar Salad,27,10.0
2024-06-26,2,7,Minestrone Soup,31,9.0
2024-06-26,3,1,Margherita Pizza,31,12.0
2024-06-26,3,2,Pasta Alfredo,42,14.0
2024-06-26,3,3,Lasagna Bolognese,28,16.0
2024-06-26,3,4,Bruschetta,32,8.0
2024-06-26,3,5,Tiramisu,35,7.0
2024-06-26,3,6,Caesar Salad,25,10.0
2024-06-26,3,7,Minestrone Soup,28,9.0
2024-06-26,4,1,Margherita Pizza,35,12.0
2024-06-26,4,2,Pasta Alfredo,37,14.0
2024-06-26,4,3,Lasagna Bolognese,28,16.0
2024-06-26,4,4,Bruschetta,39,8.0
2024-06-26,4,5,Tiramisu,44,7.0
2024-06-26,4,6,Caesar Salad,29,10.0
2024-06-26,4,7,Minestrone Soup,34,9.0
2024-06-26,5,1,Margherita Pizza,42,12.0
2024-06-26,5,2,Pasta Alfredo,44,14.0
2024-06-26,5,3,Lasagna Bolognese,29,16.0
2024-06-26,5,4,Bruschetta,32,8.0
2024-06-26,5,5,Tiramisu,43,7.0
2024-06-26,5,6,Caesar Salad,33,10.0
2024-06-26,5,7,Minestrone Soup,34,9.0
2024-06-27,1,1,Margherita Pizza,31,12.0
2024-06-27,1,2,Pasta Alfredo,34,14.0
2024-06-27,1,3,Lasagna Bolognese,24,16.0
2024-06-27,1,4,Bruschetta,22,8.0
2024-06-27,1,5,Tiramisu,34,7.0
2024-06-27,1,6,Caesar Salad,28,10.0
2024-06-27,1,7,Minestrone Soup,28,9.0
2024-06-27,2,1,Margherita Pizza,32,12.0
2024-06-27,2,2,Pasta Alfredo,34,14.0
2024-06-27,2,3,Lasagna Bolognese,27,16.0
2024-06-27,2,4,Bruschetta,31,8.0
2024-06-27,2,5,Tiramisu,34,7.0
2024-06-27,2,6,Caesar Salad,30,10.0
2024-06-27,2,7,Minestrone Soup,34,9.0
2024-06-27,3,1,Margherita Pizza,31,12.0
2024-06-27,3,2,Pasta Alfredo,40,14.0
2024-06-27,3,3,Lasagna Bolognese,29,16.0
2024-06-27,3,4,Bruschetta,35,8.0
2024-06-27,3,5,Tiramisu,34,7.0
2024-06-27,3,6,Caesar Salad,31,10.0
2024-06-27,3,7,Minestrone Soup,31,9.0
2024-06-27,4,1,Margherita Pizza,34,12.0
2024-06-27,4,2,Pasta Alfredo,48,14.0
2024-06-27,4,3,Lasagna Bolognese,30,16.0
2024-06-27,4,4,Bruschetta,33,8.0
2024-06-27,4,5,Tiramisu,34,7.0
2024-06-27,4,6,Caesar Salad,33,10.0
2024-06-27,4,7,Minestrone Soup,31,9.0
2024-06-27,5,1,Margherita Pizza,33,12.0
2024-06-27,5,2,Pasta Alfredo,41,14.0
2024-06-27,5,3,Lasagna Bolognese,34,16.0
2024-06-27,5,4,Bruschetta,39,8.0
2024-06-27,5,5,Tiramisu,42,7.0
2024-06-27,5,6,Caesar Salad,31,10.0
2024-06-27,5,7,Minestrone Soup,34,9.0
2024-06-28,1,1,Margherita Pizza,41,12.0
2024-06-28,1,2,Pasta Alfredo,47,14.0
2024-06-28,1,3,Lasagna Bolognese,37,16.0
2024-06-28,1,4,Bruschetta,43,8.0
2024-06-28,1,5,Tiramisu,49,7.0
2024-06-28,1,6,Caesar Salad,33,10.0
2024-06-28,1,7,Minestrone Soup,43,9.0
2024-06-28,2,1,Margherita Pizza,42,12.0
2024-06-28,2,2,Pasta Alfredo,46,14.0
2024-06-28,2,3,Lasagna Bolognese,34,16.0
2024-06-28,2,4,Bruschetta,43,8.0
2024-06-28,2,5,Tiramisu,52,7.0
2024-06-28,2,6,Caesar Salad,35,10.0
2024-06-28,2,7,Minestrone Soup,39,9.0
2024-06-28,3,1,Margherita Pizza,45,12.0
2024-06-28,3,2,Pasta Alfredo,52,14.0
2024-06-28,3,3,Lasagna Bolognese,38,16.0
2024-06-28,3,4,Bruschetta,47,8.0
2024-06-28,3,5,Tiramisu,55,7.0
2024-06-28,3,6,Caesar Salad,35,10.0
2024-06-28,3,7,Minestrone Soup,43,9.0
2024-06-28,4,1,Margherita Pizza,44,12.0
2024-06-28,4,2,Pasta Alfredo,57,14.0
2024-06-28,4,3,Lasagna Bolognese,43,16.0
2024-06-28,4,4,Bruschetta,46,8.0
2024-06-28,4,5,Tiramisu,54,7.0
2024-06-28,4,6,Caesar Salad,43,10.0
2024-06-28,4,7,Minestrone Soup,48,9.0
2024-06-28,5,1,Margherita Pizza,50,12.0
2024-06-28,5,2,Pasta Alfredo,53,14.0
2024-06-28,5,3,Lasagna Bolognese,43,16.0
2024-06-28,5,4,Bruschetta,46,8.0
2024-06-28,5,5,Tiramisu,54,7.0
2024-06-28,5,6,Caesar Salad,40,10.0
2024-06-28,5,7,Minestrone Soup,47,9.0
2024-06-29,1,1,Margherita Pizza,40,12.0
2024-06-29,1,2,Pasta Alfredo,43,14.0
2024-06-29,1,3,Lasagna Bolognese,37,16.0
2024-06-29,1,4,Bruschetta,44,8.0
2024-06-29,1,5,Tiramisu,41,7.0
2024-06-29,1,6,Caesar Salad,37,10.0
2024-06-29,1,7,Minestrone Soup,38,9.0
2024-06-29,2,1,Margherita Pizza,45,12.0
2024-06-29,2,2,Pasta Alfredo,49,14.0
2024-06-29,2,3,Lasagna Bolognese,36,16.0
2024-06-29,2,4,Bruschetta,42,8.0
2024-06-29,2,5,Tiramisu,53,7.0
2024-06-29,2,6,Caesar Salad,32,10.0
2024-06-29,2,7,Minestrone Soup,44,9.0
2024-06-29,3,1,Margherita Pizza,48,12.0
2024-06-29,3,2,Pasta Alfredo,54,14.0
2024-06-29,3,3,Lasagna Bolognese,44,16.0
2024-06-29,3,4,Bruschetta,43,8.0
2024-06-29,3,5,Tiramisu,55,7.0
2024-06-29,3,6,Caesar Salad,37,10.0
2024-06-29,3,7,Minestrone Soup,48,9.0
2024-06-29,4,1,Margherita Pizza,47,12.0
2024-06-29,4,2,Pasta Alfredo,53,14.0
2024-06-29,4,3,Lasagna Bolognese,43,16.0
2024-06-29,4,4,Bruschetta,45,8.0
2024-06-29,4,5,Tiramisu,50,7.0
2024-06-29,4,6,Caesar Salad,37,10.0
2024-06-29,4,7,Minestrone Soup,49,9.0
2024-06-29,5,1,Margherita Pizza,53,12.0
2024-06-29,5,2,Pasta Alfredo,57,14.0
2024-06-29,5,3,Lasagna Bolognese,45,16.0
2024-06-29,5,4,Bruschetta,45,8.0
2024-06-29,5,5,Tiramisu,56,7.0
2024-06-29,5,6,Caesar Salad,40,10.0
2024-06-29,5,7,Minestrone Soup,49,9.0
2024-06-30,1,1,Margherita Pizza,35,12.0
2024-06-30,1,2,Pasta Alfredo,42,14.0
2024-06-30,1,3,Lasagna Bolognese,27,16.0
2024-06-30,1,4,Bruschetta,35,8.0
2024-06-30,1,5,Tiramisu,40,7.0
2024-06-30,1,6,Caesar Salad,26,10.0
2024-06-30,1,7,Minestrone Soup,34,9.0
2024-06-30,2,1,Margherita Pizza,36,12.0
2024-06-30,2,2,Pasta Alfredo,42,14.0
2024-06-30,2,3,Lasagna Bolognese,30,16.0
2024-06-30,2,4,Bruschetta,36,8.0
2024-06-30,2,5,Tiramisu,41,7.0
2024-06-30,2,6,Caesar Salad,34,10.0
2024-06-30,2,7,Minestrone Soup,33,9.0
2024-06-30,3,1,Margherita Pizza,36,12.0
2024-06-30,3,2,Pasta Alfredo,53,14.0
2024-06-30,3,3,Lasagna Bolognese,29,16.0
2024-06-30,3,4,Bruschetta,34,8.0
2024-06-30,3,5,Tiramisu,47,7.0
2024-06-30,3,6,Caesar Salad,25,10.0
2024-06-30,3,7,Minestrone Soup,37,9.0
2024-06-30,4,1,Margherita Pizza,46,12.0
2024-06-30,4,2,Pasta Alfredo,42,14.0
2024-06-30,4,3,Lasagna Bolognese,27,16.0
2024-06-30,4,4,Bruschetta,35,8.0
2024-06-30,4,5,Tiramisu,49,7.0
2024-06-30,4,6,Caesar Salad,37,10.0
2024-06-30,4,7,Minestrone Soup,38,9.0
2024-06-30,5,1,Margherita Pizza,44,12.0
2024-06-30,5,2,Pasta Alfredo,53,14.0
2024-06-30,5,3,Lasagna Bolognese,40,16.0
2024-06-30,5,4,Bruschetta,41,8.0
2024-06-30,5,5,Tiramisu,42,7.0
2024-06-30,5,6,Caesar Salad,32,10.0
2024-06-30,5,7,Minestrone Soup,40,9.0
2024-07-01,1,1,Margherita Pizza,23,12.0
2024-07-01,1,2,Pasta Alfredo,28,14.0
2024-07-01,1,3,Lasagna Bolognese,24,16.0
2024-07-01,1,4,Bruschetta,28,8.0
2024-07-01,1,5,Tiramisu,28,7.0
2024-07-01,1,6,Caesar Salad,23,10.0
2024-07-01,1,7,Minestrone Soup,25,9.0
2024-07-01,2,1,Margherita Pizza,26,12.0
2024-07-01,2,2,Pasta Alfredo,32,14.0
2024-07-01,2,3,Lasagna Bolognese,21,16.0
2024-07-01,2,4,Bruschetta,32,8.0
2024-07-01,2,5,Tiramisu,25,7.0
2024-07-01,2,6,Caesar Salad,20,10.0
2024-07-01,2,7,Minestrone Soup,25,9.0
2024-07-01,3,1,Margherita Pizza,28,12.0
2024-07-01,3,2,Pasta Alfredo,35,14.0
2024-07-01,3,3,Lasagna Bolognese,22,16.0
2024-07-01,3,4,Bruschetta,23,8.0
2024-07-01,3,5,Tiramisu,34,7.0
2024-07-01,3,6,Caesar Salad,25,10.0
2024-07-01,3,7,Minestrone Soup,21,9.0
2024-07-01,4,1,Margherita Pizza,28,12.0
2024-07-01,4,2,Pasta Alfredo,28,14.0
2024-07-01,4,3,Lasagna Bolognese,21,16.0
2024-07-01,4,4,Bruschetta,25,8.0
2024-07-01,4,5,Tiramisu,35,7.0
2024-07-01,4,6,Caesar Salad,24,10.0
2024-07-01,4,7,Minestrone Soup,24,9.0
2024-07-01,5,1,Margherita Pizza,32,12.0
2024-07-01,5,2,Pasta Alfredo,30,14.0
2024-07-01,5,3,Lasagna Bolognese,25,16.0
2024-07-01,5,4,Bruschetta,27,8.0
2024-07-01,5,5,Tiramisu,33,7.0
2024-07-01,5,6,Caesar Salad,26,10.0
2024-07-01,5,7,Minestrone Soup,31,9.0
2024-07-02,1,1,Margherita Pizza,33,12.0
2024-07-02,1,2,Pasta Alfredo,33,14.0
2024-07-02,1,3,Lasagna Bolognese,25,16.0
2024-07-02,1,4,Bruschetta,27,8.0
2024-07-02,1,5,Tiramisu,34,7.0
2024-07-02,1,6,Caesar Salad,25,10.0
2024-07-02,1,7,Minestrone Soup,28,9.0
2024-07-02,2,1,Margherita Pizza,25,12.0
2024-07-02,2,2,Pasta Alfredo,36,14.0
2024-07-02,2,3,Lasagna Bolognese,26,16.0
2024-07-02,2,4,Bruschetta,28,8.0
2024-07-02,2,5,Tiramisu,31,7.0
2024-07-02,2,6,Caesar Salad,29,10.0
2024-07-02,2,7,Minestrone Soup,31,9.0
2024-07-02,3,1,Margherita Pizza,31,12.0
2024-07-02,3,2,Pasta Alfredo,33,14.0
2024-07-02,3,3,Lasagna Bolognese,24,16.0
2024-07-02,3,4,Bruschetta,35,8.0
2024-07-02,3,5,Tiramisu,37,7.0
2024-07-02,3,6,Caesar Salad,25,10.0
2024-07-02,3,7,Minestrone Soup,33,9.0
2024-07-02,4,1,Margherita Pizza,31,12.0
2024-07-02,4,2,Pasta Alfredo,43,14.0
2024-07-02,4,3,Lasagna Bolognese,32,16.0
2024-07-02,4,4,Bruschetta,32,8.0
2024-07-02,4,5,Tiramisu,37,7.0
2024-07-02,4,6,Caesar Salad,20,10.0
2024-07-02,4,7,Minestrone Soup,29,9.0
2024-07-02,5,1,Margherita Pizza,30,12.0
2024-07-02,5,2,Pasta Alfredo,41,14.0
2024-07-02,5,3,Lasagna Bolognese,28,16.0
2024-07-02,5,4,Bruschetta,30,8.0
2024-07-02,5,5,Tiramisu,39,7.0
2024-07-02,5,6,Caesar Salad,30,10.0
2024-07-02,5,7,Minestrone Soup,36,9.0
2024-07-03,1,1,Margherita Pizza,23,12.0
2024-07-03,1,2,Pasta Alfredo,33,14.0
2024-07-03,1,3,Lasagna Bolognese,20,16.0
2024-07-03,1,4,Bruschetta,31,8.0
2024-07-03,1,5,Tiramisu,36,7.0
2024-07-03,1,6,Caesar Salad,21,10.0
2024-07-03,1,7,Minestrone Soup,26,9.0
2024-07-03,2,1,Margherita Pizza,29,12.0
2024-07-03,2,2,Pasta Alfredo,28,14.0
2024-07-03,2,3,Lasagna Bolognese,26,16.0
2024-07-03,2,4,Bruschetta,29,8.0
2024-07-03,2,5,Tiramisu,38,7.0
2024-07-03,2,6,Caesar Salad,22,10.0
2024-07-03,2,7,Minestrone Soup,28,9.0
2024-07-03,3,1,Margherita Pizza,27,12.0
2024-07-03,3,2,Pasta Alfredo,34,14.0
2024-07-03,3,3,Lasagna Bolognese,23,16.0
2024-07-03,3,4,Bruschetta,34,8.0
2024-07-03,3,5,Tiramisu,35,7.0
2024-07-03,3,6,Caesar Salad,27,10.0
2024-07-03,3,7,Minestrone Soup,30,9.0
2024-07-03,4,1,Margherita Pizza,29,12.0
2024-07-03,4,2,Pasta Alfredo,38,14.0
2024-07-03,4,3,Lasagna Bolognese,29,16.0
2024-07-03,4,4,Bruschetta,29,8.0
2024-07-03,4,5,Tiramisu,41,7.0
2024-07-03,4,6,Caesar Salad,25,10.0
2024-07-03,4,7,Minestrone Soup,32,9.0
2024-07-03,5,1,Margherita Pizza,36,12.0
2024-07-03,5,2,Pasta Alfredo,38,14.0
2024-07-03,5,3,Lasagna Bolognese,29,16.0
2024-07-03,5,4,Bruschetta,34,8.0
2024-07-03,5,5,Tiramisu,41,7.0
2024-07-03,5,6,Caesar Salad,22,10.0
2024-07-03,5,7,Minestrone Soup,29,9.0
2024-07-04,1,1,Margherita Pizza,30,12.0
2024-07-04,1,2,Pasta Alfredo,36,14.0
2024-07-04,1,3,Lasagna Bolognese,21,16.0
2024-07-04,1,4,Bruschetta,28,8.0
2024-07-04,1,5,Tiramisu,34,7.0
2024-07-04,1,6,Caesar Salad,26,10.0
2024-07-04,1,7,Minestrone Soup,22,9.0
2024-07-04,2,1,Margherita Pizza,27,12.0
2024-07-04,2,2,Pasta Alfredo,34,14.0
2024-07-04,2,3,Lasagna Bolognese,27,16.0
2024-07-04,2,4,Bruschetta,37,8.0
2024-07-04,2,5,Tiramisu,34,7.0
2024-07-04,2,6,Caesar Salad,21,10.0
2024-07-04,2,7,Minestrone Soup,31,9.0
2024-07-04,3,1,Margherita Pizza,35,12.0
2024-07-04,3,2,Pasta Alfredo,37,14.0
2024-07-04,3,3,Lasagna Bolognese,24,16.0
2024-07-04,3,4,Bruschetta,34,8.0
2024-07-04,3,5,Tiramisu,39,7.0
2024-07-04,3,6,Caesar Salad,23,10.0
2024-07-04,3,7,Minestrone Soup,33,9.0
2024-07-04,4,1,Margherita Pizza,36,12.0
2024-07-04,4,2,Pasta Alfredo,42,14.0
2024-07-04,4,3,Lasagna Bolognese,27,16.0
2024-07-04,4,4,Bruschetta,32,8.0
2024-07-04,4,5,Tiramisu,42,7.0
2024-07-04,4,6,Caesar Salad,24,10.0
2024-07-04,4,7,Minestrone Soup,34,9.0
2024-07-04,5,1,Margherita Pizza,30,12.0
2024-07-04,5,2,Pasta Alfredo,43,14.0
2024-07-04,5,3,Lasagna Bolognese,28,16.0
2024-07-04,5,4,Bruschetta,38,8.0
2024-07-04,5,5,Tiramisu,42,7.0
2024-07-04,5,6,Caesar Salad,25,10.0
2024-07-04,5,7,Minestrone Soup,39,9.0
2024-07-05,1,1,Margherita Pizza,43,12.0
2024-07-05,1,2,Pasta Alfredo,48,14.0
2024-07-05,1,3,Lasagna Bolognese,30,16.0
2024-07-05,1,4,Bruschetta,38,8.0
2024-07-05,1,5,Tiramisu,45,7.0
2024-07-05,1,6,Caesar Salad,30,10.0
2024-07-05,1,7,Minestrone Soup,44,9.0
2024-07-05,2,1,Margherita Pizza,41,12.0
2024-07-05,2,2,Pasta Alfredo,39,14.0
2024-07-05,2,3,Lasagna Bolognese,35,16.0
2024-07-05,2,4,Bruschetta,39,8.0
2024-07-05,2,5,Tiramisu,47,7.0
2024-07-05,2,6,Caesar Salad,33,10.0
2024-07-05,2,7,Minestrone Soup,43,9.0
2024-07-05,3,1,Margherita Pizza,46,12.0
2024-07-05,3,2,Pasta Alfredo,50,14.0
2024-07-05,3,3,Lasagna Bolognese,34,16.0
2024-07-05,3,4,Bruschetta,42,8.0
2024-07-05,3,5,Tiramisu,50,7.0
2024-07-05,3,6,Caesar Salad,33,10.0
2024-07-05,3,7,Minestrone Soup,44,9.0
2024-07-05,4,1,Margherita Pizza,46,12.0
2024-07-05,4,2,Pasta Alfredo,57,14.0
2024-07-05,4,3,Lasagna Bolognese,41,16.0
2024-07-05,4,4,Bruschetta,42,8.0
2024-07-05,4,5,Tiramisu,54,7.0
2024-07-05,4,6,Caesar Salad,34,10.0
2024-07-05,4,7,Minestrone Soup,47,9.0
2024-07-05,5,1,Margherita Pizza,45,12.0
2024-07-05,5,2,Pasta Alfredo,51,14.0
2024-07-05,5,3,Lasagna Bolognese,40,16.0
2024-07-05,5,4,Bruschetta,39,8.0
2024-07-05,5,5,Tiramisu,49,7.0
2024-07-05,5,6,Caesar Salad,38,10.0
2024-07-05,5,7,Minestrone Soup,47,9.0
2024-07-06,1,1,Margherita Pizza,37,12.0
2024-07-06,1,2,Pasta Alfredo,40,14.0
2024-07-06,1,3,Lasagna Bolognese,30,16.0
2024-07-06,1,4,Bruschetta,40,8.0
2024-07-06,1,5,Tiramisu,47,7.0
2024-07-06,1,6,Caesar Salad,32,10.0
2024-07-06,1,7,Minestrone Soup,42,9.0
2024-07-06,2,1,Margherita Pizza,42,12.0
2024-07-06,2,2,Pasta Alfredo,45,14.0
2024-07-06,2,3,Lasagna Bolognese,33,16.0
2024-07-06,2,4,Bruschetta,36,8.0
2024-07-06,2,5,Tiramisu,47,7.0
2024-07-06,2,6,Caesar Salad,37,10.0
2024-07-06,2,7,Minestrone Soup,43,9.0
2024-07-06,3,1,Margherita Pizza,47,12.0
2024-07-06,3,2,Pasta Alfredo,49,14.0
2024-07-06,3,3,Lasagna Bolognese,39,16.0
2024-07-06,3,4,Bruschetta,42,8.0
2024-07-06,3,5,Tiramisu,54,7.0
2024-07-06,3,6,Caesar Salad,35,10.0
2024-07-06,3,7,Minestrone Soup,45,9.0
2024-07-06,4,1,Margherita Pizza,49,12.0
2024-07-06,4,2,Pasta Alfredo,51,14.0
2024-07-06,4,3,Lasagna Bolognese,38,16.0
2024-07-06,4,4,Bruschetta,48,8.0
2024-07-06,4,5,Tiramisu,52,7.0
2024-07-06,4,6,Caesar Salad,33,10.0
2024-07-06,4,7,Minestrone Soup,51,9.0
2024-07-06,5,1,Margherita Pizza,45,12.0
2024-07-06,5,2,Pasta Alfredo,55,14.0
2024-07-06,5,3,Lasagna Bolognese,42,16.0
2024-07-06,5,4,Bruschetta,45,8.0
2024-07-06,5,5,Tiramisu,51,7.0
2024-07-06,5,6,Caesar Salad,40,10.0
2024-07-06,5,7,Minestrone Soup,41,9.0
2024-07-07,1,1,Margherita Pizza,32,12.0
2024-07-07,1,2,Pasta Alfredo,39,14.0
2024-07-07,1,3,Lasagna Bolognese,27,16.0
2024-07-07,1,4,Bruschetta,28,8.0
2024-07-07,1,5,Tiramisu,43,7.0
2024-07-07,1,6,Caesar Salad,28,10.0
2024-07-07,1,7,Minestrone Soup,37,9.0
2024-07-07,2,1,Margherita Pizza,34,12.0
2024-07-07,2,2,Pasta Alfredo,38,14.0
2024-07-07,2,3,Lasagna Bolognese,30,16.0
2024-07-07,2,4,Bruschetta,34,8.0
2024-07-07,2,5,Tiramisu,37,7.0
2024-07-07,2,6,Caesar Salad,33,10.0
2024-07-07,2,7,Minestrone Soup,33,9.0
2024-07-07,3,1,Margherita Pizza,31,12.0
2024-07-07,3,2,Pasta Alfredo,46,14.0
2024-07-07,3,3,Lasagna Bolognese,29,16.0
2024-07-07,3,4,Bruschetta,34,8.0
2024-07-07,3,5,Tiramisu,37,7.0
2024-07-07,3,6,Caesar Salad,35,10.0
2024-07-07,3,7,Minestrone Soup,32,9.0
2024-07-07,4,1,Margherita Pizza,38,12.0
2024-07-07,4,2,Pasta Alfredo,47,14.0
2024-07-07,4,3,Lasagna Bolognese,33,16.0
2024-07-07,4,4,Bruschetta,38,8.0
2024-07-07,4,5,Tiramisu,39,7.0
2024-07-07,4,6,Caesar Salad,29,10.0
2024-07-07,4,7,Minestrone Soup,39,9.0
2024-07-07,5,1,Margherita Pizza,37,12.0
2024-07-07,5,2,Pasta Alfredo,47,14.0
2024-07-07,5,3,Lasagna Bolognese,35,16.0
2024-07-07,5,4,Bruschetta,43,8.0
2024-07-07,5,5,Tiramisu,43,7.0
2024-07-07,5,6,Caesar Salad,40,10.0
2024-07-07,5,7,Minestrone Soup,42,9.0
2024-07-08,1,1,Margherita Pizza,24,12.0
2024-07-08,1,2,Pasta Alfredo,32,14.0
2024-07-08,1,3,Lasagna Bolognese,27,16.0
2024-07-08,1,4,Bruschetta,20,8.0
2024-07-08,1,5,Tiramisu,28,7.0
2024-07-08,1,6,Caesar Salad,13,10.0
2024-07-08,1,7,Minestrone Soup,25,9.0
2024-07-08,2,1,Margherita Pizza,27,12.0
2024-07-08,2,2,Pasta Alfredo,30,14.0
2024-07-08,2,3,Lasagna Bolognese,19,16.0
2024-07-08,2,4,Bruschetta,19,8.0
2024-07-08,2,5,Tiramisu,31,7.0
2024-07-08,2,6,Caesar Salad,26,10.0
2024-07-08,2,7,Minestrone Soup,24,9.0
2024-07-08,3,1,Margherita Pizza,28,12.0
2024-07-08,3,2,Pasta Alfredo,27,14.0
2024-07-08,3,3,Lasagna Bolognese,24,16.0
2024-07-08,3,4,Bruschetta,26,8.0
2024-07-08,3,5,Tiramisu,29,7.0
2024-07-08,3,6,Caesar Salad,20,10.0
2024-07-08,3,7,Minestrone Soup,26,9.0
2024-07-08,4,1,Margherita Pizza,29,12.0
2024-07-08,4,2,Pasta Alfredo,29,14.0
2024-07-08,4,3,Lasagna Bolognese,22,16.0
2024-07-08,4,4,Bruschetta,28,8.0
2024-07-08,4,5,Tiramisu,29,7.0
2024-07-08,4,6,Caesar Salad,29,10.0
2024-07-08,4,7,Minestrone Soup,25,9.0
2024-07-08,5,1,Margherita Pizza,27,12.0
2024-07-08,5,2,Pasta Alfredo,31,14.0
2024-07-08,5,3,Lasagna Bolognese,30,16.0
2024-07-08,5,4,Bruschetta,31,8.0
2024-07-08,5,5,Tiramisu,31,7.0
2024-07-08,5,6,Caesar Salad,28,10.0
2024-07-08,5,7,Minestrone Soup,30,9.0
2024-07-09,1,1,Margherita Pizza,29,12.0
2024-07-09,1,2,Pasta Alfredo,32,14.0
2024-07-09,1,3,Lasagna Bolognese,22,16.0
2024-07-09,1,4,Bruschetta,30,8.0
2024-07-09,1,5,Tiramisu,32,7.0
2024-07-09,1,6,Caesar Salad,29,10.0
2024-07-09,1,7,Minestrone Soup,25,9.0
2024-07-09,2,1,Margherita Pizza,35,12.0
2024-07-09,2,2,Pasta Alfredo,35,14.0
2024-07-09,2,3,Lasagna Bolognese,26,16.0
2024-07-09,2,4,Bruschetta,32,8.0
2024-07-09,2,5,Tiramisu,33,7.0
2024-07-09,2,6,Caesar Salad,28,10.0
2024-07-09,2,7,Minestrone Soup,22,9.0
2024-07-09,3,1,Margherita Pizza,29,12.0
2024-07-09,3,2,Pasta Alfredo,34,14.0
2024-07-09,3,3,Lasagna Bolognese,22,16.0
2024-07-09,3,4,Bruschetta,31,8.0
2024-07-09,3,5,Tiramisu,38,7.0
2024-07-09,3,6,Caesar Salad,28,10.0
2024-07-09,3,7,Minestrone Soup,32,9.0
2024-07-09,4,1,Margherita Pizza,31,12.0
2024-07-09,4,2,Pasta Alfredo,40,14.0
2024-07-09,4,3,Lasagna Bolognese,28,16.0
2024-07-09,4,4,Bruschetta,36,8.0
2024-07-09,4,5,Tiramisu,41,7.0
2024-07-09,4,6,Caesar Salad,28,10.0
2024-07-09,4,7,Minestrone Soup,30,9.0
2024-07-09,5,1,Margherita Pizza,33,12.0
2024-07-09,5,2,Pasta Alfredo,39,14.0
2024-07-09,5,3,Lasagna Bolognese,28,16.0
2024-07-09,5,4,Bruschetta,35,8.0
2024-07-09,5,5,Tiramisu,42,7.0
2024-07-09,5,6,Caesar Salad,29,10.0
2024-07-09,5,7,Minestrone Soup,35,9.0
2024-07-10,1,1,Margherita Pizza,29,12.0
2024-07-10,1,2,Pasta Alfredo,32,14.0
2024-07-10,1,3,Lasagna Bolognese,21,16.0
2024-07-10,1,4,Bruschetta,23,8.0
2024-07-10,1,5,Tiramisu,31,7.0
2024-07-10,1,6,Caesar Salad,25,10.0
2024-07-10,1,7,Minestrone Soup,26,9.0
2024-07-10,2,1,Margherita Pizza,29,12.0
2024-07-10,2,2,Pasta Alfredo,36,14.0
2024-07-10,2,3,Lasagna Bolognese,27,16.0
2024-07-10,2,4,Bruschetta,27,8.0
2024-07-10,2,5,Tiramisu,38,7.0
2024-07-10,2,6,Caesar Salad,28,10.0
2024-07-10,2,7,Minestrone Soup,27,9.0
2024-07-10,3,1,Margherita Pizza,29,12.0
2024-07-10,3,2,Pasta Alfredo,40,14.0
2024-07-10,3,3,Lasagna Bolognese,26,16.0
2024-07-10,3,4,Bruschetta,25,8.0
2024-07-10,3,5,Tiramisu,33,7.0
2024-07-10,3,6,Caesar Salad,26,10.0
2024-07-10,3,7,Minestrone Soup,28,9.0
2024-07-10,4,1,Margherita Pizza,32,12.0
2024-07-10,4,2,Pasta Alfredo,39,14.0
2024-07-10,4,3,Lasagna Bolognese,32,16.0
2024-07-10,4,4,Bruschetta,32,8.0
2024-07-10,4,5,Tiramisu,42,7.0
2024-07-10,4,6,Caesar Salad,32,10.0
2024-07-10,4,7,Minestrone Soup,37,9.0
2024-07-10,5,1,Margherita Pizza,35,12.0
2024-07-10,5,2,Pasta Alfredo,34,14.0
2024-07-10,5,3,Lasagna Bolognese,30,16.0
2024-07-10,5,4,Bruschetta,38,8.0
2024-07-10,5,5,Tiramisu,40,7.0
2024-07-10,5,6,Caesar Salad,34,10.0
2024-07-10,5,7,Minestrone Soup,37,9.0
2024-07-11,1,1,Margherita Pizza,30,12.0
2024-07-11,1,2,Pasta Alfredo,37,14.0
2024-07-11,1,3,Lasagna Bolognese,25,16.0
2024-07-11,1,4,Bruschetta,21,8.0
2024-07-11,1,5,Tiramisu,32,7.0
2024-07-11,1,6,Caesar Salad,27,10.0
2024-07-11,1,7,Minestrone Soup,26,9.0
2024-07-11,2,1,Margherita Pizza,29,12.0
2024-07-11,2,2,Pasta Alfredo,32,14.0
2024-07-11,2,3,Lasagna Bolognese,30,16.0
2024-07-11,2,4,Bruschetta,35,8.0
2024-07-11,2,5,Tiramisu,32,7.0
2024-07-11,2,6,Caesar Salad,25,10.0
2024-07-11,2,7,Minestrone Soup,28,9.0
2024-07-11,3,1,Margherita Pizza,33,12.0
2024-07-11,3,2,Pasta Alfredo,38,14.0
2024-07-11,3,3,Lasagna Bolognese,29,16.0
2024-07-11,3,4,Bruschetta,32,8.0
2024-07-11,3,5,Tiramisu,46,7.0
2024-07-11,3,6,Caesar Salad,23,10.0
2024-07-11,3,7,Minestrone Soup,26,9.0
2024-07-11,4,1,Margherita Pizza,32,12.0
2024-07-11,4,2,Pasta Alfredo,34,14.0
2024-07-11,4,3,Lasagna Bolognese,23,16.0
2024-07-11,4,4,Bruschetta,30,8.0
2024-07-11,4,5,Tiramisu,36,7.0
2024-07-11,4,6,Caesar Salad,25,10.0
2024-07-11,4,7,Minestrone Soup,35,9.0
2024-07-11,5,1,Margherita Pizza,33,12.0
2024-07-11,5,2,Pasta Alfredo,40,14.0
2024-07-11,5,3,Lasagna Bolognese,31,16.0
2024-07-11,5,4,Bruschetta,32,8.0
2024-07-11,5,5,Tiramisu,39,7.0
2024-07-11,5,6,Caesar Salad,30,10.0
2024-07-11,5,7,Minestrone Soup,29,9.0
2024-07-12,1,1,Margherita Pizza,31,12.0
2024-07-12,1,2,Pasta Alfredo,46,14.0
2024-07-12,1,3,Lasagna Bolognese,34,16.0
2024-07-12,1,4,Bruschetta,45,8.0
2024-07-12,1,5,Tiramisu,45,7.0
2024-07-12,1,6,Caesar Salad,35,10.0
2024-07-12,1,7,Minestrone Soup,38,9.0
2024-07-12,2,1,Margherita Pizza,41,12.0
2024-07-12,2,2,Pasta Alfredo,52,14.0
2024-07-12,2,3,Lasagna Bolognese,27,16.0
2024-07-12,2,4,Bruschetta,42,8.0
2024-07-12,2,5,Tiramisu,54,7.0
2024-07-12,2,6,Caesar Salad,35,10.0
2024-07-12,2,7,Minestrone Soup,45,9.0
2024-07-12,3,1,Margherita Pizza,41,12.0
2024-07-12,3,2,Pasta Alfredo,50,14.0
2024-07-12,3,3,Lasagna Bolognese,36,16.0
2024-07-12,3,4,Bruschetta,36,8.0
2024-07-12,3,5,Tiramisu,46,7.0
2024-07-12,3,6,Caesar Salad,32,10.0
2024-07-12,3,7,Minestrone Soup,45,9.0
2024-07-12,4,1,Margherita Pizza,47,12.0
2024-07-12,4,2,Pasta Alfredo,53,14.0
2024-07-12,4,3,Lasagna Bolognese,40,16.0
2024-07-12,4,4,Bruschetta,44,8.0
2024-07-12,4,5,Tiramisu,56,7.0
2024-07-12,4,6,Caesar Salad,37,10.0
2024-07-12,4,7,Minestrone Soup,45,9.0
2024-07-12,5,1,Margherita Pizza,46,12.0
2024-07-12,5,2,Pasta Alfredo,56,14.0
2024-07-12,5,3,Lasagna Bolognese,38,16.0
2024-07-12,5,4,Bruschetta,50,8.0
2024-07-12,5,5,Tiramisu,51,7.0
2024-07-12,5,6,Caesar Salad,36,10.0
2024-07-12,5,7,Minestrone Soup,49,9.0
2024-07-13,1,1,Margherita Pizza,38,12.0
2024-07-13,1,2,Pasta Alfredo,44,14.0
2024-07-13,1,3,Lasagna Bolognese,35,16.0
2024-07-13,1,4,Bruschetta,37,8.0
2024-07-13,1,5,Tiramisu,44,7.0
2024-07-13,1,6,Caesar Salad,36,10.0
2024-07-13,1,7,Minestrone Soup,43,9.0
2024-07-13,2,1,Margherita Pizza,45,12.0
2024-07-13,2,2,Pasta Alfredo,46,14.0
2024-07-13,2,3,Lasagna Bolognese,37,16.0
2024-07-13,2,4,Bruschetta,38,8.0
2024-07-13,2,5,Tiramisu,45,7.0
2024-07-13,2,6,Caesar Salad,27,10.0
2024-07-13,2,7,Minestrone Soup,46,9.0
2024-07-13,3,1,Margherita Pizza,40,12.0
2024-07-13,3,2,Pasta Alfredo,49,14.0
2024-07-13,3,3,Lasagna Bolognese,33,16.0
2024-07-13,3,4,Bruschetta,45,8.0
2024-07-13,3,5,Tiramisu,48,7.0
2024-07-13,3,6,Caesar Salad,32,10.0
2024-07-13,3,7,Minestrone Soup,44,9.0
2024-07-13,4,1,Margherita Pizza,40,12.0
2024-07-13,4,2,Pasta Alfredo,49,14.0
2024-07-13,4,3,Lasagna Bolognese,31,16.0
2024-07-13,4,4,Bruschetta,40,8.0
2024-07-13,4,5,Tiramisu,53,7.0
2024-07-13,4,6,Caesar Salad,31,10.0
2024-07-13,4,7,Minestrone Soup,40,9.0
2024-07-13,5,1,Margherita Pizza,47,12.0
2024-07-13,5,2,Pasta Alfredo,53,14.0
2024-07-13,5,3,Lasagna Bolognese,45,16.0
2024-07-13,5,4,Bruschetta,52,8.0
2024-07-13,5,5,Tiramisu,52,7.0
2024-07-13,5,6,Caesar Salad,40,10.0
2024-07-13,5,7,Minestrone Soup,49,9.0
2024-07-14,1,1,Margherita Pizza,31,12.0
2024-07-14,1,2,Pasta Alfredo,34,14.0
2024-07-14,1,3,Lasagna Bolognese,27,16.0
2024-07-14,1,4,Bruschetta,32,8.0
2024-07-14,1,5,Tiramisu,37,7.0
2024-07-14,1,6,Caesar Salad,29,10.0
2024-07-14,1,7,Minestrone Soup,31,9.0
2024-07-14,2,1,Margherita Pizza,31,12.0
2024-07-14,2,2,Pasta Alfredo,41,14.0
2024-07-14,2,3,Lasagna Bolognese,30,16.0
2024-07-14,2,4,Bruschetta,31,8.0
2024-07-14,2,5,Tiramisu,43,7.0
2024-07-14,2,6,Caesar Salad,23,10.0
2024-07-14,2,7,Minestrone Soup,33,9.0
2024-07-14,3,1,Margherita Pizza,35,12.0
2024-07-14,3,2,Pasta Alfredo,40,14.0
2024-07-14,3,3,Lasagna Bolognese,28,16.0
2024-07-14,3,4,Bruschetta,42,8.0
2024-07-14,3,5,Tiramisu,40,7.0
2024-07-14,3,6,Caesar Salad,38,10.0
2024-07-14,3,7,Minestrone Soup,38,9.0
2024-07-14,4,1,Margherita Pizza,38,12.0
2024-07-14,4,2,Pasta Alfredo,46,14.0
2024-07-14,4,3,Lasagna Bolognese,39,16.0
2024-07-14,4,4,Bruschetta,35,8.0
2024-07-14,4,5,Tiramisu,41,7.0
2024-07-14,4,6,Caesar Salad,29,10.0
2024-07-14,4,7,Minestrone Soup,38,9.0
2024-07-14,5,1,Margherita Pizza,34,12.0
2024-07-14,5,2,Pasta Alfredo,46,14.0
2024-07-14,5,3,Lasagna Bolognese,38,16.0
2024-07-14,5,4,Bruschetta,40,8.0
2024-07-14,5,5,Tiramisu,45,7.0
2024-07-14,5,6,Caesar Salad,31,10.0
2024-07-14,5,7,Minestrone Soup,42,9.0
2024-07-15,1,1,Margherita Pizza,22,12.0
2024-07-15,1,2,Pasta Alfredo,34,14.0
2024-07-15,1,3,Lasagna Bolognese,26,16.0
2024-07-15,1,4,Bruschetta,25,8.0
2024-07-15,1,5,Tiramisu,28,7.0
2024-07-15,1,6,Caesar Salad,23,10.0
2024-07-15,1,7,Minestrone Soup,28,9.0
2024-07-15,2,1,Margherita Pizza,23,12.0
2024-07-15,2,2,Pasta Alfredo,28,14.0
2024-07-15,2,3,Lasagna Bolognese,17,16.0
2024-07-15,2,4,Bruschetta,27,8.0
2024-07-15,2,5,Tiramisu,32,7.0
2024-07-15,2,6,Caesar Salad,17,10.0
2024-07-15,2,7,Minestrone Soup,24,9.0
2024-07-15,3,1,Margherita Pizza,23,12.0
2024-07-15,3,2,Pasta Alfredo,29,14.0
2024-07-15,3,3,Lasagna Bolognese,24,16.0
2024-07-15,3,4,Bruschetta,25,8.0
2024-07-15,3,5,Tiramisu,30,7.0
2024-07-15,3,6,Caesar Salad,17,10.0
2024-07-15,3,7,Minestrone Soup,27,9.0
2024-07-15,4,1,Margherita Pizza,28,12.0
2024-07-15,4,2,Pasta Alfredo,31,14.0
2024-07-15,4,3,Lasagna Bolognese,23,16.0
2024-07-15,4,4,Bruschetta,29,8.0
2024-07-15,4,5,Tiramisu,30,7.0
2024-07-15,4,6,Caesar Salad,19,10.0
2024-07-15,4,7,Minestrone Soup,33,9.0
2024-07-15,5,1,Margherita Pizza,27,12.0
2024-07-15,5,2,Pasta Alfredo,34,14.0
2024-07-15,5,3,Lasagna Bolognese,27,16.0
2024-07-15,5,4,Bruschetta,40,8.0
2024-07-15,5,5,Tiramisu,30,7.0
2024-07-15,5,6,Caesar Salad,26,10.0
2024-07-15,5,7,Minestrone Soup,27,9.0
2024-07-16,1,1,Margherita Pizza,27,12.0
2024-07-16,1,2,Pasta Alfredo,31,14.0
2024-07-16,1,3,Lasagna Bolognese,20,16.0
2024-07-16,1,4,Bruschetta,28,8.0
2024-07-16,1,5,Tiramisu,29,7.0
2024-07-16,1,6,Caesar Salad,27,10.0
2024-07-16,1,7,Minestrone Soup,29,9.0
2024-07-16,2,1,Margherita Pizza,31,12.0
2024-07-16,2,2,Pasta Alfredo,34,14.0
2024-07-16,2,3,Lasagna Bolognese,24,16.0
2024-07-16,2,4,Bruschetta,31,8.0
2024-07-16,2,5,Tiramisu,32,7.0
2024-07-16,2,6,Caesar Salad,24,10.0
2024-07-16,2,7,Minestrone Soup,27,9.0
2024-07-16,3,1,Margherita Pizza,29,12.0
2024-07-16,3,2,Pasta Alfredo,30,14.0
2024-07-16,3,3,Lasagna Bolognese,30,16.0
2024-07-16,3,4,Bruschetta,29,8.0
2024-07-16,3,5,Tiramisu,40,7.0
2024-07-16,3,6,Caesar Salad,29,10.0
2024-07-16,3,7,Minestrone Soup,28,9.0
2024-07-16,4,1,Margherita Pizza,30,12.0
2024-07-16,4,2,Pasta Alfredo,46,14.0
2024-07-16,4,3,Lasagna Bolognese,33,16.0
2024-07-16,4,4,Bruschetta,33,8.0
2024-07-16,4,5,Tiramisu,39,7.0
2024-07-16,4,6,Caesar Salad,26,10.0
2024-07-16,4,7,Minestrone Soup,34,9.0
2024-07-16,5,1,Margherita Pizza,32,12.0
2024-07-16,5,2,Pasta Alfredo,34,14.0
2024-07-16,5,3,Lasagna Bolognese,25,16.0
2024-07-16,5,4,Bruschetta,35,8.0
2024-07-16,5,5,Tiramisu,37,7.0
2024-07-16,5,6,Caesar Salad,29,10.0
2024-07-16,5,7,Minestrone Soup,31,9.0
2024-07-17,1,1,Margherita Pizza,26,12.0
2024-07-17,1,2,Pasta Alfredo,36,14.0
2024-07-17,1,3,Lasagna Bolognese,24,16.0
2024-07-17,1,4,Bruschetta,28,8.0
2024-07-17,1,5,Tiramisu,36,7.0
2024-07-17,1,6,Caesar Salad,25,10.0
2024-07-17,1,7,Minestrone Soup,33,9.0
2024-07-17,2,1,Margherita Pizza,29,12.0
2024-07-17,2,2,Pasta Alfredo,34,14.0
2024-07-17,2,3,Lasagna Bolognese,21,16.0
2024-07-17,2,4,Bruschetta,29,8.0
2024-07-17,2,5,Tiramisu,38,7.0
2024-07-17,2,6,Caesar Salad,29,10.0
2024-07-17,2,7,Minestrone Soup,33,9.0
2024-07-17,3,1,Margherita Pizza,26,12.0
2024-07-17,3,2,Pasta Alfredo,40,14.0
2024-07-17,3,3,Lasagna Bolognese,21,16.0
2024-07-17,3,4,Bruschetta,34,8.0
2024-07-17,3,5,Tiramisu,36,7.0
2024-07-17,3,6,Caesar Salad,28,10.0
2024-07-17,3,7,Minestrone Soup,28,9.0
2024-07-17,4,1,Margherita Pizza,37,12.0
2024-07-17,4,2,Pasta Alfredo,34,14.0
2024-07-17,4,3,Lasagna Bolognese,25,16.0
2024-07-17,4,4,Bruschetta,30,8.0
2024-07-17,4,5,Tiramisu,33,7.0
2024-07-17,4,6,Caesar Salad,28,10.0
2024-07-17,4,7,Minestrone Soup,38,9.0
2024-07-17,5,1,Margherita Pizza,43,12.0
2024-07-17,5,2,Pasta Alfredo,41,14.0
2024-07-17,5,3,Lasagna Bolognese,32,16.0
2024-07-17,5,4,Bruschetta,35,8.0
2024-07-17,5,5,Tiramisu,42,7.0
2024-07-17,5,6,Caesar Salad,28,10.0
2024-07-17,5,7,Minestrone Soup,35,9.0
2024-07-18,1,1,Margherita Pizza,30,12.0
2024-07-18,1,2,Pasta Alfredo,32,14.0
2024-07-18,1,3,Lasagna Bolognese,24,16.0
2024-07-18,1,4,Bruschetta,28,8.0
2024-07-18,1,5,Tiramisu,36,7.0
2024-07-18,1,6,Caesar Salad,21,10.0
2024-07-18,1,7,Minestrone Soup,28,9.0
2024-07-18,2,1,Margherita Pizza,36,12.0
2024-07-18,2,2,Pasta Alfredo,38,14.0
2024-07-18,2,3,Lasagna Bolognese,29,16.0
2024-07-18,2,4,Bruschetta,30,8.0
2024-07-18,2,5,Tiramisu,36,7.0
2024-07-18,2,6,Caesar Salad,28,10.0
2024-07-18,2,7,Minestrone Soup,35,9.0
2024-07-18,3,1,Margherita Pizza,26,12.0
2024-07-18,3,2,Pasta Alfredo,33,14.0
2024-07-18,3,3,Lasagna Bolognese,30,16.0
2024-07-18,3,4,Bruschetta,31,8.0
2024-07-18,3,5,Tiramisu,35,7.0
2024-07-18,3,6,Caesar Salad,22,10.0
2024-07-18,3,7,Minestrone Soup,30,9.0
2024-07-18,4,1,Margherita Pizza,29,12.0
2024-07-18,4,2,Pasta Alfredo,45,14.0
2024-07-18,4,3,Lasagna Bolognese,27,16.0
2024-07-18,4,4,Bruschetta,33,8.0
2024-07-18,4,5,Tiramisu,40,7.0
2024-07-18,4,6,Caesar Salad,30,10.0
2024-07-18,4,7,Minestrone Soup,36,9.0
2024-07-18,5,1,Margherita Pizza,38,12.0
2024-07-18,5,2,Pasta Alfredo,38,14.0
2024-07-18,5,3,Lasagna Bolognese,28,16.0
2024-07-18,5,4,Bruschetta,37,8.0
2024-07-18,5,5,Tiramisu,39,7.0
2024-07-18,5,6,Caesar Salad,29,10.0
2024-07-18,5,7,Minestrone Soup,36,9.0
2024-07-19,1,1,Margherita Pizza,41,12.0
2024-07-19,1,2,Pasta Alfredo,40,14.0
2024-07-19,1,3,Lasagna Bolognese,34,16.0
2024-07-19,1,4,Bruschetta,38,8.0
2024-07-19,1,5,Tiramisu,47,7.0
2024-07-19,1,6,Caesar Salad,34,10.0
2024-07-19,1,7,Minestrone Soup,43,9.0
2024-07-19,2,1,Margherita Pizza,45,12.0
2024-07-19,2,2,Pasta Alfredo,51,14.0
2024-07-19,2,3,Lasagna Bolognese,38,16.0
2024-07-19,2,4,Bruschetta,41,8.0
2024-07-19,2,5,Tiramisu,47,7.0
2024-07-19,2,6,Caesar Salad,36,10.0
2024-07-19,2,7,Minestrone Soup,43,9.0
2024-07-19,3,1,Margherita Pizza,42,12.0
2024-07-19,3,2,Pasta Alfredo,51,14.0
2024-07-19,3,3,Lasagna Bolognese,35,16.0
2024-07-19,3,4,Bruschetta,40,8.0
2024-07-19,3,5,Tiramisu,53,7.0
2024-07-19,3,6,Caesar Salad,36,10.0
2024-07-19,3,7,Minestrone Soup,49,9.0
2024-07-19,4,1,Margherita Pizza,40,12.0
2024-07-19,4,2,Pasta Alfredo,50,14.0
2024-07-19,4,3,Lasagna Bolognese,37,16.0
2024-07-19,4,4,Bruschetta,48,8.0
2024-07-19,4,5,Tiramisu,53,7.0
2024-07-19,4,6,Caesar Salad,38,10.0
2024-07-19,4,7,Minestrone Soup,41,9.0
2024-07-19,5,1,Margherita Pizza,43,12.0
2024-07-19,5,2,Pasta Alfredo,55,14.0
2024-07-19,5,3,Lasagna Bolognese,35,16.0
2024-07-19,5,4,Bruschetta,45,8.0
2024-07-19,5,5,Tiramisu,56,7.0
2024-07-19,5,6,Caesar Salad,36,10.0
2024-07-19,5,7,Minestrone Soup,51,9.0
2024-07-20,1,1,Margherita Pizza,42,12.0
2024-07-20,1,2,Pasta Alfredo,40,14.0
2024-07-20,1,3,Lasagna Bolognese,29,16.0
2024-07-20,1,4,Bruschetta,32,8.0
2024-07-20,1,5,Tiramisu,43,7.0
2024-07-20,1,6,Caesar Salad,34,10.0
2024-07-20,1,7,Minestrone Soup,37,9.0
2024-07-20,2,1,Margherita Pizza,42,12.0
2024-07-20,2,2,Pasta Alfredo,43,14.0
2024-07-20,2,3,Lasagna Bolognese,36,16.0
2024-07-20,2,4,Bruschetta,39,8.0
2024-07-20,2,5,Tiramisu,47,7.0
2024-07-20,2,6,Caesar Salad,33,10.0
2024-07-20,2,7,Minestrone Soup,37,9.0
2024-07-20,3,1,Margherita Pizza,39,12.0
2024-07-20,3,2,Pasta Alfredo,53,14.0
2024-07-20,3,3,Lasagna Bolognese,37,16.0
2024-07-20,3,4,Bruschetta,46,8.0
2024-07-20,3,5,Tiramisu,51,7.0
2024-07-20,3,6,Caesar Salad,36,10.0
2024-07-20,3,7,Minestrone Soup,37,9.0
2024-07-20,4,1,Margherita Pizza,44,12.0
2024-07-20,4,2,Pasta Alfredo,52,14.0
2024-07-20,4,3,Lasagna Bolognese,43,16.0
2024-07-20,4,4,Bruschetta,47,8.0
2024-07-20,4,5,Tiramisu,57,7.0
2024-07-20,4,6,Caesar Salad,39,10.0
2024-07-20,4,7,Minestrone Soup,42,9.0
2024-07-20,5,1,Margherita Pizza,47,12.0
2024-07-20,5,2,Pasta Alfredo,55,14.0
2024-07-20,5,3,Lasagna Bolognese,36,16.0
2024-07-20,5,4,Bruschetta,45,8.0
2024-07-20,5,5,Tiramisu,54,7.0
2024-07-20,5,6,Caesar Salad,44,10.0
2024-07-20,5,7,Minestrone Soup,40,9.0
2024-07-21,1,1,Margherita Pizza,36,12.0
2024-07-21,1,2,Pasta Alfredo,35,14.0
2024-07-21,1,3,Lasagna Bolognese,23,16.0
2024-07-21,1,4,Bruschetta,36,8.0
2024-07-21,1,5,Tiramisu,40,7.0
2024-07-21,1,6,Caesar Salad,31,10.0
2024-07-21,1,7,Minestrone Soup,35,9.0
2024-07-21,2,1,Margherita Pizza,41,12.0
2024-07-21,2,2,Pasta Alfredo,42,14.0
2024-07-21,2,3,Lasagna Bolognese,28,16.0
2024-07-21,2,4,Bruschetta,36,8.0
2024-07-21,2,5,Tiramisu,44,7.0
2024-07-21,2,6,Caesar Salad,26,10.0
2024-07-21,2,7,Minestrone Soup,33,9.0
2024-07-21,3,1,Margherita Pizza,35,12.0
2024-07-21,3,2,Pasta Alfredo,36,14.0
2024-07-21,3,3,Lasagna Bolognese,31,16.0
2024-07-21,3,4,Bruschetta,31,8.0
2024-07-21,3,5,Tiramisu,42,7.0
2024-07-21,3,6,Caesar Salad,33,10.0
2024-07-21,3,7,Minestrone Soup,35,9.0
2024-07-21,4,1,Margherita Pizza,43,12.0
2024-07-21,4,2,Pasta Alfredo,40,14.0
2024-07-21,4,3,Lasagna Bolognese,35,16.0
2024-07-21,4,4,Bruschetta,40,8.0
2024-07-21,4,5,Tiramisu,39,7.0
2024-07-21,4,6,Caesar Salad,40,10.0
2024-07-21,4,7,Minestrone Soup,38,9.0
2024-07-21,5,1,Margherita Pizza,37,12.0
2024-07-21,5,2,Pasta Alfredo,42,14.0
2024-07-21,5,3,Lasagna Bolognese,32,16.0
2024-07-21,5,4,Bruschetta,39,8.0
2024-07-21,5,5,Tiramisu,47,7.0
2024-07-21,5,6,Caesar Salad,32,10.0
2024-07-21,5,7,Minestrone Soup,42,9.0
2024-07-22,1,1,Margherita Pizza,23,12.0
2024-07-22,1,2,Pasta Alfredo,22,14.0
2024-07-22,1,3,Lasagna Bolognese,20,16.0
2024-07-22,1,4,Bruschetta,17,8.0
2024-07-22,1,5,Tiramisu,29,7.0
2024-07-22,1,6,Caesar Salad,17,10.0
2024-07-22,1,7,Minestrone Soup,25,9.0
2024-07-22,2,1,Margherita Pizza,29,12.0
2024-07-22,2,2,Pasta Alfredo,27,14.0
2024-07-22,2,3,Lasagna Bolognese,24,16.0
2024-07-22,2,4,Bruschetta,24,8.0
2024-07-22,2,5,Tiramisu,35,7.0
2024-07-22,2,6,Caesar Salad,20,10.0
2024-07-22,2,7,Minestrone Soup,23,9.0
2024-07-22,3,1,Margherita Pizza,29,12.0
2024-07-22,3,2,Pasta Alfredo,30,14.0
2024-07-22,3,3,Lasagna Bolognese,20,16.0
2024-07-22,3,4,Bruschetta,25,8.0
2024-07-22,3,5,Tiramisu,31,7.0
2024-07-22,3,6,Caesar Salad,26,10.0
2024-07-22,3,7,Minestrone Soup,21,9.0
2024-07-22,4,1,Margherita Pizza,28,12.0
2024-07-22,4,2,Pasta Alfredo,35,14.0
2024-07-22,4,3,Lasagna Bolognese,24,16.0
2024-07-22,4,4,Bruschetta,32,8.0
2024-07-22,4,5,Tiramisu,33,7.0
2024-07-22,4,6,Caesar Salad,23,10.0
2024-07-22,4,7,Minestrone Soup,30,9.0
2024-07-22,5,1,Margherita Pizza,30,12.0
2024-07-22,5,2,Pasta Alfredo,33,14.0
2024-07-22,5,3,Lasagna Bolognese,26,16.0
2024-07-22,5,4,Bruschetta,27,8.0
2024-07-22,5,5,Tiramisu,32,7.0
2024-07-22,5,6,Caesar Salad,23,10.0
2024-07-22,5,7,Minestrone Soup,33,9.0
2024-07-23,1,1,Margherita Pizza,19,12.0
2024-07-23,1,2,Pasta Alfredo,34,14.0
2024-07-23,1,3,Lasagna Bolognese,24,16.0
2024-07-23,1,4,Bruschetta,23,8.0
2024-07-23,1,5,Tiramisu,34,7.0
2024-07-23,1,6,Caesar Salad,25,10.0
2024-07-23,1,7,Minestrone Soup,30,9.0
2024-07-23,2,1,Margherita Pizza,22,12.0
2024-07-23,2,2,Pasta Alfredo,39,14.0
2024-07-23,2,3,Lasagna Bolognese,23,16.0
2024-07-23,2,4,Bruschetta,32,8.0
2024-07-23,2,5,Tiramisu,37,7.0
2024-07-23,2,6,Caesar Salad,22,10.0
2024-07-23,2,7,Minestrone Soup,32,9.0
2024-07-23,3,1,Margherita Pizza,30,12.0
2024-07-23,3,2,Pasta Alfredo,31,14.0
2024-07-23,3,3,Lasagna Bolognese,30,16.0
2024-07-23,3,4,Bruschetta,29,8.0
2024-07-23,3,5,Tiramisu,34,7.0
2024-07-23,3,6,Caesar Salad,25,10.0
2024-07-23,3,7,Minestrone Soup,32,9.0
2024-07-23,4,1,Margherita Pizza,33,12.0
2024-07-23,4,2,Pasta Alfredo,40,14.0
2024-07-23,4,3,Lasagna Bolognese,23,16.0
2024-07-23,4,4,Bruschetta,31,8.0
2024-07-23,4,5,Tiramisu,38,7.0
2024-07-23,4,6,Caesar Salad,33,10.0
2024-07-23,4,7,Minestrone Soup,33,9.0
2024-07-23,5,1,Margherita Pizza,38,12.0
2024-07-23,5,2,Pasta Alfredo,40,14.0
2024-07-23,5,3,Lasagna Bolognese,27,16.0
2024-07-23,5,4,Bruschetta,34,8.0
2024-07-23,5,5,Tiramisu,40,7.0
2024-07-23,5,6,Caesar Salad,31,10.0
2024-07-23,5,7,Minestrone Soup,39,9.0
2024-07-24,1,1,Margherita Pizza,30,12.0
2024-07-24,1,2,Pasta Alfredo,37,14.0
2024-07-24,1,3,Lasagna Bolognese,21,16.0
2024-07-24,1,4,Bruschetta,27,8.0
2024-07-24,1,5,Tiramisu,31,7.0
2024-07-24,1,6,Caesar Salad,25,10.0
2024-07-24,1,7,Minestrone Soup,27,9.0
2024-07-24,2,1,Margherita Pizza,32,12.0
2024-07-24,2,2,Pasta Alfredo,32,14.0
2024-07-24,2,3,Lasagna Bolognese,25,16.0
2024-07-24,2,4,Bruschetta,32,8.0
2024-07-24,2,5,Tiramisu,29,7.0
2024-07-24,2,6,Caesar Salad,31,10.0
2024-07-24,2,7,Minestrone Soup,29,9.0
2024-07-24,3,1,Margherita Pizza,25,12.0
2024-07-24,3,2,Pasta Alfredo,37,14.0
2024-07-24,3,3,Lasagna Bolognese,26,16.0
2024-07-24,3,4,Bruschetta,31,8.0
2024-07-24,3,5,Tiramisu,40,7.0
2024-07-24,3,6,Caesar Salad,28,10.0
2024-07-24,3,7,Minestrone Soup,32,9.0
2024-07-24,4,1,Margherita Pizza,34,12.0
2024-07-24,4,2,Pasta Alfredo,38,14.0
2024-07-24,4,3,Lasagna Bolognese,33,16.0
2024-07-24,4,4,Bruschetta,29,8.0
2024-07-24,4,5,Tiramisu,39,7.0
2024-07-24,4,6,Caesar Salad,28,10.0
2024-07-24,4,7,Minestrone Soup,35,9.0
2024-07-24,5,1,Margherita Pizza,32,12.0
2024-07-24,5,2,Pasta Alfredo,35,14.0
2024-07-24,5,3,Lasagna Bolognese,29,16.0
2024-07-24,5,4,Bruschetta,35,8.0
2024-07-24,5,5,Tiramisu,45,7.0
2024-07-24,5,6,Caesar Salad,25,10.0
2024-07-24,5,7,Minestrone Soup,38,9.0
2024-07-25,1,1,Margherita Pizza,36,12.0
2024-07-25,1,2,Pasta Alfredo,32,14.0
2024-07-25,1,3,Lasagna Bolognese,20,16.0
2024-07-25,1,4,Bruschetta,27,8.0
2024-07-25,1,5,Tiramisu,33,7.0
2024-07-25,1,6,Caesar Salad,25,10.0
2024-07-25,1,7,Minestrone Soup,27,9.0
2024-07-25,2,1,Margherita Pizza,35,12.0
2024-07-25,2,2,Pasta Alfredo,32,14.0
2024-07-25,2,3,Lasagna Bolognese,20,16.0
2024-07-25,2,4,Bruschetta,33,8.0
2024-07-25,2,5,Tiramisu,28,7.0
2024-07-25,2,6,Caesar Salad,24,10.0
2024-07-25,2,7,Minestrone Soup,39,9.0
2024-07-25,3,1,Margherita Pizza,31,12.0
2024-07-25,3,2,Pasta Alfredo,33,14.0
2024-07-25,3,3,Lasagna Bolognese,26,16.0
2024-07-25,3,4,Bruschetta,31,8.0
2024-07-25,3,5,Tiramisu,37,7.0
2024-07-25,3,6,Caesar Salad,28,10.0
2024-07-25,3,7,Minestrone Soup,28,9.0
2024-07-25,4,1,Margherita Pizza,38,12.0
2024-07-25,4,2,Pasta Alfredo,39,14.0
2024-07-25,4,3,Lasagna Bolognese,30,16.0
2024-07-25,4,4,Bruschetta,31,8.0
2024-07-25,4,5,Tiramisu,42,7.0
2024-07-25,4,6,Caesar Salad,27,10.0
2024-07-25,4,7,Minestrone Soup,34,9.0
2024-07-25,5,1,Margherita Pizza,32,12.0
2024-07-25,5,2,Pasta Alfredo,37,14.0
2024-07-25,5,3,Lasagna Bolognese,31,16.0
2024-07-25,5,4,Bruschetta,33,8.0
2024-07-25,5,5,Tiramisu,38,7.0
2024-07-25,5,6,Caesar Salad,27,10.0
2024-07-25,5,7,Minestrone Soup,37,9.0
2024-07-26,1,1,Margherita Pizza,37,12.0
2024-07-26,1,2,Pasta Alfredo,45,14.0
2024-07-26,1,3,Lasagna Bolognese,32,16.0
2024-07-26,1,4,Bruschetta,33,8.0
2024-07-26,1,5,Tiramisu,40,7.0
2024-07-26,1,6,Caesar Salad,33,10.0
2024-07-26,1,7,Minestrone Soup,36,9.0
2024-07-26,2,1,Margherita Pizza,44,12.0
2024-07-26,2,2,Pasta Alfredo,50,14.0
2024-07-26,2,3,Lasagna Bolognese,36,16.0
2024-07-26,2,4,Bruschetta,46,8.0
2024-07-26,2,5,Tiramisu,47,7.0
2024-07-26,2,6,Caesar Salad,36,10.0
2024-07-26,2,7,Minestrone Soup,39,9.0
2024-07-26,3,1,Margherita Pizza,50,12.0
2024-07-26,3,2,Pasta Alfredo,56,14.0
2024-07-26,3,3,Lasagna Bolognese,35,16.0
2024-07-26,3,4,Bruschetta,44,8.0
2024-07-26,3,5,Tiramisu,54,7.0
2024-07-26,3,6,Caesar Salad,35,10.0
2024-07-26,3,7,Minestrone Soup,41,9.0
2024-07-26,4,1,Margherita Pizza,47,12.0
2024-07-26,4,2,Pasta Alfredo,52,14.0
2024-07-26,4,3,Lasagna Bolognese,38,16.0
2024-07-26,4,4,Bruschetta,42,8.0
2024-07-26,4,5,Tiramisu,47,7.0
2024-07-26,4,6,Caesar Salad,38,10.0
2024-07-26,4,7,Minestrone Soup,47,9.0
2024-07-26,5,1,Margherita Pizza,46,12.0
2024-07-26,5,2,Pasta Alfredo,59,14.0
2024-07-26,5,3,Lasagna Bolognese,37,16.0
2024-07-26,5,4,Bruschetta,43,8.0
2024-07-26,5,5,Tiramisu,54,7.0
2024-07-26,5,6,Caesar Salad,39,10.0
2024-07-26,5,7,Minestrone Soup,49,9.0
2024-07-27,1,1,Margherita Pizza,36,12.0
2024-07-27,1,2,Pasta Alfredo,49,14.0
2024-07-27,1,3,Lasagna Bolognese,38,16.0
2024-07-27,1,4,Bruschetta,38,8.0
2024-07-27,1,5,Tiramisu,49,7.0
2024-07-27,1,6,Caesar Salad,29,10.0
2024-07-27,1,7,Minestrone Soup,42,9.0
2024-07-27,2,1,Margherita Pizza,44,12.0
2024-07-27,2,2,Pasta Alfredo,50,14.0
2024-07-27,2,3,Lasagna Bolognese,34,16.0
2024-07-27,2,4,Bruschetta,32,8.0
2024-07-27,2,5,Tiramisu,45,7.0
2024-07-27,2,6,Caesar Salad,32,10.0
2024-07-27,2,7,Minestrone Soup,38,9.0
2024-07-27,3,1,Margherita Pizza,43,12.0
2024-07-27,3,2,Pasta Alfredo,48,14.0
2024-07-27,3,3,Lasagna Bolognese,33,16.0
2024-07-27,3,4,Bruschetta,39,8.0
2024-07-27,3,5,Tiramisu,47,7.0
2024-07-27,3,6,Caesar Salad,39,10.0
2024-07-27,3,7,Minestrone Soup,41,9.0
2024-07-27,4,1,Margherita Pizza,43,12.0
2024-07-27,4,2,Pasta Alfredo,51,14.0
2024-07-27,4,3,Lasagna Bolognese,38,16.0
2024-07-27,4,4,Bruschetta,46,8.0
2024-07-27,4,5,Tiramisu,43,7.0
2024-07-27,4,6,Caesar Salad,40,10.0
2024-07-27,4,7,Minestrone Soup,49,9.0
2024-07-27,5,1,Margherita Pizza,43,12.0
2024-07-27,5,2,Pasta Alfredo,51,14.0
2024-07-27,5,3,Lasagna Bolognese,37,16.0
2024-07-27,5,4,Bruschetta,44,8.0
2024-07-27,5,5,Tiramisu,55,7.0
2024-07-27,5,6,Caesar Salad,33,10.0
2024-07-27,5,7,Minestrone Soup,43,9.0
2024-07-28,1,1,Margherita Pizza,37,12.0
2024-07-28,1,2,Pasta Alfredo,35,14.0
2024-07-28,1,3,Lasagna Bolognese,31,16.0
2024-07-28,1,4,Bruschetta,34,8.0
2024-07-28,1,5,Tiramisu,33,7.0
2024-07-28,1,6,Caesar Salad,29,10.0
2024-07-28,1,7,Minestrone Soup,32,9.0
2024-07-28,2,1,Margherita Pizza,33,12.0
2024-07-28,2,2,Pasta Alfredo,41,14.0
2024-07-28,2,3,Lasagna Bolognese,30,16.0
2024-07-28,2,4,Bruschetta,37,8.0
2024-07-28,2,5,Tiramisu,44,7.0
2024-07-28,2,6,Caesar Salad,30,10.0
2024-07-28,2,7,Minestrone Soup,30,9.0
2024-07-28,3,1,Margherita Pizza,35,12.0
2024-07-28,3,2,Pasta Alfredo,51,14.0
2024-07-28,3,3,Lasagna Bolognese,32,16.0
2024-07-28,3,4,Bruschetta,43,8.0
2024-07-28,3,5,Tiramisu,46,7.0
2024-07-28,3,6,Caesar Salad,31,10.0
2024-07-28,3,7,Minestrone Soup,37,9.0
2024-07-28,4,1,Margherita Pizza,38,12.0
2024-07-28,4,2,Pasta Alfredo,39,14.0
2024-07-28,4,3,Lasagna Bolognese,32,16.0
2024-07-28,4,4,Bruschetta,42,8.0
2024-07-28,4,5,Tiramisu,42,7.0
2024-07-28,4,6,Caesar Salad,33,10.0
2024-07-28,4,7,Minestrone Soup,41,9.0
2024-07-28,5,1,Margherita Pizza,37,12.0
2024-07-28,5,2,Pasta Alfredo,45,14.0
2024-07-28,5,3,Lasagna Bolognese,30,16.0
2024-07-28,5,4,Bruschetta,37,8.0
2024-07-28,5,5,Tiramisu,42,7.0
2024-07-28,5,6,Caesar Salad,30,10.0
2024-07-28,5,7,Minestrone Soup,44,9.0
2024-07-29,1,1,Margherita Pizza,21,12.0
2024-07-29,1,2,Pasta Alfredo,29,14.0
2024-07-29,1,3,Lasagna Bolognese,19,16.0
2024-07-29,1,4,Bruschetta,28,8.0
2024-07-29,1,5,Tiramisu,32,7.0
2024-07-29,1,6,Caesar Salad,23,10.0
2024-07-29,1,7,Minestrone Soup,25,9.0
2024-07-29,2,1,Margherita Pizza,25,12.0
2024-07-29,2,2,Pasta Alfredo,26,14.0
2024-07-29,2,3,Lasagna Bolognese,27,16.0
2024-07-29,2,4,Bruschetta,23,8.0
2024-07-29,2,5,Tiramisu,32,7.0
2024-07-29,2,6,Caesar Salad,24,10.0
2024-07-29,2,7,Minestrone Soup,24,9.0
2024-07-29,3,1,Margherita Pizza,30,12.0
2024-07-29,3,2,Pasta Alfredo,34,14.0
2024-07-29,3,3,Lasagna Bolognese,27,16.0
2024-07-29,3,4,Bruschetta,25,8.0
2024-07-29,3,5,Tiramisu,27,7.0
2024-07-29,3,6,Caesar Salad,21,10.0
2024-07-29,3,7,Minestrone Soup,27,9.0
2024-07-29,4,1,Margherita Pizza,28,12.0
2024-07-29,4,2,Pasta Alfredo,32,14.0
2024-07-29,4,3,Lasagna Bolognese,18,16.0
2024-07-29,4,4,Bruschetta,29,8.0
2024-07-29,4,5,Tiramisu,39,7.0
2024-07-29,4,6,Caesar Salad,25,10.0
2024-07-29,4,7,Minestrone Soup,30,9.0
2024-07-29,5,1,Margherita Pizza,31,12.0
2024-07-29,5,2,Pasta Alfredo,35,14.0
2024-07-29,5,3,Lasagna Bolognese,27,16.0
2024-07-29,5,4,Bruschetta,31,8.0
2024-07-29,5,5,Tiramisu,33,7.0
2024-07-29,5,6,Caesar Salad,22,10.0
2024-07-29,5,7,Minestrone Soup,29,9.0
2024-07-30,1,1,Margherita Pizza,29,12.0
2024-07-30,1,2,Pasta Alfredo,32,14.0
2024-07-30,1,3,Lasagna Bolognese,25,16.0
2024-07-30,1,4,Bruschetta,30,8.0
2024-07-30,1,5,Tiramisu,36,7.0
2024-07-30,1,6,Caesar Salad,28,10.0
2024-07-30,1,7,Minestrone Soup,29,9.0
2024-07-30,2,1,Margherita Pizza,26,12.0
2024-07-30,2,2,Pasta Alfredo,34,14.0
2024-07-30,2,3,Lasagna Bolognese,25,16.0
2024-07-30,2,4,Bruschetta,24,8.0
2024-07-30,2,5,Tiramisu,39,7.0
2024-07-30,2,6,Caesar Salad,25,10.0
2024-07-30,2,7,Minestrone Soup,31,9.0
2024-07-30,3,1,Margherita Pizza,36,12.0
2024-07-30,3,2,Pasta Alfredo,35,14.0
2024-07-30,3,3,Lasagna Bolognese,28,16.0
2024-07-30,3,4,Bruschetta,31,8.0
2024-07-30,3,5,Tiramisu,36,7.0
2024-07-30,3,6,Caesar Salad,24,10.0
2024-07-30,3,7,Minestrone Soup,36,9.0
2024-07-30,4,1,Margherita Pizza,32,12.0
2024-07-30,4,2,Pasta Alfredo,41,14.0
2024-07-30,4,3,Lasagna Bolognese,22,16.0
2024-07-30,4,4,Bruschetta,37,8.0
2024-07-30,4,5,Tiramisu,42,7.0
2024-07-30,4,6,Caesar Salad,28,10.0
2024-07-30,4,7,Minestrone Soup,32,9.0
2024-07-30,5,1,Margherita Pizza,36,12.0
2024-07-30,5,2,Pasta Alfredo,47,14.0
2024-07-30,5,3,Lasagna Bolognese,23,16.0
2024-07-30,5,4,Bruschetta,37,8.0
2024-07-30,5,5,Tiramisu,38,7.0
2024-07-30,5,6,Caesar Salad,29,10.0
2024-07-30,5,7,Minestrone Soup,34,9.0
2024-07-31,1,1,Margherita Pizza,27,12.0
2024-07-31,1,2,Pasta Alfredo,33,14.0
2024-07-31,1,3,Lasagna Bolognese,20,16.0
2024-07-31,1,4,Bruschetta,32,8.0
2024-07-31,1,5,Tiramisu,28,7.0
2024-07-31,1,6,Caesar Salad,25,10.0
2024-07-31,1,7,Minestrone Soup,28,9.0
2024-07-31,2,1,Margherita Pizza,26,12.0
2024-07-31,2,2,Pasta Alfredo,36,14.0
2024-07-31,2,3,Lasagna Bolognese,20,16.0
2024-07-31,2,4,Bruschetta,30,8.0
2024-07-31,2,5,Tiramisu,31,7.0
2024-07-31,2,6,Caesar Salad,26,10.0
2024-07-31,2,7,Minestrone Soup,27,9.0
2024-07-31,3,1,Margherita Pizza,30,12.0
2024-07-31,3,2,Pasta Alfredo,38,14.0
2024-07-31,3,3,Lasagna Bolognese,24,16.0
2024-07-31,3,4,Bruschetta,31,8.0
2024-07-31,3,5,Tiramisu,32,7.0
2024-07-31,3,6,Caesar Salad,28,10.0
2024-07-31,3,7,Minestrone Soup,37,9.0
2024-07-31,4,1,Margherita Pizza,41,12.0
2024-07-31,4,2,Pasta Alfredo,39,14.0
2024-07-31,4,3,Lasagna Bolognese,30,16.0
2024-07-31,4,4,Bruschetta,28,8.0
2024-07-31,4,5,Tiramisu,43,7.0
2024-07-31,4,6,Caesar Salad,30,10.0
2024-07-31,4,7,Minestrone Soup,32,9.0
2024-07-31,5,1,Margherita Pizza,38,12.0
2024-07-31,5,2,Pasta Alfredo,39,14.0
2024-07-31,5,3,Lasagna Bolognese,27,16.0
2024-07-31,5,4,Bruschetta,36,8.0
2024-07-31,5,5,Tiramisu,37,7.0
2024-07-31,5,6,Caesar Salad,32,10.0
2024-07-31,5,7,Minestrone Soup,31,9.0
2024-08-01,1,1,Margherita Pizza,24,12.0
2024-08-01,1,2,Pasta Alfredo,29,14.0
2024-08-01,1,3,Lasagna Bolognese,25,16.0
2024-08-01,1,4,Bruschetta,25,8.0
2024-08-01,1,5,Tiramisu,28,7.0
2024-08-01,1,6,Caesar Salad,21,10.0
2024-08-01,1,7,Minestrone Soup,27,9.0
2024-08-01,2,1,Margherita Pizza,25,12.0
2024-08-01,2,2,Pasta Alfredo,30,14.0
2024-08-01,2,3,Lasagna Bolognese,30,16.0
2024-08-01,2,4,Bruschetta,26,8.0
2024-08-01,2,5,Tiramisu,32,7.0
2024-08-01,2,6,Caesar Salad,23,10.0
2024-08-01,2,7,Minestrone Soup,27,9.0
2024-08-01,3,1,Margherita Pizza,32,12.0
2024-08-01,3,2,Pasta Alfredo,38,14.0
2024-08-01,3,3,Lasagna Bolognese,24,16.0
2024-08-01,3,4,Bruschetta,26,8.0
2024-08-01,3,5,Tiramisu,39,7.0
2024-08-01,3,6,Caesar Salad,25,10.0
2024-08-01,3,7,Minestrone Soup,35,9.0
2024-08-01,4,1,Margherita Pizza,25,12.0
2024-08-01,4,2,Pasta Alfredo,37,14.0
2024-08-01,4,3,Lasagna Bolognese,32,16.0
2024-08-01,4,4,Bruschetta,30,8.0
2024-08-01,4,5,Tiramisu,36,7.0
2024-08-01,4,6,Caesar Salad,27,10.0
2024-08-01,4,7,Minestrone Soup,30,9.0
2024-08-01,5,1,Margherita Pizza,32,12.0
2024-08-01,5,2,Pasta Alfredo,37,14.0
2024-08-01,5,3,Lasagna Bolognese,25,16.0
2024-08-01,5,4,Bruschetta,36,8.0
2024-08-01,5,5,Tiramisu,40,7.0
2024-08-01,5,6,Caesar Salad,28,10.0
2024-08-01,5,7,Minestrone Soup,35,9.0
2024-08-02,1,1,Margherita Pizza,36,12.0
2024-08-02,1,2,Pasta Alfredo,40,14.0
2024-08-02,1,3,Lasagna Bolognese,29,16.0
2024-08-02,1,4,Bruschetta,37,8.0
2024-08-02,1,5,Tiramisu,39,7.0
2024-08-02,1,6,Caesar Salad,29,10.0
2024-08-02,1,7,Minestrone Soup,35,9.0
2024-08-02,2,1,Margherita Pizza,45,12.0
2024-08-02,2,2,Pasta Alfredo,37,14.0
2024-08-02,2,3,Lasagna Bolognese,32,16.0
2024-08-02,2,4,Bruschetta,44,8.0
2024-08-02,2,5,Tiramisu,45,7.0
2024-08-02,2,6,Caesar Salad,34,10.0
2024-08-02,2,7,Minestrone Soup,39,9.0
2024-08-02,3,1,Margherita Pizza,38,12.0
2024-08-02,3,2,Pasta Alfredo,40,14.0
2024-08-02,3,3,Lasagna Bolognese,34,16.0
2024-08-02,3,4,Bruschetta,38,8.0
2024-08-02,3,5,Tiramisu,45,7.0
2024-08-02,3,6,Caesar Salad,32,10.0
2024-08-02,3,7,Minestrone Soup,46,9.0
2024-08-02,4,1,Margherita Pizza,50,12.0
2024-08-02,4,2,Pasta Alfredo,50,14.0
2024-08-02,4,3,Lasagna Bolognese,34,16.0
2024-08-02,4,4,Bruschetta,39,8.0
2024-08-02,4,5,Tiramisu,51,7.0
2024-08-02,4,6,Caesar Salad,41,10.0
2024-08-02,4,7,Minestrone Soup,42,9.0
2024-08-02,5,1,Margherita Pizza,37,12.0
2024-08-02,5,2,Pasta Alfredo,54,14.0
2024-08-02,5,3,Lasagna Bolognese,40,16.0
2024-08-02,5,4,Bruschetta,39,8.0
2024-08-02,5,5,Tiramisu,52,7.0
2024-08-02,5,6,Caesar Salad,38,10.0
2024-08-02,5,7,Minestrone Soup,44,9.0
2024-08-03,1,1,Margherita Pizza,34,12.0
2024-08-03,1,2,Pasta Alfredo,46,14.0
2024-08-03,1,3,Lasagna Bolognese,29,16.0
2024-08-03,1,4,Bruschetta,32,8.0
2024-08-03,1,5,Tiramisu,36,7.0
2024-08-03,1,6,Caesar Salad,34,10.0
2024-08-03,1,7,Minestrone Soup,38,9.0
2024-08-03,2,1,Margherita Pizza,39,12.0
2024-08-03,2,2,Pasta Alfredo,44,14.0
2024-08-03,2,3,Lasagna Bolognese,30,16.0
2024-08-03,2,4,Bruschetta,35,8.0
2024-08-03,2,5,Tiramisu,44,7.0
2024-08-03,2,6,Caesar Salad,26,10.0
2024-08-03,2,7,Minestrone Soup,36,9.0
2024-08-03,3,1,Margherita Pizza,39,12.0
2024-08-03,3,2,Pasta Alfredo,49,14.0
2024-08-03,3,3,Lasagna Bolognese,34,16.0
2024-08-03,3,4,Bruschetta,43,8.0
2024-08-03,3,5,Tiramisu,51,7.0
2024-08-03,3,6,Caesar Salad,37,10.0
2024-08-03,3,7,Minestrone Soup,42,9.0
2024-08-03,4,1,Margherita Pizza,42,12.0
2024-08-03,4,2,Pasta Alfredo,46,14.0
2024-08-03,4,3,Lasagna Bolognese,37,16.0
2024-08-03,4,4,Bruschetta,47,8.0
2024-08-03,4,5,Tiramisu,50,7.0
2024-08-03,4,6,Caesar Salad,41,10.0
2024-08-03,4,7,Minestrone Soup,38,9.0
2024-08-03,5,1,Margherita Pizza,41,12.0
2024-08-03,5,2,Pasta Alfredo,54,14.0
2024-08-03,5,3,Lasagna Bolognese,38,16.0
2024-08-03,5,4,Bruschetta,48,8.0
2024-08-03,5,5,Tiramisu,52,7.0
2024-08-03,5,6,Caesar Salad,34,10.0
2024-08-03,5,7,Minestrone Soup,44,9.0
2024-08-04,1,1,Margherita Pizza,27,12.0
2024-08-04,1,2,Pasta Alfredo,33,14.0
2024-08-04,1,3,Lasagna Bolognese,29,16.0
2024-08-04,1,4,Bruschetta,34,8.0
2024-08-04,1,5,Tiramisu,37,7.0
2024-08-04,1,6,Caesar Salad,21,10.0
2024-08-04,1,7,Minestrone Soup,30,9.0
2024-08-04,2,1,Margherita Pizza,29,12.0
2024-08-04,2,2,Pasta Alfredo,42,14.0
2024-08-04,2,3,Lasagna Bolognese,26,16.0
2024-08-04,2,4,Bruschetta,30,8.0
2024-08-04,2,5,Tiramisu,38,7.0
2024-08-04,2,6,Caesar Salad,25,10.0
2024-08-04,2,7,Minestrone Soup,37,9.0
2024-08-04,3,1,Margherita Pizza,32,12.0
2024-08-04,3,2,Pasta Alfredo,36,14.0
2024-08-04,3,3,Lasagna Bolognese,22,16.0
2024-08-04,3,4,Bruschetta,34,8.0
2024-08-04,3,5,Tiramisu,38,7.0
2024-08-04,3,6,Caesar Salad,24,10.0
2024-08-04,3,7,Minestrone Soup,38,9.0
2024-08-04,4,1,Margherita Pizza,38,12.0
2024-08-04,4,2,Pasta Alfredo,42,14.0
2024-08-04,4,3,Lasagna Bolognese,34,16.0
2024-08-04,4,4,Bruschetta,38,8.0
2024-08-04,4,5,Tiramisu,40,7.0
2024-08-04,4,6,Caesar Salad,27,10.0
2024-08-04,4,7,Minestrone Soup,39,9.0
2024-08-04,5,1,Margherita Pizza,39,12.0
2024-08-04,5,2,Pasta Alfredo,44,14.0
2024-08-04,5,3,Lasagna Bolognese,29,16.0
2024-08-04,5,4,Bruschetta,40,8.0
2024-08-04,5,5,Tiramisu,42,7.0
2024-08-04,5,6,Caesar Salad,31,10.0
2024-08-04,5,7,Minestrone Soup,42,9.0
2024-08-05,1,1,Margherita Pizza,21,12.0
2024-08-05,1,2,Pasta Alfredo,22,14.0
2024-08-05,1,3,Lasagna Bolognese,16,16.0
2024-08-05,1,4,Bruschetta,26,8.0
2024-08-05,1,5,Tiramisu,28,7.0
2024-08-05,1,6,Caesar Salad,19,10.0
2024-08-05,1,7,Minestrone Soup,21,9.0
2024-08-05,2,1,Margherita Pizza,26,12.0
2024-08-05,2,2,Pasta Alfredo,26,14.0
2024-08-05,2,3,Lasagna Bolognese,21,16.0
2024-08-05,2,4,Bruschetta,22,8.0
2024-08-05,2,5,Tiramisu,26,7.0
2024-08-05,2,6,Caesar Salad,18,10.0
2024-08-05,2,7,Minestrone Soup,23,9.0
2024-08-05,3,1,Margherita Pizza,25,12.0
2024-08-05,3,2,Pasta Alfredo,30,14.0
2024-08-05,3,3,Lasagna Bolognese,10,16.0
2024-08-05,3,4,Bruschetta,23,8.0
2024-08-05,3,5,Tiramisu,29,7.0
2024-08-05,3,6,Caesar Salad,26,10.0
2024-08-05,3,7,Minestrone Soup,22,9.0
2024-08-05,4,1,Margherita Pizza,27,12.0
2024-08-05,4,2,Pasta Alfredo,36,14.0
2024-08-05,4,3,Lasagna Bolognese,18,16.0
2024-08-05,4,4,Bruschetta,28,8.0
2024-08-05,4,5,Tiramisu,29,7.0
2024-08-05,4,6,Caesar Salad,21,10.0
2024-08-05,4,7,Minestrone Soup,24,9.0
2024-08-05,5,1,Margherita Pizza,26,12.0
2024-08-05,5,2,Pasta Alfredo,41,14.0
2024-08-05,5,3,Lasagna Bolognese,26,16.0
2024-08-05,5,4,Bruschetta,31,8.0
2024-08-05,5,5,Tiramisu,34,7.0
2024-08-05,5,6,Caesar Salad,18,10.0
2024-08-05,5,7,Minestrone Soup,29,9.0
2024-08-06,1,1,Margherita Pizza,30,12.0
2024-08-06,1,2,Pasta Alfredo,29,14.0
2024-08-06,1,3,Lasagna Bolognese,25,16.0
2024-08-06,1,4,Bruschetta,29,8.0
2024-08-06,1,5,Tiramisu,37,7.0
2024-08-06,1,6,Caesar Salad,21,10.0
2024-08-06,1,7,Minestrone Soup,24,9.0
2024-08-06,2,1,Margherita Pizza,27,12.0
2024-08-06,2,2,Pasta Alfredo,38,14.0
2024-08-06,2,3,Lasagna Bolognese,18,16.0
2024-08-06,2,4,Bruschetta,22,8.0
2024-08-06,2,5,Tiramisu,34,7.0
2024-08-06,2,6,Caesar Salad,22,10.0
2024-08-06,2,7,Minestrone Soup,29,9.0
2024-08-06,3,1,Margherita Pizza,33,12.0
2024-08-06,3,2,Pasta Alfredo,33,14.0
2024-08-06,3,3,Lasagna Bolognese,19,16.0
2024-08-06,3,4,Bruschetta,36,8.0
2024-08-06,3,5,Tiramisu,32,7.0
2024-08-06,3,6,Caesar Salad,22,10.0
2024-08-06,3,7,Minestrone Soup,33,9.0
2024-08-06,4,1,Margherita Pizza,30,12.0
2024-08-06,4,2,Pasta Alfredo,36,14.0
2024-08-06,4,3,Lasagna Bolognese,28,16.0
2024-08-06,4,4,Bruschetta,35,8.0
2024-08-06,4,5,Tiramisu,36,7.0
2024-08-06,4,6,Caesar Salad,31,10.0
2024-08-06,4,7,Minestrone Soup,25,9.0
2024-08-06,5,1,Margherita Pizza,35,12.0
2024-08-06,5,2,Pasta Alfredo,36,14.0
2024-08-06,5,3,Lasagna Bolognese,31,16.0
2024-08-06,5,4,Bruschetta,33,8.0
2024-08-06,5,5,Tiramisu,36,7.0
2024-08-06,5,6,Caesar Salad,29,10.0
2024-08-06,5,7,Minestrone Soup,35,9.0
2024-08-07,1,1,Margherita Pizza,29,12.0
2024-08-07,1,2,Pasta Alfredo,28,14.0
2024-08-07,1,3,Lasagna Bolognese,21,16.0
2024-08-07,1,4,Bruschetta,27,8.0
2024-08-07,1,5,Tiramisu,31,7.0
2024-08-07,1,6,Caesar Salad,25,10.0
2024-08-07,1,7,Minestrone Soup,21,9.0
2024-08-07,2,1,Margherita Pizza,30,12.0
2024-08-07,2,2,Pasta Alfredo,32,14.0
2024-08-07,2,3,Lasagna Bolognese,21,16.0
2024-08-07,2,4,Bruschetta,26,8.0
2024-08-07,2,5,Tiramisu,33,7.0
2024-08-07,2,6,Caesar Salad,13,10.0
2024-08-07,2,7,Minestrone Soup,26,9.0
2024-08-07,3,1,Margherita Pizza,27,12.0
2024-08-07,3,2,Pasta Alfredo,37,14.0
2024-08-07,3,3,Lasagna Bolognese,23,16.0
2024-08-07,3,4,Bruschetta,29,8.0
2024-08-07,3,5,Tiramisu,40,7.0
2024-08-07,3,6,Caesar Salad,28,10.0
2024-08-07,3,7,Minestrone Soup,33,9.0
2024-08-07,4,1,Margherita Pizza,30,12.0
2024-08-07,4,2,Pasta Alfredo,38,14.0
2024-08-07,4,3,Lasagna Bolognese,25,16.0
2024-08-07,4,4,Bruschetta,31,8.0
2024-08-07,4,5,Tiramisu,38,7.0
2024-08-07,4,6,Caesar Salad,24,10.0
2024-08-07,4,7,Minestrone Soup,36,9.0
2024-08-07,5,1,Margherita Pizza,32,12.0
2024-08-07,5,2,Pasta Alfredo,40,14.0
2024-08-07,5,3,Lasagna Bolognese,32,16.0
2024-08-07,5,4,Bruschetta,36,8.0
2024-08-07,5,5,Tiramisu,34,7.0
2024-08-07,5,6,Caesar Salad,29,10.0
2024-08-07,5,7,Minestrone Soup,35,9.0
2024-08-08,1,1,Margherita Pizza,30,12.0
2024-08-08,1,2,Pasta Alfredo,28,14.0
2024-08-08,1,3,Lasagna Bolognese,21,16.0
2024-08-08,1,4,Bruschetta,30,8.0
2024-08-08,1,5,Tiramisu,29,7.0
2024-08-08,1,6,Caesar Salad,22,10.0
2024-08-08,1,7,Minestrone Soup,32,9.0
2024-08-08,2,1,Margherita Pizza,28,12.0
2024-08-08,2,2,Pasta Alfredo,31,14.0
2024-08-08,2,3,Lasagna Bolognese,21,16.0
2024-08-08,2,4,Bruschetta,29,8.0
2024-08-08,2,5,Tiramisu,29,7.0
2024-08-08,2,6,Caesar Salad,23,10.0
2024-08-08,2,7,Minestrone Soup,29,9.0
2024-08-08,3,1,Margherita Pizza,34,12.0
2024-08-08,3,2,Pasta Alfredo,37,14.0
2024-08-08,3,3,Lasagna Bolognese,23,16.0
2024-08-08,3,4,Bruschetta,33,8.0
2024-08-08,3,5,Tiramisu,34,7.0
2024-08-08,3,6,Caesar Salad,21,10.0
2024-08-08,3,7,Minestrone Soup,29,9.0
2024-08-08,4,1,Margherita Pizza,36,12.0
2024-08-08,4,2,Pasta Alfredo,37,14.0
2024-08-08,4,3,Lasagna Bolognese,26,16.0
2024-08-08,4,4,Bruschetta,36,8.0
2024-08-08,4,5,Tiramisu,32,7.0
2024-08-08,4,6,Caesar Salad,22,10.0
2024-08-08,4,7,Minestrone Soup,27,9.0
2024-08-08,5,1,Margherita Pizza,34,12.0
2024-08-08,5,2,Pasta Alfredo,39,14.0
2024-08-08,5,3,Lasagna Bolognese,32,16.0
2024-08-08,5,4,Bruschetta,34,8.0
2024-08-08,5,5,Tiramisu,37,7.0
2024-08-08,5,6,Caesar Salad,27,10.0
2024-08-08,5,7,Minestrone Soup,33,9.0
2024-08-09,1,1,Margherita Pizza,32,12.0
2024-08-09,1,2,Pasta Alfredo,51,14.0
2024-08-09,1,3,Lasagna Bolognese,32,16.0
2024-08-09,1,4,Bruschetta,37,8.0
2024-08-09,1,5,Tiramisu,44,7.0
2024-08-09,1,6,Caesar Salad,33,10.0
2024-08-09,1,7,Minestrone Soup,36,9.0
2024-08-09,2,1,Margherita Pizza,37,12.0
2024-08-09,2,2,Pasta Alfredo,47,14.0
2024-08-09,2,3,Lasagna Bolognese,33,16.0
2024-08-09,2,4,Bruschetta,36,8.0
2024-08-09,2,5,Tiramisu,49,7.0
2024-08-09,2,6,Caesar Salad,33,10.0
2024-08-09,2,7,Minestrone Soup,41,9.0
2024-08-09,3,1,Margherita Pizza,45,12.0
2024-08-09,3,2,Pasta Alfredo,47,14.0
2024-08-09,3,3,Lasagna Bolognese,35,16.0
2024-08-09,3,4,Bruschetta,43,8.0
2024-08-09,3,5,Tiramisu,45,7.0
2024-08-09,3,6,Caesar Salad,34,10.0
2024-08-09,3,7,Minestrone Soup,41,9.0
2024-08-09,4,1,Margherita Pizza,39,12.0
2024-08-09,4,2,Pasta Alfredo,56,14.0
2024-08-09,4,3,Lasagna Bolognese,31,16.0
2024-08-09,4,4,Bruschetta,38,8.0
2024-08-09,4,5,Tiramisu,53,7.0
2024-08-09,4,6,Caesar Salad,37,10.0
2024-08-09,4,7,Minestrone Soup,39,9.0
2024-08-09,5,1,Margherita Pizza,46,12.0
2024-08-09,5,2,Pasta Alfredo,56,14.0
2024-08-09,5,3,Lasagna Bolognese,37,16.0
2024-08-09,5,4,Bruschetta,52,8.0
2024-08-09,5,5,Tiramisu,46,7.0
2024-08-09,5,6,Caesar Salad,39,10.0
2024-08-09,5,7,Minestrone Soup,48,9.0
2024-08-10,1,1,Margherita Pizza,39,12.0
2024-08-10,1,2,Pasta Alfredo,42,14.0
2024-08-10,1,3,Lasagna Bolognese,30,16.0
2024-08-10,1,4,Bruschetta,38,8.0
2024-08-10,1,5,Tiramisu,45,7.0
2024-08-10,1,6,Caesar Salad,32,10.0
2024-08-10,1,7,Minestrone Soup,40,9.0
2024-08-10,2,1,Margherita Pizza,35,12.0
2024-08-10,2,2,Pasta Alfredo,44,14.0
2024-08-10,2,3,Lasagna Bolognese,29,16.0
2024-08-10,2,4,Bruschetta,37,8.0
2024-08-10,2,5,Tiramisu,48,7.0
2024-08-10,2,6,Caesar Salad,32,10.0
2024-08-10,2,7,Minestrone Soup,46,9.0
2024-08-10,3,1,Margherita Pizza,41,12.0
2024-08-10,3,2,Pasta Alfredo,47,14.0
2024-08-10,3,3,Lasagna Bolognese,34,16.0
2024-08-10,3,4,Bruschetta,38,8.0
2024-08-10,3,5,Tiramisu,47,7.0
2024-08-10,3,6,Caesar Salad,37,10.0
2024-08-10,3,7,Minestrone Soup,41,9.0
2024-08-10,4,1,Margherita Pizza,40,12.0
2024-08-10,4,2,Pasta Alfredo,47,14.0
2024-08-10,4,3,Lasagna Bolognese,34,16.0
2024-08-10,4,4,Bruschetta,43,8.0
2024-08-10,4,5,Tiramisu,53,7.0
2024-08-10,4,6,Caesar Salad,31,10.0
2024-08-10,4,7,Minestrone Soup,41,9.0
2024-08-10,5,1,Margherita Pizza,45,12.0
2024-08-10,5,2,Pasta Alfredo,46,14.0
2024-08-10,5,3,Lasagna Bolognese,34,16.0
2024-08-10,5,4,Bruschetta,42,8.0
2024-08-10,5,5,Tiramisu,49,7.0
2024-08-10,5,6,Caesar Salad,37,10.0
2024-08-10,5,7,Minestrone Soup,44,9.0
2024-08-11,1,1,Margherita Pizza,29,12.0
2024-08-11,1,2,Pasta Alfredo,38,14.0
2024-08-11,1,3,Lasagna Bolognese,31,16.0
2024-08-11,1,4,Bruschetta,36,8.0
2024-08-11,1,5,Tiramisu,31,7.0
2024-08-11,1,6,Caesar Salad,28,10.0
2024-08-11,1,7,Minestrone Soup,31,9.0
2024-08-11,2,1,Margherita Pizza,33,12.0
2024-08-11,2,2,Pasta Alfredo,37,14.0
2024-08-11,2,3,Lasagna Bolognese,28,16.0
2024-08-11,2,4,Bruschetta,33,8.0
2024-08-11,2,5,Tiramisu,37,7.0
2024-08-11,2,6,Caesar Salad,25,10.0
2024-08-11,2,7,Minestrone Soup,31,9.0
2024-08-11,3,1,Margherita Pizza,35,12.0
2024-08-11,3,2,Pasta Alfredo,42,14.0
2024-08-11,3,3,Lasagna Bolognese,31,16.0
2024-08-11,3,4,Bruschetta,33,8.0
2024-08-11,3,5,Tiramisu,41,7.0
2024-08-11,3,6,Caesar Salad,32,10.0
2024-08-11,3,7,Minestrone Soup,38,9.0
2024-08-11,4,1,Margherita Pizza,36,12.0
2024-08-11,4,2,Pasta Alfredo,41,14.0
2024-08-11,4,3,Lasagna Bolognese,31,16.0
2024-08-11,4,4,Bruschetta,33,8.0
2024-08-11,4,5,Tiramisu,41,7.0
2024-08-11,4,6,Caesar Salad,32,10.0
2024-08-11,4,7,Minestrone Soup,38,9.0
2024-08-11,5,1,Margherita Pizza,37,12.0
2024-08-11,5,2,Pasta Alfredo,45,14.0
2024-08-11,5,3,Lasagna Bolognese,29,16.0
2024-08-11,5,4,Bruschetta,40,8.0
2024-08-11,5,5,Tiramisu,44,7.0
2024-08-11,5,6,Caesar Salad,31,10.0
2024-08-11,5,7,Minestrone Soup,37,9.0
2024-08-12,1,1,Margherita Pizza,23,12.0
2024-08-12,1,2,Pasta Alfredo,26,14.0
2024-08-12,1,3,Lasagna Bolognese,21,16.0
2024-08-12,1,4,Bruschetta,22,8.0
2024-08-12,1,5,Tiramisu,32,7.0
2024-08-12,1,6,Caesar Salad,24,10.0
2024-08-12,1,7,Minestrone Soup,20,9.0
2024-08-12,2,1,Margherita Pizza,24,12.0
2024-08-12,2,2,Pasta Alfredo,26,14.0
2024-08-12,2,3,Lasagna Bolognese,19,16.0
2024-08-12,2,4,Bruschetta,30,8.0
2024-08-12,2,5,Tiramisu,27,7.0
2024-08-12,2,6,Caesar Salad,21,10.0
2024-08-12,2,7,Minestrone Soup,26,9.0
2024-08-12,3,1,Margherita Pizza,22,12.0
2024-08-12,3,2,Pasta Alfredo,27,14.0
2024-08-12,3,3,Lasagna Bolognese,18,16.0
2024-08-12,3,4,Bruschetta,23,8.0
2024-08-12,3,5,Tiramisu,21,7.0
2024-08-12,3,6,Caesar Salad,23,10.0
2024-08-12,3,7,Minestrone Soup,32,9.0
2024-08-12,4,1,Margherita Pizza,27,12.0
2024-08-12,4,2,Pasta Alfredo,27,14.0
2024-08-12,4,3,Lasagna Bolognese,20,16.0
2024-08-12,4,4,Bruschetta,25,8.0
2024-08-12,4,5,Tiramisu,28,7.0
2024-08-12,4,6,Caesar Salad,25,10.0
2024-08-12,4,7,Minestrone Soup,29,9.0
2024-08-12,5,1,Margherita Pizza,24,12.0
2024-08-12,5,2,Pasta Alfredo,35,14.0
2024-08-12,5,3,Lasagna Bolognese,28,16.0
2024-08-12,5,4,Bruschetta,34,8.0
2024-08-12,5,5,Tiramisu,41,7.0
2024-08-12,5,6,Caesar Salad,21,10.0
2024-08-12,5,7,Minestrone Soup,36,9.0
2024-08-13,1,1,Margherita Pizza,26,12.0
2024-08-13,1,2,Pasta Alfredo,30,14.0
2024-08-13,1,3,Lasagna Bolognese,24,16.0
2024-08-13,1,4,Bruschetta,25,8.0
2024-08-13,1,5,Tiramisu,33,7.0
2024-08-13,1,6,Caesar Salad,19,10.0
2024-08-13,1,7,Minestrone Soup,26,9.0
2024-08-13,2,1,Margherita Pizza,32,12.0
2024-08-13,2,2,Pasta Alfredo,33,14.0
2024-08-13,2,3,Lasagna Bolognese,24,16.0
2024-08-13,2,4,Bruschetta,30,8.0
2024-08-13,2,5,Tiramisu,37,7.0
2024-08-13,2,6,Caesar Salad,19,10.0
2024-08-13,2,7,Minestrone Soup,30,9.0
2024-08-13,3,1,Margherita Pizza,29,12.0
2024-08-13,3,2,Pasta Alfredo,35,14.0
2024-08-13,3,3,Lasagna Bolognese,28,16.0
2024-08-13,3,4,Bruschetta,26,8.0
2024-08-13,3,5,Tiramisu,32,7.0
2024-08-13,3,6,Caesar Salad,19,10.0
2024-08-13,3,7,Minestrone Soup,28,9.0
2024-08-13,4,1,Margherita Pizza,35,12.0
2024-08-13,4,2,Pasta Alfredo,36,14.0
2024-08-13,4,3,Lasagna Bolognese,22,16.0
2024-08-13,4,4,Bruschetta,30,8.0
2024-08-13,4,5,Tiramisu,32,7.0
2024-08-13,4,6,Caesar Salad,23,10.0
2024-08-13,4,7,Minestrone Soup,33,9.0
2024-08-13,5,1,Margherita Pizza,29,12.0
2024-08-13,5,2,Pasta Alfredo,42,14.0
2024-08-13,5,3,Lasagna Bolognese,27,16.0
2024-08-13,5,4,Bruschetta,33,8.0
2024-08-13,5,5,Tiramisu,37,7.0
2024-08-13,5,6,Caesar Salad,30,10.0
2024-08-13,5,7,Minestrone Soup,35,9.0
2024-08-14,1,1,Margherita Pizza,28,12.0
2024-08-14,1,2,Pasta Alfredo,33,14.0
2024-08-14,1,3,Lasagna Bolognese,22,16.0
2024-08-14,1,4,Bruschetta,29,8.0
2024-08-14,1,5,Tiramisu,31,7.0
2024-08-14,1,6,Caesar Salad,23,10.0
2024-08-14,1,7,Minestrone Soup,26,9.0
2024-08-14,2,1,Margherita Pizza,27,12.0
2024-08-14,2,2,Pasta Alfredo,31,14.0
2024-08-14,2,3,Lasagna Bolognese,25,16.0
2024-08-14,2,4,Bruschetta,32,8.0
2024-08-14,2,5,Tiramisu,37,7.0
2024-08-14,2,6,Caesar Salad,20,10.0
2024-08-14,2,7,Minestrone Soup,32,9.0
2024-08-14,3,1,Margherita Pizza,29,12.0
2024-08-14,3,2,Pasta Alfredo,37,14.0
2024-08-14,3,3,Lasagna Bolognese,22,16.0
2024-08-14,3,4,Bruschetta,30,8.0
2024-08-14,3,5,Tiramisu,36,7.0
2024-08-14,3,6,Caesar Salad,20,10.0
2024-08-14,3,7,Minestrone Soup,32,9.0
2024-08-14,4,1,Margherita Pizza,35,12.0
2024-08-14,4,2,Pasta Alfredo,36,14.0
2024-08-14,4,3,Lasagna Bolognese,30,16.0
2024-08-14,4,4,Bruschetta,31,8.0
2024-08-14,4,5,Tiramisu,39,7.0
2024-08-14,4,6,Caesar Salad,19,10.0
2024-08-14,4,7,Minestrone Soup,39,9.0
2024-08-14,5,1,Margherita Pizza,37,12.0
2024-08-14,5,2,Pasta Alfredo,37,14.0
2024-08-14,5,3,Lasagna Bolognese,21,16.0
2024-08-14,5,4,Bruschetta,34,8.0
2024-08-14,5,5,Tiramisu,34,7.0
2024-08-14,5,6,Caesar Salad,29,10.0
2024-08-14,5,7,Minestrone Soup,34,9.0
2024-08-15,1,1,Margherita Pizza,24,12.0
2024-08-15,1,2,Pasta Alfredo,35,14.0
2024-08-15,1,3,Lasagna Bolognese,25,16.0
2024-08-15,1,4,Bruschetta,30,8.0
2024-08-15,1,5,Tiramisu,32,7.0
2024-08-15,1,6,Caesar Salad,18,10.0
2024-08-15,1,7,Minestrone Soup,30,9.0
2024-08-15,2,1,Margherita Pizza,28,12.0
2024-08-15,2,2,Pasta Alfredo,29,14.0
2024-08-15,2,3,Lasagna Bolognese,28,16.0
2024-08-15,2,4,Bruschetta,35,8.0
2024-08-15,2,5,Tiramisu,33,7.0
2024-08-15,2,6,Caesar Salad,30,10.0
2024-08-15,2,7,Minestrone Soup,29,9.0
2024-08-15,3,1,Margherita Pizza,29,12.0
2024-08-15,3,2,Pasta Alfredo,33,14.0
2024-08-15,3,3,Lasagna Bolognese,30,16.0
2024-08-15,3,4,Bruschetta,28,8.0
2024-08-15,3,5,Tiramisu,37,7.0
2024-08-15,3,6,Caesar Salad,23,10.0
2024-08-15,3,7,Minestrone Soup,29,9.0
2024-08-15,4,1,Margherita Pizza,34,12.0
2024-08-15,4,2,Pasta Alfredo,35,14.0
2024-08-15,4,3,Lasagna Bolognese,25,16.0
2024-08-15,4,4,Bruschetta,35,8.0
2024-08-15,4,5,Tiramisu,41,7.0
2024-08-15,4,6,Caesar Salad,28,10.0
2024-08-15,4,7,Minestrone Soup,29,9.0
2024-08-15,5,1,Margherita Pizza,31,12.0
2024-08-15,5,2,Pasta Alfredo,38,14.0
2024-08-15,5,3,Lasagna Bolognese,28,16.0
2024-08-15,5,4,Bruschetta,30,8.0
2024-08-15,5,5,Tiramisu,40,7.0
2024-08-15,5,6,Caesar Salad,28,10.0
2024-08-15,5,7,Minestrone Soup,28,9.0
2024-08-16,1,1,Margherita Pizza,34,12.0
2024-08-16,1,2,Pasta Alfredo,41,14.0
2024-08-16,1,3,Lasagna Bolognese,30,16.0
2024-08-16,1,4,Bruschetta,42,8.0
2024-08-16,1,5,Tiramisu,43,7.0
2024-08-16,1,6,Caesar Salad,28,10.0
2024-08-16,1,7,Minestrone Soup,37,9.0
2024-08-16,2,1,Margherita Pizza,37,12.0
2024-08-16,2,2,Pasta Alfredo,46,14.0
2024-08-16,2,3,Lasagna Bolognese,34,16.0
2024-08-16,2,4,Bruschetta,42,8.0
2024-08-16,2,5,Tiramisu,45,7.0
2024-08-16,2,6,Caesar Salad,37,10.0
2024-08-16,2,7,Minestrone Soup,41,9.0
2024-08-16,3,1,Margherita Pizza,38,12.0
2024-08-16,3,2,Pasta Alfredo,54,14.0
2024-08-16,3,3,Lasagna Bolognese,35,16.0
2024-08-16,3,4,Bruschetta,38,8.0
2024-08-16,3,5,Tiramisu,52,7.0
2024-08-16,3,6,Caesar Salad,40,10.0
2024-08-16,3,7,Minestrone Soup,40,9.0
2024-08-16,4,1,Margherita Pizza,41,12.0
2024-08-16,4,2,Pasta Alfredo,49,14.0
2024-08-16,4,3,Lasagna Bolognese,37,16.0
2024-08-16,4,4,Bruschetta,46,8.0
2024-08-16,4,5,Tiramisu,51,7.0
2024-08-16,4,6,Caesar Salad,36,10.0
2024-08-16,4,7,Minestrone Soup,47,9.0
2024-08-16,5,1,Margherita Pizza,43,12.0
2024-08-16,5,2,Pasta Alfredo,55,14.0
2024-08-16,5,3,Lasagna Bolognese,36,16.0
2024-08-16,5,4,Bruschetta,46,8.0
2024-08-16,5,5,Tiramisu,51,7.0
2024-08-16,5,6,Caesar Salad,37,10.0
2024-08-16,5,7,Minestrone Soup,43,9.0
2024-08-17,1,1,Margherita Pizza,41,12.0
2024-08-17,1,2,Pasta Alfredo,40,14.0
2024-08-17,1,3,Lasagna Bolognese,28,16.0
2024-08-17,1,4,Bruschetta,43,8.0
2024-08-17,1,5,Tiramisu,46,7.0
2024-08-17,1,6,Caesar Salad,23,10.0
2024-08-17,1,7,Minestrone Soup,35,9.0
2024-08-17,2,1,Margherita Pizza,33,12.0
2024-08-17,2,2,Pasta Alfredo,42,14.0
2024-08-17,2,3,Lasagna Bolognese,23,16.0
2024-08-17,2,4,Bruschetta,38,8.0
2024-08-17,2,5,Tiramisu,41,7.0
2024-08-17,2,6,Caesar Salad,32,10.0
2024-08-17,2,7,Minestrone Soup,34,9.0
2024-08-17,3,1,Margherita Pizza,41,12.0
2024-08-17,3,2,Pasta Alfredo,46,14.0
2024-08-17,3,3,Lasagna Bolognese,38,16.0
2024-08-17,3,4,Bruschetta,45,8.0
2024-08-17,3,5,Tiramisu,49,7.0
2024-08-17,3,6,Caesar Salad,33,10.0
2024-08-17,3,7,Minestrone Soup,46,9.0
2024-08-17,4,1,Margherita Pizza,38,12.0
2024-08-17,4,2,Pasta Alfredo,45,14.0
2024-08-17,4,3,Lasagna Bolognese,35,16.0
2024-08-17,4,4,Bruschetta,49,8.0
2024-08-17,4,5,Tiramisu,49,7.0
2024-08-17,4,6,Caesar Salad,35,10.0
2024-08-17,4,7,Minestrone Soup,38,9.0
2024-08-17,5,1,Margherita Pizza,47,12.0
2024-08-17,5,2,Pasta Alfredo,54,14.0
2024-08-17,5,3,Lasagna Bolognese,39,16.0
2024-08-17,5,4,Bruschetta,42,8.0
2024-08-17,5,5,Tiramisu,50,7.0
2024-08-17,5,6,Caesar Salad,33,10.0
2024-08-17,5,7,Minestrone Soup,44,9.0
2024-08-18,1,1,Margherita Pizza,28,12.0
2024-08-18,1,2,Pasta Alfredo,33,14.0
2024-08-18,1,3,Lasagna Bolognese,25,16.0
2024-08-18,1,4,Bruschetta,30,8.0
2024-08-18,1,5,Tiramisu,35,7.0
2024-08-18,1,6,Caesar Salad,27,10.0
2024-08-18,1,7,Minestrone Soup,31,9.0
2024-08-18,2,1,Margherita Pizza,32,12.0
2024-08-18,2,2,Pasta Alfredo,39,14.0
2024-08-18,2,3,Lasagna Bolognese,24,16.0
2024-08-18,2,4,Bruschetta,33,8.0
2024-08-18,2,5,Tiramisu,39,7.0
2024-08-18,2,6,Caesar Salad,23,10.0
2024-08-18,2,7,Minestrone Soup,36,9.0
2024-08-18,3,1,Margherita Pizza,32,12.0
2024-08-18,3,2,Pasta Alfredo,40,14.0
2024-08-18,3,3,Lasagna Bolognese,32,16.0
2024-08-18,3,4,Bruschetta,37,8.0
2024-08-18,3,5,Tiramisu,40,7.0
2024-08-18,3,6,Caesar Salad,28,10.0
2024-08-18,3,7,Minestrone Soup,37,9.0
2024-08-18,4,1,Margherita Pizza,38,12.0
2024-08-18,4,2,Pasta Alfredo,40,14.0
2024-08-18,4,3,Lasagna Bolognese,28,16.0
2024-08-18,4,4,Bruschetta,30,8.0
2024-08-18,4,5,Tiramisu,43,7.0
2024-08-18,4,6,Caesar Salad,30,10.0
2024-08-18,4,7,Minestrone Soup,39,9.0
2024-08-18,5,1,Margherita Pizza,39,12.0
2024-08-18,5,2,Pasta Alfredo,48,14.0
2024-08-18,5,3,Lasagna Bolognese,29,16.0
2024-08-18,5,4,Bruschetta,41,8.0
2024-08-18,5,5,Tiramisu,42,7.0
2024-08-18,5,6,Caesar Salad,34,10.0
2024-08-18,5,7,Minestrone Soup,33,9.0
2024-08-19,1,1,Margherita Pizza,24,12.0
2024-08-19,1,2,Pasta Alfredo,21,14.0
2024-08-19,1,3,Lasagna Bolognese,18,16.0
2024-08-19,1,4,Bruschetta,24,8.0
2024-08-19,1,5,Tiramisu,25,7.0
2024-08-19,1,6,Caesar Salad,16,10.0
2024-08-19,1,7,Minestrone Soup,26,9.0
2024-08-19,2,1,Margherita Pizza,24,12.0
2024-08-19,2,2,Pasta Alfredo,27,14.0
2024-08-19,2,3,Lasagna Bolognese,20,16.0
2024-08-19,2,4,Bruschetta,32,8.0
2024-08-19,2,5,Tiramisu,32,7.0
2024-08-19,2,6,Caesar Salad,24,10.0
2024-08-19,2,7,Minestrone Soup,26,9.0
2024-08-19,3,1,Margherita Pizza,26,12.0
2024-08-19,3,2,Pasta Alfredo,22,14.0
2024-08-19,3,3,Lasagna Bolognese,19,16.0
2024-08-19,3,4,Bruschetta,24,8.0
2024-08-19,3,5,Tiramisu,24,7.0
2024-08-19,3,6,Caesar Salad,18,10.0
2024-08-19,3,7,Minestrone Soup,19,9.0
2024-08-19,4,1,Margherita Pizza,27,12.0
2024-08-19,4,2,Pasta Alfredo,34,14.0
2024-08-19,4,3,Lasagna Bolognese,26,16.0
2024-08-19,4,4,Bruschetta,28,8.0
2024-08-19,4,5,Tiramisu,28,7.0
2024-08-19,4,6,Caesar Salad,16,10.0
2024-08-19,4,7,Minestrone Soup,21,9.0
2024-08-19,5,1,Margherita Pizza,24,12.0
2024-08-19,5,2,Pasta Alfredo,30,14.0
2024-08-19,5,3,Lasagna Bolognese,23,16.0
2024-08-19,5,4,Bruschetta,25,8.0
2024-08-19,5,5,Tiramisu,34,7.0
2024-08-19,5,6,Caesar Salad,23,10.0
2024-08-19,5,7,Minestrone Soup,28,9.0
2024-08-20,1,1,Margherita Pizza,30,12.0
2024-08-20,1,2,Pasta Alfredo,28,14.0
2024-08-20,1,3,Lasagna Bolognese,24,16.0
2024-08-20,1,4,Bruschetta,27,8.0
2024-08-20,1,5,Tiramisu,31,7.0
2024-08-20,1,6,Caesar Salad,25,10.0
2024-08-20,1,7,Minestrone Soup,30,9.0
2024-08-20,2,1,Margherita Pizza,26,12.0
2024-08-20,2,2,Pasta Alfredo,33,14.0
2024-08-20,2,3,Lasagna Bolognese,25,16.0
2024-08-20,2,4,Bruschetta,28,8.0
2024-08-20,2,5,Tiramisu,35,7.0
2024-08-20,2,6,Caesar Salad,25,10.0
2024-08-20,2,7,Minestrone Soup,34,9.0
2024-08-20,3,1,Margherita Pizza,25,12.0
2024-08-20,3,2,Pasta Alfredo,35,14.0
2024-08-20,3,3,Lasagna Bolognese,22,16.0
2024-08-20,3,4,Bruschetta,32,8.0
2024-08-20,3,5,Tiramisu,30,7.0
2024-08-20,3,6,Caesar Salad,26,10.0
2024-08-20,3,7,Minestrone Soup,28,9.0
2024-08-20,4,1,Margherita Pizza,29,12.0
2024-08-20,4,2,Pasta Alfredo,32,14.0
2024-08-20,4,3,Lasagna Bolognese,25,16.0
2024-08-20,4,4,Bruschetta,35,8.0
2024-08-20,4,5,Tiramisu,36,7.0
2024-08-20,4,6,Caesar Salad,28,10.0
2024-08-20,4,7,Minestrone Soup,36,9.0
2024-08-20,5,1,Margherita Pizza,34,12.0
2024-08-20,5,2,Pasta Alfredo,37,14.0
2024-08-20,5,3,Lasagna Bolognese,29,16.0
2024-08-20,5,4,Bruschetta,31,8.0
2024-08-20,5,5,Tiramisu,37,7.0
2024-08-20,5,6,Caesar Salad,23,10.0
2024-08-20,5,7,Minestrone Soup,36,9.0
2024-08-21,1,1,Margherita Pizza,26,12.0
2024-08-21,1,2,Pasta Alfredo,32,14.0
2024-08-21,1,3,Lasagna Bolognese,19,16.0
2024-08-21,1,4,Bruschetta,28,8.0
2024-08-21,1,5,Tiramisu,29,7.0
2024-08-21,1,6,Caesar Salad,22,10.0
2024-08-21,1,7,Minestrone Soup,30,9.0
2024-08-21,2,1,Margherita Pizza,31,12.0
2024-08-21,2,2,Pasta Alfredo,33,14.0
2024-08-21,2,3,Lasagna Bolognese,18,16.0
2024-08-21,2,4,Bruschetta,37,8.0
2024-08-21,2,5,Tiramisu,38,7.0
2024-08-21,2,6,Caesar Salad,26,10.0
2024-08-21,2,7,Minestrone Soup,26,9.0
2024-08-21,3,1,Margherita Pizza,30,12.0
2024-08-21,3,2,Pasta Alfredo,33,14.0
2024-08-21,3,3,Lasagna Bolognese,29,16.0
2024-08-21,3,4,Bruschetta,31,8.0
2024-08-21,3,5,Tiramisu,33,7.0
2024-08-21,3,6,Caesar Salad,24,10.0
2024-08-21,3,7,Minestrone Soup,33,9.0
2024-08-21,4,1,Margherita Pizza,36,12.0
2024-08-21,4,2,Pasta Alfredo,41,14.0
2024-08-21,4,3,Lasagna Bolognese,28,16.0
2024-08-21,4,4,Bruschetta,31,8.0
2024-08-21,4,5,Tiramisu,27,7.0
2024-08-21,4,6,Caesar Salad,27,10.0
2024-08-21,4,7,Minestrone Soup,31,9.0
2024-08-21,5,1,Margherita Pizza,33,12.0
2024-08-21,5,2,Pasta Alfredo,38,14.0
2024-08-21,5,3,Lasagna Bolognese,23,16.0
2024-08-21,5,4,Bruschetta,34,8.0
2024-08-21,5,5,Tiramisu,40,7.0
2024-08-21,5,6,Caesar Salad,29,10.0
2024-08-21,5,7,Minestrone Soup,36,9.0
2024-08-22,1,1,Margherita Pizza,29,12.0
2024-08-22,1,2,Pasta Alfredo,30,14.0
2024-08-22,1,3,Lasagna Bolognese,22,16.0
2024-08-22,1,4,Bruschetta,27,8.0
2024-08-22,1,5,Tiramisu,32,7.0
2024-08-22,1,6,Caesar Salad,26,10.0
2024-08-22,1,7,Minestrone Soup,29,9.0
2024-08-22,2,1,Margherita Pizza,35,12.0
2024-08-22,2,2,Pasta Alfredo,40,14.0
2024-08-22,2,3,Lasagna Bolognese,24,16.0
2024-08-22,2,4,Bruschetta,17,8.0
2024-08-22,2,5,Tiramisu,37,7.0
2024-08-22,2,6,Caesar Salad,22,10.0
2024-08-22,2,7,Minestrone Soup,26,9.0
2024-08-22,3,1,Margherita Pizza,29,12.0
2024-08-22,3,2,Pasta Alfredo,34,14.0
2024-08-22,3,3,Lasagna Bolognese,27,16.0
2024-08-22,3,4,Bruschetta,25,8.0
2024-08-22,3,5,Tiramisu,32,7.0
2024-08-22,3,6,Caesar Salad,26,10.0
2024-08-22,3,7,Minestrone Soup,32,9.0
2024-08-22,4,1,Margherita Pizza,33,12.0
2024-08-22,4,2,Pasta Alfredo,34,14.0
2024-08-22,4,3,Lasagna Bolognese,23,16.0
2024-08-22,4,4,Bruschetta,30,8.0
2024-08-22,4,5,Tiramisu,37,7.0
2024-08-22,4,6,Caesar Salad,31,10.0
2024-08-22,4,7,Minestrone Soup,25,9.0
2024-08-22,5,1,Margherita Pizza,32,12.0
2024-08-22,5,2,Pasta Alfredo,34,14.0
2024-08-22,5,3,Lasagna Bolognese,22,16.0
2024-08-22,5,4,Bruschetta,36,8.0
2024-08-22,5,5,Tiramisu,40,7.0
2024-08-22,5,6,Caesar Salad,29,10.0
2024-08-22,5,7,Minestrone Soup,36,9.0
2024-08-23,1,1,Margherita Pizza,35,12.0
2024-08-23,1,2,Pasta Alfredo,41,14.0
2024-08-23,1,3,Lasagna Bolognese,37,16.0
2024-08-23,1,4,Bruschetta,36,8.0
2024-08-23,1,5,Tiramisu,45,7.0
2024-08-23,1,6,Caesar Salad,30,10.0
2024-08-23,1,7,Minestrone Soup,31,9.0
2024-08-23,2,1,Margherita Pizza,32,12.0
2024-08-23,2,2,Pasta Alfredo,43,14.0
2024-08-23,2,3,Lasagna Bolognese,35,16.0
2024-08-23,2,4,Bruschetta,41,8.0
2024-08-23,2,5,Tiramisu,48,7.0
2024-08-23,2,6,Caesar Salad,29,10.0
2024-08-23,2,7,Minestrone Soup,43,9.0
2024-08-23,3,1,Margherita Pizza,38,12.0
2024-08-23,3,2,Pasta Alfredo,48,14.0
2024-08-23,3,3,Lasagna Bolognese,34,16.0
2024-08-23,3,4,Bruschetta,40,8.0
2024-08-23,3,5,Tiramisu,51,7.0
2024-08-23,3,6,Caesar Salad,32,10.0
2024-08-23,3,7,Minestrone Soup,36,9.0
2024-08-23,4,1,Margherita Pizza,42,12.0
2024-08-23,4,2,Pasta Alfredo,48,14.0
2024-08-23,4,3,Lasagna Bolognese,45,16.0
2024-08-23,4,4,Bruschetta,44,8.0
2024-08-23,4,5,Tiramisu,48,7.0
2024-08-23,4,6,Caesar Salad,32,10.0
2024-08-23,4,7,Minestrone Soup,37,9.0
2024-08-23,5,1,Margherita Pizza,41,12.0
2024-08-23,5,2,Pasta Alfredo,52,14.0
2024-08-23,5,3,Lasagna Bolognese,41,16.0
2024-08-23,5,4,Bruschetta,48,8.0
2024-08-23,5,5,Tiramisu,52,7.0
2024-08-23,5,6,Caesar Salad,36,10.0
2024-08-23,5,7,Minestrone Soup,45,9.0
2024-08-24,1,1,Margherita Pizza,35,12.0
2024-08-24,1,2,Pasta Alfredo,48,14.0
2024-08-24,1,3,Lasagna Bolognese,30,16.0
2024-08-24,1,4,Bruschetta,36,8.0
2024-08-24,1,5,Tiramisu,36,7.0
2024-08-24,1,6,Caesar Salad,30,10.0
2024-08-24,1,7,Minestrone Soup,39,9.0
2024-08-24,2,1,Margherita Pizza,35,12.0
2024-08-24,2,2,Pasta Alfredo,43,14.0
2024-08-24,2,3,Lasagna Bolognese,34,16.0
2024-08-24,2,4,Bruschetta,34,8.0
2024-08-24,2,5,Tiramisu,48,7.0
2024-08-24,2,6,Caesar Salad,30,10.0
2024-08-24,2,7,Minestrone Soup,37,9.0
2024-08-24,3,1,Margherita Pizza,37,12.0
2024-08-24,3,2,Pasta Alfredo,48,14.0
2024-08-24,3,3,Lasagna Bolognese,41,16.0
2024-08-24,3,4,Bruschetta,43,8.0
2024-08-24,3,5,Tiramisu,45,7.0
2024-08-24,3,6,Caesar Salad,37,10.0
2024-08-24,3,7,Minestrone Soup,39,9.0
2024-08-24,4,1,Margherita Pizza,46,12.0
2024-08-24,4,2,Pasta Alfredo,52,14.0
2024-08-24,4,3,Lasagna Bolognese,26,16.0
2024-08-24,4,4,Bruschetta,39,8.0
2024-08-24,4,5,Tiramisu,52,7.0
2024-08-24,4,6,Caesar Salad,36,10.0
2024-08-24,4,7,Minestrone Soup,39,9.0
2024-08-24,5,1,Margherita Pizza,42,12.0
2024-08-24,5,2,Pasta Alfredo,46,14.0
2024-08-24,5,3,Lasagna Bolognese,37,16.0
2024-08-24,5,4,Bruschetta,51,8.0
2024-08-24,5,5,Tiramisu,54,7.0
2024-08-24,5,6,Caesar Salad,43,10.0
2024-08-24,5,7,Minestrone Soup,47,9.0
2024-08-25,1,1,Margherita Pizza,34,12.0
2024-08-25,1,2,Pasta Alfredo,42,14.0
2024-08-25,1,3,Lasagna Bolognese,27,16.0
2024-08-25,1,4,Bruschetta,31,8.0
2024-08-25,1,5,Tiramisu,39,7.0
2024-08-25,1,6,Caesar Salad,30,10.0
2024-08-25,1,7,Minestrone Soup,30,9.0
2024-08-25,2,1,Margherita Pizza,31,12.0
2024-08-25,2,2,Pasta Alfredo,39,14.0
2024-08-25,2,3,Lasagna Bolognese,30,16.0
2024-08-25,2,4,Bruschetta,35,8.0
2024-08-25,2,5,Tiramisu,34,7.0
2024-08-25,2,6,Caesar Salad,33,10.0
2024-08-25,2,7,Minestrone Soup,31,9.0
2024-08-25,3,1,Margherita Pizza,34,12.0
2024-08-25,3,2,Pasta Alfredo,37,14.0
2024-08-25,3,3,Lasagna Bolognese,37,16.0
2024-08-25,3,4,Bruschetta,35,8.0
2024-08-25,3,5,Tiramisu,38,7.0
2024-08-25,3,6,Caesar Salad,31,10.0
2024-08-25,3,7,Minestrone Soup,37,9.0
2024-08-25,4,1,Margherita Pizza,35,12.0
2024-08-25,4,2,Pasta Alfredo,45,14.0
2024-08-25,4,3,Lasagna Bolognese,28,16.0
2024-08-25,4,4,Bruschetta,35,8.0
2024-08-25,4,5,Tiramisu,36,7.0
2024-08-25,4,6,Caesar Salad,26,10.0
2024-08-25,4,7,Minestrone Soup,41,9.0
2024-08-25,5,1,Margherita Pizza,43,12.0
2024-08-25,5,2,Pasta Alfredo,44,14.0
2024-08-25,5,3,Lasagna Bolognese,36,16.0
2024-08-25,5,4,Bruschetta,37,8.0
2024-08-25,5,5,Tiramisu,43,7.0
2024-08-25,5,6,Caesar Salad,32,10.0
2024-08-25,5,7,Minestrone Soup,37,9.0
2024-08-26,1,1,Margherita Pizza,22,12.0
2024-08-26,1,2,Pasta Alfredo,30,14.0
2024-08-26,1,3,Lasagna Bolognese,20,16.0
2024-08-26,1,4,Bruschetta,25,8.0
2024-08-26,1,5,Tiramisu,30,7.0
2024-08-26,1,6,Caesar Salad,20,10.0
2024-08-26,1,7,Minestrone Soup,20,9.0
2024-08-26,2,1,Margherita Pizza,20,12.0
2024-08-26,2,2,Pasta Alfredo,29,14.0
2024-08-26,2,3,Lasagna Bolognese,20,16.0
2024-08-26,2,4,Bruschetta,24,8.0
2024-08-26,2,5,Tiramisu,28,7.0
2024-08-26,2,6,Caesar Salad,28,10.0
2024-08-26,2,7,Minestrone Soup,20,9.0
2024-08-26,3,1,Margherita Pizza,19,12.0
2024-08-26,3,2,Pasta Alfredo,31,14.0
2024-08-26,3,3,Lasagna Bolognese,20,16.0
2024-08-26,3,4,Bruschetta,26,8.0
2024-08-26,3,5,Tiramisu,31,7.0
2024-08-26,3,6,Caesar Salad,25,10.0
2024-08-26,3,7,Minestrone Soup,21,9.0
2024-08-26,4,1,Margherita Pizza,25,12.0
2024-08-26,4,2,Pasta Alfredo,32,14.0
2024-08-26,4,3,Lasagna Bolognese,25,16.0
2024-08-26,4,4,Bruschetta,33,8.0
2024-08-26,4,5,Tiramisu,34,7.0
2024-08-26,4,6,Caesar Salad,22,10.0
2024-08-26,4,7,Minestrone Soup,24,9.0
2024-08-26,5,1,Margherita Pizza,26,12.0
2024-08-26,5,2,Pasta Alfredo,31,14.0
2024-08-26,5,3,Lasagna Bolognese,25,16.0
2024-08-26,5,4,Bruschetta,29,8.0
2024-08-26,5,5,Tiramisu,29,7.0
2024-08-26,5,6,Caesar Salad,22,10.0
2024-08-26,5,7,Minestrone Soup,30,9.0
2024-08-27,1,1,Margherita Pizza,28,12.0
2024-08-27,1,2,Pasta Alfredo,33,14.0
2024-08-27,1,3,Lasagna Bolognese,24,16.0
2024-08-27,1,4,Bruschetta,32,8.0
2024-08-27,1,5,Tiramisu,32,7.0
2024-08-27,1,6,Caesar Salad,21,10.0
2024-08-27,1,7,Minestrone Soup,24,9.0
2024-08-27,2,1,Margherita Pizza,29,12.0
2024-08-27,2,2,Pasta Alfredo,26,14.0
2024-08-27,2,3,Lasagna Bolognese,23,16.0
2024-08-27,2,4,Bruschetta,28,8.0
2024-08-27,2,5,Tiramisu,29,7.0
2024-08-27,2,6,Caesar Salad,21,10.0
2024-08-27,2,7,Minestrone Soup,31,9.0
2024-08-27,3,1,Margherita Pizza,31,12.0
2024-08-27,3,2,Pasta Alfredo,35,14.0
2024-08-27,3,3,Lasagna Bolognese,26,16.0
2024-08-27,3,4,Bruschetta,30,8.0
2024-08-27,3,5,Tiramisu,39,7.0
2024-08-27,3,6,Caesar Salad,25,10.0
2024-08-27,3,7,Minestrone Soup,26,9.0
2024-08-27,4,1,Margherita Pizza,36,12.0
2024-08-27,4,2,Pasta Alfredo,38,14.0
2024-08-27,4,3,Lasagna Bolognese,24,16.0
2024-08-27,4,4,Bruschetta,28,8.0
2024-08-27,4,5,Tiramisu,38,7.0
2024-08-27,4,6,Caesar Salad,26,10.0
2024-08-27,4,7,Minestrone Soup,36,9.0
2024-08-27,5,1,Margherita Pizza,32,12.0
2024-08-27,5,2,Pasta Alfredo,36,14.0
2024-08-27,5,3,Lasagna Bolognese,30,16.0
2024-08-27,5,4,Bruschetta,36,8.0
2024-08-27,5,5,Tiramisu,39,7.0
2024-08-27,5,6,Caesar Salad,29,10.0
2024-08-27,5,7,Minestrone Soup,33,9.0
2024-08-28,1,1,Margherita Pizza,28,12.0
2024-08-28,1,2,Pasta Alfredo,35,14.0
2024-08-28,1,3,Lasagna Bolognese,24,16.0
2024-08-28,1,4,Bruschetta,27,8.0
2024-08-28,1,5,Tiramisu,36,7.0
2024-08-28,1,6,Caesar Salad,15,10.0
2024-08-28,1,7,Minestrone Soup,33,9.0
2024-08-28,2,1,Margherita Pizza,23,12.0
2024-08-28,2,2,Pasta Alfredo,31,14.0
2024-08-28,2,3,Lasagna Bolognese,24,16.0
2024-08-28,2,4,Bruschetta,28,8.0
2024-08-28,2,5,Tiramisu,36,7.0
2024-08-28,2,6,Caesar Salad,21,10.0
2024-08-28,2,7,Minestrone Soup,29,9.0
2024-08-28,3,1,Margherita Pizza,28,12.0
2024-08-28,3,2,Pasta Alfredo,36,14.0
2024-08-28,3,3,Lasagna Bolognese,25,16.0
2024-08-28,3,4,Bruschetta,30,8.0
2024-08-28,3,5,Tiramisu,33,7.0
2024-08-28,3,6,Caesar Salad,23,10.0
2024-08-28,3,7,Minestrone Soup,31,9.0
2024-08-28,4,1,Margherita Pizza,34,12.0
2024-08-28,4,2,Pasta Alfredo,35,14.0
2024-08-28,4,3,Lasagna Bolognese,24,16.0
2024-08-28,4,4,Bruschetta,33,8.0
2024-08-28,4,5,Tiramisu,36,7.0
2024-08-28,4,6,Caesar Salad,29,10.0
2024-08-28,4,7,Minestrone Soup,29,9.0
2024-08-28,5,1,Margherita Pizza,27,12.0
2024-08-28,5,2,Pasta Alfredo,37,14.0
2024-08-28,5,3,Lasagna Bolognese,25,16.0
2024-08-28,5,4,Bruschetta,33,8.0
2024-08-28,5,5,Tiramisu,36,7.0
2024-08-28,5,6,Caesar Salad,30,10.0
2024-08-28,5,7,Minestrone Soup,32,9.0
2024-08-29,1,1,Margherita Pizza,28,12.0
2024-08-29,1,2,Pasta Alfredo,32,14.0
2024-08-29,1,3,Lasagna Bolognese,23,16.0
2024-08-29,1,4,Bruschetta,27,8.0
2024-08-29,1,5,Tiramisu,33,7.0
2024-08-29,1,6,Caesar Salad,20,10.0
2024-08-29,1,7,Minestrone Soup,31,9.0
2024-08-29,2,1,Margherita Pizza,28,12.0
2024-08-29,2,2,Pasta Alfredo,29,14.0
2024-08-29,2,3,Lasagna Bolognese,24,16.0
2024-08-29,2,4,Bruschetta,26,8.0
2024-08-29,2,5,Tiramisu,35,7.0
2024-08-29,2,6,Caesar Salad,30,10.0
2024-08-29,2,7,Minestrone Soup,26,9.0
2024-08-29,3,1,Margherita Pizza,31,12.0
2024-08-29,3,2,Pasta Alfredo,30,14.0
2024-08-29,3,3,Lasagna Bolognese,26,16.0
2024-08-29,3,4,Bruschetta,27,8.0
2024-08-29,3,5,Tiramisu,33,7.0
2024-08-29,3,6,Caesar Salad,22,10.0
2024-08-29,3,7,Minestrone Soup,32,9.0
2024-08-29,4,1,Margherita Pizza,34,12.0
2024-08-29,4,2,Pasta Alfredo,37,14.0
2024-08-29,4,3,Lasagna Bolognese,24,16.0
2024-08-29,4,4,Bruschetta,36,8.0
2024-08-29,4,5,Tiramisu,34,7.0
2024-08-29,4,6,Caesar Salad,20,10.0
2024-08-29,4,7,Minestrone Soup,33,9.0
2024-08-29,5,1,Margherita Pizza,29,12.0
2024-08-29,5,2,Pasta Alfredo,41,14.0
2024-08-29,5,3,Lasagna Bolognese,26,16.0
2024-08-29,5,4,Bruschetta,35,8.0
2024-08-29,5,5,Tiramisu,42,7.0
2024-08-29,5,6,Caesar Salad,24,10.0
2024-08-29,5,7,Minestrone Soup,31,9.0
2024-08-30,1,1,Margherita Pizza,36,12.0
2024-08-30,1,2,Pasta Alfredo,47,14.0
2024-08-30,1,3,Lasagna Bolognese,28,16.0
2024-08-30,1,4,Bruschetta,35,8.0
2024-08-30,1,5,Tiramisu,44,7.0
2024-08-30,1,6,Caesar Salad,29,10.0
2024-08-30,1,7,Minestrone Soup,37,9.0
2024-08-30,2,1,Margherita Pizza,34,12.0
2024-08-30,2,2,Pasta Alfredo,52,14.0
2024-08-30,2,3,Lasagna Bolognese,28,16.0
2024-08-30,2,4,Bruschetta,38,8.0
2024-08-30,2,5,Tiramisu,45,7.0
2024-08-30,2,6,Caesar Salad,38,10.0
2024-08-30,2,7,Minestrone Soup,35,9.0
2024-08-30,3,1,Margherita Pizza,46,12.0
2024-08-30,3,2,Pasta Alfredo,49,14.0
2024-08-30,3,3,Lasagna Bolognese,35,16.0
2024-08-30,3,4,Bruschetta,37,8.0
2024-08-30,3,5,Tiramisu,49,7.0
2024-08-30,3,6,Caesar Salad,31,10.0
2024-08-30,3,7,Minestrone Soup,44,9.0
2024-08-30,4,1,Margherita Pizza,39,12.0
2024-08-30,4,2,Pasta Alfredo,49,14.0
2024-08-30,4,3,Lasagna Bolognese,34,16.0
2024-08-30,4,4,Bruschetta,39,8.0
2024-08-30,4,5,Tiramisu,52,7.0
2024-08-30,4,6,Caesar Salad,37,10.0
2024-08-30,4,7,Minestrone Soup,46,9.0
2024-08-30,5,1,Margherita Pizza,39,12.0
2024-08-30,5,2,Pasta Alfredo,55,14.0
2024-08-30,5,3,Lasagna Bolognese,44,16.0
2024-08-30,5,4,Bruschetta,43,8.0
2024-08-30,5,5,Tiramisu,57,7.0
2024-08-30,5,6,Caesar Salad,36,10.0
2024-08-30,5,7,Minestrone Soup,40,9.0
2024-08-31,1,1,Margherita Pizza,36,12.0
2024-08-31,1,2,Pasta Alfredo,46,14.0
2024-08-31,1,3,Lasagna Bolognese,28,16.0
2024-08-31,1,4,Bruschetta,35,8.0
2024-08-31,1,5,Tiramisu,44,7.0
2024-08-31,1,6,Caesar Salad,30,10.0
2024-08-31,1,7,Minestrone Soup,38,9.0
2024-08-31,2,1,Margherita Pizza,39,12.0
2024-08-31,2,2,Pasta Alfredo,46,14.0
2024-08-31,2,3,Lasagna Bolognese,31,16.0
2024-08-31,2,4,Bruschetta,39,8.0
2024-08-31,2,5,Tiramisu,42,7.0
2024-08-31,2,6,Caesar Salad,36,10.0
2024-08-31,2,7,Minestrone Soup,37,9.0
2024-08-31,3,1,Margherita Pizza,44,12.0
2024-08-31,3,2,Pasta Alfredo,46,14.0
2024-08-31,3,3,Lasagna Bolognese,34,16.0
2024-08-31,3,4,Bruschetta,39,8.0
2024-08-31,3,5,Tiramisu,44,7.0
2024-08-31,3,6,Caesar Salad,28,10.0
2024-08-31,3,7,Minestrone Soup,37,9.0
2024-08-31,4,1,Margherita Pizza,41,12.0
2024-08-31,4,2,Pasta Alfredo,50,14.0
2024-08-31,4,3,Lasagna Bolognese,38,16.0
2024-08-31,4,4,Bruschetta,41,8.0
2024-08-31,4,5,Tiramisu,47,7.0
2024-08-31,4,6,Caesar Salad,31,10.0
2024-08-31,4,7,Minestrone Soup,44,9.0
2024-08-31,5,1,Margherita Pizza,48,12.0
2024-08-31,5,2,Pasta Alfredo,55,14.0
2024-08-31,5,3,Lasagna Bolognese,39,16.0
2024-08-31,5,4,Bruschetta,46,8.0
2024-08-31,5,5,Tiramisu,57,7.0
2024-08-31,5,6,Caesar Salad,38,10.0
2024-08-31,5,7,Minestrone Soup,46,9.0
2024-09-01,1,1,Margherita Pizza,29,12.0
2024-09-01,1,2,Pasta Alfredo,31,14.0
2024-09-01,1,3,Lasagna Bolognese,23,16.0
2024-09-01,1,4,Bruschetta,30,8.0
2024-09-01,1,5,Tiramisu,35,7.0
2024-09-01,1,6,Caesar Salad,31,10.0
2024-09-01,1,7,Minestrone Soup,30,9.0
2024-09-01,2,1,Margherita Pizza,35,12.0
2024-09-01,2,2,Pasta Alfredo,35,14.0
2024-09-01,2,3,Lasagna Bolognese,25,16.0
2024-09-01,2,4,Bruschetta,28,8.0
2024-09-01,2,5,Tiramisu,35,7.0
2024-09-01,2,6,Caesar Salad,28,10.0
2024-09-01,2,7,Minestrone Soup,32,9.0
2024-09-01,3,1,Margherita Pizza,36,12.0
2024-09-01,3,2,Pasta Alfredo,39,14.0
2024-09-01,3,3,Lasagna Bolognese,27,16.0
2024-09-01,3,4,Bruschetta,40,8.0
2024-09-01,3,5,Tiramisu,38,7.0
2024-09-01,3,6,Caesar Salad,31,10.0
2024-09-01,3,7,Minestrone Soup,32,9.0
2024-09-01,4,1,Margherita Pizza,37,12.0
2024-09-01,4,2,Pasta Alfredo,43,14.0
2024-09-01,4,3,Lasagna Bolognese,30,16.0
2024-09-01,4,4,Bruschetta,28,8.0
2024-09-01,4,5,Tiramisu,40,7.0
2024-09-01,4,6,Caesar Salad,33,10.0
2024-09-01,4,7,Minestrone Soup,36,9.0
2024-09-01,5,1,Margherita Pizza,38,12.0
2024-09-01,5,2,Pasta Alfredo,37,14.0
2024-09-01,5,3,Lasagna Bolognese,28,16.0
2024-09-01,5,4,Bruschetta,37,8.0
2024-09-01,5,5,Tiramisu,44,7.0
2024-09-01,5,6,Caesar Salad,34,10.0
2024-09-01,5,7,Minestrone Soup,36,9.0
2024-09-02,1,1,Margherita Pizza,23,12.0
2024-09-02,1,2,Pasta Alfredo,26,14.0
2024-09-02,1,3,Lasagna Bolognese,15,16.0
2024-09-02,1,4,Bruschetta,15,8.0
2024-09-02,1,5,Tiramisu,27,7.0
2024-09-02,1,6,Caesar Salad,19,10.0
2024-09-02,1,7,Minestrone Soup,20,9.0
2024-09-02,2,1,Margherita Pizza,18,12.0
2024-09-02,2,2,Pasta Alfredo,29,14.0
2024-09-02,2,3,Lasagna Bolognese,19,16.0
2024-09-02,2,4,Bruschetta,25,8.0
2024-09-02,2,5,Tiramisu,33,7.0
2024-09-02,2,6,Caesar Salad,13,10.0
2024-09-02,2,7,Minestrone Soup,21,9.0
2024-09-02,3,1,Margherita Pizza,24,12.0
2024-09-02,3,2,Pasta Alfredo,33,14.0
2024-09-02,3,3,Lasagna Bolognese,15,16.0
2024-09-02,3,4,Bruschetta,30,8.0
2024-09-02,3,5,Tiramisu,29,7.0
2024-09-02,3,6,Caesar Salad,20,10.0
2024-09-02,3,7,Minestrone Soup,24,9.0
2024-09-02,4,1,Margherita Pizza,24,12.0
2024-09-02,4,2,Pasta Alfredo,33,14.0
2024-09-02,4,3,Lasagna Bolognese,18,16.0
2024-09-02,4,4,Bruschetta,27,8.0
2024-09-02,4,5,Tiramisu,29,7.0
2024-09-02,4,6,Caesar Salad,19,10.0
2024-09-02,4,7,Minestrone Soup,33,9.0
2024-09-02,5,1,Margherita Pizza,28,12.0
2024-09-02,5,2,Pasta Alfredo,33,14.0
2024-09-02,5,3,Lasagna Bolognese,26,16.0
2024-09-02,5,4,Bruschetta,23,8.0
2024-09-02,5,5,Tiramisu,37,7.0
2024-09-02,5,6,Caesar Salad,15,10.0
2024-09-02,5,7,Minestrone Soup,24,9.0
2024-09-03,1,1,Margherita Pizza,25,12.0
2024-09-03,1,2,Pasta Alfredo,32,14.0
2024-09-03,1,3,Lasagna Bolognese,22,16.0
2024-09-03,1,4,Bruschetta,26,8.0
2024-09-03,1,5,Tiramisu,30,7.0
2024-09-03,1,6,Caesar Salad,19,10.0
2024-09-03,1,7,Minestrone Soup,22,9.0
2024-09-03,2,1,Margherita Pizza,30,12.0
2024-09-03,2,2,Pasta Alfredo,34,14.0
2024-09-03,2,3,Lasagna Bolognese,28,16.0
2024-09-03,2,4,Bruschetta,25,8.0
2024-09-03,2,5,Tiramisu,34,7.0
2024-09-03,2,6,Caesar Salad,22,10.0
2024-09-03,2,7,Minestrone Soup,31,9.0
2024-09-03,3,1,Margherita Pizza,32,12.0
2024-09-03,3,2,Pasta Alfredo,34,14.0
2024-09-03,3,3,Lasagna Bolognese,23,16.0
2024-09-03,3,4,Bruschetta,32,8.0
2024-09-03,3,5,Tiramisu,36,7.0
2024-09-03,3,6,Caesar Salad,22,10.0
2024-09-03,3,7,Minestrone Soup,25,9.0
2024-09-03,4,1,Margherita Pizza,29,12.0
2024-09-03,4,2,Pasta Alfredo,40,14.0
2024-09-03,4,3,Lasagna Bolognese,29,16.0
2024-09-03,4,4,Bruschetta,27,8.0
2024-09-03,4,5,Tiramisu,32,7.0
2024-09-03,4,6,Caesar Salad,29,10.0
2024-09-03,4,7,Minestrone Soup,27,9.0
2024-09-03,5,1,Margherita Pizza,33,12.0
2024-09-03,5,2,Pasta Alfredo,35,14.0
2024-09-03,5,3,Lasagna Bolognese,31,16.0
2024-09-03,5,4,Bruschetta,29,8.0
2024-09-03,5,5,Tiramisu,40,7.0
2024-09-03,5,6,Caesar Salad,27,10.0
2024-09-03,5,7,Minestrone Soup,32,9.0
2024-09-04,1,1,Margherita Pizza,20,12.0
2024-09-04,1,2,Pasta Alfredo,24,14.0
2024-09-04,1,3,Lasagna Bolognese,21,16.0
2024-09-04,1,4,Bruschetta,27,8.0
2024-09-04,1,5,Tiramisu,27,7.0
2024-09-04,1,6,Caesar Salad,18,10.0
2024-09-04,1,7,Minestrone Soup,28,9.0
2024-09-04,2,1,Margherita Pizza,29,12.0
2024-09-04,2,2,Pasta Alfredo,32,14.0
2024-09-04,2,3,Lasagna Bolognese,25,16.0
2024-09-04,2,4,Bruschetta,24,8.0
2024-09-04,2,5,Tiramisu,31,7.0
2024-09-04,2,6,Caesar Salad,28,10.0
2024-09-04,2,7,Minestrone Soup,28,9.0
2024-09-04,3,1,Margherita Pizza,29,12.0
2024-09-04,3,2,Pasta Alfredo,40,14.0
2024-09-04,3,3,Lasagna Bolognese,20,16.0
2024-09-04,3,4,Bruschetta,31,8.0
2024-09-04,3,5,Tiramisu,39,7.0
2024-09-04,3,6,Caesar Salad,23,10.0
2024-09-04,3,7,Minestrone Soup,31,9.0
2024-09-04,4,1,Margherita Pizza,27,12.0
2024-09-04,4,2,Pasta Alfredo,33,14.0
2024-09-04,4,3,Lasagna Bolognese,26,16.0
2024-09-04,4,4,Bruschetta,33,8.0
2024-09-04,4,5,Tiramisu,39,7.0
2024-09-04,4,6,Caesar Salad,30,10.0
2024-09-04,4,7,Minestrone Soup,30,9.0
2024-09-04,5,1,Margherita Pizza,35,12.0
2024-09-04,5,2,Pasta Alfredo,36,14.0
2024-09-04,5,3,Lasagna Bolognese,29,16.0
2024-09-04,5,4,Bruschetta,32,8.0
2024-09-04,5,5,Tiramisu,38,7.0
2024-09-04,5,6,Caesar Salad,28,10.0
2024-09-04,5,7,Minestrone Soup,27,9.0
2024-09-05,1,1,Margherita Pizza,23,12.0
2024-09-05,1,2,Pasta Alfredo,31,14.0
2024-09-05,1,3,Lasagna Bolognese,17,16.0
2024-09-05,1,4,Bruschetta,29,8.0
2024-09-05,1,5,Tiramisu,33,7.0
2024-09-05,1,6,Caesar Salad,23,10.0
2024-09-05,1,7,Minestrone Soup,23,9.0
2024-09-05,2,1,Margherita Pizza,32,12.0
2024-09-05,2,2,Pasta Alfredo,38,14.0
2024-09-05,2,3,Lasagna Bolognese,23,16.0
2024-09-05,2,4,Bruschetta,29,8.0
2024-09-05,2,5,Tiramisu,33,7.0
2024-09-05,2,6,Caesar Salad,24,10.0
2024-09-05,2,7,Minestrone Soup,27,9.0
2024-09-05,3,1,Margherita Pizza,29,12.0
2024-09-05,3,2,Pasta Alfredo,36,14.0
2024-09-05,3,3,Lasagna Bolognese,31,16.0
2024-09-05,3,4,Bruschetta,25,8.0
2024-09-05,3,5,Tiramisu,33,7.0
2024-09-05,3,6,Caesar Salad,20,10.0
2024-09-05,3,7,Minestrone Soup,34,9.0
2024-09-05,4,1,Margherita Pizza,28,12.0
2024-09-05,4,2,Pasta Alfredo,31,14.0
2024-09-05,4,3,Lasagna Bolognese,27,16.0
2024-09-05,4,4,Bruschetta,35,8.0
2024-09-05,4,5,Tiramisu,37,7.0
2024-09-05,4,6,Caesar Salad,26,10.0
2024-09-05,4,7,Minestrone Soup,31,9.0
2024-09-05,5,1,Margherita Pizza,36,12.0
2024-09-05,5,2,Pasta Alfredo,34,14.0
2024-09-05,5,3,Lasagna Bolognese,26,16.0
2024-09-05,5,4,Bruschetta,30,8.0
2024-09-05,5,5,Tiramisu,33,7.0
2024-09-05,5,6,Caesar Salad,25,10.0
2024-09-05,5,7,Minestrone Soup,35,9.0
2024-09-06,1,1,Margherita Pizza,37,12.0
2024-09-06,1,2,Pasta Alfredo,43,14.0
2024-09-06,1,3,Lasagna Bolognese,30,16.0
2024-09-06,1,4,Bruschetta,37,8.0
2024-09-06,1,5,Tiramisu,39,7.0
2024-09-06,1,6,Caesar Salad,28,10.0
2024-09-06,1,7,Minestrone Soup,36,9.0
2024-09-06,2,1,Margherita Pizza,38,12.0
2024-09-06,2,2,Pasta Alfredo,44,14.0
2024-09-06,2,3,Lasagna Bolognese,30,16.0
2024-09-06,2,4,Bruschetta,36,8.0
2024-09-06,2,5,Tiramisu,53,7.0
2024-09-06,2,6,Caesar Salad,34,10.0
2024-09-06,2,7,Minestrone Soup,38,9.0
2024-09-06,3,1,Margherita Pizza,38,12.0
2024-09-06,3,2,Pasta Alfredo,44,14.0
2024-09-06,3,3,Lasagna Bolognese,32,16.0
2024-09-06,3,4,Bruschetta,40,8.0
2024-09-06,3,5,Tiramisu,40,7.0
2024-09-06,3,6,Caesar Salad,28,10.0
2024-09-06,3,7,Minestrone Soup,37,9.0
2024-09-06,4,1,Margherita Pizza,41,12.0
2024-09-06,4,2,Pasta Alfredo,47,14.0
2024-09-06,4,3,Lasagna Bolognese,38,16.0
2024-09-06,4,4,Bruschetta,36,8.0
2024-09-06,4,5,Tiramisu,45,7.0
2024-09-06,4,6,Caesar Salad,38,10.0
2024-09-06,4,7,Minestrone Soup,41,9.0
2024-09-06,5,1,Margherita Pizza,45,12.0
2024-09-06,5,2,Pasta Alfredo,56,14.0
2024-09-06,5,3,Lasagna Bolognese,33,16.0
2024-09-06,5,4,Bruschetta,42,8.0
2024-09-06,5,5,Tiramisu,49,7.0
2024-09-06,5,6,Caesar Salad,30,10.0
2024-09-06,5,7,Minestrone Soup,42,9.0
2024-09-07,1,1,Margherita Pizza,38,12.0
2024-09-07,1,2,Pasta Alfredo,43,14.0
2024-09-07,1,3,Lasagna Bolognese,31,16.0
2024-09-07,1,4,Bruschetta,34,8.0
2024-09-07,1,5,Tiramisu,39,7.0
2024-09-07,1,6,Caesar Salad,33,10.0
2024-09-07,1,7,Minestrone Soup,34,9.0
2024-09-07,2,1,Margherita Pizza,38,12.0
2024-09-07,2,2,Pasta Alfredo,44,14.0
2024-09-07,2,3,Lasagna Bolognese,35,16.0
2024-09-07,2,4,Bruschetta,40,8.0
2024-09-07,2,5,Tiramisu,39,7.0
2024-09-07,2,6,Caesar Salad,27,10.0
2024-09-07,2,7,Minestrone Soup,39,9.0
2024-09-07,3,1,Margherita Pizza,39,12.0
2024-09-07,3,2,Pasta Alfredo,44,14.0
2024-09-07,3,3,Lasagna Bolognese,35,16.0
2024-09-07,3,4,Bruschetta,39,8.0
2024-09-07,3,5,Tiramisu,45,7.0
2024-09-07,3,6,Caesar Salad,35,10.0
2024-09-07,3,7,Minestrone Soup,38,9.0
2024-09-07,4,1,Margherita Pizza,45,12.0
2024-09-07,4,2,Pasta Alfredo,45,14.0
2024-09-07,4,3,Lasagna Bolognese,36,16.0
2024-09-07,4,4,Bruschetta,45,8.0
2024-09-07,4,5,Tiramisu,43,7.0
2024-09-07,4,6,Caesar Salad,33,10.0
2024-09-07,4,7,Minestrone Soup,44,9.0
2024-09-07,5,1,Margherita Pizza,46,12.0
2024-09-07,5,2,Pasta Alfredo,49,14.0
2024-09-07,5,3,Lasagna Bolognese,33,16.0
2024-09-07,5,4,Bruschetta,45,8.0
2024-09-07,5,5,Tiramisu,53,7.0
2024-09-07,5,6,Caesar Salad,32,10.0
2024-09-07,5,7,Minestrone Soup,39,9.0
2024-09-08,1,1,Margherita Pizza,31,12.0
2024-09-08,1,2,Pasta Alfredo,37,14.0
2024-09-08,1,3,Lasagna Bolognese,24,16.0
2024-09-08,1,4,Bruschetta,32,8.0
2024-09-08,1,5,Tiramisu,33,7.0
2024-09-08,1,6,Caesar Salad,19,10.0
2024-09-08,1,7,Minestrone Soup,29,9.0
2024-09-08,2,1,Margherita Pizza,32,12.0
2024-09-08,2,2,Pasta Alfredo,36,14.0
2024-09-08,2,3,Lasagna Bolognese,23,16.0
2024-09-08,2,4,Bruschetta,26,8.0
2024-09-08,2,5,Tiramisu,35,7.0
2024-09-08,2,6,Caesar Salad,29,10.0
2024-09-08,2,7,Minestrone Soup,35,9.0
2024-09-08,3,1,Margherita Pizza,37,12.0
2024-09-08,3,2,Pasta Alfredo,36,14.0
2024-09-08,3,3,Lasagna Bolognese,24,16.0
2024-09-08,3,4,Bruschetta,35,8.0
2024-09-08,3,5,Tiramisu,41,7.0
2024-09-08,3,6,Caesar Salad,29,10.0
2024-09-08,3,7,Minestrone Soup,27,9.0
2024-09-08,4,1,Margherita Pizza,32,12.0
2024-09-08,4,2,Pasta Alfredo,40,14.0
2024-09-08,4,3,Lasagna Bolognese,30,16.0
2024-09-08,4,4,Bruschetta,37,8.0
2024-09-08,4,5,Tiramisu,41,7.0
2024-09-08,4,6,Caesar Salad,30,10.0
2024-09-08,4,7,Minestrone Soup,35,9.0
2024-09-08,5,1,Margherita Pizza,38,12.0
2024-09-08,5,2,Pasta Alfredo,43,14.0
2024-09-08,5,3,Lasagna Bolognese,30,16.0
2024-09-08,5,4,Bruschetta,35,8.0
2024-09-08,5,5,Tiramisu,43,7.0
2024-09-08,5,6,Caesar Salad,32,10.0
2024-09-08,5,7,Minestrone Soup,37,9.0
2024-09-09,1,1,Margherita Pizza,23,12.0
2024-09-09,1,2,Pasta Alfredo,30,14.0
2024-09-09,1,3,Lasagna Bolognese,19,16.0
2024-09-09,1,4,Bruschetta,20,8.0
2024-09-09,1,5,Tiramisu,28,7.0
2024-09-09,1,6,Caesar Salad,14,10.0
2024-09-09,1,7,Minestrone Soup,19,9.0
2024-09-09,2,1,Margherita Pizza,24,12.0
2024-09-09,2,2,Pasta Alfredo,29,14.0
2024-09-09,2,3,Lasagna Bolognese,16,16.0
2024-09-09,2,4,Bruschetta,22,8.0
2024-09-09,2,5,Tiramisu,25,7.0
2024-09-09,2,6,Caesar Salad,18,10.0
2024-09-09,2,7,Minestrone Soup,26,9.0
2024-09-09,3,1,Margherita Pizza,27,12.0
2024-09-09,3,2,Pasta Alfredo,28,14.0
2024-09-09,3,3,Lasagna Bolognese,19,16.0
2024-09-09,3,4,Bruschetta,20,8.0
2024-09-09,3,5,Tiramisu,33,7.0
2024-09-09,3,6,Caesar Salad,22,10.0
2024-09-09,3,7,Minestrone Soup,22,9.0
2024-09-09,4,1,Margherita Pizza,28,12.0
2024-09-09,4,2,Pasta Alfredo,30,14.0
2024-09-09,4,3,Lasagna Bolognese,20,16.0
2024-09-09,4,4,Bruschetta,27,8.0
2024-09-09,4,5,Tiramisu,28,7.0
2024-09-09,4,6,Caesar Salad,20,10.0
2024-09-09,4,7,Minestrone Soup,26,9.0
2024-09-09,5,1,Margherita Pizza,25,12.0
2024-09-09,5,2,Pasta Alfredo,33,14.0
2024-09-09,5,3,Lasagna Bolognese,28,16.0
2024-09-09,5,4,Bruschetta,25,8.0
2024-09-09,5,5,Tiramisu,26,7.0
2024-09-09,5,6,Caesar Salad,16,10.0
2024-09-09,5,7,Minestrone Soup,26,9.0
2024-09-10,1,1,Margherita Pizza,24,12.0
2024-09-10,1,2,Pasta Alfredo,31,14.0
2024-09-10,1,3,Lasagna Bolognese,22,16.0
2024-09-10,1,4,Bruschetta,21,8.0
2024-09-10,1,5,Tiramisu,25,7.0
2024-09-10,1,6,Caesar Salad,23,10.0
2024-09-10,1,7,Minestrone Soup,26,9.0
2024-09-10,2,1,Margherita Pizza,26,12.0
2024-09-10,2,2,Pasta Alfredo,27,14.0
2024-09-10,2,3,Lasagna Bolognese,24,16.0
2024-09-10,2,4,Bruschetta,31,8.0
2024-09-10,2,5,Tiramisu,33,7.0
2024-09-10,2,6,Caesar Salad,20,10.0
2024-09-10,2,7,Minestrone Soup,28,9.0
2024-09-10,3,1,Margherita Pizza,25,12.0
2024-09-10,3,2,Pasta Alfredo,37,14.0
2024-09-10,3,3,Lasagna Bolognese,24,16.0
2024-09-10,3,4,Bruschetta,23,8.0
2024-09-10,3,5,Tiramisu,33,7.0
2024-09-10,3,6,Caesar Salad,25,10.0
2024-09-10,3,7,Minestrone Soup,28,9.0
2024-09-10,4,1,Margherita Pizza,29,12.0
2024-09-10,4,2,Pasta Alfredo,31,14.0
2024-09-10,4,3,Lasagna Bolognese,27,16.0
2024-09-10,4,4,Bruschetta,28,8.0
2024-09-10,4,5,Tiramisu,29,7.0
2024-09-10,4,6,Caesar Salad,24,10.0
2024-09-10,4,7,Minestrone Soup,33,9.0
2024-09-10,5,1,Margherita Pizza,30,12.0
2024-09-10,5,2,Pasta Alfredo,42,14.0
2024-09-10,5,3,Lasagna Bolognese,28,16.0
2024-09-10,5,4,Bruschetta,33,8.0
2024-09-10,5,5,Tiramisu,36,7.0
2024-09-10,5,6,Caesar Salad,26,10.0
2024-09-10,5,7,Minestrone Soup,31,9.0
2024-09-11,1,1,Margherita Pizza,25,12.0
2024-09-11,1,2,Pasta Alfredo,32,14.0
2024-09-11,1,3,Lasagna Bolognese,19,16.0
2024-09-11,1,4,Bruschetta,23,8.0
2024-09-11,1,5,Tiramisu,27,7.0
2024-09-11,1,6,Caesar Salad,28,10.0
2024-09-11,1,7,Minestrone Soup,28,9.0
2024-09-11,2,1,Margherita Pizza,28,12.0
2024-09-11,2,2,Pasta Alfredo,29,14.0
2024-09-11,2,3,Lasagna Bolognese,25,16.0
2024-09-11,2,4,Bruschetta,27,8.0
2024-09-11,2,5,Tiramisu,33,7.0
2024-09-11,2,6,Caesar Salad,20,10.0
2024-09-11,2,7,Minestrone Soup,28,9.0
2024-09-11,3,1,Margherita Pizza,28,12.0
2024-09-11,3,2,Pasta Alfredo,31,14.0
2024-09-11,3,3,Lasagna Bolognese,26,16.0
2024-09-11,3,4,Bruschetta,24,8.0
2024-09-11,3,5,Tiramisu,35,7.0
2024-09-11,3,6,Caesar Salad,26,10.0
2024-09-11,3,7,Minestrone Soup,26,9.0
2024-09-11,4,1,Margherita Pizza,28,12.0
2024-09-11,4,2,Pasta Alfredo,34,14.0
2024-09-11,4,3,Lasagna Bolognese,26,16.0
2024-09-11,4,4,Bruschetta,30,8.0
2024-09-11,4,5,Tiramisu,36,7.0
2024-09-11,4,6,Caesar Salad,30,10.0
2024-09-11,4,7,Minestrone Soup,29,9.0
2024-09-11,5,1,Margherita Pizza,26,12.0
2024-09-11,5,2,Pasta Alfredo,39,14.0
2024-09-11,5,3,Lasagna Bolognese,31,16.0
2024-09-11,5,4,Bruschetta,33,8.0
2024-09-11,5,5,Tiramisu,34,7.0
2024-09-11,5,6,Caesar Salad,26,10.0
2024-09-11,5,7,Minestrone Soup,28,9.0
2024-09-12,1,1,Margherita Pizza,28,12.0
2024-09-12,1,2,Pasta Alfredo,26,14.0
2024-09-12,1,3,Lasagna Bolognese,21,16.0
2024-09-12,1,4,Bruschetta,23,8.0
2024-09-12,1,5,Tiramisu,31,7.0
2024-09-12,1,6,Caesar Salad,21,10.0
2024-09-12,1,7,Minestrone Soup,27,9.0
2024-09-12,2,1,Margherita Pizza,27,12.0
2024-09-12,2,2,Pasta Alfredo,29,14.0
2024-09-12,2,3,Lasagna Bolognese,25,16.0
2024-09-12,2,4,Bruschetta,27,8.0
2024-09-12,2,5,Tiramisu,29,7.0
2024-09-12,2,6,Caesar Salad,30,10.0
2024-09-12,2,7,Minestrone Soup,29,9.0
2024-09-12,3,1,Margherita Pizza,28,12.0
2024-09-12,3,2,Pasta Alfredo,38,14.0
2024-09-12,3,3,Lasagna Bolognese,30,16.0
2024-09-12,3,4,Bruschetta,28,8.0
2024-09-12,3,5,Tiramisu,35,7.0
2024-09-12,3,6,Caesar Salad,21,10.0
2024-09-12,3,7,Minestrone Soup,28,9.0
2024-09-12,4,1,Margherita Pizza,30,12.0
2024-09-12,4,2,Pasta Alfredo,36,14.0
2024-09-12,4,3,Lasagna Bolognese,26,16.0
2024-09-12,4,4,Bruschetta,32,8.0
2024-09-12,4,5,Tiramisu,36,7.0
2024-09-12,4,6,Caesar Salad,21,10.0
2024-09-12,4,7,Minestrone Soup,27,9.0
2024-09-12,5,1,Margherita Pizza,30,12.0
2024-09-12,5,2,Pasta Alfredo,36,14.0
2024-09-12,5,3,Lasagna Bolognese,29,16.0
2024-09-12,5,4,Bruschetta,28,8.0
2024-09-12,5,5,Tiramisu,36,7.0
2024-09-12,5,6,Caesar Salad,29,10.0
2024-09-12,5,7,Minestrone Soup,31,9.0
2024-09-13,1,1,Margherita Pizza,37,12.0
2024-09-13,1,2,Pasta Alfredo,41,14.0
2024-09-13,1,3,Lasagna Bolognese,30,16.0
2024-09-13,1,4,Bruschetta,34,8.0
2024-09-13,1,5,Tiramisu,43,7.0
2024-09-13,1,6,Caesar Salad,25,10.0
2024-09-13,1,7,Minestrone Soup,34,9.0
2024-09-13,2,1,Margherita Pizza,38,12.0
2024-09-13,2,2,Pasta Alfredo,45,14.0
2024-09-13,2,3,Lasagna Bolognese,35,16.0
2024-09-13,2,4,Bruschetta,36,8.0
2024-09-13,2,5,Tiramisu,48,7.0
2024-09-13,2,6,Caesar Salad,29,10.0
2024-09-13,2,7,Minestrone Soup,41,9.0
2024-09-13,3,1,Margherita Pizza,41,12.0
2024-09-13,3,2,Pasta Alfredo,43,14.0
2024-09-13,3,3,Lasagna Bolognese,33,16.0
2024-09-13,3,4,Bruschetta,39,8.0
2024-09-13,3,5,Tiramisu,47,7.0
2024-09-13,3,6,Caesar Salad,32,10.0
2024-09-13,3,7,Minestrone Soup,38,9.0
2024-09-13,4,1,Margherita Pizza,45,12.0
2024-09-13,4,2,Pasta Alfredo,47,14.0
2024-09-13,4,3,Lasagna Bolognese,36,16.0
2024-09-13,4,4,Bruschetta,40,8.0
2024-09-13,4,5,Tiramisu,52,7.0
2024-09-13,4,6,Caesar Salad,32,10.0
2024-09-13,4,7,Minestrone Soup,39,9.0
2024-09-13,5,1,Margherita Pizza,47,12.0
2024-09-13,5,2,Pasta Alfredo,48,14.0
2024-09-13,5,3,Lasagna Bolognese,40,16.0
2024-09-13,5,4,Bruschetta,45,8.0
2024-09-13,5,5,Tiramisu,49,7.0
2024-09-13,5,6,Caesar Salad,30,10.0
2024-09-13,5,7,Minestrone Soup,42,9.0
2024-09-14,1,1,Margherita Pizza,35,12.0
2024-09-14,1,2,Pasta Alfredo,45,14.0
2024-09-14,1,3,Lasagna Bolognese,34,16.0
2024-09-14,1,4,Bruschetta,33,8.0
2024-09-14,1,5,Tiramisu,43,7.0
2024-09-14,1,6,Caesar Salad,32,10.0
2024-09-14,1,7,Minestrone Soup,38,9.0
2024-09-14,2,1,Margherita Pizza,38,12.0
2024-09-14,2,2,Pasta Alfredo,37,14.0
2024-09-14,2,3,Lasagna Bolognese,30,16.0
2024-09-14,2,4,Bruschetta,34,8.0
2024-09-14,2,5,Tiramisu,43,7.0
2024-09-14,2,6,Caesar Salad,34,10.0
2024-09-14,2,7,Minestrone Soup,38,9.0
2024-09-14,3,1,Margherita Pizza,42,12.0
2024-09-14,3,2,Pasta Alfredo,46,14.0
2024-09-14,3,3,Lasagna Bolognese,28,16.0
2024-09-14,3,4,Bruschetta,31,8.0
2024-09-14,3,5,Tiramisu,46,7.0
2024-09-14,3,6,Caesar Salad,32,10.0
2024-09-14,3,7,Minestrone Soup,36,9.0
2024-09-14,4,1,Margherita Pizza,36,12.0
2024-09-14,4,2,Pasta Alfredo,45,14.0
2024-09-14,4,3,Lasagna Bolognese,33,16.0
2024-09-14,4,4,Bruschetta,43,8.0
2024-09-14,4,5,Tiramisu,48,7.0
2024-09-14,4,6,Caesar Salad,39,10.0
2024-09-14,4,7,Minestrone Soup,38,9.0
2024-09-14,5,1,Margherita Pizza,45,12.0
2024-09-14,5,2,Pasta Alfredo,50,14.0
2024-09-14,5,3,Lasagna Bolognese,38,16.0
2024-09-14,5,4,Bruschetta,41,8.0
2024-09-14,5,5,Tiramisu,53,7.0
2024-09-14,5,6,Caesar Salad,36,10.0
2024-09-14,5,7,Minestrone Soup,41,9.0
2024-09-15,1,1,Margherita Pizza,30,12.0
2024-09-15,1,2,Pasta Alfredo,34,14.0
2024-09-15,1,3,Lasagna Bolognese,26,16.0
2024-09-15,1,4,Bruschetta,26,8.0
2024-09-15,1,5,Tiramisu,35,7.0
2024-09-15,1,6,Caesar Salad,26,10.0
2024-09-15,1,7,Minestrone Soup,30,9.0
2024-09-15,2,1,Margherita Pizza,36,12.0
2024-09-15,2,2,Pasta Alfredo,39,14.0
2024-09-15,2,3,Lasagna Bolognese,26,16.0
2024-09-15,2,4,Bruschetta,32,8.0
2024-09-15,2,5,Tiramisu,38,7.0
2024-09-15,2,6,Caesar Salad,27,10.0
2024-09-15,2,7,Minestrone Soup,26,9.0
2024-09-15,3,1,Margherita Pizza,32,12.0
2024-09-15,3,2,Pasta Alfredo,34,14.0
2024-09-15,3,3,Lasagna Bolognese,31,16.0
2024-09-15,3,4,Bruschetta,33,8.0
2024-09-15,3,5,Tiramisu,38,7.0
2024-09-15,3,6,Caesar Salad,30,10.0
2024-09-15,3,7,Minestrone Soup,34,9.0
2024-09-15,4,1,Margherita Pizza,31,12.0
2024-09-15,4,2,Pasta Alfredo,40,14.0
2024-09-15,4,3,Lasagna Bolognese,28,16.0
2024-09-15,4,4,Bruschetta,29,8.0
2024-09-15,4,5,Tiramisu,38,7.0
2024-09-15,4,6,Caesar Salad,28,10.0
2024-09-15,4,7,Minestrone Soup,34,9.0
2024-09-15,5,1,Margherita Pizza,32,12.0
2024-09-15,5,2,Pasta Alfredo,46,14.0
2024-09-15,5,3,Lasagna Bolognese,30,16.0
2024-09-15,5,4,Bruschetta,36,8.0
2024-09-15,5,5,Tiramisu,43,7.0
2024-09-15,5,6,Caesar Salad,28,10.0
2024-09-15,5,7,Minestrone Soup,38,9.0
2024-09-16,1,1,Margherita Pizza,21,12.0
2024-09-16,1,2,Pasta Alfredo,23,14.0
2024-09-16,1,3,Lasagna Bolognese,20,16.0
2024-09-16,1,4,Bruschetta,27,8.0
2024-09-16,1,5,Tiramisu,28,7.0
2024-09-16,1,6,Caesar Salad,21,10.0
2024-09-16,1,7,Minestrone Soup,21,9.0
2024-09-16,2,1,Margherita Pizza,18,12.0
2024-09-16,2,2,Pasta Alfredo,32,14.0
2024-09-16,2,3,Lasagna Bolognese,26,16.0
2024-09-16,2,4,Bruschetta,28,8.0
2024-09-16,2,5,Tiramisu,26,7.0
2024-09-16,2,6,Caesar Salad,16,10.0
2024-09-16,2,7,Minestrone Soup,20,9.0
2024-09-16,3,1,Margherita Pizza,19,12.0
2024-09-16,3,2,Pasta Alfredo,28,14.0
2024-09-16,3,3,Lasagna Bolognese,25,16.0
2024-09-16,3,4,Bruschetta,24,8.0
2024-09-16,3,5,Tiramisu,29,7.0
2024-09-16,3,6,Caesar Salad,25,10.0
2024-09-16,3,7,Minestrone Soup,23,9.0
2024-09-16,4,1,Margherita Pizza,32,12.0
2024-09-16,4,2,Pasta Alfredo,36,14.0
2024-09-16,4,3,Lasagna Bolognese,21,16.0
2024-09-16,4,4,Bruschetta,24,8.0
2024-09-16,4,5,Tiramisu,32,7.0
2024-09-16,4,6,Caesar Salad,20,10.0
2024-09-16,4,7,Minestrone Soup,22,9.0
2024-09-16,5,1,Margherita Pizza,31,12.0
2024-09-16,5,2,Pasta Alfredo,35,14.0
2024-09-16,5,3,Lasagna Bolognese,23,16.0
2024-09-16,5,4,Bruschetta,23,8.0
2024-09-16,5,5,Tiramisu,28,7.0
2024-09-16,5,6,Caesar Salad,23,10.0
2024-09-16,5,7,Minestrone Soup,25,9.0
2024-09-17,1,1,Margherita Pizza,25,12.0
2024-09-17,1,2,Pasta Alfredo,33,14.0
2024-09-17,1,3,Lasagna Bolognese,24,16.0
2024-09-17,1,4,Bruschetta,30,8.0
2024-09-17,1,5,Tiramisu,27,7.0
2024-09-17,1,6,Caesar Salad,21,10.0
2024-09-17,1,7,Minestrone Soup,28,9.0
2024-09-17,2,1,Margherita Pizza,29,12.0
2024-09-17,2,2,Pasta Alfredo,37,14.0
2024-09-17,2,3,Lasagna Bolognese,24,16.0
2024-09-17,2,4,Bruschetta,33,8.0
2024-09-17,2,5,Tiramisu,34,7.0
2024-09-17,2,6,Caesar Salad,26,10.0
2024-09-17,2,7,Minestrone Soup,26,9.0
2024-09-17,3,1,Margherita Pizza,29,12.0
2024-09-17,3,2,Pasta Alfredo,36,14.0
2024-09-17,3,3,Lasagna Bolognese,29,16.0
2024-09-17,3,4,Bruschetta,31,8.0
2024-09-17,3,5,Tiramisu,33,7.0
2024-09-17,3,6,Caesar Salad,28,10.0
2024-09-17,3,7,Minestrone Soup,22,9.0
2024-09-17,4,1,Margherita Pizza,26,12.0
2024-09-17,4,2,Pasta Alfredo,37,14.0
2024-09-17,4,3,Lasagna Bolognese,25,16.0
2024-09-17,4,4,Bruschetta,32,8.0
2024-09-17,4,5,Tiramisu,35,7.0
2024-09-17,4,6,Caesar Salad,27,10.0
2024-09-17,4,7,Minestrone Soup,28,9.0
2024-09-17,5,1,Margherita Pizza,33,12.0
2024-09-17,5,2,Pasta Alfredo,40,14.0
2024-09-17,5,3,Lasagna Bolognese,30,16.0
2024-09-17,5,4,Bruschetta,38,8.0
2024-09-17,5,5,Tiramisu,37,7.0
2024-09-17,5,6,Caesar Salad,27,10.0
2024-09-17,5,7,Minestrone Soup,27,9.0
2024-09-18,1,1,Margherita Pizza,24,12.0
2024-09-18,1,2,Pasta Alfredo,30,14.0
2024-09-18,1,3,Lasagna Bolognese,25,16.0
2024-09-18,1,4,Bruschetta,24,8.0
2024-09-18,1,5,Tiramisu,33,7.0
2024-09-18,1,6,Caesar Salad,22,10.0
2024-09-18,1,7,Minestrone Soup,26,9.0
2024-09-18,2,1,Margherita Pizza,28,12.0
2024-09-18,2,2,Pasta Alfredo,31,14.0
2024-09-18,2,3,Lasagna Bolognese,22,16.0
2024-09-18,2,4,Bruschetta,22,8.0
2024-09-18,2,5,Tiramisu,31,7.0
2024-09-18,2,6,Caesar Salad,21,10.0
2024-09-18,2,7,Minestrone Soup,26,9.0
2024-09-18,3,1,Margherita Pizza,30,12.0
2024-09-18,3,2,Pasta Alfredo,36,14.0
2024-09-18,3,3,Lasagna Bolognese,25,16.0
2024-09-18,3,4,Bruschetta,32,8.0
2024-09-18,3,5,Tiramisu,35,7.0
2024-09-18,3,6,Caesar Salad,23,10.0
2024-09-18,3,7,Minestrone Soup,27,9.0
2024-09-18,4,1,Margherita Pizza,31,12.0
2024-09-18,4,2,Pasta Alfredo,37,14.0
2024-09-18,4,3,Lasagna Bolognese,29,16.0
2024-09-18,4,4,Bruschetta,34,8.0
2024-09-18,4,5,Tiramisu,34,7.0
2024-09-18,4,6,Caesar Salad,25,10.0
2024-09-18,4,7,Minestrone Soup,32,9.0
2024-09-18,5,1,Margherita Pizza,35,12.0
2024-09-18,5,2,Pasta Alfredo,40,14.0
2024-09-18,5,3,Lasagna Bolognese,26,16.0
2024-09-18,5,4,Bruschetta,28,8.0
2024-09-18,5,5,Tiramisu,34,7.0
2024-09-18,5,6,Caesar Salad,27,10.0
2024-09-18,5,7,Minestrone Soup,33,9.0
2024-09-19,1,1,Margherita Pizza,23,12.0
2024-09-19,1,2,Pasta Alfredo,31,14.0
2024-09-19,1,3,Lasagna Bolognese,24,16.0
2024-09-19,1,4,Bruschetta,23,8.0
2024-09-19,1,5,Tiramisu,34,7.0
2024-09-19,1,6,Caesar Salad,21,10.0
2024-09-19,1,7,Minestrone Soup,30,9.0
2024-09-19,2,1,Margherita Pizza,26,12.0
2024-09-19,2,2,Pasta Alfredo,29,14.0
2024-09-19,2,3,Lasagna Bolognese,21,16.0
2024-09-19,2,4,Bruschetta,27,8.0
2024-09-19,2,5,Tiramisu,31,7.0
2024-09-19,2,6,Caesar Salad,22,10.0
2024-09-19,2,7,Minestrone Soup,28,9.0
2024-09-19,3,1,Margherita Pizza,28,12.0
2024-09-19,3,2,Pasta Alfredo,33,14.0
2024-09-19,3,3,Lasagna Bolognese,19,16.0
2024-09-19,3,4,Bruschetta,30,8.0
2024-09-19,3,5,Tiramisu,33,7.0
2024-09-19,3,6,Caesar Salad,29,10.0
2024-09-19,3,7,Minestrone Soup,26,9.0
2024-09-19,4,1,Margherita Pizza,25,12.0
2024-09-19,4,2,Pasta Alfredo,37,14.0
2024-09-19,4,3,Lasagna Bolognese,26,16.0
2024-09-19,4,4,Bruschetta,27,8.0
2024-09-19,4,5,Tiramisu,31,7.0
2024-09-19,4,6,Caesar Salad,30,10.0
2024-09-19,4,7,Minestrone Soup,34,9.0
2024-09-19,5,1,Margherita Pizza,24,12.0
2024-09-19,5,2,Pasta Alfredo,35,14.0
2024-09-19,5,3,Lasagna Bolognese,31,16.0
2024-09-19,5,4,Bruschetta,30,8.0
2024-09-19,5,5,Tiramisu,35,7.0
2024-09-19,5,6,Caesar Salad,25,10.0
2024-09-19,5,7,Minestrone Soup,28,9.0
2024-09-20,1,1,Margherita Pizza,30,12.0
2024-09-20,1,2,Pasta Alfredo,44,14.0
2024-09-20,1,3,Lasagna Bolognese,24,16.0
2024-09-20,1,4,Bruschetta,36,8.0
2024-09-20,1,5,Tiramisu,44,7.0
2024-09-20,1,6,Caesar Salad,25,10.0
2024-09-20,1,7,Minestrone Soup,32,9.0
2024-09-20,2,1,Margherita Pizza,41,12.0
2024-09-20,2,2,Pasta Alfredo,45,14.0
2024-09-20,2,3,Lasagna Bolognese,29,16.0
2024-09-20,2,4,Bruschetta,41,8.0
2024-09-20,2,5,Tiramisu,47,7.0
2024-09-20,2,6,Caesar Salad,32,10.0
2024-09-20,2,7,Minestrone Soup,34,9.0
2024-09-20,3,1,Margherita Pizza,38,12.0
2024-09-20,3,2,Pasta Alfredo,46,14.0
2024-09-20,3,3,Lasagna Bolognese,32,16.0
2024-09-20,3,4,Bruschetta,42,8.0
2024-09-20,3,5,Tiramisu,41,7.0
2024-09-20,3,6,Caesar Salad,28,10.0
2024-09-20,3,7,Minestrone Soup,39,9.0
2024-09-20,4,1,Margherita Pizza,39,12.0
2024-09-20,4,2,Pasta Alfredo,46,14.0
2024-09-20,4,3,Lasagna Bolognese,29,16.0
2024-09-20,4,4,Bruschetta,41,8.0
2024-09-20,4,5,Tiramisu,47,7.0
2024-09-20,4,6,Caesar Salad,36,10.0
2024-09-20,4,7,Minestrone Soup,41,9.0
2024-09-20,5,1,Margherita Pizza,42,12.0
2024-09-20,5,2,Pasta Alfredo,53,14.0
2024-09-20,5,3,Lasagna Bolognese,32,16.0
2024-09-20,5,4,Bruschetta,44,8.0
2024-09-20,5,5,Tiramisu,45,7.0
2024-09-20,5,6,Caesar Salad,33,10.0
2024-09-20,5,7,Minestrone Soup,39,9.0
2024-09-21,1,1,Margherita Pizza,37,12.0
2024-09-21,1,2,Pasta Alfredo,41,14.0
2024-09-21,1,3,Lasagna Bolognese,29,16.0
2024-09-21,1,4,Bruschetta,32,8.0
2024-09-21,1,5,Tiramisu,40,7.0
2024-09-21,1,6,Caesar Salad,27,10.0
2024-09-21,1,7,Minestrone Soup,36,9.0
2024-09-21,2,1,Margherita Pizza,34,12.0
2024-09-21,2,2,Pasta Alfredo,47,14.0
2024-09-21,2,3,Lasagna Bolognese,26,16.0
2024-09-21,2,4,Bruschetta,35,8.0
2024-09-21,2,5,Tiramisu,48,7.0
2024-09-21,2,6,Caesar Salad,30,10.0
2024-09-21,2,7,Minestrone Soup,33,9.0
2024-09-21,3,1,Margherita Pizza,39,12.0
2024-09-21,3,2,Pasta Alfredo,44,14.0
2024-09-21,3,3,Lasagna Bolognese,30,16.0
2024-09-21,3,4,Bruschetta,36,8.0
2024-09-21,3,5,Tiramisu,54,7.0
2024-09-21,3,6,Caesar Salad,32,10.0
2024-09-21,3,7,Minestrone Soup,33,9.0
2024-09-21,4,1,Margherita Pizza,45,12.0
2024-09-21,4,2,Pasta Alfredo,49,14.0
2024-09-21,4,3,Lasagna Bolognese,32,16.0
2024-09-21,4,4,Bruschetta,38,8.0
2024-09-21,4,5,Tiramisu,49,7.0
2024-09-21,4,6,Caesar Salad,33,10.0
2024-09-21,4,7,Minestrone Soup,35,9.0
2024-09-21,5,1,Margherita Pizza,48,12.0
2024-09-21,5,2,Pasta Alfredo,48,14.0
2024-09-21,5,3,Lasagna Bolognese,40,16.0
2024-09-21,5,4,Bruschetta,46,8.0
2024-09-21,5,5,Tiramisu,47,7.0
2024-09-21,5,6,Caesar Salad,39,10.0
2024-09-21,5,7,Minestrone Soup,41,9.0
2024-09-22,1,1,Margherita Pizza,24,12.0
2024-09-22,1,2,Pasta Alfredo,34,14.0
2024-09-22,1,3,Lasagna Bolognese,26,16.0
2024-09-22,1,4,Bruschetta,29,8.0
2024-09-22,1,5,Tiramisu,34,7.0
2024-09-22,1,6,Caesar Salad,28,10.0
2024-09-22,1,7,Minestrone Soup,30,9.0
2024-09-22,2,1,Margherita Pizza,29,12.0
2024-09-22,2,2,Pasta Alfredo,39,14.0
2024-09-22,2,3,Lasagna Bolognese,27,16.0
2024-09-22,2,4,Bruschetta,24,8.0
2024-09-22,2,5,Tiramisu,38,7.0
2024-09-22,2,6,Caesar Salad,27,10.0
2024-09-22,2,7,Minestrone Soup,32,9.0
2024-09-22,3,1,Margherita Pizza,36,12.0
2024-09-22,3,2,Pasta Alfredo,37,14.0
2024-09-22,3,3,Lasagna Bolognese,29,16.0
2024-09-22,3,4,Bruschetta,28,8.0
2024-09-22,3,5,Tiramisu,40,7.0
2024-09-22,3,6,Caesar Salad,33,10.0
2024-09-22,3,7,Minestrone Soup,30,9.0
2024-09-22,4,1,Margherita Pizza,32,12.0
2024-09-22,4,2,Pasta Alfredo,38,14.0
2024-09-22,4,3,Lasagna Bolognese,29,16.0
2024-09-22,4,4,Bruschetta,31,8.0
2024-09-22,4,5,Tiramisu,42,7.0
2024-09-22,4,6,Caesar Salad,31,10.0
2024-09-22,4,7,Minestrone Soup,36,9.0
2024-09-22,5,1,Margherita Pizza,31,12.0
2024-09-22,5,2,Pasta Alfredo,45,14.0
2024-09-22,5,3,Lasagna Bolognese,33,16.0
2024-09-22,5,4,Bruschetta,39,8.0
2024-09-22,5,5,Tiramisu,43,7.0
2024-09-22,5,6,Caesar Salad,31,10.0
2024-09-22,5,7,Minestrone Soup,39,9.0
2024-09-23,1,1,Margherita Pizza,28,12.0
2024-09-23,1,2,Pasta Alfredo,23,14.0
2024-09-23,1,3,Lasagna Bolognese,22,16.0
2024-09-23,1,4,Bruschetta,22,8.0
2024-09-23,1,5,Tiramisu,25,7.0
2024-09-23,1,6,Caesar Salad,14,10.0
2024-09-23,1,7,Minestrone Soup,21,9.0
2024-09-23,2,1,Margherita Pizza,20,12.0
2024-09-23,2,2,Pasta Alfredo,26,14.0
2024-09-23,2,3,Lasagna Bolognese,16,16.0
2024-09-23,2,4,Bruschetta,22,8.0
2024-09-23,2,5,Tiramisu,26,7.0
2024-09-23,2,6,Caesar Salad,20,10.0
2024-09-23,2,7,Minestrone Soup,18,9.0
2024-09-23,3,1,Margherita Pizza,20,12.0
2024-09-23,3,2,Pasta Alfredo,30,14.0
2024-09-23,3,3,Lasagna Bolognese,18,16.0
2024-09-23,3,4,Bruschetta,28,8.0
2024-09-23,3,5,Tiramisu,29,7.0
2024-09-23,3,6,Caesar Salad,22,10.0
2024-09-23,3,7,Minestrone Soup,29,9.0
2024-09-23,4,1,Margherita Pizza,25,12.0
2024-09-23,4,2,Pasta Alfredo,28,14.0
2024-09-23,4,3,Lasagna Bolognese,24,16.0
2024-09-23,4,4,Bruschetta,27,8.0
2024-09-23,4,5,Tiramisu,29,7.0
2024-09-23,4,6,Caesar Salad,26,10.0
2024-09-23,4,7,Minestrone Soup,25,9.0
2024-09-23,5,1,Margherita Pizza,27,12.0
2024-09-23,5,2,Pasta Alfredo,31,14.0
2024-09-23,5,3,Lasagna Bolognese,20,16.0
2024-09-23,5,4,Bruschetta,27,8.0
2024-09-23,5,5,Tiramisu,35,7.0
2024-09-23,5,6,Caesar Salad,24,10.0
2024-09-23,5,7,Minestrone Soup,27,9.0
2024-09-24,1,1,Margherita Pizza,26,12.0
2024-09-24,1,2,Pasta Alfredo,31,14.0
2024-09-24,1,3,Lasagna Bolognese,24,16.0
2024-09-24,1,4,Bruschetta,28,8.0
2024-09-24,1,5,Tiramisu,29,7.0
2024-09-24,1,6,Caesar Salad,23,10.0
2024-09-24,1,7,Minestrone Soup,27,9.0
2024-09-24,2,1,Margherita Pizza,24,12.0
2024-09-24,2,2,Pasta Alfredo,32,14.0
2024-09-24,2,3,Lasagna Bolognese,16,16.0
2024-09-24,2,4,Bruschetta,29,8.0
2024-09-24,2,5,Tiramisu,34,7.0
2024-09-24,2,6,Caesar Salad,25,10.0
2024-09-24,2,7,Minestrone Soup,26,9.0
2024-09-24,3,1,Margherita Pizza,30,12.0
2024-09-24,3,2,Pasta Alfredo,38,14.0
2024-09-24,3,3,Lasagna Bolognese,28,16.0
2024-09-24,3,4,Bruschetta,29,8.0
2024-09-24,3,5,Tiramisu,34,7.0
2024-09-24,3,6,Caesar Salad,27,10.0
2024-09-24,3,7,Minestrone Soup,24,9.0
2024-09-24,4,1,Margherita Pizza,29,12.0
2024-09-24,4,2,Pasta Alfredo,39,14.0
2024-09-24,4,3,Lasagna Bolognese,28,16.0
2024-09-24,4,4,Bruschetta,31,8.0
2024-09-24,4,5,Tiramisu,31,7.0
2024-09-24,4,6,Caesar Salad,25,10.0
2024-09-24,4,7,Minestrone Soup,28,9.0
2024-09-24,5,1,Margherita Pizza,33,12.0
2024-09-24,5,2,Pasta Alfredo,34,14.0
2024-09-24,5,3,Lasagna Bolognese,23,16.0
2024-09-24,5,4,Bruschetta,25,8.0
2024-09-24,5,5,Tiramisu,40,7.0
2024-09-24,5,6,Caesar Salad,25,10.0
2024-09-24,5,7,Minestrone Soup,32,9.0
2024-09-25,1,1,Margherita Pizza,26,12.0
2024-09-25,1,2,Pasta Alfredo,27,14.0
2024-09-25,1,3,Lasagna Bolognese,18,16.0
2024-09-25,1,4,Bruschetta,23,8.0
2024-09-25,1,5,Tiramisu,28,7.0
2024-09-25,1,6,Caesar Salad,23,10.0
2024-09-25,1,7,Minestrone Soup,24,9.0
2024-09-25,2,1,Margherita Pizza,33,12.0
2024-09-25,2,2,Pasta Alfredo,35,14.0
2024-09-25,2,3,Lasagna Bolognese,25,16.0
2024-09-25,2,4,Bruschetta,27,8.0
2024-09-25,2,5,Tiramisu,37,7.0
2024-09-25,2,6,Caesar Salad,22,10.0
2024-09-25,2,7,Minestrone Soup,27,9.0
2024-09-25,3,1,Margherita Pizza,29,12.0
2024-09-25,3,2,Pasta Alfredo,36,14.0
2024-09-25,3,3,Lasagna Bolognese,26,16.0
2024-09-25,3,4,Bruschetta,27,8.0
2024-09-25,3,5,Tiramisu,32,7.0
2024-09-25,3,6,Caesar Salad,26,10.0
2024-09-25,3,7,Minestrone Soup,31,9.0
2024-09-25,4,1,Margherita Pizza,29,12.0
2024-09-25,4,2,Pasta Alfredo,30,14.0
2024-09-25,4,3,Lasagna Bolognese,24,16.0
2024-09-25,4,4,Bruschetta,32,8.0
2024-09-25,4,5,Tiramisu,41,7.0
2024-09-25,4,6,Caesar Salad,22,10.0
2024-09-25,4,7,Minestrone Soup,29,9.0
2024-09-25,5,1,Margherita Pizza,30,12.0
2024-09-25,5,2,Pasta Alfredo,41,14.0
2024-09-25,5,3,Lasagna Bolognese,26,16.0
2024-09-25,5,4,Bruschetta,29,8.0
2024-09-25,5,5,Tiramisu,38,7.0
2024-09-25,5,6,Caesar Salad,25,10.0
2024-09-25,5,7,Minestrone Soup,28,9.0
2024-09-26,1,1,Margherita Pizza,23,12.0
2024-09-26,1,2,Pasta Alfredo,36,14.0
2024-09-26,1,3,Lasagna Bolognese,23,16.0
2024-09-26,1,4,Bruschetta,26,8.0
2024-09-26,1,5,Tiramisu,30,7.0
2024-09-26,1,6,Caesar Salad,23,10.0
2024-09-26,1,7,Minestrone Soup,27,9.0
2024-09-26,2,1,Margherita Pizza,28,12.0
2024-09-26,2,2,Pasta Alfredo,32,14.0
2024-09-26,2,3,Lasagna Bolognese,25,16.0
2024-09-26,2,4,Bruschetta,27,8.0
2024-09-26,2,5,Tiramisu,29,7.0
2024-09-26,2,6,Caesar Salad,21,10.0
2024-09-26,2,7,Minestrone Soup,21,9.0
2024-09-26,3,1,Margherita Pizza,35,12.0
2024-09-26,3,2,Pasta Alfredo,36,14.0
2024-09-26,3,3,Lasagna Bolognese,21,16.0
2024-09-26,3,4,Bruschetta,28,8.0
2024-09-26,3,5,Tiramisu,32,7.0
2024-09-26,3,6,Caesar Salad,29,10.0
2024-09-26,3,7,Minestrone Soup,25,9.0
2024-09-26,4,1,Margherita Pizza,30,12.0
2024-09-26,4,2,Pasta Alfredo,35,14.0
2024-09-26,4,3,Lasagna Bolognese,28,16.0
2024-09-26,4,4,Bruschetta,30,8.0
2024-09-26,4,5,Tiramisu,30,7.0
2024-09-26,4,6,Caesar Salad,24,10.0
2024-09-26,4,7,Minestrone Soup,27,9.0
2024-09-26,5,1,Margherita Pizza,32,12.0
2024-09-26,5,2,Pasta Alfredo,41,14.0
2024-09-26,5,3,Lasagna Bolognese,21,16.0
2024-09-26,5,4,Bruschetta,29,8.0
2024-09-26,5,5,Tiramisu,35,7.0
2024-09-26,5,6,Caesar Salad,25,10.0
2024-09-26,5,7,Minestrone Soup,34,9.0
2024-09-27,1,1,Margherita Pizza,35,12.0
2024-09-27,1,2,Pasta Alfredo,42,14.0
2024-09-27,1,3,Lasagna Bolognese,27,16.0
2024-09-27,1,4,Bruschetta,36,8.0
2024-09-27,1,5,Tiramisu,43,7.0
2024-09-27,1,6,Caesar Salad,27,10.0
2024-09-27,1,7,Minestrone Soup,37,9.0
2024-09-27,2,1,Margherita Pizza,37,12.0
2024-09-27,2,2,Pasta Alfredo,46,14.0
2024-09-27,2,3,Lasagna Bolognese,30,16.0
2024-09-27,2,4,Bruschetta,38,8.0
2024-09-27,2,5,Tiramisu,43,7.0
2024-09-27,2,6,Caesar Salad,31,10.0
2024-09-27,2,7,Minestrone Soup,38,9.0
2024-09-27,3,1,Margherita Pizza,40,12.0
2024-09-27,3,2,Pasta Alfredo,42,14.0
2024-09-27,3,3,Lasagna Bolognese,37,16.0
2024-09-27,3,4,Bruschetta,33,8.0
2024-09-27,3,5,Tiramisu,43,7.0
2024-09-27,3,6,Caesar Salad,32,10.0
2024-09-27,3,7,Minestrone Soup,40,9.0
2024-09-27,4,1,Margherita Pizza,45,12.0
2024-09-27,4,2,Pasta Alfredo,42,14.0
2024-09-27,4,3,Lasagna Bolognese,32,16.0
2024-09-27,4,4,Bruschetta,34,8.0
2024-09-27,4,5,Tiramisu,48,7.0
2024-09-27,4,6,Caesar Salad,35,10.0
2024-09-27,4,7,Minestrone Soup,45,9.0
2024-09-27,5,1,Margherita Pizza,43,12.0
2024-09-27,5,2,Pasta Alfredo,53,14.0
2024-09-27,5,3,Lasagna Bolognese,37,16.0
2024-09-27,5,4,Bruschetta,41,8.0
2024-09-27,5,5,Tiramisu,45,7.0
2024-09-27,5,6,Caesar Salad,36,10.0
2024-09-27,5,7,Minestrone Soup,38,9.0
2024-09-28,1,1,Margherita Pizza,39,12.0
2024-09-28,1,2,Pasta Alfredo,41,14.0
2024-09-28,1,3,Lasagna Bolognese,33,16.0
2024-09-28,1,4,Bruschetta,34,8.0
2024-09-28,1,5,Tiramisu,42,7.0
2024-09-28,1,6,Caesar Salad,30,10.0
2024-09-28,1,7,Minestrone Soup,35,9.0
2024-09-28,2,1,Margherita Pizza,36,12.0
2024-09-28,2,2,Pasta Alfredo,44,14.0
2024-09-28,2,3,Lasagna Bolognese,28,16.0
2024-09-28,2,4,Bruschetta,33,8.0
2024-09-28,2,5,Tiramisu,47,7.0
2024-09-28,2,6,Caesar Salad,33,10.0
2024-09-28,2,7,Minestrone Soup,37,9.0
2024-09-28,3,1,Margherita Pizza,44,12.0
2024-09-28,3,2,Pasta Alfredo,45,14.0
2024-09-28,3,3,Lasagna Bolognese,36,16.0
2024-09-28,3,4,Bruschetta,39,8.0
2024-09-28,3,5,Tiramisu,42,7.0
2024-09-28,3,6,Caesar Salad,38,10.0
2024-09-28,3,7,Minestrone Soup,42,9.0
2024-09-28,4,1,Margherita Pizza,40,12.0
2024-09-28,4,2,Pasta Alfredo,50,14.0
2024-09-28,4,3,Lasagna Bolognese,33,16.0
2024-09-28,4,4,Bruschetta,43,8.0
2024-09-28,4,5,Tiramisu,40,7.0
2024-09-28,4,6,Caesar Salad,31,10.0
2024-09-28,4,7,Minestrone Soup,44,9.0
2024-09-28,5,1,Margherita Pizza,42,12.0
2024-09-28,5,2,Pasta Alfredo,50,14.0
2024-09-28,5,3,Lasagna Bolognese,31,16.0
2024-09-28,5,4,Bruschetta,48,8.0
2024-09-28,5,5,Tiramisu,53,7.0
2024-09-28,5,6,Caesar Salad,35,10.0
2024-09-28,5,7,Minestrone Soup,41,9.0
2024-09-29,1,1,Margherita Pizza,33,12.0
2024-09-29,1,2,Pasta Alfredo,41,14.0
2024-09-29,1,3,Lasagna Bolognese,28,16.0
2024-09-29,1,4,Bruschetta,36,8.0
2024-09-29,1,5,Tiramisu,32,7.0
2024-09-29,1,6,Caesar Salad,22,10.0
2024-09-29,1,7,Minestrone Soup,26,9.0
2024-09-29,2,1,Margherita Pizza,33,12.0
2024-09-29,2,2,Pasta Alfredo,37,14.0
2024-09-29,2,3,Lasagna Bolognese,26,16.0
2024-09-29,2,4,Bruschetta,34,8.0
2024-09-29,2,5,Tiramisu,40,7.0
2024-09-29,2,6,Caesar Salad,22,10.0
2024-09-29,2,7,Minestrone Soup,30,9.0
2024-09-29,3,1,Margherita Pizza,36,12.0
2024-09-29,3,2,Pasta Alfredo,37,14.0
2024-09-29,3,3,Lasagna Bolognese,25,16.0
2024-09-29,3,4,Bruschetta,36,8.0
2024-09-29,3,5,Tiramisu,35,7.0
2024-09-29,3,6,Caesar Salad,27,10.0
2024-09-29,3,7,Minestrone Soup,34,9.0
2024-09-29,4,1,Margherita Pizza,33,12.0
2024-09-29,4,2,Pasta Alfredo,43,14.0
2024-09-29,4,3,Lasagna Bolognese,27,16.0
2024-09-29,4,4,Bruschetta,39,8.0
2024-09-29,4,5,Tiramisu,40,7.0
2024-09-29,4,6,Caesar Salad,31,10.0
2024-09-29,4,7,Minestrone Soup,37,9.0
2024-09-29,5,1,Margherita Pizza,34,12.0
2024-09-29,5,2,Pasta Alfredo,36,14.0
2024-09-29,5,3,Lasagna Bolognese,31,16.0
2024-09-29,5,4,Bruschetta,36,8.0
2024-09-29,5,5,Tiramisu,44,7.0
2024-09-29,5,6,Caesar Salad,30,10.0
2024-09-29,5,7,Minestrone Soup,35,9.0
2024-09-30,1,1,Margherita Pizza,28,12.0
2024-09-30,1,2,Pasta Alfredo,21,14.0
2024-09-30,1,3,Lasagna Bolognese,21,16.0
2024-09-30,1,4,Bruschetta,20,8.0
2024-09-30,1,5,Tiramisu,25,7.0
2024-09-30,1,6,Caesar Salad,17,10.0
2024-09-30,1,7,Minestrone Soup,20,9.0
2024-09-30,2,1,Margherita Pizza,25,12.0
2024-09-30,2,2,Pasta Alfredo,31,14.0
2024-09-30,2,3,Lasagna Bolognese,21,16.0
2024-09-30,2,4,Bruschetta,24,8.0
2024-09-30,2,5,Tiramisu,24,7.0
2024-09-30,2,6,Caesar Salad,21,10.0
2024-09-30,2,7,Minestrone Soup,30,9.0
2024-09-30,3,1,Margherita Pizza,23,12.0
2024-09-30,3,2,Pasta Alfredo,27,14.0
2024-09-30,3,3,Lasagna Bolognese,19,16.0
2024-09-30,3,4,Bruschetta,23,8.0
2024-09-30,3,5,Tiramisu,20,7.0
2024-09-30,3,6,Caesar Salad,22,10.0
2024-09-30,3,7,Minestrone Soup,22,9.0
2024-09-30,4,1,Margherita Pizza,21,12.0
2024-09-30,4,2,Pasta Alfredo,32,14.0
2024-09-30,4,3,Lasagna Bolognese,18,16.0
2024-09-30,4,4,Bruschetta,25,8.0
2024-09-30,4,5,Tiramisu,34,7.0
2024-09-30,4,6,Caesar Salad,17,10.0
2024-09-30,4,7,Minestrone Soup,21,9.0
2024-09-30,5,1,Margherita Pizza,28,12.0
2024-09-30,5,2,Pasta Alfredo,35,14.0
2024-09-30,5,3,Lasagna Bolognese,18,16.0
2024-09-30,5,4,Bruschetta,28,8.0
2024-09-30,5,5,Tiramisu,33,7.0
2024-09-30,5,6,Caesar Salad,16,10.0
2024-09-30,5,7,Minestrone Soup,29,9.0
2024-10-01,1,1,Margherita Pizza,28,12.0
2024-10-01,1,2,Pasta Alfredo,29,14.0
2024-10-01,1,3,Lasagna Bolognese,25,16.0
2024-10-01,1,4,Bruschetta,29,8.0
2024-10-01,1,5,Tiramisu,30,7.0
2024-10-01,1,6,Caesar Salad,20,10.0
2024-10-01,1,7,Minestrone Soup,23,9.0
2024-10-01,2,1,Margherita Pizza,27,12.0
2024-10-01,2,2,Pasta Alfredo,33,14.0
2024-10-01,2,3,Lasagna Bolognese,22,16.0
2024-10-01,2,4,Bruschetta,20,8.0
2024-10-01,2,5,Tiramisu,35,7.0
2024-10-01,2,6,Caesar Salad,23,10.0
2024-10-01,2,7,Minestrone Soup,26,9.0
2024-10-01,3,1,Margherita Pizza,31,12.0
2024-10-01,3,2,Pasta Alfredo,38,14.0
2024-10-01,3,3,Lasagna Bolognese,15,16.0
2024-10-01,3,4,Bruschetta,30,8.0
2024-10-01,3,5,Tiramisu,29,7.0
2024-10-01,3,6,Caesar Salad,25,10.0
2024-10-01,3,7,Minestrone Soup,29,9.0
2024-10-01,4,1,Margherita Pizza,32,12.0
2024-10-01,4,2,Pasta Alfredo,33,14.0
2024-10-01,4,3,Lasagna Bolognese,19,16.0
2024-10-01,4,4,Bruschetta,28,8.0
2024-10-01,4,5,Tiramisu,36,7.0
2024-10-01,4,6,Caesar Salad,28,10.0
2024-10-01,4,7,Minestrone Soup,26,9.0
2024-10-01,5,1,Margherita Pizza,34,12.0
2024-10-01,5,2,Pasta Alfredo,34,14.0
2024-10-01,5,3,Lasagna Bolognese,27,16.0
2024-10-01,5,4,Bruschetta,30,8.0
2024-10-01,5,5,Tiramisu,37,7.0
2024-10-01,5,6,Caesar Salad,29,10.0
2024-10-01,5,7,Minestrone Soup,27,9.0
2024-10-02,1,1,Margherita Pizza,24,12.0
2024-10-02,1,2,Pasta Alfredo,30,14.0
2024-10-02,1,3,Lasagna Bolognese,29,16.0
2024-10-02,1,4,Bruschetta,23,8.0
2024-10-02,1,5,Tiramisu,36,7.0
2024-10-02,1,6,Caesar Salad,27,10.0
2024-10-02,1,7,Minestrone Soup,25,9.0
2024-10-02,2,1,Margherita Pizza,26,12.0
2024-10-02,2,2,Pasta Alfredo,29,14.0
2024-10-02,2,3,Lasagna Bolognese,22,16.0
2024-10-02,2,4,Bruschetta,23,8.0
2024-10-02,2,5,Tiramisu,31,7.0
2024-10-02,2,6,Caesar Salad,27,10.0
2024-10-02,2,7,Minestrone Soup,25,9.0
2024-10-02,3,1,Margherita Pizza,28,12.0
2024-10-02,3,2,Pasta Alfredo,28,14.0
2024-10-02,3,3,Lasagna Bolognese,25,16.0
2024-10-02,3,4,Bruschetta,29,8.0
2024-10-02,3,5,Tiramisu,33,7.0
2024-10-02,3,6,Caesar Salad,23,10.0
2024-10-02,3,7,Minestrone Soup,27,9.0
2024-10-02,4,1,Margherita Pizza,31,12.0
2024-10-02,4,2,Pasta Alfredo,35,14.0
2024-10-02,4,3,Lasagna Bolognese,26,16.0
2024-10-02,4,4,Bruschetta,30,8.0
2024-10-02,4,5,Tiramisu,38,7.0
2024-10-02,4,6,Caesar Salad,27,10.0
2024-10-02,4,7,Minestrone Soup,30,9.0
2024-10-02,5,1,Margherita Pizza,36,12.0
2024-10-02,5,2,Pasta Alfredo,37,14.0
2024-10-02,5,3,Lasagna Bolognese,30,16.0
2024-10-02,5,4,Bruschetta,33,8.0
2024-10-02,5,5,Tiramisu,31,7.0
2024-10-02,5,6,Caesar Salad,30,10.0
2024-10-02,5,7,Minestrone Soup,31,9.0
2024-10-03,1,1,Margherita Pizza,25,12.0
2024-10-03,1,2,Pasta Alfredo,31,14.0
2024-10-03,1,3,Lasagna Bolognese,20,16.0
2024-10-03,1,4,Bruschetta,26,8.0
2024-10-03,1,5,Tiramisu,28,7.0
2024-10-03,1,6,Caesar Salad,25,10.0
2024-10-03,1,7,Minestrone Soup,25,9.0
2024-10-03,2,1,Margherita Pizza,26,12.0
2024-10-03,2,2,Pasta Alfredo,29,14.0
2024-10-03,2,3,Lasagna Bolognese,23,16.0
2024-10-03,2,4,Bruschetta,28,8.0
2024-10-03,2,5,Tiramisu,33,7.0
2024-10-03,2,6,Caesar Salad,19,10.0
2024-10-03,2,7,Minestrone Soup,22,9.0
2024-10-03,3,1,Margherita Pizza,30,12.0
2024-10-03,3,2,Pasta Alfredo,38,14.0
2024-10-03,3,3,Lasagna Bolognese,21,16.0
2024-10-03,3,4,Bruschetta,33,8.0
2024-10-03,3,5,Tiramisu,34,7.0
2024-10-03,3,6,Caesar Salad,24,10.0
2024-10-03,3,7,Minestrone Soup,27,9.0
2024-10-03,4,1,Margherita Pizza,26,12.0
2024-10-03,4,2,Pasta Alfredo,38,14.0
2024-10-03,4,3,Lasagna Bolognese,22,16.0
2024-10-03,4,4,Bruschetta,27,8.0
2024-10-03,4,5,Tiramisu,38,7.0
2024-10-03,4,6,Caesar Salad,19,10.0
2024-10-03,4,7,Minestrone Soup,25,9.0
2024-10-03,5,1,Margherita Pizza,31,12.0
2024-10-03,5,2,Pasta Alfredo,37,14.0
2024-10-03,5,3,Lasagna Bolognese,27,16.0
2024-10-03,5,4,Bruschetta,30,8.0
2024-10-03,5,5,Tiramisu,44,7.0
2024-10-03,5,6,Caesar Salad,25,10.0
2024-10-03,5,7,Minestrone Soup,30,9.0
2024-10-04,1,1,Margherita Pizza,32,12.0
2024-10-04,1,2,Pasta Alfredo,41,14.0
2024-10-04,1,3,Lasagna Bolognese,31,16.0
2024-10-04,1,4,Bruschetta,38,8.0
2024-10-04,1,5,Tiramisu,36,7.0
2024-10-04,1,6,Caesar Salad,28,10.0
2024-10-04,1,7,Minestrone Soup,36,9.0
2024-10-04,2,1,Margherita Pizza,38,12.0
2024-10-04,2,2,Pasta Alfredo,43,14.0
2024-10-04,2,3,Lasagna Bolognese,32,16.0
2024-10-04,2,4,Bruschetta,34,8.0
2024-10-04,2,5,Tiramisu,47,7.0
2024-10-04,2,6,Caesar Salad,33,10.0
2024-10-04,2,7,Minestrone Soup,32,9.0
2024-10-04,3,1,Margherita Pizza,35,12.0
2024-10-04,3,2,Pasta Alfredo,42,14.0
2024-10-04,3,3,Lasagna Bolognese,34,16.0
2024-10-04,3,4,Bruschetta,34,8.0
2024-10-04,3,5,Tiramisu,44,7.0
2024-10-04,3,6,Caesar Salad,33,10.0
2024-10-04,3,7,Minestrone Soup,38,9.0
2024-10-04,4,1,Margherita Pizza,41,12.0
2024-10-04,4,2,Pasta Alfredo,44,14.0
2024-10-04,4,3,Lasagna Bolognese,35,16.0
2024-10-04,4,4,Bruschetta,38,8.0
2024-10-04,4,5,Tiramisu,46,7.0
2024-10-04,4,6,Caesar Salad,34,10.0
2024-10-04,4,7,Minestrone Soup,40,9.0
2024-10-04,5,1,Margherita Pizza,42,12.0
2024-10-04,5,2,Pasta Alfredo,47,14.0
2024-10-04,5,3,Lasagna Bolognese,34,16.0
2024-10-04,5,4,Bruschetta,42,8.0
2024-10-04,5,5,Tiramisu,45,7.0
2024-10-04,5,6,Caesar Salad,34,10.0
2024-10-04,5,7,Minestrone Soup,43,9.0
2024-10-05,1,1,Margherita Pizza,31,12.0
2024-10-05,1,2,Pasta Alfredo,44,14.0
2024-10-05,1,3,Lasagna Bolognese,33,16.0
2024-10-05,1,4,Bruschetta,31,8.0
2024-10-05,1,5,Tiramisu,44,7.0
2024-10-05,1,6,Caesar Salad,28,10.0
2024-10-05,1,7,Minestrone Soup,36,9.0
2024-10-05,2,1,Margherita Pizza,35,12.0
2024-10-05,2,2,Pasta Alfredo,45,14.0
2024-10-05,2,3,Lasagna Bolognese,32,16.0
2024-10-05,2,4,Bruschetta,34,8.0
2024-10-05,2,5,Tiramisu,39,7.0
2024-10-05,2,6,Caesar Salad,26,10.0
2024-10-05,2,7,Minestrone Soup,37,9.0
2024-10-05,3,1,Margherita Pizza,40,12.0
2024-10-05,3,2,Pasta Alfredo,47,14.0
2024-10-05,3,3,Lasagna Bolognese,32,16.0
2024-10-05,3,4,Bruschetta,35,8.0
2024-10-05,3,5,Tiramisu,43,7.0
2024-10-05,3,6,Caesar Salad,35,10.0
2024-10-05,3,7,Minestrone Soup,37,9.0
2024-10-05,4,1,Margherita Pizza,41,12.0
2024-10-05,4,2,Pasta Alfredo,44,14.0
2024-10-05,4,3,Lasagna Bolognese,34,16.0
2024-10-05,4,4,Bruschetta,39,8.0
2024-10-05,4,5,Tiramisu,50,7.0
2024-10-05,4,6,Caesar Salad,36,10.0
2024-10-05,4,7,Minestrone Soup,39,9.0
2024-10-05,5,1,Margherita Pizza,42,12.0
2024-10-05,5,2,Pasta Alfredo,47,14.0
2024-10-05,5,3,Lasagna Bolognese,31,16.0
2024-10-05,5,4,Bruschetta,39,8.0
2024-10-05,5,5,Tiramisu,49,7.0
2024-10-05,5,6,Caesar Salad,36,10.0
2024-10-05,5,7,Minestrone Soup,42,9.0
2024-10-06,1,1,Margherita Pizza,29,12.0
2024-10-06,1,2,Pasta Alfredo,37,14.0
2024-10-06,1,3,Lasagna Bolognese,25,16.0
2024-10-06,1,4,Bruschetta,32,8.0
2024-10-06,1,5,Tiramisu,29,7.0
2024-10-06,1,6,Caesar Salad,13,10.0
2024-10-06,1,7,Minestrone Soup,30,9.0
2024-10-06,2,1,Margherita Pizza,27,12.0
2024-10-06,2,2,Pasta Alfredo,36,14.0
2024-10-06,2,3,Lasagna Bolognese,25,16.0
2024-10-06,2,4,Bruschetta,36,8.0
2024-10-06,2,5,Tiramisu,37,7.0
2024-10-06,2,6,Caesar Salad,26,10.0
2024-10-06,2,7,Minestrone Soup,34,9.0
2024-10-06,3,1,Margherita Pizza,34,12.0
2024-10-06,3,2,Pasta Alfredo,37,14.0
2024-10-06,3,3,Lasagna Bolognese,30,16.0
2024-10-06,3,4,Bruschetta,29,8.0
2024-10-06,3,5,Tiramisu,39,7.0
2024-10-06,3,6,Caesar Salad,23,10.0
2024-10-06,3,7,Minestrone Soup,33,9.0
2024-10-06,4,1,Margherita Pizza,35,12.0
2024-10-06,4,2,Pasta Alfredo,45,14.0
2024-10-06,4,3,Lasagna Bolognese,24,16.0
2024-10-06,4,4,Bruschetta,32,8.0
2024-10-06,4,5,Tiramisu,42,7.0
2024-10-06,4,6,Caesar Salad,29,10.0
2024-10-06,4,7,Minestrone Soup,35,9.0
2024-10-06,5,1,Margherita Pizza,33,12.0
2024-10-06,5,2,Pasta Alfredo,40,14.0
2024-10-06,5,3,Lasagna Bolognese,33,16.0
2024-10-06,5,4,Bruschetta,36,8.0
2024-10-06,5,5,Tiramisu,43,7.0
2024-10-06,5,6,Caesar Salad,29,10.0
2024-10-06,5,7,Minestrone Soup,32,9.0
2024-10-07,1,1,Margherita Pizza,25,12.0
2024-10-07,1,2,Pasta Alfredo,27,14.0
2024-10-07,1,3,Lasagna Bolognese,25,16.0
2024-10-07,1,4,Bruschetta,19,8.0
2024-10-07,1,5,Tiramisu,28,7.0
2024-10-07,1,6,Caesar Salad,14,10.0
2024-10-07,1,7,Minestrone Soup,22,9.0
2024-10-07,2,1,Margherita Pizza,26,12.0
2024-10-07,2,2,Pasta Alfredo,21,14.0
2024-10-07,2,3,Lasagna Bolognese,19,16.0
2024-10-07,2,4,Bruschetta,21,8.0
2024-10-07,2,5,Tiramisu,25,7.0
2024-10-07,2,6,Caesar Salad,20,10.0
2024-10-07,2,7,Minestrone Soup,26,9.0
2024-10-07,3,1,Margherita Pizza,24,12.0
2024-10-07,3,2,Pasta Alfredo,29,14.0
2024-10-07,3,3,Lasagna Bolognese,20,16.0
2024-10-07,3,4,Bruschetta,24,8.0
2024-10-07,3,5,Tiramisu,25,7.0
2024-10-07,3,6,Caesar Salad,23,10.0
2024-10-07,3,7,Minestrone Soup,25,9.0
2024-10-07,4,1,Margherita Pizza,26,12.0
2024-10-07,4,2,Pasta Alfredo,27,14.0
2024-10-07,4,3,Lasagna Bolognese,20,16.0
2024-10-07,4,4,Bruschetta,25,8.0
2024-10-07,4,5,Tiramisu,25,7.0
2024-10-07,4,6,Caesar Salad,16,10.0
2024-10-07,4,7,Minestrone Soup,23,9.0
2024-10-07,5,1,Margherita Pizza,28,12.0
2024-10-07,5,2,Pasta Alfredo,29,14.0
2024-10-07,5,3,Lasagna Bolognese,19,16.0
2024-10-07,5,4,Bruschetta,24,8.0
2024-10-07,5,5,Tiramisu,29,7.0
2024-10-07,5,6,Caesar Salad,21,10.0
2024-10-07,5,7,Minestrone Soup,33,9.0
2024-10-08,1,1,Margherita Pizza,29,12.0
2024-10-08,1,2,Pasta Alfredo,33,14.0
2024-10-08,1,3,Lasagna Bolognese,25,16.0
2024-10-08,1,4,Bruschetta,23,8.0
2024-10-08,1,5,Tiramisu,26,7.0
2024-10-08,1,6,Caesar Salad,18,10.0
2024-10-08,1,7,Minestrone Soup,30,9.0
2024-10-08,2,1,Margherita Pizza,25,12.0
2024-10-08,2,2,Pasta Alfredo,28,14.0
2024-10-08,2,3,Lasagna Bolognese,21,16.0
2024-10-08,2,4,Bruschetta,26,8.0
2024-10-08,2,5,Tiramisu,32,7.0
2024-10-08,2,6,Caesar Salad,23,10.0
2024-10-08,2,7,Minestrone Soup,25,9.0
2024-10-08,3,1,Margherita Pizza,30,12.0
2024-10-08,3,2,Pasta Alfredo,31,14.0
2024-10-08,3,3,Lasagna Bolognese,23,16.0
2024-10-08,3,4,Bruschetta,30,8.0
2024-10-08,3,5,Tiramisu,31,7.0
2024-10-08,3,6,Caesar Salad,22,10.0
2024-10-08,3,7,Minestrone Soup,30,9.0
2024-10-08,4,1,Margherita Pizza,27,12.0
2024-10-08,4,2,Pasta Alfredo,33,14.0
2024-10-08,4,3,Lasagna Bolognese,26,16.0
2024-10-08,4,4,Bruschetta,36,8.0
2024-10-08,4,5,Tiramisu,36,7.0
2024-10-08,4,6,Caesar Salad,26,10.0
2024-10-08,4,7,Minestrone Soup,31,9.0
2024-10-08,5,1,Margherita Pizza,28,12.0
2024-10-08,5,2,Pasta Alfredo,37,14.0
2024-10-08,5,3,Lasagna Bolognese,26,16.0
2024-10-08,5,4,Bruschetta,32,8.0
2024-10-08,5,5,Tiramisu,37,7.0
2024-10-08,5,6,Caesar Salad,27,10.0
2024-10-08,5,7,Minestrone Soup,30,9.0
2024-10-09,1,1,Margherita Pizza,26,12.0
2024-10-09,1,2,Pasta Alfredo,26,14.0
2024-10-09,1,3,Lasagna Bolognese,20,16.0
2024-10-09,1,4,Bruschetta,30,8.0
2024-10-09,1,5,Tiramisu,31,7.0
2024-10-09,1,6,Caesar Salad,21,10.0
2024-10-09,1,7,Minestrone Soup,31,9.0
2024-10-09,2,1,Margherita Pizza,23,12.0
2024-10-09,2,2,Pasta Alfredo,28,14.0
2024-10-09,2,3,Lasagna Bolognese,28,16.0
2024-10-09,2,4,Bruschetta,27,8.0
2024-10-09,2,5,Tiramisu,31,7.0
2024-10-09,2,6,Caesar Salad,19,10.0
2024-10-09,2,7,Minestrone Soup,28,9.0
2024-10-09,3,1,Margherita Pizza,30,12.0
2024-10-09,3,2,Pasta Alfredo,30,14.0
2024-10-09,3,3,Lasagna Bolognese,23,16.0
2024-10-09,3,4,Bruschetta,27,8.0
2024-10-09,3,5,Tiramisu,34,7.0
2024-10-09,3,6,Caesar Salad,20,10.0
2024-10-09,3,7,Minestrone Soup,32,9.0
2024-10-09,4,1,Margherita Pizza,32,12.0
2024-10-09,4,2,Pasta Alfredo,34,14.0
2024-10-09,4,3,Lasagna Bolognese,24,16.0
2024-10-09,4,4,Bruschetta,29,8.0
2024-10-09,4,5,Tiramisu,32,7.0
2024-10-09,4,6,Caesar Salad,23,10.0
2024-10-09,4,7,Minestrone Soup,29,9.0
2024-10-09,5,1,Margherita Pizza,36,12.0
2024-10-09,5,2,Pasta Alfredo,39,14.0
2024-10-09,5,3,Lasagna Bolognese,29,16.0
2024-10-09,5,4,Bruschetta,32,8.0
2024-10-09,5,5,Tiramisu,33,7.0
2024-10-09,5,6,Caesar Salad,26,10.0
2024-10-09,5,7,Minestrone Soup,34,9.0
2024-10-10,1,1,Margherita Pizza,22,12.0
2024-10-10,1,2,Pasta Alfredo,32,14.0
2024-10-10,1,3,Lasagna Bolognese,28,16.0
2024-10-10,1,4,Bruschetta,29,8.0
2024-10-10,1,5,Tiramisu,34,7.0
2024-10-10,1,6,Caesar Salad,22,10.0
2024-10-10,1,7,Minestrone Soup,29,9.0
2024-10-10,2,1,Margherita Pizza,25,12.0
2024-10-10,2,2,Pasta Alfredo,34,14.0
2024-10-10,2,3,Lasagna Bolognese,24,16.0
2024-10-10,2,4,Bruschetta,28,8.0
2024-10-10,2,5,Tiramisu,35,7.0
2024-10-10,2,6,Caesar Salad,21,10.0
2024-10-10,2,7,Minestrone Soup,26,9.0
2024-10-10,3,1,Margherita Pizza,29,12.0
2024-10-10,3,2,Pasta Alfredo,30,14.0
2024-10-10,3,3,Lasagna Bolognese,24,16.0
2024-10-10,3,4,Bruschetta,23,8.0
2024-10-10,3,5,Tiramisu,36,7.0
2024-10-10,3,6,Caesar Salad,24,10.0
2024-10-10,3,7,Minestrone Soup,27,9.0
2024-10-10,4,1,Margherita Pizza,27,12.0
2024-10-10,4,2,Pasta Alfredo,34,14.0
2024-10-10,4,3,Lasagna Bolognese,27,16.0
2024-10-10,4,4,Bruschetta,31,8.0
2024-10-10,4,5,Tiramisu,33,7.0
2024-10-10,4,6,Caesar Salad,22,10.0
2024-10-10,4,7,Minestrone Soup,32,9.0
2024-10-10,5,1,Margherita Pizza,29,12.0
2024-10-10,5,2,Pasta Alfredo,36,14.0
2024-10-10,5,3,Lasagna Bolognese,26,16.0
2024-10-10,5,4,Bruschetta,32,8.0
2024-10-10,5,5,Tiramisu,39,7.0
2024-10-10,5,6,Caesar Salad,22,10.0
2024-10-10,5,7,Minestrone Soup,25,9.0
2024-10-11,1,1,Margherita Pizza,33,12.0
2024-10-11,1,2,Pasta Alfredo,46,14.0
2024-10-11,1,3,Lasagna Bolognese,35,16.0
2024-10-11,1,4,Bruschetta,40,8.0
2024-10-11,1,5,Tiramisu,40,7.0
2024-10-11,1,6,Caesar Salad,24,10.0
2024-10-11,1,7,Minestrone Soup,28,9.0
2024-10-11,2,1,Margherita Pizza,35,12.0
2024-10-11,2,2,Pasta Alfredo,42,14.0
2024-10-11,2,3,Lasagna Bolognese,34,16.0
2024-10-11,2,4,Bruschetta,39,8.0
2024-10-11,2,5,Tiramisu,43,7.0
2024-10-11,2,6,Caesar Salad,28,10.0
2024-10-11,2,7,Minestrone Soup,34,9.0
2024-10-11,3,1,Margherita Pizza,39,12.0
2024-10-11,3,2,Pasta Alfredo,47,14.0
2024-10-11,3,3,Lasagna Bolognese,33,16.0
2024-10-11,3,4,Bruschetta,35,8.0
2024-10-11,3,5,Tiramisu,47,7.0
2024-10-11,3,6,Caesar Salad,33,10.0
2024-10-11,3,7,Minestrone Soup,35,9.0
2024-10-11,4,1,Margherita Pizza,38,12.0
2024-10-11,4,2,Pasta Alfredo,49,14.0
2024-10-11,4,3,Lasagna Bolognese,33,16.0
2024-10-11,4,4,Bruschetta,45,8.0
2024-10-11,4,5,Tiramisu,48,7.0
2024-10-11,4,6,Caesar Salad,32,10.0
2024-10-11,4,7,Minestrone Soup,40,9.0
2024-10-11,5,1,Margherita Pizza,42,12.0
2024-10-11,5,2,Pasta Alfredo,47,14.0
2024-10-11,5,3,Lasagna Bolognese,32,16.0
2024-10-11,5,4,Bruschetta,44,8.0
2024-10-11,5,5,Tiramisu,51,7.0
2024-10-11,5,6,Caesar Salad,37,10.0
2024-10-11,5,7,Minestrone Soup,46,9.0
2024-10-12,1,1,Margherita Pizza,33,12.0
2024-10-12,1,2,Pasta Alfredo,45,14.0
2024-10-12,1,3,Lasagna Bolognese,26,16.0
2024-10-12,1,4,Bruschetta,32,8.0
2024-10-12,1,5,Tiramisu,35,7.0
2024-10-12,1,6,Caesar Salad,28,10.0
2024-10-12,1,7,Minestrone Soup,33,9.0
2024-10-12,2,1,Margherita Pizza,38,12.0
2024-10-12,2,2,Pasta Alfredo,43,14.0
2024-10-12,2,3,Lasagna Bolognese,27,16.0
2024-10-12,2,4,Bruschetta,35,8.0
2024-10-12,2,5,Tiramisu,41,7.0
2024-10-12,2,6,Caesar Salad,25,10.0
2024-10-12,2,7,Minestrone Soup,34,9.0
2024-10-12,3,1,Margherita Pizza,36,12.0
2024-10-12,3,2,Pasta Alfredo,49,14.0
2024-10-12,3,3,Lasagna Bolognese,32,16.0
2024-10-12,3,4,Bruschetta,40,8.0
2024-10-12,3,5,Tiramisu,40,7.0
2024-10-12,3,6,Caesar Salad,35,10.0
2024-10-12,3,7,Minestrone Soup,42,9.0
2024-10-12,4,1,Margherita Pizza,34,12.0
2024-10-12,4,2,Pasta Alfredo,45,14.0
2024-10-12,4,3,Lasagna Bolognese,35,16.0
2024-10-12,4,4,Bruschetta,42,8.0
2024-10-12,4,5,Tiramisu,45,7.0
2024-10-12,4,6,Caesar Salad,32,10.0
2024-10-12,4,7,Minestrone Soup,38,9.0
2024-10-12,5,1,Margherita Pizza,42,12.0
2024-10-12,5,2,Pasta Alfredo,52,14.0
2024-10-12,5,3,Lasagna Bolognese,33,16.0
2024-10-12,5,4,Bruschetta,45,8.0
2024-10-12,5,5,Tiramisu,47,7.0
2024-10-12,5,6,Caesar Salad,32,10.0
2024-10-12,5,7,Minestrone Soup,44,9.0
2024-10-13,1,1,Margherita Pizza,32,12.0
2024-10-13,1,2,Pasta Alfredo,37,14.0
2024-10-13,1,3,Lasagna Bolognese,21,16.0
2024-10-13,1,4,Bruschetta,28,8.0
2024-10-13,1,5,Tiramisu,37,7.0
2024-10-13,1,6,Caesar Salad,25,10.0
2024-10-13,1,7,Minestrone Soup,26,9.0
2024-10-13,2,1,Margherita Pizza,32,12.0
2024-10-13,2,2,Pasta Alfredo,34,14.0
2024-10-13,2,3,Lasagna Bolognese,31,16.0
2024-10-13,2,4,Bruschetta,36,8.0
2024-10-13,2,5,Tiramisu,38,7.0
2024-10-13,2,6,Caesar Salad,30,10.0
2024-10-13,2,7,Minestrone Soup,31,9.0
2024-10-13,3,1,Margherita Pizza,35,12.0
2024-10-13,3,2,Pasta Alfredo,42,14.0
2024-10-13,3,3,Lasagna Bolognese,28,16.0
2024-10-13,3,4,Bruschetta,32,8.0
2024-10-13,3,5,Tiramisu,33,7.0
2024-10-13,3,6,Caesar Salad,27,10.0
2024-10-13,3,7,Minestrone Soup,35,9.0
2024-10-13,4,1,Margherita Pizza,37,12.0
2024-10-13,4,2,Pasta Alfredo,41,14.0
2024-10-13,4,3,Lasagna Bolognese,27,16.0
2024-10-13,4,4,Bruschetta,28,8.0
2024-10-13,4,5,Tiramisu,38,7.0
2024-10-13,4,6,Caesar Salad,28,10.0
2024-10-13,4,7,Minestrone Soup,33,9.0
2024-10-13,5,1,Margherita Pizza,38,12.0
2024-10-13,5,2,Pasta Alfredo,48,14.0
2024-10-13,5,3,Lasagna Bolognese,30,16.0
2024-10-13,5,4,Bruschetta,35,8.0
2024-10-13,5,5,Tiramisu,41,7.0
2024-10-13,5,6,Caesar Salad,30,10.0
2024-10-13,5,7,Minestrone Soup,33,9.0
2024-10-14,1,1,Margherita Pizza,22,12.0
2024-10-14,1,2,Pasta Alfredo,27,14.0
2024-10-14,1,3,Lasagna Bolognese,19,16.0
2024-10-14,1,4,Bruschetta,23,8.0
2024-10-14,1,5,Tiramisu,27,7.0
2024-10-14,1,6,Caesar Salad,13,10.0
2024-10-14,1,7,Minestrone Soup,24,9.0
2024-10-14,2,1,Margherita Pizza,21,12.0
2024-10-14,2,2,Pasta Alfredo,23,14.0
2024-10-14,2,3,Lasagna Bolognese,16,16.0
2024-10-14,2,4,Bruschetta,24,8.0
2024-10-14,2,5,Tiramisu,26,7.0
2024-10-14,2,6,Caesar Salad,14,10.0
2024-10-14,2,7,Minestrone Soup,24,9.0
2024-10-14,3,1,Margherita Pizza,20,12.0
2024-10-14,3,2,Pasta Alfredo,29,14.0
2024-10-14,3,3,Lasagna Bolognese,21,16.0
2024-10-14,3,4,Bruschetta,27,8.0
2024-10-14,3,5,Tiramisu,33,7.0
2024-10-14,3,6,Caesar Salad,16,10.0
2024-10-14,3,7,Minestrone Soup,24,9.0
2024-10-14,4,1,Margherita Pizza,24,12.0
2024-10-14,4,2,Pasta Alfredo,31,14.0
2024-10-14,4,3,Lasagna Bolognese,22,16.0
2024-10-14,4,4,Bruschetta,24,8.0
2024-10-14,4,5,Tiramisu,28,7.0
2024-10-14,4,6,Caesar Salad,18,10.0
2024-10-14,4,7,Minestrone Soup,28,9.0
2024-10-14,5,1,Margherita Pizza,28,12.0
2024-10-14,5,2,Pasta Alfredo,34,14.0
2024-10-14,5,3,Lasagna Bolognese,21,16.0
2024-10-14,5,4,Bruschetta,24,8.0
2024-10-14,5,5,Tiramisu,28,7.0
2024-10-14,5,6,Caesar Salad,23,10.0
2024-10-14,5,7,Minestrone Soup,23,9.0
2024-10-15,1,1,Margherita Pizza,31,12.0
2024-10-15,1,2,Pasta Alfredo,26,14.0
2024-10-15,1,3,Lasagna Bolognese,22,16.0
2024-10-15,1,4,Bruschetta,30,8.0
2024-10-15,1,5,Tiramisu,32,7.0
2024-10-15,1,6,Caesar Salad,22,10.0
2024-10-15,1,7,Minestrone Soup,23,9.0
2024-10-15,2,1,Margherita Pizza,23,12.0
2024-10-15,2,2,Pasta Alfredo,34,14.0
2024-10-15,2,3,Lasagna Bolognese,27,16.0
2024-10-15,2,4,Bruschetta,26,8.0
2024-10-15,2,5,Tiramisu,28,7.0
2024-10-15,2,6,Caesar Salad,15,10.0
2024-10-15,2,7,Minestrone Soup,24,9.0
2024-10-15,3,1,Margherita Pizza,28,12.0
2024-10-15,3,2,Pasta Alfredo,38,14.0
2024-10-15,3,3,Lasagna Bolognese,26,16.0
2024-10-15,3,4,Bruschetta,29,8.0
2024-10-15,3,5,Tiramisu,32,7.0
2024-10-15,3,6,Caesar Salad,22,10.0
2024-10-15,3,7,Minestrone Soup,33,9.0
2024-10-15,4,1,Margherita Pizza,30,12.0
2024-10-15,4,2,Pasta Alfredo,28,14.0
2024-10-15,4,3,Lasagna Bolognese,23,16.0
2024-10-15,4,4,Bruschetta,27,8.0
2024-10-15,4,5,Tiramisu,33,7.0
2024-10-15,4,6,Caesar Salad,26,10.0
2024-10-15,4,7,Minestrone Soup,29,9.0
2024-10-15,5,1,Margherita Pizza,31,12.0
2024-10-15,5,2,Pasta Alfredo,40,14.0
2024-10-15,5,3,Lasagna Bolognese,24,16.0
2024-10-15,5,4,Bruschetta,37,8.0
2024-10-15,5,5,Tiramisu,34,7.0
2024-10-15,5,6,Caesar Salad,26,10.0
2024-10-15,5,7,Minestrone Soup,30,9.0
2024-10-16,1,1,Margherita Pizza,26,12.0
2024-10-16,1,2,Pasta Alfredo,31,14.0
2024-10-16,1,3,Lasagna Bolognese,23,16.0
2024-10-16,1,4,Bruschetta,23,8.0
2024-10-16,1,5,Tiramisu,27,7.0
2024-10-16,1,6,Caesar Salad,29,10.0
2024-10-16,1,7,Minestrone Soup,24,9.0
2024-10-16,2,1,Margherita Pizza,29,12.0
2024-10-16,2,2,Pasta Alfredo,27,14.0
2024-10-16,2,3,Lasagna Bolognese,22,16.0
2024-10-16,2,4,Bruschetta,27,8.0
2024-10-16,2,5,Tiramisu,33,7.0
2024-10-16,2,6,Caesar Salad,14,10.0
2024-10-16,2,7,Minestrone Soup,27,9.0
2024-10-16,3,1,Margherita Pizza,25,12.0
2024-10-16,3,2,Pasta Alfredo,34,14.0
2024-10-16,3,3,Lasagna Bolognese,21,16.0
2024-10-16,3,4,Bruschetta,26,8.0
2024-10-16,3,5,Tiramisu,32,7.0
2024-10-16,3,6,Caesar Salad,20,10.0
2024-10-16,3,7,Minestrone Soup,27,9.0
2024-10-16,4,1,Margherita Pizza,26,12.0
2024-10-16,4,2,Pasta Alfredo,29,14.0
2024-10-16,4,3,Lasagna Bolognese,28,16.0
2024-10-16,4,4,Bruschetta,26,8.0
2024-10-16,4,5,Tiramisu,34,7.0
2024-10-16,4,6,Caesar Salad,27,10.0
2024-10-16,4,7,Minestrone Soup,28,9.0
2024-10-16,5,1,Margherita Pizza,29,12.0
2024-10-16,5,2,Pasta Alfredo,37,14.0
2024-10-16,5,3,Lasagna Bolognese,29,16.0
2024-10-16,5,4,Bruschetta,28,8.0
2024-10-16,5,5,Tiramisu,36,7.0
2024-10-16,5,6,Caesar Salad,21,10.0
2024-10-16,5,7,Minestrone Soup,30,9.0
2024-10-17,1,1,Margherita Pizza,26,12.0
2024-10-17,1,2,Pasta Alfredo,27,14.0
2024-10-17,1,3,Lasagna Bolognese,20,16.0
2024-10-17,1,4,Bruschetta,21,8.0
2024-10-17,1,5,Tiramisu,30,7.0
2024-10-17,1,6,Caesar Salad,25,10.0
2024-10-17,1,7,Minestrone Soup,22,9.0
2024-10-17,2,1,Margherita Pizza,25,12.0
2024-10-17,2,2,Pasta Alfredo,33,14.0
2024-10-17,2,3,Lasagna Bolognese,26,16.0
2024-10-17,2,4,Bruschetta,23,8.0
2024-10-17,2,5,Tiramisu,31,7.0
2024-10-17,2,6,Caesar Salad,23,10.0
2024-10-17,2,7,Minestrone Soup,27,9.0
2024-10-17,3,1,Margherita Pizza,21,12.0
2024-10-17,3,2,Pasta Alfredo,35,14.0
2024-10-17,3,3,Lasagna Bolognese,28,16.0
2024-10-17,3,4,Bruschetta,29,8.0
2024-10-17,3,5,Tiramisu,30,7.0
2024-10-17,3,6,Caesar Salad,22,10.0
2024-10-17,3,7,Minestrone Soup,34,9.0
2024-10-17,4,1,Margherita Pizza,32,12.0
2024-10-17,4,2,Pasta Alfredo,37,14.0
2024-10-17,4,3,Lasagna Bolognese,26,16.0
2024-10-17,4,4,Bruschetta,28,8.0
2024-10-17,4,5,Tiramisu,34,7.0
2024-10-17,4,6,Caesar Salad,25,10.0
2024-10-17,4,7,Minestrone Soup,31,9.0
2024-10-17,5,1,Margherita Pizza,36,12.0
2024-10-17,5,2,Pasta Alfredo,40,14.0
2024-10-17,5,3,Lasagna Bolognese,22,16.0
2024-10-17,5,4,Bruschetta,32,8.0
2024-10-17,5,5,Tiramisu,38,7.0
2024-10-17,5,6,Caesar Salad,28,10.0
2024-10-17,5,7,Minestrone Soup,29,9.0
2024-10-18,1,1,Margherita Pizza,43,12.0
2024-10-18,1,2,Pasta Alfredo,37,14.0
2024-10-18,1,3,Lasagna Bolognese,26,16.0
2024-10-18,1,4,Bruschetta,35,8.0
2024-10-18,1,5,Tiramisu,47,7.0
2024-10-18,1,6,Caesar Salad,26,10.0
2024-10-18,1,7,Minestrone Soup,34,9.0
2024-10-18,2,1,Margherita Pizza,40,12.0
2024-10-18,2,2,Pasta Alfredo,42,14.0
2024-10-18,2,3,Lasagna Bolognese,29,16.0
2024-10-18,2,4,Bruschetta,38,8.0
2024-10-18,2,5,Tiramisu,43,7.0
2024-10-18,2,6,Caesar Salad,33,10.0
2024-10-18,2,7,Minestrone Soup,40,9.0
2024-10-18,3,1,Margherita Pizza,39,12.0
2024-10-18,3,2,Pasta Alfredo,46,14.0
2024-10-18,3,3,Lasagna Bolognese,33,16.0
2024-10-18,3,4,Bruschetta,40,8.0
2024-10-18,3,5,Tiramisu,45,7.0
2024-10-18,3,6,Caesar Salad,32,10.0
2024-10-18,3,7,Minestrone Soup,42,9.0
2024-10-18,4,1,Margherita Pizza,45,12.0
2024-10-18,4,2,Pasta Alfredo,42,14.0
2024-10-18,4,3,Lasagna Bolognese,33,16.0
2024-10-18,4,4,Bruschetta,38,8.0
2024-10-18,4,5,Tiramisu,46,7.0
2024-10-18,4,6,Caesar Salad,35,10.0
2024-10-18,4,7,Minestrone Soup,42,9.0
2024-10-18,5,1,Margherita Pizza,42,12.0
2024-10-18,5,2,Pasta Alfredo,43,14.0
2024-10-18,5,3,Lasagna Bolognese,32,16.0
2024-10-18,5,4,Bruschetta,45,8.0
2024-10-18,5,5,Tiramisu,41,7.0
2024-10-18,5,6,Caesar Salad,38,10.0
2024-10-18,5,7,Minestrone Soup,43,9.0
2024-10-19,1,1,Margherita Pizza,39,12.0
2024-10-19,1,2,Pasta Alfredo,40,14.0
2024-10-19,1,3,Lasagna Bolognese,23,16.0
2024-10-19,1,4,Bruschetta,36,8.0
2024-10-19,1,5,Tiramisu,44,7.0
2024-10-19,1,6,Caesar Salad,32,10.0
2024-10-19,1,7,Minestrone Soup,33,9.0
2024-10-19,2,1,Margherita Pizza,37,12.0
2024-10-19,2,2,Pasta Alfredo,41,14.0
2024-10-19,2,3,Lasagna Bolognese,28,16.0
2024-10-19,2,4,Bruschetta,39,8.0
2024-10-19,2,5,Tiramisu,39,7.0
2024-10-19,2,6,Caesar Salad,28,10.0
2024-10-19,2,7,Minestrone Soup,33,9.0
2024-10-19,3,1,Margherita Pizza,34,12.0
2024-10-19,3,2,Pasta Alfredo,45,14.0
2024-10-19,3,3,Lasagna Bolognese,35,16.0
2024-10-19,3,4,Bruschetta,38,8.0
2024-10-19,3,5,Tiramisu,40,7.0
2024-10-19,3,6,Caesar Salad,34,10.0
2024-10-19,3,7,Minestrone Soup,43,9.0
2024-10-19,4,1,Margherita Pizza,38,12.0
2024-10-19,4,2,Pasta Alfredo,45,14.0
2024-10-19,4,3,Lasagna Bolognese,35,16.0
2024-10-19,4,4,Bruschetta,45,8.0
2024-10-19,4,5,Tiramisu,45,7.0
2024-10-19,4,6,Caesar Salad,29,10.0
2024-10-19,4,7,Minestrone Soup,42,9.0
2024-10-19,5,1,Margherita Pizza,44,12.0
2024-10-19,5,2,Pasta Alfredo,49,14.0
2024-10-19,5,3,Lasagna Bolognese,33,16.0
2024-10-19,5,4,Bruschetta,45,8.0
2024-10-19,5,5,Tiramisu,50,7.0
2024-10-19,5,6,Caesar Salad,33,10.0
2024-10-19,5,7,Minestrone Soup,42,9.0
2024-10-20,1,1,Margherita Pizza,25,12.0
2024-10-20,1,2,Pasta Alfredo,36,14.0
2024-10-20,1,3,Lasagna Bolognese,24,16.0
2024-10-20,1,4,Bruschetta,28,8.0
2024-10-20,1,5,Tiramisu,34,7.0
2024-10-20,1,6,Caesar Salad,25,10.0
2024-10-20,1,7,Minestrone Soup,32,9.0
2024-10-20,2,1,Margherita Pizza,33,12.0
2024-10-20,2,2,Pasta Alfredo,36,14.0
2024-10-20,2,3,Lasagna Bolognese,28,16.0
2024-10-20,2,4,Bruschetta,32,8.0
2024-10-20,2,5,Tiramisu,35,7.0
2024-10-20,2,6,Caesar Salad,26,10.0
2024-10-20,2,7,Minestrone Soup,31,9.0
2024-10-20,3,1,Margherita Pizza,34,12.0
2024-10-20,3,2,Pasta Alfredo,37,14.0
2024-10-20,3,3,Lasagna Bolognese,26,16.0
2024-10-20,3,4,Bruschetta,39,8.0
2024-10-20,3,5,Tiramisu,41,7.0
2024-10-20,3,6,Caesar Salad,25,10.0
2024-10-20,3,7,Minestrone Soup,34,9.0
2024-10-20,4,1,Margherita Pizza,35,12.0
2024-10-20,4,2,Pasta Alfredo,41,14.0
2024-10-20,4,3,Lasagna Bolognese,29,16.0
2024-10-20,4,4,Bruschetta,38,8.0
2024-10-20,4,5,Tiramisu,41,7.0
2024-10-20,4,6,Caesar Salad,28,10.0
2024-10-20,4,7,Minestrone Soup,37,9.0
2024-10-20,5,1,Margherita Pizza,36,12.0
2024-10-20,5,2,Pasta Alfredo,42,14.0
2024-10-20,5,3,Lasagna Bolognese,31,16.0
2024-10-20,5,4,Bruschetta,35,8.0
2024-10-20,5,5,Tiramisu,42,7.0
2024-10-20,5,6,Caesar Salad,28,10.0
2024-10-20,5,7,Minestrone Soup,33,9.0
2024-10-21,1,1,Margherita Pizza,19,12.0
2024-10-21,1,2,Pasta Alfredo,21,14.0
2024-10-21,1,3,Lasagna Bolognese,16,16.0
2024-10-21,1,4,Bruschetta,21,8.0
2024-10-21,1,5,Tiramisu,26,7.0
2024-10-21,1,6,Caesar Salad,17,10.0
2024-10-21,1,7,Minestrone Soup,15,9.0
2024-10-21,2,1,Margherita Pizza,28,12.0
2024-10-21,2,2,Pasta Alfredo,30,14.0
2024-10-21,2,3,Lasagna Bolognese,20,16.0
2024-10-21,2,4,Bruschetta,29,8.0
2024-10-21,2,5,Tiramisu,24,7.0
2024-10-21,2,6,Caesar Salad,25,10.0
2024-10-21,2,7,Minestrone Soup,20,9.0
2024-10-21,3,1,Margherita Pizza,25,12.0
2024-10-21,3,2,Pasta Alfredo,24,14.0
2024-10-21,3,3,Lasagna Bolognese,20,16.0
2024-10-21,3,4,Bruschetta,25,8.0
2024-10-21,3,5,Tiramisu,28,7.0
2024-10-21,3,6,Caesar Salad,22,10.0
2024-10-21,3,7,Minestrone Soup,24,9.0
2024-10-21,4,1,Margherita Pizza,24,12.0
2024-10-21,4,2,Pasta Alfredo,28,14.0
2024-10-21,4,3,Lasagna Bolognese,23,16.0
2024-10-21,4,4,Bruschetta,23,8.0
2024-10-21,4,5,Tiramisu,32,7.0
2024-10-21,4,6,Caesar Salad,25,10.0
2024-10-21,4,7,Minestrone Soup,20,9.0
2024-10-21,5,1,Margherita Pizza,30,12.0
2024-10-21,5,2,Pasta Alfredo,37,14.0
2024-10-21,5,3,Lasagna Bolognese,23,16.0
2024-10-21,5,4,Bruschetta,28,8.0
2024-10-21,5,5,Tiramisu,34,7.0
2024-10-21,5,6,Caesar Salad,21,10.0
2024-10-21,5,7,Minestrone Soup,27,9.0
2024-10-22,1,1,Margherita Pizza,22,12.0
2024-10-22,1,2,Pasta Alfredo,30,14.0
2024-10-22,1,3,Lasagna Bolognese,23,16.0
2024-10-22,1,4,Bruschetta,27,8.0
2024-10-22,1,5,Tiramisu,33,7.0
2024-10-22,1,6,Caesar Salad,19,10.0
2024-10-22,1,7,Minestrone Soup,24,9.0
2024-10-22,2,1,Margherita Pizza,33,12.0
2024-10-22,2,2,Pasta Alfredo,31,14.0
2024-10-22,2,3,Lasagna Bolognese,23,16.0
2024-10-22,2,4,Bruschetta,27,8.0
2024-10-22,2,5,Tiramisu,29,7.0
2024-10-22,2,6,Caesar Salad,27,10.0
2024-10-22,2,7,Minestrone Soup,25,9.0
2024-10-22,3,1,Margherita Pizza,25,12.0
2024-10-22,3,2,Pasta Alfredo,32,14.0
2024-10-22,3,3,Lasagna Bolognese,18,16.0
2024-10-22,3,4,Bruschetta,26,8.0
2024-10-22,3,5,Tiramisu,30,7.0
2024-10-22,3,6,Caesar Salad,25,10.0
2024-10-22,3,7,Minestrone Soup,26,9.0
2024-10-22,4,1,Margherita Pizza,32,12.0
2024-10-22,4,2,Pasta Alfredo,39,14.0
2024-10-22,4,3,Lasagna Bolognese,27,16.0
2024-10-22,4,4,Bruschetta,29,8.0
2024-10-22,4,5,Tiramisu,35,7.0
2024-10-22,4,6,Caesar Salad,20,10.0
2024-10-22,4,7,Minestrone Soup,29,9.0
2024-10-22,5,1,Margherita Pizza,28,12.0
2024-10-22,5,2,Pasta Alfredo,38,14.0
2024-10-22,5,3,Lasagna Bolognese,34,16.0
2024-10-22,5,4,Bruschetta,33,8.0
2024-10-22,5,5,Tiramisu,30,7.0
2024-10-22,5,6,Caesar Salad,25,10.0
2024-10-22,5,7,Minestrone Soup,31,9.0
2024-10-23,1,1,Margherita Pizza,26,12.0
2024-10-23,1,2,Pasta Alfredo,28,14.0
2024-10-23,1,3,Lasagna Bolognese,22,16.0
2024-10-23,1,4,Bruschetta,22,8.0
2024-10-23,1,5,Tiramisu,27,7.0
2024-10-23,1,6,Caesar Salad,23,10.0
2024-10-23,1,7,Minestrone Soup,23,9.0
2024-10-23,2,1,Margherita Pizza,29,12.0
2024-10-23,2,2,Pasta Alfredo,27,14.0
2024-10-23,2,3,Lasagna Bolognese,28,16.0
2024-10-23,2,4,Bruschetta,25,8.0
2024-10-23,2,5,Tiramisu,31,7.0
2024-10-23,2,6,Caesar Salad,23,10.0
2024-10-23,2,7,Minestrone Soup,25,9.0
2024-10-23,3,1,Margherita Pizza,29,12.0
2024-10-23,3,2,Pasta Alfredo,35,14.0
2024-10-23,3,3,Lasagna Bolognese,27,16.0
2024-10-23,3,4,Bruschetta,31,8.0
2024-10-23,3,5,Tiramisu,33,7.0
2024-10-23,3,6,Caesar Salad,23,10.0
2024-10-23,3,7,Minestrone Soup,35,9.0
2024-10-23,4,1,Margherita Pizza,33,12.0
2024-10-23,4,2,Pasta Alfredo,32,14.0
2024-10-23,4,3,Lasagna Bolognese,25,16.0
2024-10-23,4,4,Bruschetta,29,8.0
2024-10-23,4,5,Tiramisu,34,7.0
2024-10-23,4,6,Caesar Salad,21,10.0
2024-10-23,4,7,Minestrone Soup,28,9.0
2024-10-23,5,1,Margherita Pizza,36,12.0
2024-10-23,5,2,Pasta Alfredo,38,14.0
2024-10-23,5,3,Lasagna Bolognese,18,16.0
2024-10-23,5,4,Bruschetta,35,8.0
2024-10-23,5,5,Tiramisu,39,7.0
2024-10-23,5,6,Caesar Salad,25,10.0
2024-10-23,5,7,Minestrone Soup,33,9.0
2024-10-24,1,1,Margherita Pizza,23,12.0
2024-10-24,1,2,Pasta Alfredo,29,14.0
2024-10-24,1,3,Lasagna Bolognese,26,16.0
2024-10-24,1,4,Bruschetta,25,8.0
2024-10-24,1,5,Tiramisu,24,7.0
2024-10-24,1,6,Caesar Salad,21,10.0
2024-10-24,1,7,Minestrone Soup,25,9.0
2024-10-24,2,1,Margherita Pizza,31,12.0
2024-10-24,2,2,Pasta Alfredo,32,14.0
2024-10-24,2,3,Lasagna Bolognese,21,16.0
2024-10-24,2,4,Bruschetta,30,8.0
2024-10-24,2,5,Tiramisu,32,7.0
2024-10-24,2,6,Caesar Salad,20,10.0
2024-10-24,2,7,Minestrone Soup,30,9.0
2024-10-24,3,1,Margherita Pizza,29,12.0
2024-10-24,3,2,Pasta Alfredo,33,14.0
2024-10-24,3,3,Lasagna Bolognese,24,16.0
2024-10-24,3,4,Bruschetta,25,8.0
2024-10-24,3,5,Tiramisu,31,7.0
2024-10-24,3,6,Caesar Salad,24,10.0
2024-10-24,3,7,Minestrone Soup,28,9.0
2024-10-24,4,1,Margherita Pizza,34,12.0
2024-10-24,4,2,Pasta Alfredo,35,14.0
2024-10-24,4,3,Lasagna Bolognese,27,16.0
2024-10-24,4,4,Bruschetta,30,8.0
2024-10-24,4,5,Tiramisu,38,7.0
2024-10-24,4,6,Caesar Salad,26,10.0
2024-10-24,4,7,Minestrone Soup,30,9.0
2024-10-24,5,1,Margherita Pizza,31,12.0
2024-10-24,5,2,Pasta Alfredo,33,14.0
2024-10-24,5,3,Lasagna Bolognese,27,16.0
2024-10-24,5,4,Bruschetta,31,8.0
2024-10-24,5,5,Tiramisu,35,7.0
2024-10-24,5,6,Caesar Salad,29,10.0
2024-10-24,5,7,Minestrone Soup,27,9.0
2024-10-25,1,1,Margherita Pizza,33,12.0
2024-10-25,1,2,Pasta Alfredo,43,14.0
2024-10-25,1,3,Lasagna Bolognese,30,16.0
2024-10-25,1,4,Bruschetta,34,8.0
2024-10-25,1,5,Tiramisu,41,7.0
2024-10-25,1,6,Caesar Salad,29,10.0
2024-10-25,1,7,Minestrone Soup,30,9.0
2024-10-25,2,1,Margherita Pizza,35,12.0
2024-10-25,2,2,Pasta Alfredo,47,14.0
2024-10-25,2,3,Lasagna Bolognese,28,16.0
2024-10-25,2,4,Bruschetta,35,8.0
2024-10-25,2,5,Tiramisu,41,7.0
2024-10-25,2,6,Caesar Salad,30,10.0
2024-10-25,2,7,Minestrone Soup,35,9.0
2024-10-25,3,1,Margherita Pizza,40,12.0
2024-10-25,3,2,Pasta Alfredo,45,14.0
2024-10-25,3,3,Lasagna Bolognese,34,16.0
2024-10-25,3,4,Bruschetta,35,8.0
2024-10-25,3,5,Tiramisu,44,7.0
2024-10-25,3,6,Caesar Salad,31,10.0
2024-10-25,3,7,Minestrone Soup,40,9.0
2024-10-25,4,1,Margherita Pizza,38,12.0
2024-10-25,4,2,Pasta Alfredo,50,14.0
2024-10-25,4,3,Lasagna Bolognese,37,16.0
2024-10-25,4,4,Bruschetta,37,8.0
2024-10-25,4,5,Tiramisu,45,7.0
2024-10-25,4,6,Caesar Salad,32,10.0
2024-10-25,4,7,Minestrone Soup,48,9.0
2024-10-25,5,1,Margherita Pizza,41,12.0
2024-10-25,5,2,Pasta Alfredo,54,14.0
2024-10-25,5,3,Lasagna Bolognese,31,16.0
2024-10-25,5,4,Bruschetta,39,8.0
2024-10-25,5,5,Tiramisu,47,7.0
2024-10-25,5,6,Caesar Salad,32,10.0
2024-10-25,5,7,Minestrone Soup,41,9.0
2024-10-26,1,1,Margherita Pizza,33,12.0
2024-10-26,1,2,Pasta Alfredo,38,14.0
2024-10-26,1,3,Lasagna Bolognese,32,16.0
2024-10-26,1,4,Bruschetta,38,8.0
2024-10-26,1,5,Tiramisu,43,7.0
2024-10-26,1,6,Caesar Salad,30,10.0
2024-10-26,1,7,Minestrone Soup,35,9.0
2024-10-26,2,1,Margherita Pizza,35,12.0
2024-10-26,2,2,Pasta Alfredo,40,14.0
2024-10-26,2,3,Lasagna Bolognese,31,16.0
2024-10-26,2,4,Bruschetta,33,8.0
2024-10-26,2,5,Tiramisu,40,7.0
2024-10-26,2,6,Caesar Salad,34,10.0
2024-10-26,2,7,Minestrone Soup,42,9.0
2024-10-26,3,1,Margherita Pizza,39,12.0
2024-10-26,3,2,Pasta Alfredo,48,14.0
2024-10-26,3,3,Lasagna Bolognese,31,16.0
2024-10-26,3,4,Bruschetta,34,8.0
2024-10-26,3,5,Tiramisu,46,7.0
2024-10-26,3,6,Caesar Salad,34,10.0
2024-10-26,3,7,Minestrone Soup,38,9.0
2024-10-26,4,1,Margherita Pizza,39,12.0
2024-10-26,4,2,Pasta Alfredo,50,14.0
2024-10-26,4,3,Lasagna Bolognese,30,16.0
2024-10-26,4,4,Bruschetta,38,8.0
2024-10-26,4,5,Tiramisu,44,7.0
2024-10-26,4,6,Caesar Salad,34,10.0
2024-10-26,4,7,Minestrone Soup,37,9.0
2024-10-26,5,1,Margherita Pizza,40,12.0
2024-10-26,5,2,Pasta Alfredo,47,14.0
2024-10-26,5,3,Lasagna Bolognese,34,16.0
2024-10-26,5,4,Bruschetta,37,8.0
2024-10-26,5,5,Tiramisu,49,7.0
2024-10-26,5,6,Caesar Salad,39,10.0
2024-10-26,5,7,Minestrone Soup,42,9.0
2024-10-27,1,1,Margherita Pizza,34,12.0
2024-10-27,1,2,Pasta Alfredo,38,14.0
2024-10-27,1,3,Lasagna Bolognese,27,16.0
2024-10-27,1,4,Bruschetta,30,8.0
2024-10-27,1,5,Tiramisu,34,7.0
2024-10-27,1,6,Caesar Salad,27,10.0
2024-10-27,1,7,Minestrone Soup,28,9.0
2024-10-27,2,1,Margherita Pizza,25,12.0
2024-10-27,2,2,Pasta Alfredo,38,14.0
2024-10-27,2,3,Lasagna Bolognese,22,16.0
2024-10-27,2,4,Bruschetta,28,8.0
2024-10-27,2,5,Tiramisu,36,7.0
2024-10-27,2,6,Caesar Salad,26,10.0
2024-10-27,2,7,Minestrone Soup,27,9.0
2024-10-27,3,1,Margherita Pizza,33,12.0
2024-10-27,3,2,Pasta Alfredo,41,14.0
2024-10-27,3,3,Lasagna Bolognese,24,16.0
2024-10-27,3,4,Bruschetta,36,8.0
2024-10-27,3,5,Tiramisu,33,7.0
2024-10-27,3,6,Caesar Salad,34,10.0
2024-10-27,3,7,Minestrone Soup,31,9.0
2024-10-27,4,1,Margherita Pizza,35,12.0
2024-10-27,4,2,Pasta Alfredo,34,14.0
2024-10-27,4,3,Lasagna Bolognese,28,16.0
2024-10-27,4,4,Bruschetta,35,8.0
2024-10-27,4,5,Tiramisu,40,7.0
2024-10-27,4,6,Caesar Salad,27,10.0
2024-10-27,4,7,Minestrone Soup,31,9.0
2024-10-27,5,1,Margherita Pizza,39,12.0
2024-10-27,5,2,Pasta Alfredo,42,14.0
2024-10-27,5,3,Lasagna Bolognese,34,16.0
2024-10-27,5,4,Bruschetta,34,8.0
2024-10-27,5,5,Tiramisu,40,7.0
2024-10-27,5,6,Caesar Salad,32,10.0
2024-10-27,5,7,Minestrone Soup,31,9.0
2024-10-28,1,1,Margherita Pizza,18,12.0
2024-10-28,1,2,Pasta Alfredo,29,14.0
2024-10-28,1,3,Lasagna Bolognese,15,16.0
2024-10-28,1,4,Bruschetta,16,8.0
2024-10-28,1,5,Tiramisu,31,7.0
2024-10-28,1,6,Caesar Salad,14,10.0
2024-10-28,1,7,Minestrone Soup,22,9.0
2024-10-28,2,1,Margherita Pizza,23,12.0
2024-10-28,2,2,Pasta Alfredo,18,14.0
2024-10-28,2,3,Lasagna Bolognese,18,16.0
2024-10-28,2,4,Bruschetta,24,8.0
2024-10-28,2,5,Tiramisu,28,7.0
2024-10-28,2,6,Caesar Salad,22,10.0
2024-10-28,2,7,Minestrone Soup,22,9.0
2024-10-28,3,1,Margherita Pizza,26,12.0
2024-10-28,3,2,Pasta Alfredo,26,14.0
2024-10-28,3,3,Lasagna Bolognese,16,16.0
2024-10-28,3,4,Bruschetta,20,8.0
2024-10-28,3,5,Tiramisu,24,7.0
2024-10-28,3,6,Caesar Salad,23,10.0
2024-10-28,3,7,Minestrone Soup,20,9.0
2024-10-28,4,1,Margherita Pizza,26,12.0
2024-10-28,4,2,Pasta Alfredo,29,14.0
2024-10-28,4,3,Lasagna Bolognese,21,16.0
2024-10-28,4,4,Bruschetta,29,8.0
2024-10-28,4,5,Tiramisu,28,7.0
2024-10-28,4,6,Caesar Salad,23,10.0
2024-10-28,4,7,Minestrone Soup,25,9.0
2024-10-28,5,1,Margherita Pizza,26,12.0
2024-10-28,5,2,Pasta Alfredo,38,14.0
2024-10-28,5,3,Lasagna Bolognese,18,16.0
2024-10-28,5,4,Bruschetta,30,8.0
2024-10-28,5,5,Tiramisu,33,7.0
2024-10-28,5,6,Caesar Salad,21,10.0
2024-10-28,5,7,Minestrone Soup,31,9.0
2024-10-29,1,1,Margherita Pizza,20,12.0
2024-10-29,1,2,Pasta Alfredo,28,14.0
2024-10-29,1,3,Lasagna Bolognese,18,16.0
2024-10-29,1,4,Bruschetta,27,8.0
2024-10-29,1,5,Tiramisu,27,7.0
2024-10-29,1,6,Caesar Salad,23,10.0
2024-10-29,1,7,Minestrone Soup,25,9.0
2024-10-29,2,1,Margherita Pizza,26,12.0
2024-10-29,2,2,Pasta Alfredo,33,14.0
2024-10-29,2,3,Lasagna Bolognese,22,16.0
2024-10-29,2,4,Bruschetta,24,8.0
2024-10-29,2,5,Tiramisu,40,7.0
2024-10-29,2,6,Caesar Salad,21,10.0
2024-10-29,2,7,Minestrone Soup,20,9.0
2024-10-29,3,1,Margherita Pizza,26,12.0
2024-10-29,3,2,Pasta Alfredo,29,14.0
2024-10-29,3,3,Lasagna Bolognese,26,16.0
2024-10-29,3,4,Bruschetta,29,8.0
2024-10-29,3,5,Tiramisu,34,7.0
2024-10-29,3,6,Caesar Salad,23,10.0
2024-10-29,3,7,Minestrone Soup,28,9.0
2024-10-29,4,1,Margherita Pizza,29,12.0
2024-10-29,4,2,Pasta Alfredo,34,14.0
2024-10-29,4,3,Lasagna Bolognese,27,16.0
2024-10-29,4,4,Bruschetta,31,8.0
2024-10-29,4,5,Tiramisu,36,7.0
2024-10-29,4,6,Caesar Salad,26,10.0
2024-10-29,4,7,Minestrone Soup,32,9.0
2024-10-29,5,1,Margherita Pizza,32,12.0
2024-10-29,5,2,Pasta Alfredo,37,14.0
2024-10-29,5,3,Lasagna Bolognese,29,16.0
2024-10-29,5,4,Bruschetta,29,8.0
2024-10-29,5,5,Tiramisu,34,7.0
2024-10-29,5,6,Caesar Salad,22,10.0
2024-10-29,5,7,Minestrone Soup,32,9.0
2024-10-30,1,1,Margherita Pizza,20,12.0
2024-10-30,1,2,Pasta Alfredo,31,14.0
2024-10-30,1,3,Lasagna Bolognese,21,16.0
2024-10-30,1,4,Bruschetta,29,8.0
2024-10-30,1,5,Tiramisu,28,7.0
2024-10-30,1,6,Caesar Salad,21,10.0
2024-10-30,1,7,Minestrone Soup,29,9.0
2024-10-30,2,1,Margherita Pizza,31,12.0
2024-10-30,2,2,Pasta Alfredo,29,14.0
2024-10-30,2,3,Lasagna Bolognese,23,16.0
2024-10-30,2,4,Bruschetta,28,8.0
2024-10-30,2,5,Tiramisu,33,7.0
2024-10-30,2,6,Caesar Salad,22,10.0
2024-10-30,2,7,Minestrone Soup,31,9.0
2024-10-30,3,1,Margherita Pizza,23,12.0
2024-10-30,3,2,Pasta Alfredo,32,14.0
2024-10-30,3,3,Lasagna Bolognese,25,16.0
2024-10-30,3,4,Bruschetta,30,8.0
2024-10-30,3,5,Tiramisu,37,7.0
2024-10-30,3,6,Caesar Salad,27,10.0
2024-10-30,3,7,Minestrone Soup,27,9.0
2024-10-30,4,1,Margherita Pizza,34,12.0
2024-10-30,4,2,Pasta Alfredo,33,14.0
2024-10-30,4,3,Lasagna Bolognese,28,16.0
2024-10-30,4,4,Bruschetta,35,8.0
2024-10-30,4,5,Tiramisu,38,7.0
2024-10-30,4,6,Caesar Salad,25,10.0
2024-10-30,4,7,Minestrone Soup,29,9.0
2024-10-30,5,1,Margherita Pizza,26,12.0
2024-10-30,5,2,Pasta Alfredo,37,14.0
2024-10-30,5,3,Lasagna Bolognese,23,16.0
2024-10-30,5,4,Bruschetta,29,8.0
2024-10-30,5,5,Tiramisu,33,7.0
2024-10-30,5,6,Caesar Salad,24,10.0
2024-10-30,5,7,Minestrone Soup,31,9.0
2024-10-31,1,1,Margherita Pizza,26,12.0
2024-10-31,1,2,Pasta Alfredo,28,14.0
2024-10-31,1,3,Lasagna Bolognese,25,16.0
2024-10-31,1,4,Bruschetta,25,8.0
2024-10-31,1,5,Tiramisu,28,7.0
2024-10-31,1,6,Caesar Salad,22,10.0
2024-10-31,1,7,Minestrone Soup,32,9.0
2024-10-31,2,1,Margherita Pizza,28,12.0
2024-10-31,2,2,Pasta Alfredo,30,14.0
2024-10-31,2,3,Lasagna Bolognese,18,16.0
2024-10-31,2,4,Bruschetta,26,8.0
2024-10-31,2,5,Tiramisu,32,7.0
2024-10-31,2,6,Caesar Salad,21,10.0
2024-10-31,2,7,Minestrone Soup,22,9.0
2024-10-31,3,1,Margherita Pizza,26,12.0
2024-10-31,3,2,Pasta Alfredo,37,14.0
2024-10-31,3,3,Lasagna Bolognese,28,16.0
2024-10-31,3,4,Bruschetta,26,8.0
2024-10-31,3,5,Tiramisu,35,7.0
2024-10-31,3,6,Caesar Salad,20,10.0
2024-10-31,3,7,Minestrone Soup,33,9.0
2024-10-31,4,1,Margherita Pizza,30,12.0
2024-10-31,4,2,Pasta Alfredo,37,14.0
2024-10-31,4,3,Lasagna Bolognese,20,16.0
2024-10-31,4,4,Bruschetta,32,8.0
2024-10-31,4,5,Tiramisu,35,7.0
2024-10-31,4,6,Caesar Salad,27,10.0
2024-10-31,4,7,Minestrone Soup,32,9.0
2024-10-31,5,1,Margherita Pizza,31,12.0
2024-10-31,5,2,Pasta Alfredo,34,14.0
2024-10-31,5,3,Lasagna Bolognese,28,16.0
2024-10-31,5,4,Bruschetta,31,8.0
2024-10-31,5,5,Tiramisu,34,7.0
2024-10-31,5,6,Caesar Salad,23,10.0
2024-10-31,5,7,Minestrone Soup,27,9.0
2024-11-01,1,1,Margherita Pizza,34,12.0
2024-11-01,1,2,Pasta Alfredo,44,14.0
2024-11-01,1,3,Lasagna Bolognese,30,16.0
2024-11-01,1,4,Bruschetta,34,8.0
2024-11-01,1,5,Tiramisu,43,7.0
2024-11-01,1,6,Caesar Salad,27,10.0
2024-11-01,1,7,Minestrone Soup,35,9.0
2024-11-01,2,1,Margherita Pizza,36,12.0
2024-11-01,2,2,Pasta Alfredo,45,14.0
2024-11-01,2,3,Lasagna Bolognese,26,16.0
2024-11-01,2,4,Bruschetta,34,8.0
2024-11-01,2,5,Tiramisu,38,7.0
2024-11-01,2,6,Caesar Salad,30,10.0
2024-11-01,2,7,Minestrone Soup,41,9.0
2024-11-01,3,1,Margherita Pizza,37,12.0
2024-11-01,3,2,Pasta Alfredo,44,14.0
2024-11-01,3,3,Lasagna Bolognese,35,16.0
2024-11-01,3,4,Bruschetta,42,8.0
2024-11-01,3,5,Tiramisu,45,7.0
2024-11-01,3,6,Caesar Salad,34,10.0
2024-11-01,3,7,Minestrone Soup,36,9.0
2024-11-01,4,1,Margherita Pizza,45,12.0
2024-11-01,4,2,Pasta Alfredo,54,14.0
2024-11-01,4,3,Lasagna Bolognese,35,16.0
2024-11-01,4,4,Bruschetta,34,8.0
2024-11-01,4,5,Tiramisu,46,7.0
2024-11-01,4,6,Caesar Salad,36,10.0
2024-11-01,4,7,Minestrone Soup,39,9.0
2024-11-01,5,1,Margherita Pizza,46,12.0
2024-11-01,5,2,Pasta Alfredo,51,14.0
2024-11-01,5,3,Lasagna Bolognese,33,16.0
2024-11-01,5,4,Bruschetta,43,8.0
2024-11-01,5,5,Tiramisu,47,7.0
2024-11-01,5,6,Caesar Salad,35,10.0
2024-11-01,5,7,Minestrone Soup,41,9.0
2024-11-02,1,1,Margherita Pizza,39,12.0
2024-11-02,1,2,Pasta Alfredo,47,14.0
2024-11-02,1,3,Lasagna Bolognese,25,16.0
2024-11-02,1,4,Bruschetta,29,8.0
2024-11-02,1,5,Tiramisu,40,7.0
2024-11-02,1,6,Caesar Salad,25,10.0
2024-11-02,1,7,Minestrone Soup,35,9.0
2024-11-02,2,1,Margherita Pizza,39,12.0
2024-11-02,2,2,Pasta Alfredo,48,14.0
2024-11-02,2,3,Lasagna Bolognese,31,16.0
2024-11-02,2,4,Bruschetta,36,8.0
2024-11-02,2,5,Tiramisu,37,7.0
2024-11-02,2,6,Caesar Salad,31,10.0
2024-11-02,2,7,Minestrone Soup,37,9.0
2024-11-02,3,1,Margherita Pizza,41,12.0
2024-11-02,3,2,Pasta Alfredo,43,14.0
2024-11-02,3,3,Lasagna Bolognese,31,16.0
2024-11-02,3,4,Bruschetta,34,8.0
2024-11-02,3,5,Tiramisu,38,7.0
2024-11-02,3,6,Caesar Salad,29,10.0
2024-11-02,3,7,Minestrone Soup,34,9.0
2024-11-02,4,1,Margherita Pizza,42,12.0
2024-11-02,4,2,Pasta Alfredo,46,14.0
2024-11-02,4,3,Lasagna Bolognese,32,16.0
2024-11-02,4,4,Bruschetta,38,8.0
2024-11-02,4,5,Tiramisu,38,7.0
2024-11-02,4,6,Caesar Salad,38,10.0
2024-11-02,4,7,Minestrone Soup,38,9.0
2024-11-02,5,1,Margherita Pizza,41,12.0
2024-11-02,5,2,Pasta Alfredo,45,14.0
2024-11-02,5,3,Lasagna Bolognese,38,16.0
2024-11-02,5,4,Bruschetta,43,8.0
2024-11-02,5,5,Tiramisu,47,7.0
2024-11-02,5,6,Caesar Salad,34,10.0
2024-11-02,5,7,Minestrone Soup,48,9.0
2024-11-03,1,1,Margherita Pizza,30,12.0
2024-11-03,1,2,Pasta Alfredo,34,14.0
2024-11-03,1,3,Lasagna Bolognese,22,16.0
2024-11-03,1,4,Bruschetta,24,8.0
2024-11-03,1,5,Tiramisu,34,7.0
2024-11-03,1,6,Caesar Salad,26,10.0
2024-11-03,1,7,Minestrone Soup,33,9.0
2024-11-03,2,1,Margherita Pizza,25,12.0
2024-11-03,2,2,Pasta Alfredo,33,14.0
2024-11-03,2,3,Lasagna Bolognese,25,16.0
2024-11-03,2,4,Bruschetta,32,8.0
2024-11-03,2,5,Tiramisu,36,7.0
2024-11-03,2,6,Caesar Salad,26,10.0
2024-11-03,2,7,Minestrone Soup,33,9.0
2024-11-03,3,1,Margherita Pizza,30,12.0
2024-11-03,3,2,Pasta Alfredo,41,14.0
2024-11-03,3,3,Lasagna Bolognese,29,16.0
2024-11-03,3,4,Bruschetta,32,8.0
2024-11-03,3,5,Tiramisu,43,7.0
2024-11-03,3,6,Caesar Salad,32,10.0
2024-11-03,3,7,Minestrone Soup,36,9.0
2024-11-03,4,1,Margherita Pizza,26,12.0
2024-11-03,4,2,Pasta Alfredo,45,14.0
2024-11-03,4,3,Lasagna Bolognese,31,16.0
2024-11-03,4,4,Bruschetta,41,8.0
2024-11-03,4,5,Tiramisu,44,7.0
2024-11-03,4,6,Caesar Salad,34,10.0
2024-11-03,4,7,Minestrone Soup,37,9.0
2024-11-03,5,1,Margherita Pizza,40,12.0
2024-11-03,5,2,Pasta Alfredo,48,14.0
2024-11-03,5,3,Lasagna Bolognese,31,16.0
2024-11-03,5,4,Bruschetta,32,8.0
2024-11-03,5,5,Tiramisu,41,7.0
2024-11-03,5,6,Caesar Salad,31,10.0
2024-11-03,5,7,Minestrone Soup,36,9.0
2024-11-04,1,1,Margherita Pizza,18,12.0
2024-11-04,1,2,Pasta Alfredo,21,14.0
2024-11-04,1,3,Lasagna Bolognese,16,16.0
2024-11-04,1,4,Bruschetta,25,8.0
2024-11-04,1,5,Tiramisu,31,7.0
2024-11-04,1,6,Caesar Salad,21,10.0
2024-11-04,1,7,Minestrone Soup,25,9.0
2024-11-04,2,1,Margherita Pizza,23,12.0
2024-11-04,2,2,Pasta Alfredo,22,14.0
2024-11-04,2,3,Lasagna Bolognese,18,16.0
2024-11-04,2,4,Bruschetta,23,8.0
2024-11-04,2,5,Tiramisu,26,7.0
2024-11-04,2,6,Caesar Salad,20,10.0
2024-11-04,2,7,Minestrone Soup,25,9.0
2024-11-04,3,1,Margherita Pizza,27,12.0
2024-11-04,3,2,Pasta Alfredo,28,14.0
2024-11-04,3,3,Lasagna Bolognese,15,16.0
2024-11-04,3,4,Bruschetta,23,8.0
2024-11-04,3,5,Tiramisu,29,7.0
2024-11-04,3,6,Caesar Salad,24,10.0
2024-11-04,3,7,Minestrone Soup,23,9.0
2024-11-04,4,1,Margherita Pizza,27,12.0
2024-11-04,4,2,Pasta Alfredo,31,14.0
2024-11-04,4,3,Lasagna Bolognese,21,16.0
2024-11-04,4,4,Bruschetta,28,8.0
2024-11-04,4,5,Tiramisu,28,7.0
2024-11-04,4,6,Caesar Salad,20,10.0
2024-11-04,4,7,Minestrone Soup,26,9.0
2024-11-04,5,1,Margherita Pizza,25,12.0
2024-11-04,5,2,Pasta Alfredo,33,14.0
2024-11-04,5,3,Lasagna Bolognese,20,16.0
2024-11-04,5,4,Bruschetta,27,8.0
2024-11-04,5,5,Tiramisu,31,7.0
2024-11-04,5,6,Caesar Salad,23,10.0
2024-11-04,5,7,Minestrone Soup,25,9.0
2024-11-05,1,1,Margherita Pizza,25,12.0
2024-11-05,1,2,Pasta Alfredo,31,14.0
2024-11-05,1,3,Lasagna Bolognese,22,16.0
2024-11-05,1,4,Bruschetta,26,8.0
2024-11-05,1,5,Tiramisu,35,7.0
2024-11-05,1,6,Caesar Salad,19,10.0
2024-11-05,1,7,Minestrone Soup,26,9.0
2024-11-05,2,1,Margherita Pizza,23,12.0
2024-11-05,2,2,Pasta Alfredo,33,14.0
2024-11-05,2,3,Lasagna Bolognese,19,16.0
2024-11-05,2,4,Bruschetta,27,8.0
2024-11-05,2,5,Tiramisu,31,7.0
2024-11-05,2,6,Caesar Salad,24,10.0
2024-11-05,2,7,Minestrone Soup,26,9.0
2024-11-05,3,1,Margherita Pizza,27,12.0
2024-11-05,3,2,Pasta Alfredo,38,14.0
2024-11-05,3,3,Lasagna Bolognese,25,16.0
2024-11-05,3,4,Bruschetta,27,8.0
2024-11-05,3,5,Tiramisu,33,7.0
2024-11-05,3,6,Caesar Salad,29,10.0
2024-11-05,3,7,Minestrone Soup,28,9.0
2024-11-05,4,1,Margherita Pizza,28,12.0
2024-11-05,4,2,Pasta Alfredo,33,14.0
2024-11-05,4,3,Lasagna Bolognese,23,16.0
2024-11-05,4,4,Bruschetta,28,8.0
2024-11-05,4,5,Tiramisu,31,7.0
2024-11-05,4,6,Caesar Salad,22,10.0
2024-11-05,4,7,Minestrone Soup,28,9.0
2024-11-05,5,1,Margherita Pizza,33,12.0
2024-11-05,5,2,Pasta Alfredo,36,14.0
2024-11-05,5,3,Lasagna Bolognese,26,16.0
2024-11-05,5,4,Bruschetta,35,8.0
2024-11-05,5,5,Tiramisu,41,7.0
2024-11-05,5,6,Caesar Salad,25,10.0
2024-11-05,5,7,Minestrone Soup,30,9.0
2024-11-06,1,1,Margherita Pizza,23,12.0
2024-11-06,1,2,Pasta Alfredo,32,14.0
2024-11-06,1,3,Lasagna Bolognese,21,16.0
2024-11-06,1,4,Bruschetta,25,8.0
2024-11-06,1,5,Tiramisu,28,7.0
2024-11-06,1,6,Caesar Salad,19,10.0
2024-11-06,1,7,Minestrone Soup,27,9.0
2024-11-06,2,1,Margherita Pizza,23,12.0
2024-11-06,2,2,Pasta Alfredo,35,14.0
2024-11-06,2,3,Lasagna Bolognese,21,16.0
2024-11-06,2,4,Bruschetta,27,8.0
2024-11-06,2,5,Tiramisu,28,7.0
2024-11-06,2,6,Caesar Salad,23,10.0
2024-11-06,2,7,Minestrone Soup,26,9.0
2024-11-06,3,1,Margherita Pizza,29,12.0
2024-11-06,3,2,Pasta Alfredo,38,14.0
2024-11-06,3,3,Lasagna Bolognese,25,16.0
2024-11-06,3,4,Bruschetta,26,8.0
2024-11-06,3,5,Tiramisu,31,7.0
2024-11-06,3,6,Caesar Salad,26,10.0
2024-11-06,3,7,Minestrone Soup,33,9.0
2024-11-06,4,1,Margherita Pizza,31,12.0
2024-11-06,4,2,Pasta Alfredo,37,14.0
2024-11-06,4,3,Lasagna Bolognese,27,16.0
2024-11-06,4,4,Bruschetta,34,8.0
2024-11-06,4,5,Tiramisu,29,7.0
2024-11-06,4,6,Caesar Salad,27,10.0
2024-11-06,4,7,Minestrone Soup,33,9.0
2024-11-06,5,1,Margherita Pizza,27,12.0
2024-11-06,5,2,Pasta Alfredo,34,14.0
2024-11-06,5,3,Lasagna Bolognese,24,16.0
2024-11-06,5,4,Bruschetta,29,8.0
2024-11-06,5,5,Tiramisu,35,7.0
2024-11-06,5,6,Caesar Salad,27,10.0
2024-11-06,5,7,Minestrone Soup,34,9.0
2024-11-07,1,1,Margherita Pizza,29,12.0
2024-11-07,1,2,Pasta Alfredo,28,14.0
2024-11-07,1,3,Lasagna Bolognese,19,16.0
2024-11-07,1,4,Bruschetta,30,8.0
2024-11-07,1,5,Tiramisu,32,7.0
2024-11-07,1,6,Caesar Salad,22,10.0
2024-11-07,1,7,Minestrone Soup,27,9.0
2024-11-07,2,1,Margherita Pizza,27,12.0
2024-11-07,2,2,Pasta Alfredo,34,14.0
2024-11-07,2,3,Lasagna Bolognese,22,16.0
2024-11-07,2,4,Bruschetta,28,8.0
2024-11-07,2,5,Tiramisu,27,7.0
2024-11-07,2,6,Caesar Salad,21,10.0
2024-11-07,2,7,Minestrone Soup,25,9.0
2024-11-07,3,1,Margherita Pizza,28,12.0
2024-11-07,3,2,Pasta Alfredo,31,14.0
2024-11-07,3,3,Lasagna Bolognese,22,16.0
2024-11-07,3,4,Bruschetta,24,8.0
2024-11-07,3,5,Tiramisu,35,7.0
2024-11-07,3,6,Caesar Salad,24,10.0
2024-11-07,3,7,Minestrone Soup,24,9.0
2024-11-07,4,1,Margherita Pizza,28,12.0
2024-11-07,4,2,Pasta Alfredo,36,14.0
2024-11-07,4,3,Lasagna Bolognese,23,16.0
2024-11-07,4,4,Bruschetta,28,8.0
2024-11-07,4,5,Tiramisu,35,7.0
2024-11-07,4,6,Caesar Salad,26,10.0
2024-11-07,4,7,Minestrone Soup,26,9.0
2024-11-07,5,1,Margherita Pizza,33,12.0
2024-11-07,5,2,Pasta Alfredo,34,14.0
2024-11-07,5,3,Lasagna Bolognese,26,16.0
2024-11-07,5,4,Bruschetta,31,8.0
2024-11-07,5,5,Tiramisu,35,7.0
2024-11-07,5,6,Caesar Salad,23,10.0
2024-11-07,5,7,Minestrone Soup,31,9.0
2024-11-08,1,1,Margherita Pizza,40,12.0
2024-11-08,1,2,Pasta Alfredo,37,14.0
2024-11-08,1,3,Lasagna Bolognese,34,16.0
2024-11-08,1,4,Bruschetta,34,8.0
2024-11-08,1,5,Tiramisu,41,7.0
2024-11-08,1,6,Caesar Salad,26,10.0
2024-11-08,1,7,Minestrone Soup,33,9.0
2024-11-08,2,1,Margherita Pizza,35,12.0
2024-11-08,2,2,Pasta Alfredo,40,14.0
2024-11-08,2,3,Lasagna Bolognese,30,16.0
2024-11-08,2,4,Bruschetta,36,8.0
2024-11-08,2,5,Tiramisu,49,7.0
2024-11-08,2,6,Caesar Salad,27,10.0
2024-11-08,2,7,Minestrone Soup,37,9.0
2024-11-08,3,1,Margherita Pizza,40,12.0
2024-11-08,3,2,Pasta Alfredo,42,14.0
2024-11-08,3,3,Lasagna Bolognese,34,16.0
2024-11-08,3,4,Bruschetta,38,8.0
2024-11-08,3,5,Tiramisu,38,7.0
2024-11-08,3,6,Caesar Salad,34,10.0
2024-11-08,3,7,Minestrone Soup,35,9.0
2024-11-08,4,1,Margherita Pizza,38,12.0
2024-11-08,4,2,Pasta Alfredo,50,14.0
2024-11-08,4,3,Lasagna Bolognese,33,16.0
2024-11-08,4,4,Bruschetta,43,8.0
2024-11-08,4,5,Tiramisu,51,7.0
2024-11-08,4,6,Caesar Salad,32,10.0
2024-11-08,4,7,Minestrone Soup,43,9.0
2024-11-08,5,1,Margherita Pizza,40,12.0
2024-11-08,5,2,Pasta Alfredo,56,14.0
2024-11-08,5,3,Lasagna Bolognese,33,16.0
2024-11-08,5,4,Bruschetta,46,8.0
2024-11-08,5,5,Tiramisu,52,7.0
2024-11-08,5,6,Caesar Salad,36,10.0
2024-11-08,5,7,Minestrone Soup,41,9.0
2024-11-09,1,1,Margherita Pizza,35,12.0
2024-11-09,1,2,Pasta Alfredo,35,14.0
2024-11-09,1,3,Lasagna Bolognese,30,16.0
2024-11-09,1,4,Bruschetta,36,8.0
2024-11-09,1,5,Tiramisu,41,7.0
2024-11-09,1,6,Caesar Salad,20,10.0
2024-11-09,1,7,Minestrone Soup,31,9.0
2024-11-09,2,1,Margherita Pizza,35,12.0
2024-11-09,2,2,Pasta Alfredo,44,14.0
2024-11-09,2,3,Lasagna Bolognese,32,16.0
2024-11-09,2,4,Bruschetta,36,8.0
2024-11-09,2,5,Tiramisu,45,7.0
2024-11-09,2,6,Caesar Salad,28,10.0
2024-11-09,2,7,Minestrone Soup,39,9.0
2024-11-09,3,1,Margherita Pizza,40,12.0
2024-11-09,3,2,Pasta Alfredo,46,14.0
2024-11-09,3,3,Lasagna Bolognese,32,16.0
2024-11-09,3,4,Bruschetta,44,8.0
2024-11-09,3,5,Tiramisu,47,7.0
2024-11-09,3,6,Caesar Salad,29,10.0
2024-11-09,3,7,Minestrone Soup,40,9.0
2024-11-09,4,1,Margherita Pizza,43,12.0
2024-11-09,4,2,Pasta Alfredo,46,14.0
2024-11-09,4,3,Lasagna Bolognese,37,16.0
2024-11-09,4,4,Bruschetta,42,8.0
2024-11-09,4,5,Tiramisu,40,7.0
2024-11-09,4,6,Caesar Salad,35,10.0
2024-11-09,4,7,Minestrone Soup,39,9.0
2024-11-09,5,1,Margherita Pizza,44,12.0
2024-11-09,5,2,Pasta Alfredo,52,14.0
2024-11-09,5,3,Lasagna Bolognese,36,16.0
2024-11-09,5,4,Bruschetta,48,8.0
2024-11-09,5,5,Tiramisu,49,7.0
2024-11-09,5,6,Caesar Salad,37,10.0
2024-11-09,5,7,Minestrone Soup,45,9.0
2024-11-10,1,1,Margherita Pizza,30,12.0
2024-11-10,1,2,Pasta Alfredo,37,14.0
2024-11-10,1,3,Lasagna Bolognese,23,16.0
2024-11-10,1,4,Bruschetta,29,8.0
2024-11-10,1,5,Tiramisu,31,7.0
2024-11-10,1,6,Caesar Salad,26,10.0
2024-11-10,1,7,Minestrone Soup,31,9.0
2024-11-10,2,1,Margherita Pizza,35,12.0
2024-11-10,2,2,Pasta Alfredo,39,14.0
2024-11-10,2,3,Lasagna Bolognese,25,16.0
2024-11-10,2,4,Bruschetta,28,8.0
2024-11-10,2,5,Tiramisu,38,7.0
2024-11-10,2,6,Caesar Salad,30,10.0
2024-11-10,2,7,Minestrone Soup,34,9.0
2024-11-10,3,1,Margherita Pizza,36,12.0
2024-11-10,3,2,Pasta Alfredo,38,14.0
2024-11-10,3,3,Lasagna Bolognese,26,16.0
2024-11-10,3,4,Bruschetta,31,8.0
2024-11-10,3,5,Tiramisu,38,7.0
2024-11-10,3,6,Caesar Salad,27,10.0
2024-11-10,3,7,Minestrone Soup,34,9.0
2024-11-10,4,1,Margherita Pizza,34,12.0
2024-11-10,4,2,Pasta Alfredo,40,14.0
2024-11-10,4,3,Lasagna Bolognese,27,16.0
2024-11-10,4,4,Bruschetta,37,8.0
2024-11-10,4,5,Tiramisu,41,7.0
2024-11-10,4,6,Caesar Salad,28,10.0
2024-11-10,4,7,Minestrone Soup,32,9.0
2024-11-10,5,1,Margherita Pizza,32,12.0
2024-11-10,5,2,Pasta Alfredo,46,14.0
2024-11-10,5,3,Lasagna Bolognese,32,16.0
2024-11-10,5,4,Bruschetta,31,8.0
2024-11-10,5,5,Tiramisu,45,7.0
2024-11-10,5,6,Caesar Salad,33,10.0
2024-11-10,5,7,Minestrone Soup,37,9.0
2024-11-11,1,1,Margherita Pizza,27,12.0
2024-11-11,1,2,Pasta Alfredo,26,14.0
2024-11-11,1,3,Lasagna Bolognese,14,16.0
2024-11-11,1,4,Bruschetta,23,8.0
2024-11-11,1,5,Tiramisu,27,7.0
2024-11-11,1,6,Caesar Salad,17,10.0
2024-11-11,1,7,Minestrone Soup,24,9.0
2024-11-11,2,1,Margherita Pizza,18,12.0
2024-11-11,2,2,Pasta Alfredo,30,14.0
2024-11-11,2,3,Lasagna Bolognese,17,16.0
2024-11-11,2,4,Bruschetta,20,8.0
2024-11-11,2,5,Tiramisu,27,7.0
2024-11-11,2,6,Caesar Salad,21,10.0
2024-11-11,2,7,Minestrone Soup,24,9.0
2024-11-11,3,1,Margherita Pizza,22,12.0
2024-11-11,3,2,Pasta Alfredo,27,14.0
2024-11-11,3,3,Lasagna Bolognese,17,16.0
2024-11-11,3,4,Bruschetta,24,8.0
2024-11-11,3,5,Tiramisu,32,7.0
2024-11-11,3,6,Caesar Salad,20,10.0
2024-11-11,3,7,Minestrone Soup,27,9.0
2024-11-11,4,1,Margherita Pizza,30,12.0
2024-11-11,4,2,Pasta Alfredo,28,14.0
2024-11-11,4,3,Lasagna Bolognese,21,16.0
2024-11-11,4,4,Bruschetta,32,8.0
2024-11-11,4,5,Tiramisu,34,7.0
2024-11-11,4,6,Caesar Salad,16,10.0
2024-11-11,4,7,Minestrone Soup,27,9.0
2024-11-11,5,1,Margherita Pizza,27,12.0
2024-11-11,5,2,Pasta Alfredo,34,14.0
2024-11-11,5,3,Lasagna Bolognese,20,16.0
2024-11-11,5,4,Bruschetta,24,8.0
2024-11-11,5,5,Tiramisu,29,7.0
2024-11-11,5,6,Caesar Salad,21,10.0
2024-11-11,5,7,Minestrone Soup,29,9.0
2024-11-12,1,1,Margherita Pizza,22,12.0
2024-11-12,1,2,Pasta Alfredo,29,14.0
2024-11-12,1,3,Lasagna Bolognese,16,16.0
2024-11-12,1,4,Bruschetta,29,8.0
2024-11-12,1,5,Tiramisu,34,7.0
2024-11-12,1,6,Caesar Salad,21,10.0
2024-11-12,1,7,Minestrone Soup,25,9.0
2024-11-12,2,1,Margherita Pizza,29,12.0
2024-11-12,2,2,Pasta Alfredo,36,14.0
2024-11-12,2,3,Lasagna Bolognese,24,16.0
2024-11-12,2,4,Bruschetta,25,8.0
2024-11-12,2,5,Tiramisu,27,7.0
2024-11-12,2,6,Caesar Salad,19,10.0
2024-11-12,2,7,Minestrone Soup,28,9.0
2024-11-12,3,1,Margherita Pizza,27,12.0
2024-11-12,3,2,Pasta Alfredo,34,14.0
2024-11-12,3,3,Lasagna Bolognese,22,16.0
2024-11-12,3,4,Bruschetta,26,8.0
2024-11-12,3,5,Tiramisu,30,7.0
2024-11-12,3,6,Caesar Salad,29,10.0
2024-11-12,3,7,Minestrone Soup,31,9.0
2024-11-12,4,1,Margherita Pizza,35,12.0
2024-11-12,4,2,Pasta Alfredo,37,14.0
2024-11-12,4,3,Lasagna Bolognese,24,16.0
2024-11-12,4,4,Bruschetta,34,8.0
2024-11-12,4,5,Tiramisu,35,7.0
2024-11-12,4,6,Caesar Salad,26,10.0
2024-11-12,4,7,Minestrone Soup,30,9.0
2024-11-12,5,1,Margherita Pizza,23,12.0
2024-11-12,5,2,Pasta Alfredo,42,14.0
2024-11-12,5,3,Lasagna Bolognese,28,16.0
2024-11-12,5,4,Bruschetta,33,8.0
2024-11-12,5,5,Tiramisu,37,7.0
2024-11-12,5,6,Caesar Salad,27,10.0
2024-11-12,5,7,Minestrone Soup,30,9.0
2024-11-13,1,1,Margherita Pizza,28,12.0
2024-11-13,1,2,Pasta Alfredo,26,14.0
2024-11-13,1,3,Lasagna Bolognese,22,16.0
2024-11-13,1,4,Bruschetta,28,8.0
2024-11-13,1,5,Tiramisu,30,7.0
2024-11-13,1,6,Caesar Salad,23,10.0
2024-11-13,1,7,Minestrone Soup,23,9.0
2024-11-13,2,1,Margherita Pizza,25,12.0
2024-11-13,2,2,Pasta Alfredo,33,14.0
2024-11-13,2,3,Lasagna Bolognese,25,16.0
2024-11-13,2,4,Bruschetta,22,8.0
2024-11-13,2,5,Tiramisu,34,7.0
2024-11-13,2,6,Caesar Salad,21,10.0
2024-11-13,2,7,Minestrone Soup,27,9.0
2024-11-13,3,1,Margherita Pizza,25,12.0
2024-11-13,3,2,Pasta Alfredo,31,14.0
2024-11-13,3,3,Lasagna Bolognese,27,16.0
2024-11-13,3,4,Bruschetta,29,8.0
2024-11-13,3,5,Tiramisu,32,7.0
2024-11-13,3,6,Caesar Salad,24,10.0
2024-11-13,3,7,Minestrone Soup,30,9.0
2024-11-13,4,1,Margherita Pizza,31,12.0
2024-11-13,4,2,Pasta Alfredo,35,14.0
2024-11-13,4,3,Lasagna Bolognese,28,16.0
2024-11-13,4,4,Bruschetta,33,8.0
2024-11-13,4,5,Tiramisu,36,7.0
2024-11-13,4,6,Caesar Salad,25,10.0
2024-11-13,4,7,Minestrone Soup,32,9.0
2024-11-13,5,1,Margherita Pizza,32,12.0
2024-11-13,5,2,Pasta Alfredo,40,14.0
2024-11-13,5,3,Lasagna Bolognese,29,16.0
2024-11-13,5,4,Bruschetta,28,8.0
2024-11-13,5,5,Tiramisu,34,7.0
2024-11-13,5,6,Caesar Salad,24,10.0
2024-11-13,5,7,Minestrone Soup,34,9.0
2024-11-14,1,1,Margherita Pizza,21,12.0
2024-11-14,1,2,Pasta Alfredo,32,14.0
2024-11-14,1,3,Lasagna Bolognese,23,16.0
2024-11-14,1,4,Bruschetta,30,8.0
2024-11-14,1,5,Tiramisu,31,7.0
2024-11-14,1,6,Caesar Salad,18,10.0
2024-11-14,1,7,Minestrone Soup,23,9.0
2024-11-14,2,1,Margherita Pizza,24,12.0
2024-11-14,2,2,Pasta Alfredo,30,14.0
2024-11-14,2,3,Lasagna Bolognese,22,16.0
2024-11-14,2,4,Bruschetta,24,8.0
2024-11-14,2,5,Tiramisu,36,7.0
2024-11-14,2,6,Caesar Salad,19,10.0
2024-11-14,2,7,Minestrone Soup,31,9.0
2024-11-14,3,1,Margherita Pizza,32,12.0
2024-11-14,3,2,Pasta Alfredo,36,14.0
2024-11-14,3,3,Lasagna Bolognese,22,16.0
2024-11-14,3,4,Bruschetta,30,8.0
2024-11-14,3,5,Tiramisu,30,7.0
2024-11-14,3,6,Caesar Salad,27,10.0
2024-11-14,3,7,Minestrone Soup,29,9.0
2024-11-14,4,1,Margherita Pizza,29,12.0
2024-11-14,4,2,Pasta Alfredo,31,14.0
2024-11-14,4,3,Lasagna Bolognese,18,16.0
2024-11-14,4,4,Bruschetta,27,8.0
2024-11-14,4,5,Tiramisu,39,7.0
2024-11-14,4,6,Caesar Salad,24,10.0
2024-11-14,4,7,Minestrone Soup,30,9.0
2024-11-14,5,1,Margherita Pizza,33,12.0
2024-11-14,5,2,Pasta Alfredo,42,14.0
2024-11-14,5,3,Lasagna Bolognese,30,16.0
2024-11-14,5,4,Bruschetta,29,8.0
2024-11-14,5,5,Tiramisu,31,7.0
2024-11-14,5,6,Caesar Salad,33,10.0
2024-11-14,5,7,Minestrone Soup,38,9.0
2024-11-15,1,1,Margherita Pizza,36,12.0
2024-11-15,1,2,Pasta Alfredo,37,14.0
2024-11-15,1,3,Lasagna Bolognese,32,16.0
2024-11-15,1,4,Bruschetta,35,8.0
2024-11-15,1,5,Tiramisu,41,7.0
2024-11-15,1,6,Caesar Salad,32,10.0
2024-11-15,1,7,Minestrone Soup,36,9.0
2024-11-15,2,1,Margherita Pizza,33,12.0
2024-11-15,2,2,Pasta Alfredo,42,14.0
2024-11-15,2,3,Lasagna Bolognese,33,16.0
2024-11-15,2,4,Bruschetta,39,8.0
2024-11-15,2,5,Tiramisu,44,7.0
2024-11-15,2,6,Caesar Salad,34,10.0
2024-11-15,2,7,Minestrone Soup,36,9.0
2024-11-15,3,1,Margherita Pizza,39,12.0
2024-11-15,3,2,Pasta Alfredo,35,14.0
2024-11-15,3,3,Lasagna Bolognese,31,16.0
2024-11-15,3,4,Bruschetta,41,8.0
2024-11-15,3,5,Tiramisu,44,7.0
2024-11-15,3,6,Caesar Salad,31,10.0
2024-11-15,3,7,Minestrone Soup,36,9.0
2024-11-15,4,1,Margherita Pizza,44,12.0
2024-11-15,4,2,Pasta Alfredo,49,14.0
2024-11-15,4,3,Lasagna Bolognese,36,16.0
2024-11-15,4,4,Bruschetta,36,8.0
2024-11-15,4,5,Tiramisu,47,7.0
2024-11-15,4,6,Caesar Salad,33,10.0
2024-11-15,4,7,Minestrone Soup,40,9.0
2024-11-15,5,1,Margherita Pizza,41,12.0
2024-11-15,5,2,Pasta Alfredo,49,14.0
2024-11-15,5,3,Lasagna Bolognese,38,16.0
2024-11-15,5,4,Bruschetta,37,8.0
2024-11-15,5,5,Tiramisu,55,7.0
2024-11-15,5,6,Caesar Salad,37,10.0
2024-11-15,5,7,Minestrone Soup,42,9.0
2024-11-16,1,1,Margherita Pizza,38,12.0
2024-11-16,1,2,Pasta Alfredo,37,14.0
2024-11-16,1,3,Lasagna Bolognese,27,16.0
2024-11-16,1,4,Bruschetta,35,8.0
2024-11-16,1,5,Tiramisu,45,7.0
2024-11-16,1,6,Caesar Salad,29,10.0
2024-11-16,1,7,Minestrone Soup,36,9.0
2024-11-16,2,1,Margherita Pizza,35,12.0
2024-11-16,2,2,Pasta Alfredo,45,14.0
2024-11-16,2,3,Lasagna Bolognese,36,16.0
2024-11-16,2,4,Bruschetta,40,8.0
2024-11-16,2,5,Tiramisu,43,7.0
2024-11-16,2,6,Caesar Salad,33,10.0
2024-11-16,2,7,Minestrone Soup,39,9.0
2024-11-16,3,1,Margherita Pizza,40,12.0
2024-11-16,3,2,Pasta Alfredo,49,14.0
2024-11-16,3,3,Lasagna Bolognese,36,16.0
2024-11-16,3,4,Bruschetta,38,8.0
2024-11-16,3,5,Tiramisu,47,7.0
2024-11-16,3,6,Caesar Salad,31,10.0
2024-11-16,3,7,Minestrone Soup,36,9.0
2024-11-16,4,1,Margherita Pizza,40,12.0
2024-11-16,4,2,Pasta Alfredo,47,14.0
2024-11-16,4,3,Lasagna Bolognese,29,16.0
2024-11-16,4,4,Bruschetta,43,8.0
2024-11-16,4,5,Tiramisu,39,7.0
2024-11-16,4,6,Caesar Salad,42,10.0
2024-11-16,4,7,Minestrone Soup,45,9.0
2024-11-16,5,1,Margherita Pizza,42,12.0
2024-11-16,5,2,Pasta Alfredo,50,14.0
2024-11-16,5,3,Lasagna Bolognese,36,16.0
2024-11-16,5,4,Bruschetta,41,8.0
2024-11-16,5,5,Tiramisu,50,7.0
2024-11-16,5,6,Caesar Salad,35,10.0
2024-11-16,5,7,Minestrone Soup,42,9.0
2024-11-17,1,1,Margherita Pizza,30,12.0
2024-11-17,1,2,Pasta Alfredo,31,14.0
2024-11-17,1,3,Lasagna Bolognese,25,16.0
2024-11-17,1,4,Bruschetta,30,8.0
2024-11-17,1,5,Tiramisu,35,7.0
2024-11-17,1,6,Caesar Salad,24,10.0
2024-11-17,1,7,Minestrone Soup,33,9.0
2024-11-17,2,1,Margherita Pizza,30,12.0
2024-11-17,2,2,Pasta Alfredo,37,14.0
2024-11-17,2,3,Lasagna Bolognese,30,16.0
2024-11-17,2,4,Bruschetta,31,8.0
2024-11-17,2,5,Tiramisu,37,7.0
2024-11-17,2,6,Caesar Salad,26,10.0
2024-11-17,2,7,Minestrone Soup,35,9.0
2024-11-17,3,1,Margherita Pizza,32,12.0
2024-11-17,3,2,Pasta Alfredo,42,14.0
2024-11-17,3,3,Lasagna Bolognese,27,16.0
2024-11-17,3,4,Bruschetta,31,8.0
2024-11-17,3,5,Tiramisu,41,7.0
2024-11-17,3,6,Caesar Salad,27,10.0
2024-11-17,3,7,Minestrone Soup,35,9.0
2024-11-17,4,1,Margherita Pizza,26,12.0
2024-11-17,4,2,Pasta Alfredo,40,14.0
2024-11-17,4,3,Lasagna Bolognese,28,16.0
2024-11-17,4,4,Bruschetta,31,8.0
2024-11-17,4,5,Tiramisu,39,7.0
2024-11-17,4,6,Caesar Salad,27,10.0
2024-11-17,4,7,Minestrone Soup,35,9.0
2024-11-17,5,1,Margherita Pizza,32,12.0
2024-11-17,5,2,Pasta Alfredo,43,14.0
2024-11-17,5,3,Lasagna Bolognese,34,16.0
2024-11-17,5,4,Bruschetta,37,8.0
2024-11-17,5,5,Tiramisu,45,7.0
2024-11-17,5,6,Caesar Salad,33,10.0
2024-11-17,5,7,Minestrone Soup,40,9.0
2024-11-18,1,1,Margherita Pizza,28,12.0
2024-11-18,1,2,Pasta Alfredo,24,14.0
2024-11-18,1,3,Lasagna Bolognese,16,16.0
2024-11-18,1,4,Bruschetta,24,8.0
2024-11-18,1,5,Tiramisu,28,7.0
2024-11-18,1,6,Caesar Salad,21,10.0
2024-11-18,1,7,Minestrone Soup,28,9.0
2024-11-18,2,1,Margherita Pizza,23,12.0
2024-11-18,2,2,Pasta Alfredo,28,14.0
2024-11-18,2,3,Lasagna Bolognese,16,16.0
2024-11-18,2,4,Bruschetta,30,8.0
2024-11-18,2,5,Tiramisu,26,7.0
2024-11-18,2,6,Caesar Salad,18,10.0
2024-11-18,2,7,Minestrone Soup,22,9.0
2024-11-18,3,1,Margherita Pizza,23,12.0
2024-11-18,3,2,Pasta Alfredo,26,14.0
2024-11-18,3,3,Lasagna Bolognese,19,16.0
2024-11-18,3,4,Bruschetta,20,8.0
2024-11-18,3,5,Tiramisu,26,7.0
2024-11-18,3,6,Caesar Salad,26,10.0
2024-11-18,3,7,Minestrone Soup,27,9.0
2024-11-18,4,1,Margherita Pizza,28,12.0
2024-11-18,4,2,Pasta Alfredo,33,14.0
2024-11-18,4,3,Lasagna Bolognese,27,16.0
2024-11-18,4,4,Bruschetta,20,8.0
2024-11-18,4,5,Tiramisu,26,7.0
2024-11-18,4,6,Caesar Salad,19,10.0
2024-11-18,4,7,Minestrone Soup,24,9.0
2024-11-18,5,1,Margherita Pizza,26,12.0
2024-11-18,5,2,Pasta Alfredo,30,14.0
2024-11-18,5,3,Lasagna Bolognese,23,16.0
2024-11-18,5,4,Bruschetta,27,8.0
2024-11-18,5,5,Tiramisu,29,7.0
2024-11-18,5,6,Caesar Salad,16,10.0
2024-11-18,5,7,Minestrone Soup,24,9.0
2024-11-19,1,1,Margherita Pizza,24,12.0
2024-11-19,1,2,Pasta Alfredo,30,14.0
2024-11-19,1,3,Lasagna Bolognese,18,16.0
2024-11-19,1,4,Bruschetta,25,8.0
2024-11-19,1,5,Tiramisu,27,7.0
2024-11-19,1,6,Caesar Salad,21,10.0
2024-11-19,1,7,Minestrone Soup,23,9.0
2024-11-19,2,1,Margherita Pizza,25,12.0
2024-11-19,2,2,Pasta Alfredo,28,14.0
2024-11-19,2,3,Lasagna Bolognese,22,16.0
2024-11-19,2,4,Bruschetta,25,8.0
2024-11-19,2,5,Tiramisu,35,7.0
2024-11-19,2,6,Caesar Salad,24,10.0
2024-11-19,2,7,Minestrone Soup,27,9.0
2024-11-19,3,1,Margherita Pizza,26,12.0
2024-11-19,3,2,Pasta Alfredo,35,14.0
2024-11-19,3,3,Lasagna Bolognese,26,16.0
2024-11-19,3,4,Bruschetta,29,8.0
2024-11-19,3,5,Tiramisu,38,7.0
2024-11-19,3,6,Caesar Salad,25,10.0
2024-11-19,3,7,Minestrone Soup,32,9.0
2024-11-19,4,1,Margherita Pizza,31,12.0
2024-11-19,4,2,Pasta Alfredo,37,14.0
2024-11-19,4,3,Lasagna Bolognese,23,16.0
2024-11-19,4,4,Bruschetta,29,8.0
2024-11-19,4,5,Tiramisu,36,7.0
2024-11-19,4,6,Caesar Salad,26,10.0
2024-11-19,4,7,Minestrone Soup,32,9.0
2024-11-19,5,1,Margherita Pizza,35,12.0
2024-11-19,5,2,Pasta Alfredo,32,14.0
2024-11-19,5,3,Lasagna Bolognese,23,16.0
2024-11-19,5,4,Bruschetta,32,8.0
2024-11-19,5,5,Tiramisu,35,7.0
2024-11-19,5,6,Caesar Salad,36,10.0
2024-11-19,5,7,Minestrone Soup,33,9.0
2024-11-20,1,1,Margherita Pizza,26,12.0
2024-11-20,1,2,Pasta Alfredo,29,14.0
2024-11-20,1,3,Lasagna Bolognese,20,16.0
2024-11-20,1,4,Bruschetta,26,8.0
2024-11-20,1,5,Tiramisu,31,7.0
2024-11-20,1,6,Caesar Salad,20,10.0
2024-11-20,1,7,Minestrone Soup,25,9.0
2024-11-20,2,1,Margherita Pizza,31,12.0
2024-11-20,2,2,Pasta Alfredo,36,14.0
2024-11-20,2,3,Lasagna Bolognese,24,16.0
2024-11-20,2,4,Bruschetta,23,8.0
2024-11-20,2,5,Tiramisu,34,7.0
2024-11-20,2,6,Caesar Salad,27,10.0
2024-11-20,2,7,Minestrone Soup,32,9.0
2024-11-20,3,1,Margherita Pizza,31,12.0
2024-11-20,3,2,Pasta Alfredo,38,14.0
2024-11-20,3,3,Lasagna Bolognese,24,16.0
2024-11-20,3,4,Bruschetta,31,8.0
2024-11-20,3,5,Tiramisu,32,7.0
2024-11-20,3,6,Caesar Salad,25,10.0
2024-11-20,3,7,Minestrone Soup,33,9.0
2024-11-20,4,1,Margherita Pizza,28,12.0
2024-11-20,4,2,Pasta Alfredo,33,14.0
2024-11-20,4,3,Lasagna Bolognese,25,16.0
2024-11-20,4,4,Bruschetta,29,8.0
2024-11-20,4,5,Tiramisu,37,7.0
2024-11-20,4,6,Caesar Salad,24,10.0
2024-11-20,4,7,Minestrone Soup,35,9.0
2024-11-20,5,1,Margherita Pizza,28,12.0
2024-11-20,5,2,Pasta Alfredo,41,14.0
2024-11-20,5,3,Lasagna Bolognese,24,16.0
2024-11-20,5,4,Bruschetta,26,8.0
2024-11-20,5,5,Tiramisu,37,7.0
2024-11-20,5,6,Caesar Salad,25,10.0
2024-11-20,5,7,Minestrone Soup,28,9.0
2024-11-21,1,1,Margherita Pizza,21,12.0
2024-11-21,1,2,Pasta Alfredo,30,14.0
2024-11-21,1,3,Lasagna Bolognese,25,16.0
2024-11-21,1,4,Bruschetta,28,8.0
2024-11-21,1,5,Tiramisu,31,7.0
2024-11-21,1,6,Caesar Salad,23,10.0
2024-11-21,1,7,Minestrone Soup,26,9.0
2024-11-21,2,1,Margherita Pizza,23,12.0
2024-11-21,2,2,Pasta Alfredo,28,14.0
2024-11-21,2,3,Lasagna Bolognese,22,16.0
2024-11-21,2,4,Bruschetta,27,8.0
2024-11-21,2,5,Tiramisu,35,7.0
2024-11-21,2,6,Caesar Salad,25,10.0
2024-11-21,2,7,Minestrone Soup,29,9.0
2024-11-21,3,1,Margherita Pizza,28,12.0
2024-11-21,3,2,Pasta Alfredo,29,14.0
2024-11-21,3,3,Lasagna Bolognese,25,16.0
2024-11-21,3,4,Bruschetta,30,8.0
2024-11-21,3,5,Tiramisu,26,7.0
2024-11-21,3,6,Caesar Salad,21,10.0
2024-11-21,3,7,Minestrone Soup,27,9.0
2024-11-21,4,1,Margherita Pizza,30,12.0
2024-11-21,4,2,Pasta Alfredo,33,14.0
2024-11-21,4,3,Lasagna Bolognese,25,16.0
2024-11-21,4,4,Bruschetta,30,8.0
2024-11-21,4,5,Tiramisu,35,7.0
2024-11-21,4,6,Caesar Salad,23,10.0
2024-11-21,4,7,Minestrone Soup,28,9.0
2024-11-21,5,1,Margherita Pizza,28,12.0
2024-11-21,5,2,Pasta Alfredo,38,14.0
2024-11-21,5,3,Lasagna Bolognese,28,16.0
2024-11-21,5,4,Bruschetta,29,8.0
2024-11-21,5,5,Tiramisu,41,7.0
2024-11-21,5,6,Caesar Salad,25,10.0
2024-11-21,5,7,Minestrone Soup,36,9.0
2024-11-22,1,1,Margherita Pizza,33,12.0
2024-11-22,1,2,Pasta Alfredo,35,14.0
2024-11-22,1,3,Lasagna Bolognese,30,16.0
2024-11-22,1,4,Bruschetta,36,8.0
2024-11-22,1,5,Tiramisu,41,7.0
2024-11-22,1,6,Caesar Salad,27,10.0
2024-11-22,1,7,Minestrone Soup,35,9.0
2024-11-22,2,1,Margherita Pizza,35,12.0
2024-11-22,2,2,Pasta Alfredo,42,14.0
2024-11-22,2,3,Lasagna Bolognese,33,16.0
2024-11-22,2,4,Bruschetta,38,8.0
2024-11-22,2,5,Tiramisu,45,7.0
2024-11-22,2,6,Caesar Salad,30,10.0
2024-11-22,2,7,Minestrone Soup,36,9.0
2024-11-22,3,1,Margherita Pizza,35,12.0
2024-11-22,3,2,Pasta Alfredo,44,14.0
2024-11-22,3,3,Lasagna Bolognese,22,16.0
2024-11-22,3,4,Bruschetta,37,8.0
2024-11-22,3,5,Tiramisu,45,7.0
2024-11-22,3,6,Caesar Salad,34,10.0
2024-11-22,3,7,Minestrone Soup,38,9.0
2024-11-22,4,1,Margherita Pizza,42,12.0
2024-11-22,4,2,Pasta Alfredo,41,14.0
2024-11-22,4,3,Lasagna Bolognese,34,16.0
2024-11-22,4,4,Bruschetta,36,8.0
2024-11-22,4,5,Tiramisu,44,7.0
2024-11-22,4,6,Caesar Salad,33,10.0
2024-11-22,4,7,Minestrone Soup,45,9.0
2024-11-22,5,1,Margherita Pizza,44,12.0
2024-11-22,5,2,Pasta Alfredo,50,14.0
2024-11-22,5,3,Lasagna Bolognese,35,16.0
2024-11-22,5,4,Bruschetta,40,8.0
2024-11-22,5,5,Tiramisu,48,7.0
2024-11-22,5,6,Caesar Salad,37,10.0
2024-11-22,5,7,Minestrone Soup,38,9.0
2024-11-23,1,1,Margherita Pizza,37,12.0
2024-11-23,1,2,Pasta Alfredo,40,14.0
2024-11-23,1,3,Lasagna Bolognese,32,16.0
2024-11-23,1,4,Bruschetta,38,8.0
2024-11-23,1,5,Tiramisu,36,7.0
2024-11-23,1,6,Caesar Salad,28,10.0
2024-11-23,1,7,Minestrone Soup,33,9.0
2024-11-23,2,1,Margherita Pizza,32,12.0
2024-11-23,2,2,Pasta Alfredo,40,14.0
2024-11-23,2,3,Lasagna Bolognese,38,16.0
2024-11-23,2,4,Bruschetta,39,8.0
2024-11-23,2,5,Tiramisu,49,7.0
2024-11-23,2,6,Caesar Salad,33,10.0
2024-11-23,2,7,Minestrone Soup,35,9.0
2024-11-23,3,1,Margherita Pizza,38,12.0
2024-11-23,3,2,Pasta Alfredo,47,14.0
2024-11-23,3,3,Lasagna Bolognese,34,16.0
2024-11-23,3,4,Bruschetta,37,8.0
2024-11-23,3,5,Tiramisu,41,7.0
2024-11-23,3,6,Caesar Salad,42,10.0
2024-11-23,3,7,Minestrone Soup,38,9.0
2024-11-23,4,1,Margherita Pizza,40,12.0
2024-11-23,4,2,Pasta Alfredo,48,14.0
2024-11-23,4,3,Lasagna Bolognese,33,16.0
2024-11-23,4,4,Bruschetta,41,8.0
2024-11-23,4,5,Tiramisu,51,7.0
2024-11-23,4,6,Caesar Salad,34,10.0
2024-11-23,4,7,Minestrone Soup,37,9.0
2024-11-23,5,1,Margherita Pizza,42,12.0
2024-11-23,5,2,Pasta Alfredo,48,14.0
2024-11-23,5,3,Lasagna Bolognese,40,16.0
2024-11-23,5,4,Bruschetta,46,8.0
2024-11-23,5,5,Tiramisu,50,7.0
2024-11-23,5,6,Caesar Salad,32,10.0
2024-11-23,5,7,Minestrone Soup,39,9.0
2024-11-24,1,1,Margherita Pizza,30,12.0
2024-11-24,1,2,Pasta Alfredo,36,14.0
2024-11-24,1,3,Lasagna Bolognese,24,16.0
2024-11-24,1,4,Bruschetta,28,8.0
2024-11-24,1,5,Tiramisu,33,7.0
2024-11-24,1,6,Caesar Salad,25,10.0
2024-11-24,1,7,Minestrone Soup,23,9.0
2024-11-24,2,1,Margherita Pizza,28,12.0
2024-11-24,2,2,Pasta Alfredo,35,14.0
2024-11-24,2,3,Lasagna Bolognese,30,16.0
2024-11-24,2,4,Bruschetta,29,8.0
2024-11-24,2,5,Tiramisu,37,7.0
2024-11-24,2,6,Caesar Salad,27,10.0
2024-11-24,2,7,Minestrone Soup,35,9.0
2024-11-24,3,1,Margherita Pizza,37,12.0
2024-11-24,3,2,Pasta Alfredo,38,14.0
2024-11-24,3,3,Lasagna Bolognese,26,16.0
2024-11-24,3,4,Bruschetta,31,8.0
2024-11-24,3,5,Tiramisu,38,7.0
2024-11-24,3,6,Caesar Salad,26,10.0
2024-11-24,3,7,Minestrone Soup,35,9.0
2024-11-24,4,1,Margherita Pizza,36,12.0
2024-11-24,4,2,Pasta Alfredo,42,14.0
2024-11-24,4,3,Lasagna Bolognese,33,16.0
2024-11-24,4,4,Bruschetta,40,8.0
2024-11-24,4,5,Tiramisu,41,7.0
2024-11-24,4,6,Caesar Salad,32,10.0
2024-11-24,4,7,Minestrone Soup,34,9.0
2024-11-24,5,1,Margherita Pizza,40,12.0
2024-11-24,5,2,Pasta Alfredo,45,14.0
2024-11-24,5,3,Lasagna Bolognese,33,16.0
2024-11-24,5,4,Bruschetta,37,8.0
2024-11-24,5,5,Tiramisu,40,7.0
2024-11-24,5,6,Caesar Salad,26,10.0
2024-11-24,5,7,Minestrone Soup,36,9.0
2024-11-25,1,1,Margherita Pizza,27,12.0
2024-11-25,1,2,Pasta Alfredo,25,14.0
2024-11-25,1,3,Lasagna Bolognese,21,16.0
2024-11-25,1,4,Bruschetta,25,8.0
2024-11-25,1,5,Tiramisu,25,7.0
2024-11-25,1,6,Caesar Salad,22,10.0
2024-11-25,1,7,Minestrone Soup,13,9.0
2024-11-25,2,1,Margherita Pizza,20,12.0
2024-11-25,2,2,Pasta Alfredo,24,14.0
2024-11-25,2,3,Lasagna Bolognese,17,16.0
2024-11-25,2,4,Bruschetta,24,8.0
2024-11-25,2,5,Tiramisu,28,7.0
2024-11-25,2,6,Caesar Salad,21,10.0
2024-11-25,2,7,Minestrone Soup,25,9.0
2024-11-25,3,1,Margherita Pizza,22,12.0
2024-11-25,3,2,Pasta Alfredo,25,14.0
2024-11-25,3,3,Lasagna Bolognese,22,16.0
2024-11-25,3,4,Bruschetta,23,8.0
2024-11-25,3,5,Tiramisu,24,7.0
2024-11-25,3,6,Caesar Salad,23,10.0
2024-11-25,3,7,Minestrone Soup,29,9.0
2024-11-25,4,1,Margherita Pizza,30,12.0
2024-11-25,4,2,Pasta Alfredo,30,14.0
2024-11-25,4,3,Lasagna Bolognese,23,16.0
2024-11-25,4,4,Bruschetta,30,8.0
2024-11-25,4,5,Tiramisu,28,7.0
2024-11-25,4,6,Caesar Salad,25,10.0
2024-11-25,4,7,Minestrone Soup,26,9.0
2024-11-25,5,1,Margherita Pizza,30,12.0
2024-11-25,5,2,Pasta Alfredo,32,14.0
2024-11-25,5,3,Lasagna Bolognese,26,16.0
2024-11-25,5,4,Bruschetta,27,8.0
2024-11-25,5,5,Tiramisu,27,7.0
2024-11-25,5,6,Caesar Salad,27,10.0
2024-11-25,5,7,Minestrone Soup,24,9.0
2024-11-26,1,1,Margherita Pizza,30,12.0
2024-11-26,1,2,Pasta Alfredo,30,14.0
2024-11-26,1,3,Lasagna Bolognese,25,16.0
2024-11-26,1,4,Bruschetta,29,8.0
2024-11-26,1,5,Tiramisu,32,7.0
2024-11-26,1,6,Caesar Salad,23,10.0
2024-11-26,1,7,Minestrone Soup,27,9.0
2024-11-26,2,1,Margherita Pizza,21,12.0
2024-11-26,2,2,Pasta Alfredo,32,14.0
2024-11-26,2,3,Lasagna Bolognese,19,16.0
2024-11-26,2,4,Bruschetta,28,8.0
2024-11-26,2,5,Tiramisu,29,7.0
2024-11-26,2,6,Caesar Salad,19,10.0
2024-11-26,2,7,Minestrone Soup,32,9.0
2024-11-26,3,1,Margherita Pizza,32,12.0
2024-11-26,3,2,Pasta Alfredo,34,14.0
2024-11-26,3,3,Lasagna Bolognese,25,16.0
2024-11-26,3,4,Bruschetta,28,8.0
2024-11-26,3,5,Tiramisu,35,7.0
2024-11-26,3,6,Caesar Salad,22,10.0
2024-11-26,3,7,Minestrone Soup,32,9.0
2024-11-26,4,1,Margherita Pizza,29,12.0
2024-11-26,4,2,Pasta Alfredo,34,14.0
2024-11-26,4,3,Lasagna Bolognese,25,16.0
2024-11-26,4,4,Bruschetta,28,8.0
2024-11-26,4,5,Tiramisu,36,7.0
2024-11-26,4,6,Caesar Salad,24,10.0
2024-11-26,4,7,Minestrone Soup,32,9.0
2024-11-26,5,1,Margherita Pizza,35,12.0
2024-11-26,5,2,Pasta Alfredo,35,14.0
2024-11-26,5,3,Lasagna Bolognese,26,16.0
2024-11-26,5,4,Bruschetta,33,8.0
2024-11-26,5,5,Tiramisu,35,7.0
2024-11-26,5,6,Caesar Salad,28,10.0
2024-11-26,5,7,Minestrone Soup,33,9.0
2024-11-27,1,1,Margherita Pizza,29,12.0
2024-11-27,1,2,Pasta Alfredo,29,14.0
2024-11-27,1,3,Lasagna Bolognese,19,16.0
2024-11-27,1,4,Bruschetta,25,8.0
2024-11-27,1,5,Tiramisu,27,7.0
2024-11-27,1,6,Caesar Salad,23,10.0
2024-11-27,1,7,Minestrone Soup,23,9.0
2024-11-27,2,1,Margherita Pizza,34,12.0
2024-11-27,2,2,Pasta Alfredo,36,14.0
2024-11-27,2,3,Lasagna Bolognese,23,16.0
2024-11-27,2,4,Bruschetta,30,8.0
2024-11-27,2,5,Tiramisu,27,7.0
2024-11-27,2,6,Caesar Salad,30,10.0
2024-11-27,2,7,Minestrone Soup,26,9.0
2024-11-27,3,1,Margherita Pizza,28,12.0
2024-11-27,3,2,Pasta Alfredo,28,14.0
2024-11-27,3,3,Lasagna Bolognese,25,16.0
2024-11-27,3,4,Bruschetta,25,8.0
2024-11-27,3,5,Tiramisu,34,7.0
2024-11-27,3,6,Caesar Salad,22,10.0
2024-11-27,3,7,Minestrone Soup,26,9.0
2024-11-27,4,1,Margherita Pizza,28,12.0
2024-11-27,4,2,Pasta Alfredo,36,14.0
2024-11-27,4,3,Lasagna Bolognese,21,16.0
2024-11-27,4,4,Bruschetta,28,8.0
2024-11-27,4,5,Tiramisu,37,7.0
2024-11-27,4,6,Caesar Salad,33,10.0
2024-11-27,4,7,Minestrone Soup,32,9.0
2024-11-27,5,1,Margherita Pizza,29,12.0
2024-11-27,5,2,Pasta Alfredo,36,14.0
2024-11-27,5,3,Lasagna Bolognese,26,16.0
2024-11-27,5,4,Bruschetta,30,8.0
2024-11-27,5,5,Tiramisu,39,7.0
2024-11-27,5,6,Caesar Salad,27,10.0
2024-11-27,5,7,Minestrone Soup,34,9.0
2024-11-28,1,1,Margherita Pizza,25,12.0
2024-11-28,1,2,Pasta Alfredo,34,14.0
2024-11-28,1,3,Lasagna Bolognese,21,16.0
2024-11-28,1,4,Bruschetta,23,8.0
2024-11-28,1,5,Tiramisu,37,7.0
2024-11-28,1,6,Caesar Salad,16,10.0
2024-11-28,1,7,Minestrone Soup,24,9.0
2024-11-28,2,1,Margherita Pizza,26,12.0
2024-11-28,2,2,Pasta Alfredo,39,14.0
2024-11-28,2,3,Lasagna Bolognese,28,16.0
2024-11-28,2,4,Bruschetta,32,8.0
2024-11-28,2,5,Tiramisu,31,7.0
2024-11-28,2,6,Caesar Salad,30,10.0
2024-11-28,2,7,Minestrone Soup,29,9.0
2024-11-28,3,1,Margherita Pizza,32,12.0
2024-11-28,3,2,Pasta Alfredo,34,14.0
2024-11-28,3,3,Lasagna Bolognese,24,16.0
2024-11-28,3,4,Bruschetta,28,8.0
2024-11-28,3,5,Tiramisu,33,7.0
2024-11-28,3,6,Caesar Salad,26,10.0
2024-11-28,3,7,Minestrone Soup,30,9.0
2024-11-28,4,1,Margherita Pizza,30,12.0
2024-11-28,4,2,Pasta Alfredo,40,14.0
2024-11-28,4,3,Lasagna Bolognese,16,16.0
2024-11-28,4,4,Bruschetta,32,8.0
2024-11-28,4,5,Tiramisu,37,7.0
2024-11-28,4,6,Caesar Salad,29,10.0
2024-11-28,4,7,Minestrone Soup,30,9.0
2024-11-28,5,1,Margherita Pizza,32,12.0
2024-11-28,5,2,Pasta Alfredo,40,14.0
2024-11-28,5,3,Lasagna Bolognese,31,16.0
2024-11-28,5,4,Bruschetta,31,8.0
2024-11-28,5,5,Tiramisu,38,7.0
2024-11-28,5,6,Caesar Salad,31,10.0
2024-11-28,5,7,Minestrone Soup,25,9.0
2024-11-29,1,1,Margherita Pizza,33,12.0
2024-11-29,1,2,Pasta Alfredo,45,14.0
2024-11-29,1,3,Lasagna Bolognese,33,16.0
2024-11-29,1,4,Bruschetta,37,8.0
2024-11-29,1,5,Tiramisu,40,7.0
2024-11-29,1,6,Caesar Salad,27,10.0
2024-11-29,1,7,Minestrone Soup,33,9.0
2024-11-29,2,1,Margherita Pizza,42,12.0
2024-11-29,2,2,Pasta Alfredo,41,14.0
2024-11-29,2,3,Lasagna Bolognese,31,16.0
2024-11-29,2,4,Bruschetta,35,8.0
2024-11-29,2,5,Tiramisu,46,7.0
2024-11-29,2,6,Caesar Salad,29,10.0
2024-11-29,2,7,Minestrone Soup,37,9.0
2024-11-29,3,1,Margherita Pizza,34,12.0
2024-11-29,3,2,Pasta Alfredo,40,14.0
2024-11-29,3,3,Lasagna Bolognese,32,16.0
2024-11-29,3,4,Bruschetta,35,8.0
2024-11-29,3,5,Tiramisu,52,7.0
2024-11-29,3,6,Caesar Salad,26,10.0
2024-11-29,3,7,Minestrone Soup,36,9.0
2024-11-29,4,1,Margherita Pizza,41,12.0
2024-11-29,4,2,Pasta Alfredo,46,14.0
2024-11-29,4,3,Lasagna Bolognese,31,16.0
2024-11-29,4,4,Bruschetta,38,8.0
2024-11-29,4,5,Tiramisu,45,7.0
2024-11-29,4,6,Caesar Salad,33,10.0
2024-11-29,4,7,Minestrone Soup,47,9.0
2024-11-29,5,1,Margherita Pizza,43,12.0
2024-11-29,5,2,Pasta Alfredo,53,14.0
2024-11-29,5,3,Lasagna Bolognese,37,16.0
2024-11-29,5,4,Bruschetta,46,8.0
2024-11-29,5,5,Tiramisu,41,7.0
2024-11-29,5,6,Caesar Salad,35,10.0
2024-11-29,5,7,Minestrone Soup,46,9.0
2024-11-30,1,1,Margherita Pizza,33,12.0
2024-11-30,1,2,Pasta Alfredo,46,14.0
2024-11-30,1,3,Lasagna Bolognese,34,16.0
2024-11-30,1,4,Bruschetta,34,8.0
2024-11-30,1,5,Tiramisu,39,7.0
2024-11-30,1,6,Caesar Salad,26,10.0
2024-11-30,1,7,Minestrone Soup,33,9.0
2024-11-30,2,1,Margherita Pizza,33,12.0
2024-11-30,2,2,Pasta Alfredo,44,14.0
2024-11-30,2,3,Lasagna Bolognese,26,16.0
2024-11-30,2,4,Bruschetta,39,8.0
2024-11-30,2,5,Tiramisu,45,7.0
2024-11-30,2,6,Caesar Salad,26,10.0
2024-11-30,2,7,Minestrone Soup,42,9.0
2024-11-30,3,1,Margherita Pizza,40,12.0
2024-11-30,3,2,Pasta Alfredo,48,14.0
2024-11-30,3,3,Lasagna Bolognese,30,16.0
2024-11-30,3,4,Bruschetta,41,8.0
2024-11-30,3,5,Tiramisu,49,7.0
2024-11-30,3,6,Caesar Salad,32,10.0
2024-11-30,3,7,Minestrone Soup,45,9.0
2024-11-30,4,1,Margherita Pizza,41,12.0
2024-11-30,4,2,Pasta Alfredo,51,14.0
2024-11-30,4,3,Lasagna Bolognese,35,16.0
2024-11-30,4,4,Bruschetta,42,8.0
2024-11-30,4,5,Tiramisu,42,7.0
2024-11-30,4,6,Caesar Salad,35,10.0
2024-11-30,4,7,Minestrone Soup,38,9.0
2024-11-30,5,1,Margherita Pizza,40,12.0
2024-11-30,5,2,Pasta Alfredo,55,14.0
2024-11-30,5,3,Lasagna Bolognese,35,16.0
2024-11-30,5,4,Bruschetta,40,8.0
2024-11-30,5,5,Tiramisu,49,7.0
2024-11-30,5,6,Caesar Salad,32,10.0
2024-11-30,5,7,Minestrone Soup,47,9.0
2024-12-01,1,1,Margherita Pizza,29,12.0
2024-12-01,1,2,Pasta Alfredo,38,14.0
2024-12-01,1,3,Lasagna Bolognese,30,16.0
2024-12-01,1,4,Bruschetta,30,8.0
2024-12-01,1,5,Tiramisu,38,7.0
2024-12-01,1,6,Caesar Salad,23,10.0
2024-12-01,1,7,Minestrone Soup,38,9.0
2024-12-01,2,1,Margherita Pizza,36,12.0
2024-12-01,2,2,Pasta Alfredo,38,14.0
2024-12-01,2,3,Lasagna Bolognese,25,16.0
2024-12-01,2,4,Bruschetta,32,8.0
2024-12-01,2,5,Tiramisu,37,7.0
2024-12-01,2,6,Caesar Salad,33,10.0
2024-12-01,2,7,Minestrone Soup,29,9.0
2024-12-01,3,1,Margherita Pizza,35,12.0
2024-12-01,3,2,Pasta Alfredo,40,14.0
2024-12-01,3,3,Lasagna Bolognese,28,16.0
2024-12-01,3,4,Bruschetta,34,8.0
2024-12-01,3,5,Tiramisu,40,7.0
2024-12-01,3,6,Caesar Salad,31,10.0
2024-12-01,3,7,Minestrone Soup,36,9.0
2024-12-01,4,1,Margherita Pizza,37,12.0
2024-12-01,4,2,Pasta Alfredo,33,14.0
2024-12-01,4,3,Lasagna Bolognese,31,16.0
2024-12-01,4,4,Bruschetta,31,8.0
2024-12-01,4,5,Tiramisu,44,7.0
2024-12-01,4,6,Caesar Salad,34,10.0
2024-12-01,4,7,Minestrone Soup,33,9.0
2024-12-01,5,1,Margherita Pizza,37,12.0
2024-12-01,5,2,Pasta Alfredo,42,14.0
2024-12-01,5,3,Lasagna Bolognese,35,16.0
2024-12-01,5,4,Bruschetta,38,8.0
2024-12-01,5,5,Tiramisu,49,7.0
2024-12-01,5,6,Caesar Salad,33,10.0
2024-12-01,5,7,Minestrone Soup,38,9.0
2024-12-02,1,1,Margherita Pizza,23,12.0
2024-12-02,1,2,Pasta Alfredo,29,14.0
2024-12-02,1,3,Lasagna Bolognese,14,16.0
2024-12-02,1,4,Bruschetta,23,8.0
2024-12-02,1,5,Tiramisu,27,7.0
2024-12-02,1,6,Caesar Salad,21,10.0
2024-12-02,1,7,Minestrone Soup,22,9.0
2024-12-02,2,1,Margherita Pizza,21,12.0
2024-12-02,2,2,Pasta Alfredo,28,14.0
2024-12-02,2,3,Lasagna Bolognese,17,16.0
2024-12-02,2,4,Bruschetta,18,8.0
2024-12-02,2,5,Tiramisu,30,7.0
2024-12-02,2,6,Caesar Salad,22,10.0
2024-12-02,2,7,Minestrone Soup,26,9.0
2024-12-02,3,1,Margherita Pizza,29,12.0
2024-12-02,3,2,Pasta Alfredo,28,14.0
2024-12-02,3,3,Lasagna Bolognese,17,16.0
2024-12-02,3,4,Bruschetta,25,8.0
2024-12-02,3,5,Tiramisu,29,7.0
2024-12-02,3,6,Caesar Salad,19,10.0
2024-12-02,3,7,Minestrone Soup,25,9.0
2024-12-02,4,1,Margherita Pizza,25,12.0
2024-12-02,4,2,Pasta Alfredo,26,14.0
2024-12-02,4,3,Lasagna Bolognese,21,16.0
2024-12-02,4,4,Bruschetta,23,8.0
2024-12-02,4,5,Tiramisu,32,7.0
2024-12-02,4,6,Caesar Salad,20,10.0
2024-12-02,4,7,Minestrone Soup,30,9.0
2024-12-02,5,1,Margherita Pizza,33,12.0
2024-12-02,5,2,Pasta Alfredo,35,14.0
2024-12-02,5,3,Lasagna Bolognese,19,16.0
2024-12-02,5,4,Bruschetta,32,8.0
2024-12-02,5,5,Tiramisu,37,7.0
2024-12-02,5,6,Caesar Salad,23,10.0
2024-12-02,5,7,Minestrone Soup,32,9.0
2024-12-03,1,1,Margherita Pizza,25,12.0
2024-12-03,1,2,Pasta Alfredo,26,14.0
2024-12-03,1,3,Lasagna Bolognese,20,16.0
2024-12-03,1,4,Bruschetta,32,8.0
2024-12-03,1,5,Tiramisu,27,7.0
2024-12-03,1,6,Caesar Salad,23,10.0
2024-12-03,1,7,Minestrone Soup,27,9.0
2024-12-03,2,1,Margherita Pizza,27,12.0
2024-12-03,2,2,Pasta Alfredo,32,14.0
2024-12-03,2,3,Lasagna Bolognese,24,16.0
2024-12-03,2,4,Bruschetta,27,8.0
2024-12-03,2,5,Tiramisu,29,7.0
2024-12-03,2,6,Caesar Salad,24,10.0
2024-12-03,2,7,Minestrone Soup,32,9.0
2024-12-03,3,1,Margherita Pizza,33,12.0
2024-12-03,3,2,Pasta Alfredo,32,14.0
2024-12-03,3,3,Lasagna Bolognese,21,16.0
2024-12-03,3,4,Bruschetta,29,8.0
2024-12-03,3,5,Tiramisu,40,7.0
2024-12-03,3,6,Caesar Salad,27,10.0
2024-12-03,3,7,Minestrone Soup,32,9.0
2024-12-03,4,1,Margherita Pizza,34,12.0
2024-12-03,4,2,Pasta Alfredo,38,14.0
2024-12-03,4,3,Lasagna Bolognese,26,16.0
2024-12-03,4,4,Bruschetta,33,8.0
2024-12-03,4,5,Tiramisu,35,7.0
2024-12-03,4,6,Caesar Salad,22,10.0
2024-12-03,4,7,Minestrone Soup,34,9.0
2024-12-03,5,1,Margherita Pizza,36,12.0
2024-12-03,5,2,Pasta Alfredo,35,14.0
2024-12-03,5,3,Lasagna Bolognese,30,16.0
2024-12-03,5,4,Bruschetta,38,8.0
2024-12-03,5,5,Tiramisu,38,7.0
2024-12-03,5,6,Caesar Salad,25,10.0
2024-12-03,5,7,Minestrone Soup,33,9.0
2024-12-04,1,1,Margherita Pizza,25,12.0
2024-12-04,1,2,Pasta Alfredo,30,14.0
2024-12-04,1,3,Lasagna Bolognese,24,16.0
2024-12-04,1,4,Bruschetta,22,8.0
2024-12-04,1,5,Tiramisu,27,7.0
2024-12-04,1,6,Caesar Salad,23,10.0
2024-12-04,1,7,Minestrone Soup,27,9.0
2024-12-04,2,1,Margherita Pizza,30,12.0
2024-12-04,2,2,Pasta Alfredo,39,14.0
2024-12-04,2,3,Lasagna Bolognese,24,16.0
2024-12-04,2,4,Bruschetta,30,8.0
2024-12-04,2,5,Tiramisu,30,7.0
2024-12-04,2,6,Caesar Salad,26,10.0
2024-12-04,2,7,Minestrone Soup,27,9.0
2024-12-04,3,1,Margherita Pizza,30,12.0
2024-12-04,3,2,Pasta Alfredo,35,14.0
2024-12-04,3,3,Lasagna Bolognese,28,16.0
2024-12-04,3,4,Bruschetta,26,8.0
2024-12-04,3,5,Tiramisu,28,7.0
2024-12-04,3,6,Caesar Salad,24,10.0
2024-12-04,3,7,Minestrone Soup,31,9.0
2024-12-04,4,1,Margherita Pizza,32,12.0
2024-12-04,4,2,Pasta Alfredo,40,14.0
2024-12-04,4,3,Lasagna Bolognese,27,16.0
2024-12-04,4,4,Bruschetta,30,8.0
2024-12-04,4,5,Tiramisu,30,7.0
2024-12-04,4,6,Caesar Salad,25,10.0
2024-12-04,4,7,Minestrone Soup,34,9.0
2024-12-04,5,1,Margherita Pizza,32,12.0
2024-12-04,5,2,Pasta Alfredo,38,14.0
2024-12-04,5,3,Lasagna Bolognese,29,16.0
2024-12-04,5,4,Bruschetta,30,8.0
2024-12-04,5,5,Tiramisu,40,7.0
2024-12-04,5,6,Caesar Salad,32,10.0
2024-12-04,5,7,Minestrone Soup,32,9.0
2024-12-05,1,1,Margherita Pizza,24,12.0
2024-12-05,1,2,Pasta Alfredo,31,14.0
2024-12-05,1,3,Lasagna Bolognese,16,16.0
2024-12-05,1,4,Bruschetta,28,8.0
2024-12-05,1,5,Tiramisu,33,7.0
2024-12-05,1,6,Caesar Salad,28,10.0
2024-12-05,1,7,Minestrone Soup,26,9.0
2024-12-05,2,1,Margherita Pizza,30,12.0
2024-12-05,2,2,Pasta Alfredo,31,14.0
2024-12-05,2,3,Lasagna Bolognese,23,16.0
2024-12-05,2,4,Bruschetta,24,8.0
2024-12-05,2,5,Tiramisu,33,7.0
2024-12-05,2,6,Caesar Salad,23,10.0
2024-12-05,2,7,Minestrone Soup,29,9.0
2024-12-05,3,1,Margherita Pizza,28,12.0
2024-12-05,3,2,Pasta Alfredo,35,14.0
2024-12-05,3,3,Lasagna Bolognese,24,16.0
2024-12-05,3,4,Bruschetta,29,8.0
2024-12-05,3,5,Tiramisu,35,7.0
2024-12-05,3,6,Caesar Salad,25,10.0
2024-12-05,3,7,Minestrone Soup,32,9.0
2024-12-05,4,1,Margherita Pizza,31,12.0
2024-12-05,4,2,Pasta Alfredo,36,14.0
2024-12-05,4,3,Lasagna Bolognese,26,16.0
2024-12-05,4,4,Bruschetta,29,8.0
2024-12-05,4,5,Tiramisu,35,7.0
2024-12-05,4,6,Caesar Salad,32,10.0
2024-12-05,4,7,Minestrone Soup,29,9.0
2024-12-05,5,1,Margherita Pizza,32,12.0
2024-12-05,5,2,Pasta Alfredo,37,14.0
2024-12-05,5,3,Lasagna Bolognese,27,16.0
2024-12-05,5,4,Bruschetta,32,8.0
2024-12-05,5,5,Tiramisu,39,7.0
2024-12-05,5,6,Caesar Salad,22,10.0
2024-12-05,5,7,Minestrone Soup,36,9.0
2024-12-06,1,1,Margherita Pizza,38,12.0
2024-12-06,1,2,Pasta Alfredo,39,14.0
2024-12-06,1,3,Lasagna Bolognese,24,16.0
2024-12-06,1,4,Bruschetta,34,8.0
2024-12-06,1,5,Tiramisu,42,7.0
2024-12-06,1,6,Caesar Salad,38,10.0
2024-12-06,1,7,Minestrone Soup,38,9.0
2024-12-06,2,1,Margherita Pizza,33,12.0
2024-12-06,2,2,Pasta Alfredo,43,14.0
2024-12-06,2,3,Lasagna Bolognese,32,16.0
2024-12-06,2,4,Bruschetta,39,8.0
2024-12-06,2,5,Tiramisu,41,7.0
2024-12-06,2,6,Caesar Salad,32,10.0
2024-12-06,2,7,Minestrone Soup,36,9.0
2024-12-06,3,1,Margherita Pizza,37,12.0
2024-12-06,3,2,Pasta Alfredo,48,14.0
2024-12-06,3,3,Lasagna Bolognese,36,16.0
2024-12-06,3,4,Bruschetta,43,8.0
2024-12-06,3,5,Tiramisu,49,7.0
2024-12-06,3,6,Caesar Salad,32,10.0
2024-12-06,3,7,Minestrone Soup,43,9.0
2024-12-06,4,1,Margherita Pizza,43,12.0
2024-12-06,4,2,Pasta Alfredo,50,14.0
2024-12-06,4,3,Lasagna Bolognese,33,16.0
2024-12-06,4,4,Bruschetta,41,8.0
2024-12-06,4,5,Tiramisu,50,7.0
2024-12-06,4,6,Caesar Salad,43,10.0
2024-12-06,4,7,Minestrone Soup,43,9.0
2024-12-06,5,1,Margherita Pizza,42,12.0
2024-12-06,5,2,Pasta Alfredo,49,14.0
2024-12-06,5,3,Lasagna Bolognese,35,16.0
2024-12-06,5,4,Bruschetta,51,8.0
2024-12-06,5,5,Tiramisu,50,7.0
2024-12-06,5,6,Caesar Salad,40,10.0
2024-12-06,5,7,Minestrone Soup,43,9.0
2024-12-07,1,1,Margherita Pizza,37,12.0
2024-12-07,1,2,Pasta Alfredo,45,14.0
2024-12-07,1,3,Lasagna Bolognese,29,16.0
2024-12-07,1,4,Bruschetta,35,8.0
2024-12-07,1,5,Tiramisu,48,7.0
2024-12-07,1,6,Caesar Salad,33,10.0
2024-12-07,1,7,Minestrone Soup,39,9.0
2024-12-07,2,1,Margherita Pizza,41,12.0
2024-12-07,2,2,Pasta Alfredo,46,14.0
2024-12-07,2,3,Lasagna Bolognese,38,16.0
2024-12-07,2,4,Bruschetta,39,8.0
2024-12-07,2,5,Tiramisu,47,7.0
2024-12-07,2,6,Caesar Salad,28,10.0
2024-12-07,2,7,Minestrone Soup,36,9.0
2024-12-07,3,1,Margherita Pizza,37,12.0
2024-12-07,3,2,Pasta Alfredo,51,14.0
2024-12-07,3,3,Lasagna Bolognese,26,16.0
2024-12-07,3,4,Bruschetta,39,8.0
2024-12-07,3,5,Tiramisu,38,7.0
2024-12-07,3,6,Caesar Salad,31,10.0
2024-12-07,3,7,Minestrone Soup,39,9.0
2024-12-07,4,1,Margherita Pizza,46,12.0
2024-12-07,4,2,Pasta Alfredo,51,14.0
2024-12-07,4,3,Lasagna Bolognese,33,16.0
2024-12-07,4,4,Bruschetta,46,8.0
2024-12-07,4,5,Tiramisu,49,7.0
2024-12-07,4,6,Caesar Salad,35,10.0
2024-12-07,4,7,Minestrone Soup,39,9.0
2024-12-07,5,1,Margherita Pizza,41,12.0
2024-12-07,5,2,Pasta Alfredo,49,14.0
2024-12-07,5,3,Lasagna Bolognese,37,16.0
2024-12-07,5,4,Bruschetta,44,8.0
2024-12-07,5,5,Tiramisu,56,7.0
2024-12-07,5,6,Caesar Salad,38,10.0
2024-12-07,5,7,Minestrone Soup,36,9.0
2024-12-08,1,1,Margherita Pizza,32,12.0
2024-12-08,1,2,Pasta Alfredo,32,14.0
2024-12-08,1,3,Lasagna Bolognese,23,16.0
2024-12-08,1,4,Bruschetta,29,8.0
2024-12-08,1,5,Tiramisu,34,7.0
2024-12-08,1,6,Caesar Salad,22,10.0
2024-12-08,1,7,Minestrone Soup,32,9.0
2024-12-08,2,1,Margherita Pizza,29,12.0
2024-12-08,2,2,Pasta Alfredo,39,14.0
2024-12-08,2,3,Lasagna Bolognese,34,16.0
2024-12-08,2,4,Bruschetta,29,8.0
2024-12-08,2,5,Tiramisu,37,7.0
2024-12-08,2,6,Caesar Salad,20,10.0
2024-12-08,2,7,Minestrone Soup,32,9.0
2024-12-08,3,1,Margherita Pizza,36,12.0
2024-12-08,3,2,Pasta Alfredo,42,14.0
2024-12-08,3,3,Lasagna Bolognese,29,16.0
2024-12-08,3,4,Bruschetta,37,8.0
2024-12-08,3,5,Tiramisu,48,7.0
2024-12-08,3,6,Caesar Salad,34,10.0
2024-12-08,3,7,Minestrone Soup,33,9.0
2024-12-08,4,1,Margherita Pizza,32,12.0
2024-12-08,4,2,Pasta Alfredo,41,14.0
2024-12-08,4,3,Lasagna Bolognese,27,16.0
2024-12-08,4,4,Bruschetta,37,8.0
2024-12-08,4,5,Tiramisu,39,7.0
2024-12-08,4,6,Caesar Salad,30,10.0
2024-12-08,4,7,Minestrone Soup,39,9.0
2024-12-08,5,1,Margherita Pizza,37,12.0
2024-12-08,5,2,Pasta Alfredo,41,14.0
2024-12-08,5,3,Lasagna Bolognese,35,16.0
2024-12-08,5,4,Bruschetta,32,8.0
2024-12-08,5,5,Tiramisu,43,7.0
2024-12-08,5,6,Caesar Salad,31,10.0
2024-12-08,5,7,Minestrone Soup,38,9.0
2024-12-09,1,1,Margherita Pizza,24,12.0
2024-12-09,1,2,Pasta Alfredo,29,14.0
2024-12-09,1,3,Lasagna Bolognese,19,16.0
2024-12-09,1,4,Bruschetta,22,8.0
2024-12-09,1,5,Tiramisu,26,7.0
2024-12-09,1,6,Caesar Salad,17,10.0
2024-12-09,1,7,Minestrone Soup,25,9.0
2024-12-09,2,1,Margherita Pizza,22,12.0
2024-12-09,2,2,Pasta Alfredo,31,14.0
2024-12-09,2,3,Lasagna Bolognese,20,16.0
2024-12-09,2,4,Bruschetta,23,8.0
2024-12-09,2,5,Tiramisu,30,7.0
2024-12-09,2,6,Caesar Salad,18,10.0
2024-12-09,2,7,Minestrone Soup,26,9.0
2024-12-09,3,1,Margherita Pizza,26,12.0
2024-12-09,3,2,Pasta Alfredo,28,14.0
2024-12-09,3,3,Lasagna Bolognese,23,16.0
2024-12-09,3,4,Bruschetta,27,8.0
2024-12-09,3,5,Tiramisu,33,7.0
2024-12-09,3,6,Caesar Salad,24,10.0
2024-12-09,3,7,Minestrone Soup,27,9.0
2024-12-09,4,1,Margherita Pizza,23,12.0
2024-12-09,4,2,Pasta Alfredo,38,14.0
2024-12-09,4,3,Lasagna Bolognese,18,16.0
2024-12-09,4,4,Bruschetta,29,8.0
2024-12-09,4,5,Tiramisu,32,7.0
2024-12-09,4,6,Caesar Salad,19,10.0
2024-12-09,4,7,Minestrone Soup,26,9.0
2024-12-09,5,1,Margherita Pizza,28,12.0
2024-12-09,5,2,Pasta Alfredo,36,14.0
2024-12-09,5,3,Lasagna Bolognese,21,16.0
2024-12-09,5,4,Bruschetta,27,8.0
2024-12-09,5,5,Tiramisu,25,7.0
2024-12-09,5,6,Caesar Salad,28,10.0
2024-12-09,5,7,Minestrone Soup,25,9.0
2024-12-10,1,1,Margherita Pizza,28,12.0
2024-12-10,1,2,Pasta Alfredo,31,14.0
2024-12-10,1,3,Lasagna Bolognese,22,16.0
2024-12-10,1,4,Bruschetta,30,8.0
2024-12-10,1,5,Tiramisu,37,7.0
2024-12-10,1,6,Caesar Salad,23,10.0
2024-12-10,1,7,Minestrone Soup,29,9.0
2024-12-10,2,1,Margherita Pizza,29,12.0
2024-12-10,2,2,Pasta Alfredo,36,14.0
2024-12-10,2,3,Lasagna Bolognese,22,16.0
2024-12-10,2,4,Bruschetta,32,8.0
2024-12-10,2,5,Tiramisu,37,7.0
2024-12-10,2,6,Caesar Salad,27,10.0
2024-12-10,2,7,Minestrone Soup,27,9.0
2024-12-10,3,1,Margherita Pizza,29,12.0
2024-12-10,3,2,Pasta Alfredo,36,14.0
2024-12-10,3,3,Lasagna Bolognese,21,16.0
2024-12-10,3,4,Bruschetta,35,8.0
2024-12-10,3,5,Tiramisu,35,7.0
2024-12-10,3,6,Caesar Salad,26,10.0
2024-12-10,3,7,Minestrone Soup,28,9.0
2024-12-10,4,1,Margherita Pizza,27,12.0
2024-12-10,4,2,Pasta Alfredo,35,14.0
2024-12-10,4,3,Lasagna Bolognese,27,16.0
2024-12-10,4,4,Bruschetta,33,8.0
2024-12-10,4,5,Tiramisu,37,7.0
2024-12-10,4,6,Caesar Salad,27,10.0
2024-12-10,4,7,Minestrone Soup,30,9.0
2024-12-10,5,1,Margherita Pizza,34,12.0
2024-12-10,5,2,Pasta Alfredo,43,14.0
2024-12-10,5,3,Lasagna Bolognese,29,16.0
2024-12-10,5,4,Bruschetta,35,8.0
2024-12-10,5,5,Tiramisu,39,7.0
2024-12-10,5,6,Caesar Salad,23,10.0
2024-12-10,5,7,Minestrone Soup,30,9.0
2024-12-11,1,1,Margherita Pizza,28,12.0
2024-12-11,1,2,Pasta Alfredo,32,14.0
2024-12-11,1,3,Lasagna Bolognese,24,16.0
2024-12-11,1,4,Bruschetta,32,8.0
2024-12-11,1,5,Tiramisu,34,7.0
2024-12-11,1,6,Caesar Salad,26,10.0
2024-12-11,1,7,Minestrone Soup,27,9.0
2024-12-11,2,1,Margherita Pizza,26,12.0
2024-12-11,2,2,Pasta Alfredo,33,14.0
2024-12-11,2,3,Lasagna Bolognese,21,16.0
2024-12-11,2,4,Bruschetta,33,8.0
2024-12-11,2,5,Tiramisu,36,7.0
2024-12-11,2,6,Caesar Salad,25,10.0
2024-12-11,2,7,Minestrone Soup,32,9.0
2024-12-11,3,1,Margherita Pizza,24,12.0
2024-12-11,3,2,Pasta Alfredo,37,14.0
2024-12-11,3,3,Lasagna Bolognese,21,16.0
2024-12-11,3,4,Bruschetta,30,8.0
2024-12-11,3,5,Tiramisu,34,7.0
2024-12-11,3,6,Caesar Salad,27,10.0
2024-12-11,3,7,Minestrone Soup,31,9.0
2024-12-11,4,1,Margherita Pizza,35,12.0
2024-12-11,4,2,Pasta Alfredo,35,14.0
2024-12-11,4,3,Lasagna Bolognese,28,16.0
2024-12-11,4,4,Bruschetta,32,8.0
2024-12-11,4,5,Tiramisu,32,7.0
2024-12-11,4,6,Caesar Salad,23,10.0
2024-12-11,4,7,Minestrone Soup,31,9.0
2024-12-11,5,1,Margherita Pizza,36,12.0
2024-12-11,5,2,Pasta Alfredo,40,14.0
2024-12-11,5,3,Lasagna Bolognese,24,16.0
2024-12-11,5,4,Bruschetta,32,8.0
2024-12-11,5,5,Tiramisu,44,7.0
2024-12-11,5,6,Caesar Salad,28,10.0
2024-12-11,5,7,Minestrone Soup,32,9.0
2024-12-12,1,1,Margherita Pizza,29,12.0
2024-12-12,1,2,Pasta Alfredo,34,14.0
2024-12-12,1,3,Lasagna Bolognese,21,16.0
2024-12-12,1,4,Bruschetta,29,8.0
2024-12-12,1,5,Tiramisu,31,7.0
2024-12-12,1,6,Caesar Salad,25,10.0
2024-12-12,1,7,Minestrone Soup,28,9.0
2024-12-12,2,1,Margherita Pizza,30,12.0
2024-12-12,2,2,Pasta Alfredo,31,14.0
2024-12-12,2,3,Lasagna Bolognese,21,16.0
2024-12-12,2,4,Bruschetta,31,8.0
2024-12-12,2,5,Tiramisu,33,7.0
2024-12-12,2,6,Caesar Salad,25,10.0
2024-12-12,2,7,Minestrone Soup,28,9.0
2024-12-12,3,1,Margherita Pizza,33,12.0
2024-12-12,3,2,Pasta Alfredo,33,14.0
2024-12-12,3,3,Lasagna Bolognese,25,16.0
2024-12-12,3,4,Bruschetta,32,8.0
2024-12-12,3,5,Tiramisu,38,7.0
2024-12-12,3,6,Caesar Salad,23,10.0
2024-12-12,3,7,Minestrone Soup,36,9.0
2024-12-12,4,1,Margherita Pizza,32,12.0
2024-12-12,4,2,Pasta Alfredo,33,14.0
2024-12-12,4,3,Lasagna Bolognese,27,16.0
2024-12-12,4,4,Bruschetta,30,8.0
2024-12-12,4,5,Tiramisu,38,7.0
2024-12-12,4,6,Caesar Salad,26,10.0
2024-12-12,4,7,Minestrone Soup,32,9.0
2024-12-12,5,1,Margherita Pizza,30,12.0
2024-12-12,5,2,Pasta Alfredo,41,14.0
2024-12-12,5,3,Lasagna Bolognese,24,16.0
2024-12-12,5,4,Bruschetta,29,8.0
2024-12-12,5,5,Tiramisu,39,7.0
2024-12-12,5,6,Caesar Salad,32,10.0
2024-12-12,5,7,Minestrone Soup,32,9.0
2024-12-13,1,1,Margherita Pizza,39,12.0
2024-12-13,1,2,Pasta Alfredo,46,14.0
2024-12-13,1,3,Lasagna Bolognese,33,16.0
2024-12-13,1,4,Bruschetta,36,8.0
2024-12-13,1,5,Tiramisu,39,7.0
2024-12-13,1,6,Caesar Salad,24,10.0
2024-12-13,1,7,Minestrone Soup,36,9.0
2024-12-13,2,1,Margherita Pizza,42,12.0
2024-12-13,2,2,Pasta Alfredo,42,14.0
2024-12-13,2,3,Lasagna Bolognese,34,16.0
2024-12-13,2,4,Bruschetta,36,8.0
2024-12-13,2,5,Tiramisu,45,7.0
2024-12-13,2,6,Caesar Salad,34,10.0
2024-12-13,2,7,Minestrone Soup,36,9.0
2024-12-13,3,1,Margherita Pizza,41,12.0
2024-12-13,3,2,Pasta Alfredo,46,14.0
2024-12-13,3,3,Lasagna Bolognese,36,16.0
2024-12-13,3,4,Bruschetta,41,8.0
2024-12-13,3,5,Tiramisu,47,7.0
2024-12-13,3,6,Caesar Salad,38,10.0
2024-12-13,3,7,Minestrone Soup,42,9.0
2024-12-13,4,1,Margherita Pizza,40,12.0
2024-12-13,4,2,Pasta Alfredo,49,14.0
2024-12-13,4,3,Lasagna Bolognese,35,16.0
2024-12-13,4,4,Bruschetta,43,8.0
2024-12-13,4,5,Tiramisu,57,7.0
2024-12-13,4,6,Caesar Salad,36,10.0
2024-12-13,4,7,Minestrone Soup,36,9.0
2024-12-13,5,1,Margherita Pizza,43,12.0
2024-12-13,5,2,Pasta Alfredo,46,14.0
2024-12-13,5,3,Lasagna Bolognese,36,16.0
2024-12-13,5,4,Bruschetta,38,8.0
2024-12-13,5,5,Tiramisu,49,7.0
2024-12-13,5,6,Caesar Salad,32,10.0
2024-12-13,5,7,Minestrone Soup,45,9.0
2024-12-14,1,1,Margherita Pizza,37,12.0
2024-12-14,1,2,Pasta Alfredo,44,14.0
2024-12-14,1,3,Lasagna Bolognese,30,16.0
2024-12-14,1,4,Bruschetta,32,8.0
2024-12-14,1,5,Tiramisu,44,7.0
2024-12-14,1,6,Caesar Salad,36,10.0
2024-12-14,1,7,Minestrone Soup,38,9.0
2024-12-14,2,1,Margherita Pizza,37,12.0
2024-12-14,2,2,Pasta Alfredo,41,14.0
2024-12-14,2,3,Lasagna Bolognese,29,16.0
2024-12-14,2,4,Bruschetta,40,8.0
2024-12-14,2,5,Tiramisu,48,7.0
2024-12-14,2,6,Caesar Salad,33,10.0
2024-12-14,2,7,Minestrone Soup,41,9.0
2024-12-14,3,1,Margherita Pizza,43,12.0
2024-12-14,3,2,Pasta Alfredo,49,14.0
2024-12-14,3,3,Lasagna Bolognese,32,16.0
2024-12-14,3,4,Bruschetta,41,8.0
2024-12-14,3,5,Tiramisu,45,7.0
2024-12-14,3,6,Caesar Salad,34,10.0
2024-12-14,3,7,Minestrone Soup,41,9.0
2024-12-14,4,1,Margherita Pizza,47,12.0
2024-12-14,4,2,Pasta Alfredo,45,14.0
2024-12-14,4,3,Lasagna Bolognese,37,16.0
2024-12-14,4,4,Bruschetta,47,8.0
2024-12-14,4,5,Tiramisu,52,7.0
2024-12-14,4,6,Caesar Salad,38,10.0
2024-12-14,4,7,Minestrone Soup,44,9.0
2024-12-14,5,1,Margherita Pizza,48,12.0
2024-12-14,5,2,Pasta Alfredo,48,14.0
2024-12-14,5,3,Lasagna Bolognese,33,16.0
2024-12-14,5,4,Bruschetta,44,8.0
2024-12-14,5,5,Tiramisu,45,7.0
2024-12-14,5,6,Caesar Salad,41,10.0
2024-12-14,5,7,Minestrone Soup,48,9.0
2024-12-15,1,1,Margherita Pizza,30,12.0
2024-12-15,1,2,Pasta Alfredo,35,14.0
2024-12-15,1,3,Lasagna Bolognese,26,16.0
2024-12-15,1,4,Bruschetta,31,8.0
2024-12-15,1,5,Tiramisu,37,7.0
2024-12-15,1,6,Caesar Salad,28,10.0
2024-12-15,1,7,Minestrone Soup,31,9.0
2024-12-15,2,1,Margherita Pizza,36,12.0
2024-12-15,2,2,Pasta Alfredo,40,14.0
2024-12-15,2,3,Lasagna Bolognese,25,16.0
2024-12-15,2,4,Bruschetta,37,8.0
2024-12-15,2,5,Tiramisu,34,7.0
2024-12-15,2,6,Caesar Salad,27,10.0
2024-12-15,2,7,Minestrone Soup,36,9.0
2024-12-15,3,1,Margherita Pizza,32,12.0
2024-12-15,3,2,Pasta Alfredo,41,14.0
2024-12-15,3,3,Lasagna Bolognese,30,16.0
2024-12-15,3,4,Bruschetta,32,8.0
2024-12-15,3,5,Tiramisu,40,7.0
2024-12-15,3,6,Caesar Salad,28,10.0
2024-12-15,3,7,Minestrone Soup,33,9.0
2024-12-15,4,1,Margherita Pizza,43,12.0
2024-12-15,4,2,Pasta Alfredo,40,14.0
2024-12-15,4,3,Lasagna Bolognese,33,16.0
2024-12-15,4,4,Bruschetta,35,8.0
2024-12-15,4,5,Tiramisu,39,7.0
2024-12-15,4,6,Caesar Salad,30,10.0
2024-12-15,4,7,Minestrone Soup,38,9.0
2024-12-15,5,1,Margherita Pizza,40,12.0
2024-12-15,5,2,Pasta Alfredo,49,14.0
2024-12-15,5,3,Lasagna Bolognese,40,16.0
2024-12-15,5,4,Bruschetta,38,8.0
2024-12-15,5,5,Tiramisu,42,7.0
2024-12-15,5,6,Caesar Salad,33,10.0
2024-12-15,5,7,Minestrone Soup,37,9.0
2024-12-16,1,1,Margherita Pizza,26,12.0
2024-12-16,1,2,Pasta Alfredo,23,14.0
2024-12-16,1,3,Lasagna Bolognese,26,16.0
2024-12-16,1,4,Bruschetta,26,8.0
2024-12-16,1,5,Tiramisu,22,7.0
2024-12-16,1,6,Caesar Salad,17,10.0
2024-12-16,1,7,Minestrone Soup,25,9.0
2024-12-16,2,1,Margherita Pizza,28,12.0
2024-12-16,2,2,Pasta Alfredo,24,14.0
2024-12-16,2,3,Lasagna Bolognese,22,16.0
2024-12-16,2,4,Bruschetta,18,8.0
2024-12-16,2,5,Tiramisu,28,7.0
2024-12-16,2,6,Caesar Salad,24,10.0
2024-12-16,2,7,Minestrone Soup,23,9.0
2024-12-16,3,1,Margherita Pizza,21,12.0
2024-12-16,3,2,Pasta Alfredo,30,14.0
2024-12-16,3,3,Lasagna Bolognese,19,16.0
2024-12-16,3,4,Bruschetta,27,8.0
2024-12-16,3,5,Tiramisu,27,7.0
2024-12-16,3,6,Caesar Salad,19,10.0
2024-12-16,3,7,Minestrone Soup,19,9.0
2024-12-16,4,1,Margherita Pizza,27,12.0
2024-12-16,4,2,Pasta Alfredo,31,14.0
2024-12-16,4,3,Lasagna Bolognese,19,16.0
2024-12-16,4,4,Bruschetta,27,8.0
2024-12-16,4,5,Tiramisu,34,7.0
2024-12-16,4,6,Caesar Salad,22,10.0
2024-12-16,4,7,Minestrone Soup,27,9.0
2024-12-16,5,1,Margherita Pizza,29,12.0
2024-12-16,5,2,Pasta Alfredo,29,14.0
2024-12-16,5,3,Lasagna Bolognese,29,16.0
2024-12-16,5,4,Bruschetta,26,8.0
2024-12-16,5,5,Tiramisu,34,7.0
2024-12-16,5,6,Caesar Salad,26,10.0
2024-12-16,5,7,Minestrone Soup,27,9.0
2024-12-17,1,1,Margherita Pizza,29,12.0
2024-12-17,1,2,Pasta Alfredo,32,14.0
2024-12-17,1,3,Lasagna Bolognese,18,16.0
2024-12-17,1,4,Bruschetta,26,8.0
2024-12-17,1,5,Tiramisu,30,7.0
2024-12-17,1,6,Caesar Salad,21,10.0
2024-12-17,1,7,Minestrone Soup,23,9.0
2024-12-17,2,1,Margherita Pizza,32,12.0
2024-12-17,2,2,Pasta Alfredo,38,14.0
2024-12-17,2,3,Lasagna Bolognese,27,16.0
2024-12-17,2,4,Bruschetta,32,8.0
2024-12-17,2,5,Tiramisu,32,7.0
2024-12-17,2,6,Caesar Salad,22,10.0
2024-12-17,2,7,Minestrone Soup,26,9.0
2024-12-17,3,1,Margherita Pizza,32,12.0
2024-12-17,3,2,Pasta Alfredo,36,14.0
2024-12-17,3,3,Lasagna Bolognese,25,16.0
2024-12-17,3,4,Bruschetta,34,8.0
2024-12-17,3,5,Tiramisu,36,7.0
2024-12-17,3,6,Caesar Salad,22,10.0
2024-12-17,3,7,Minestrone Soup,28,9.0
2024-12-17,4,1,Margherita Pizza,33,12.0
2024-12-17,4,2,Pasta Alfredo,40,14.0
2024-12-17,4,3,Lasagna Bolognese,28,16.0
2024-12-17,4,4,Bruschetta,37,8.0
2024-12-17,4,5,Tiramisu,41,7.0
2024-12-17,4,6,Caesar Salad,27,10.0
2024-12-17,4,7,Minestrone Soup,29,9.0
2024-12-17,5,1,Margherita Pizza,29,12.0
2024-12-17,5,2,Pasta Alfredo,37,14.0
2024-12-17,5,3,Lasagna Bolognese,30,16.0
2024-12-17,5,4,Bruschetta,38,8.0
2024-12-17,5,5,Tiramisu,39,7.0
2024-12-17,5,6,Caesar Salad,31,10.0
2024-12-17,5,7,Minestrone Soup,32,9.0
2024-12-18,1,1,Margherita Pizza,29,12.0
2024-12-18,1,2,Pasta Alfredo,34,14.0
2024-12-18,1,3,Lasagna Bolognese,17,16.0
2024-12-18,1,4,Bruschetta,26,8.0
2024-12-18,1,5,Tiramisu,34,7.0
2024-12-18,1,6,Caesar Salad,23,10.0
2024-12-18,1,7,Minestrone Soup,23,9.0
2024-12-18,2,1,Margherita Pizza,21,12.0
2024-12-18,2,2,Pasta Alfredo,32,14.0
2024-12-18,2,3,Lasagna Bolognese,24,16.0
2024-12-18,2,4,Bruschetta,26,8.0
2024-12-18,2,5,Tiramisu,34,7.0
2024-12-18,2,6,Caesar Salad,25,10.0
2024-12-18,2,7,Minestrone Soup,31,9.0
2024-12-18,3,1,Margherita Pizza,23,12.0
2024-12-18,3,2,Pasta Alfredo,31,14.0
2024-12-18,3,3,Lasagna Bolognese,24,16.0
2024-12-18,3,4,Bruschetta,32,8.0
2024-12-18,3,5,Tiramisu,36,7.0
2024-12-18,3,6,Caesar Salad,26,10.0
2024-12-18,3,7,Minestrone Soup,29,9.0
2024-12-18,4,1,Margherita Pizza,30,12.0
2024-12-18,4,2,Pasta Alfredo,34,14.0
2024-12-18,4,3,Lasagna Bolognese,28,16.0
2024-12-18,4,4,Bruschetta,29,8.0
2024-12-18,4,5,Tiramisu,39,7.0
2024-12-18,4,6,Caesar Salad,27,10.0
2024-12-18,4,7,Minestrone Soup,31,9.0
2024-12-18,5,1,Margherita Pizza,31,12.0
2024-12-18,5,2,Pasta Alfredo,34,14.0
2024-12-18,5,3,Lasagna Bolognese,25,16.0
2024-12-18,5,4,Bruschetta,32,8.0
2024-12-18,5,5,Tiramisu,31,7.0
2024-12-18,5,6,Caesar Salad,27,10.0
2024-12-18,5,7,Minestrone Soup,36,9.0
2024-12-19,1,1,Margherita Pizza,29,12.0
2024-12-19,1,2,Pasta Alfredo,30,14.0
2024-12-19,1,3,Lasagna Bolognese,23,16.0
2024-12-19,1,4,Bruschetta,25,8.0
2024-12-19,1,5,Tiramisu,32,7.0
2024-12-19,1,6,Caesar Salad,27,10.0
2024-12-19,1,7,Minestrone Soup,30,9.0
2024-12-19,2,1,Margherita Pizza,30,12.0
2024-12-19,2,2,Pasta Alfredo,32,14.0
2024-12-19,2,3,Lasagna Bolognese,26,16.0
2024-12-19,2,4,Bruschetta,23,8.0
2024-12-19,2,5,Tiramisu,32,7.0
2024-12-19,2,6,Caesar Salad,26,10.0
2024-12-19,2,7,Minestrone Soup,31,9.0
2024-12-19,3,1,Margherita Pizza,32,12.0
2024-12-19,3,2,Pasta Alfredo,36,14.0
2024-12-19,3,3,Lasagna Bolognese,24,16.0
2024-12-19,3,4,Bruschetta,32,8.0
2024-12-19,3,5,Tiramisu,32,7.0
2024-12-19,3,6,Caesar Salad,22,10.0
2024-12-19,3,7,Minestrone Soup,30,9.0
2024-12-19,4,1,Margherita Pizza,32,12.0
2024-12-19,4,2,Pasta Alfredo,31,14.0
2024-12-19,4,3,Lasagna Bolognese,27,16.0
2024-12-19,4,4,Bruschetta,34,8.0
2024-12-19,4,5,Tiramisu,36,7.0
2024-12-19,4,6,Caesar Salad,33,10.0
2024-12-19,4,7,Minestrone Soup,29,9.0
2024-12-19,5,1,Margherita Pizza,32,12.0
2024-12-19,5,2,Pasta Alfredo,37,14.0
2024-12-19,5,3,Lasagna Bolognese,27,16.0
2024-12-19,5,4,Bruschetta,32,8.0
2024-12-19,5,5,Tiramisu,34,7.0
2024-12-19,5,6,Caesar Salad,26,10.0
2024-12-19,5,7,Minestrone Soup,32,9.0
2024-12-20,1,1,Margherita Pizza,40,12.0
2024-12-20,1,2,Pasta Alfredo,49,14.0
2024-12-20,1,3,Lasagna Bolognese,34,16.0
2024-12-20,1,4,Bruschetta,34,8.0
2024-12-20,1,5,Tiramisu,41,7.0
2024-12-20,1,6,Caesar Salad,30,10.0
2024-12-20,1,7,Minestrone Soup,42,9.0
2024-12-20,2,1,Margherita Pizza,38,12.0
2024-12-20,2,2,Pasta Alfredo,41,14.0
2024-12-20,2,3,Lasagna Bolognese,31,16.0
2024-12-20,2,4,Bruschetta,41,8.0
2024-12-20,2,5,Tiramisu,47,7.0
2024-12-20,2,6,Caesar Salad,31,10.0
2024-12-20,2,7,Minestrone Soup,41,9.0
2024-12-20,3,1,Margherita Pizza,34,12.0
2024-12-20,3,2,Pasta Alfredo,47,14.0
2024-12-20,3,3,Lasagna Bolognese,36,16.0
2024-12-20,3,4,Bruschetta,38,8.0
2024-12-20,3,5,Tiramisu,45,7.0
2024-12-20,3,6,Caesar Salad,28,10.0
2024-12-20,3,7,Minestrone Soup,45,9.0
2024-12-20,4,1,Margherita Pizza,40,12.0
2024-12-20,4,2,Pasta Alfredo,50,14.0
2024-12-20,4,3,Lasagna Bolognese,37,16.0
2024-12-20,4,4,Bruschetta,47,8.0
2024-12-20,4,5,Tiramisu,49,7.0
2024-12-20,4,6,Caesar Salad,34,10.0
2024-12-20,4,7,Minestrone Soup,43,9.0
2024-12-20,5,1,Margherita Pizza,48,12.0
2024-12-20,5,2,Pasta Alfredo,51,14.0
2024-12-20,5,3,Lasagna Bolognese,34,16.0
2024-12-20,5,4,Bruschetta,40,8.0
2024-12-20,5,5,Tiramisu,48,7.0
2024-12-20,5,6,Caesar Salad,39,10.0
2024-12-20,5,7,Minestrone Soup,43,9.0
2024-12-21,1,1,Margherita Pizza,35,12.0
2024-12-21,1,2,Pasta Alfredo,40,14.0
2024-12-21,1,3,Lasagna Bolognese,31,16.0
2024-12-21,1,4,Bruschetta,36,8.0
2024-12-21,1,5,Tiramisu,42,7.0
2024-12-21,1,6,Caesar Salad,35,10.0
2024-12-21,1,7,Minestrone Soup,41,9.0
2024-12-21,2,1,Margherita Pizza,34,12.0
2024-12-21,2,2,Pasta Alfredo,46,14.0
2024-12-21,2,3,Lasagna Bolognese,30,16.0
2024-12-21,2,4,Bruschetta,38,8.0
2024-12-21,2,5,Tiramisu,46,7.0
2024-12-21,2,6,Caesar Salad,31,10.0
2024-12-21,2,7,Minestrone Soup,39,9.0
2024-12-21,3,1,Margherita Pizza,42,12.0
2024-12-21,3,2,Pasta Alfredo,48,14.0
2024-12-21,3,3,Lasagna Bolognese,32,16.0
2024-12-21,3,4,Bruschetta,39,8.0
2024-12-21,3,5,Tiramisu,43,7.0
2024-12-21,3,6,Caesar Salad,31,10.0
2024-12-21,3,7,Minestrone Soup,46,9.0
2024-12-21,4,1,Margherita Pizza,40,12.0
2024-12-21,4,2,Pasta Alfredo,46,14.0
2024-12-21,4,3,Lasagna Bolognese,36,16.0
2024-12-21,4,4,Bruschetta,42,8.0
2024-12-21,4,5,Tiramisu,49,7.0
2024-12-21,4,6,Caesar Salad,39,10.0
2024-12-21,4,7,Minestrone Soup,44,9.0
2024-12-21,5,1,Margherita Pizza,43,12.0
2024-12-21,5,2,Pasta Alfredo,50,14.0
2024-12-21,5,3,Lasagna Bolognese,35,16.0
2024-12-21,5,4,Bruschetta,47,8.0
2024-12-21,5,5,Tiramisu,51,7.0
2024-12-21,5,6,Caesar Salad,31,10.0
2024-12-21,5,7,Minestrone Soup,44,9.0
2024-12-22,1,1,Margherita Pizza,27,12.0
2024-12-22,1,2,Pasta Alfredo,43,14.0
2024-12-22,1,3,Lasagna Bolognese,23,16.0
2024-12-22,1,4,Bruschetta,31,8.0
2024-12-22,1,5,Tiramisu,37,7.0
2024-12-22,1,6,Caesar Salad,25,10.0
2024-12-22,1,7,Minestrone Soup,30,9.0
2024-12-22,2,1,Margherita Pizza,34,12.0
2024-12-22,2,2,Pasta Alfredo,43,14.0
2024-12-22,2,3,Lasagna Bolognese,30,16.0
2024-12-22,2,4,Bruschetta,37,8.0
2024-12-22,2,5,Tiramisu,35,7.0
2024-12-22,2,6,Caesar Salad,28,10.0
2024-12-22,2,7,Minestrone Soup,33,9.0
2024-12-22,3,1,Margherita Pizza,35,12.0
2024-12-22,3,2,Pasta Alfredo,44,14.0
2024-12-22,3,3,Lasagna Bolognese,28,16.0
2024-12-22,3,4,Bruschetta,33,8.0
2024-12-22,3,5,Tiramisu,42,7.0
2024-12-22,3,6,Caesar Salad,23,10.0
2024-12-22,3,7,Minestrone Soup,34,9.0
2024-12-22,4,1,Margherita Pizza,36,12.0
2024-12-22,4,2,Pasta Alfredo,39,14.0
2024-12-22,4,3,Lasagna Bolognese,33,16.0
2024-12-22,4,4,Bruschetta,33,8.0
2024-12-22,4,5,Tiramisu,42,7.0
2024-12-22,4,6,Caesar Salad,31,10.0
2024-12-22,4,7,Minestrone Soup,40,9.0
2024-12-22,5,1,Margherita Pizza,38,12.0
2024-12-22,5,2,Pasta Alfredo,47,14.0
2024-12-22,5,3,Lasagna Bolognese,34,16.0
2024-12-22,5,4,Bruschetta,38,8.0
2024-12-22,5,5,Tiramisu,41,7.0
2024-12-22,5,6,Caesar Salad,27,10.0
2024-12-22,5,7,Minestrone Soup,38,9.0
2024-12-23,1,1,Margherita Pizza,21,12.0
2024-12-23,1,2,Pasta Alfredo,30,14.0
2024-12-23,1,3,Lasagna Bolognese,21,16.0
2024-12-23,1,4,Bruschetta,22,8.0
2024-12-23,1,5,Tiramisu,23,7.0
2024-12-23,1,6,Caesar Salad,21,10.0
2024-12-23,1,7,Minestrone Soup,20,9.0
2024-12-23,2,1,Margherita Pizza,22,12.0
2024-12-23,2,2,Pasta Alfredo,25,14.0
2024-12-23,2,3,Lasagna Bolognese,20,16.0
2024-12-23,2,4,Bruschetta,28,8.0
2024-12-23,2,5,Tiramisu,28,7.0
2024-12-23,2,6,Caesar Salad,19,10.0
2024-12-23,2,7,Minestrone Soup,20,9.0
2024-12-23,3,1,Margherita Pizza,27,12.0
2024-12-23,3,2,Pasta Alfredo,27,14.0
2024-12-23,3,3,Lasagna Bolognese,22,16.0
2024-12-23,3,4,Bruschetta,24,8.0
2024-12-23,3,5,Tiramisu,32,7.0
2024-12-23,3,6,Caesar Salad,21,10.0
2024-12-23,3,7,Minestrone Soup,25,9.0
2024-12-23,4,1,Margherita Pizza,28,12.0
2024-12-23,4,2,Pasta Alfredo,37,14.0
2024-12-23,4,3,Lasagna Bolognese,25,16.0
2024-12-23,4,4,Bruschetta,26,8.0
2024-12-23,4,5,Tiramisu,31,7.0
2024-12-23,4,6,Caesar Salad,21,10.0
2024-12-23,4,7,Minestrone Soup,24,9.0
2024-12-23,5,1,Margherita Pizza,26,12.0
2024-12-23,5,2,Pasta Alfredo,30,14.0
2024-12-23,5,3,Lasagna Bolognese,25,16.0
2024-12-23,5,4,Bruschetta,25,8.0
2024-12-23,5,5,Tiramisu,37,7.0
2024-12-23,5,6,Caesar Salad,25,10.0
2024-12-23,5,7,Minestrone Soup,28,9.0
2024-12-24,1,1,Margherita Pizza,27,12.0
2024-12-24,1,2,Pasta Alfredo,30,14.0
2024-12-24,1,3,Lasagna Bolognese,23,16.0
2024-12-24,1,4,Bruschetta,30,8.0
2024-12-24,1,5,Tiramisu,29,7.0
2024-12-24,1,6,Caesar Salad,18,10.0
2024-12-24,1,7,Minestrone Soup,29,9.0
2024-12-24,2,1,Margherita Pizza,29,12.0
2024-12-24,2,2,Pasta Alfredo,30,14.0
2024-12-24,2,3,Lasagna Bolognese,22,16.0
2024-12-24,2,4,Bruschetta,26,8.0
2024-12-24,2,5,Tiramisu,31,7.0
2024-12-24,2,6,Caesar Salad,23,10.0
2024-12-24,2,7,Minestrone Soup,28,9.0
2024-12-24,3,1,Margherita Pizza,28,12.0
2024-12-24,3,2,Pasta Alfredo,33,14.0
2024-12-24,3,3,Lasagna Bolognese,24,16.0
2024-12-24,3,4,Bruschetta,30,8.0
2024-12-24,3,5,Tiramisu,34,7.0
2024-12-24,3,6,Caesar Salad,28,10.0
2024-12-24,3,7,Minestrone Soup,31,9.0
2024-12-24,4,1,Margherita Pizza,27,12.0
2024-12-24,4,2,Pasta Alfredo,38,14.0
2024-12-24,4,3,Lasagna Bolognese,28,16.0
2024-12-24,4,4,Bruschetta,30,8.0
2024-12-24,4,5,Tiramisu,32,7.0
2024-12-24,4,6,Caesar Salad,26,10.0
2024-12-24,4,7,Minestrone Soup,31,9.0
2024-12-24,5,1,Margherita Pizza,29,12.0
2024-12-24,5,2,Pasta Alfredo,34,14.0
2024-12-24,5,3,Lasagna Bolognese,27,16.0
2024-12-24,5,4,Bruschetta,32,8.0
2024-12-24,5,5,Tiramisu,37,7.0
2024-12-24,5,6,Caesar Salad,27,10.0
2024-12-24,5,7,Minestrone Soup,29,9.0
2024-12-25,1,1,Margherita Pizza,26,12.0
2024-12-25,1,2,Pasta Alfredo,33,14.0
2024-12-25,1,3,Lasagna Bolognese,22,16.0
2024-12-25,1,4,Bruschetta,22,8.0
2024-12-25,1,5,Tiramisu,30,7.0
2024-12-25,1,6,Caesar Salad,19,10.0
2024-12-25,1,7,Minestrone Soup,28,9.0
2024-12-25,2,1,Margherita Pizza,29,12.0
2024-12-25,2,2,Pasta Alfredo,28,14.0
2024-12-25,2,3,Lasagna Bolognese,26,16.0
2024-12-25,2,4,Bruschetta,25,8.0
2024-12-25,2,5,Tiramisu,38,7.0
2024-12-25,2,6,Caesar Salad,24,10.0
2024-12-25,2,7,Minestrone Soup,25,9.0
2024-12-25,3,1,Margherita Pizza,26,12.0
2024-12-25,3,2,Pasta Alfredo,36,14.0
2024-12-25,3,3,Lasagna Bolognese,24,16.0
2024-12-25,3,4,Bruschetta,30,8.0
2024-12-25,3,5,Tiramisu,40,7.0
2024-12-25,3,6,Caesar Salad,23,10.0
2024-12-25,3,7,Minestrone Soup,30,9.0
2024-12-25,4,1,Margherita Pizza,36,12.0
2024-12-25,4,2,Pasta Alfredo,37,14.0
2024-12-25,4,3,Lasagna Bolognese,21,16.0
2024-12-25,4,4,Bruschetta,33,8.0
2024-12-25,4,5,Tiramisu,33,7.0
2024-12-25,4,6,Caesar Salad,30,10.0
2024-12-25,4,7,Minestrone Soup,29,9.0
2024-12-25,5,1,Margherita Pizza,42,12.0
2024-12-25,5,2,Pasta Alfredo,43,14.0
2024-12-25,5,3,Lasagna Bolognese,25,16.0
2024-12-25,5,4,Bruschetta,33,8.0
2024-12-25,5,5,Tiramisu,40,7.0
2024-12-25,5,6,Caesar Salad,30,10.0
2024-12-25,5,7,Minestrone Soup,34,9.0
2024-12-26,1,1,Margherita Pizza,31,12.0
2024-12-26,1,2,Pasta Alfredo,31,14.0
2024-12-26,1,3,Lasagna Bolognese,21,16.0
2024-12-26,1,4,Bruschetta,26,8.0
2024-12-26,1,5,Tiramisu,34,7.0
2024-12-26,1,6,Caesar Salad,24,10.0
2024-12-26,1,7,Minestrone Soup,28,9.0
2024-12-26,2,1,Margherita Pizza,31,12.0
2024-12-26,2,2,Pasta Alfredo,27,14.0
2024-12-26,2,3,Lasagna Bolognese,25,16.0
2024-12-26,2,4,Bruschetta,29,8.0
2024-12-26,2,5,Tiramisu,38,7.0
2024-12-26,2,6,Caesar Salad,19,10.0
2024-12-26,2,7,Minestrone Soup,33,9.0
2024-12-26,3,1,Margherita Pizza,30,12.0
2024-12-26,3,2,Pasta Alfredo,36,14.0
2024-12-26,3,3,Lasagna Bolognese,30,16.0
2024-12-26,3,4,Bruschetta,32,8.0
2024-12-26,3,5,Tiramisu,36,7.0
2024-12-26,3,6,Caesar Salad,26,10.0
2024-12-26,3,7,Minestrone Soup,28,9.0
2024-12-26,4,1,Margherita Pizza,31,12.0
2024-12-26,4,2,Pasta Alfredo,34,14.0
2024-12-26,4,3,Lasagna Bolognese,26,16.0
2024-12-26,4,4,Bruschetta,24,8.0
2024-12-26,4,5,Tiramisu,38,7.0
2024-12-26,4,6,Caesar Salad,26,10.0
2024-12-26,4,7,Minestrone Soup,30,9.0
2024-12-26,5,1,Margherita Pizza,33,12.0
2024-12-26,5,2,Pasta Alfredo,34,14.0
2024-12-26,5,3,Lasagna Bolognese,33,16.0
2024-12-26,5,4,Bruschetta,32,8.0
2024-12-26,5,5,Tiramisu,38,7.0
2024-12-26,5,6,Caesar Salad,24,10.0
2024-12-26,5,7,Minestrone Soup,33,9.0
2024-12-27,1,1,Margherita Pizza,41,12.0
2024-12-27,1,2,Pasta Alfredo,46,14.0
2024-12-27,1,3,Lasagna Bolognese,33,16.0
2024-12-27,1,4,Bruschetta,38,8.0
2024-12-27,1,5,Tiramisu,42,7.0
2024-12-27,1,6,Caesar Salad,26,10.0
2024-12-27,1,7,Minestrone Soup,36,9.0
2024-12-27,2,1,Margherita Pizza,38,12.0
2024-12-27,2,2,Pasta Alfredo,48,14.0
2024-12-27,2,3,Lasagna Bolognese,33,16.0
2024-12-27,2,4,Bruschetta,43,8.0
2024-12-27,2,5,Tiramisu,48,7.0
2024-12-27,2,6,Caesar Salad,31,10.0
2024-12-27,2,7,Minestrone Soup,33,9.0
2024-12-27,3,1,Margherita Pizza,45,12.0
2024-12-27,3,2,Pasta Alfredo,51,14.0
2024-12-27,3,3,Lasagna Bolognese,30,16.0
2024-12-27,3,4,Bruschetta,45,8.0
2024-12-27,3,5,Tiramisu,48,7.0
2024-12-27,3,6,Caesar Salad,34,10.0
2024-12-27,3,7,Minestrone Soup,45,9.0
2024-12-27,4,1,Margherita Pizza,46,12.0
2024-12-27,4,2,Pasta Alfredo,51,14.0
2024-12-27,4,3,Lasagna Bolognese,37,16.0
2024-12-27,4,4,Bruschetta,44,8.0
2024-12-27,4,5,Tiramisu,48,7.0
2024-12-27,4,6,Caesar Salad,35,10.0
2024-12-27,4,7,Minestrone Soup,40,9.0
2024-12-27,5,1,Margherita Pizza,43,12.0
2024-12-27,5,2,Pasta Alfredo,51,14.0
2024-12-27,5,3,Lasagna Bolognese,35,16.0
2024-12-27,5,4,Bruschetta,45,8.0
2024-12-27,5,5,Tiramisu,51,7.0
2024-12-27,5,6,Caesar Salad,38,10.0
2024-12-27,5,7,Minestrone Soup,39,9.0
2024-12-28,1,1,Margherita Pizza,36,12.0
2024-12-28,1,2,Pasta Alfredo,43,14.0
2024-12-28,1,3,Lasagna Bolognese,30,16.0
2024-12-28,1,4,Bruschetta,36,8.0
2024-12-28,1,5,Tiramisu,38,7.0
2024-12-28,1,6,Caesar Salad,32,10.0
2024-12-28,1,7,Minestrone Soup,38,9.0
2024-12-28,2,1,Margherita Pizza,40,12.0
2024-12-28,2,2,Pasta Alfredo,48,14.0
2024-12-28,2,3,Lasagna Bolognese,33,16.0
2024-12-28,2,4,Bruschetta,40,8.0
2024-12-28,2,5,Tiramisu,45,7.0
2024-12-28,2,6,Caesar Salad,34,10.0
2024-12-28,2,7,Minestrone Soup,34,9.0
2024-12-28,3,1,Margherita Pizza,38,12.0
2024-12-28,3,2,Pasta Alfredo,52,14.0
2024-12-28,3,3,Lasagna Bolognese,26,16.0
2024-12-28,3,4,Bruschetta,40,8.0
2024-12-28,3,5,Tiramisu,51,7.0
2024-12-28,3,6,Caesar Salad,33,10.0
2024-12-28,3,7,Minestrone Soup,39,9.0
2024-12-28,4,1,Margherita Pizza,43,12.0
2024-12-28,4,2,Pasta Alfredo,48,14.0
2024-12-28,4,3,Lasagna Bolognese,35,16.0
2024-12-28,4,4,Bruschetta,40,8.0
2024-12-28,4,5,Tiramisu,53,7.0
2024-12-28,4,6,Caesar Salad,40,10.0
2024-12-28,4,7,Minestrone Soup,42,9.0
2024-12-28,5,1,Margherita Pizza,40,12.0
2024-12-28,5,2,Pasta Alfredo,50,14.0
2024-12-28,5,3,Lasagna Bolognese,36,16.0
2024-12-28,5,4,Bruschetta,46,8.0
2024-12-28,5,5,Tiramisu,49,7.0
2024-12-28,5,6,Caesar Salad,35,10.0
2024-12-28,5,7,Minestrone Soup,46,9.0
2024-12-29,1,1,Margherita Pizza,34,12.0
2024-12-29,1,2,Pasta Alfredo,34,14.0
2024-12-29,1,3,Lasagna Bolognese,22,16.0
2024-12-29,1,4,Bruschetta,41,8.0
2024-12-29,1,5,Tiramisu,39,7.0
2024-12-29,1,6,Caesar Salad,25,10.0
2024-12-29,1,7,Minestrone Soup,34,9.0
2024-12-29,2,1,Margherita Pizza,32,12.0
2024-12-29,2,2,Pasta Alfredo,41,14.0
2024-12-29,2,3,Lasagna Bolognese,28,16.0
2024-12-29,2,4,Bruschetta,33,8.0
2024-12-29,2,5,Tiramisu,38,7.0
2024-12-29,2,6,Caesar Salad,23,10.0
2024-12-29,2,7,Minestrone Soup,39,9.0
2024-12-29,3,1,Margherita Pizza,32,12.0
2024-12-29,3,2,Pasta Alfredo,36,14.0
2024-12-29,3,3,Lasagna Bolognese,28,16.0
2024-12-29,3,4,Bruschetta,32,8.0
2024-12-29,3,5,Tiramisu,40,7.0
2024-12-29,3,6,Caesar Salad,31,10.0
2024-12-29,3,7,Minestrone Soup,37,9.0
2024-12-29,4,1,Margherita Pizza,38,12.0
2024-12-29,4,2,Pasta Alfredo,41,14.0
2024-12-29,4,3,Lasagna Bolognese,30,16.0
2024-12-29,4,4,Bruschetta,37,8.0
2024-12-29,4,5,Tiramisu,37,7.0
2024-12-29,4,6,Caesar Salad,32,10.0
2024-12-29,4,7,Minestrone Soup,32,9.0
2024-12-29,5,1,Margherita Pizza,44,12.0
2024-12-29,5,2,Pasta Alfredo,43,14.0
2024-12-29,5,3,Lasagna Bolognese,31,16.0
2024-12-29,5,4,Bruschetta,35,8.0
2024-12-29,5,5,Tiramisu,42,7.0
2024-12-29,5,6,Caesar Salad,38,10.0
2024-12-29,5,7,Minestrone Soup,41,9.0
2024-12-30,1,1,Margherita Pizza,18,12.0
2024-12-30,1,2,Pasta Alfredo,31,14.0
2024-12-30,1,3,Lasagna Bolognese,23,16.0
2024-12-30,1,4,Bruschetta,22,8.0
2024-12-30,1,5,Tiramisu,28,7.0
2024-12-30,1,6,Caesar Salad,19,10.0
2024-12-30,1,7,Minestrone Soup,29,9.0
2024-12-30,2,1,Margherita Pizza,22,12.0
2024-12-30,2,2,Pasta Alfredo,29,14.0
2024-12-30,2,3,Lasagna Bolognese,19,16.0
2024-12-30,2,4,Bruschetta,20,8.0
2024-12-30,2,5,Tiramisu,35,7.0
2024-12-30,2,6,Caesar Salad,17,10.0
2024-12-30,2,7,Minestrone Soup,25,9.0
2024-12-30,3,1,Margherita Pizza,20,12.0
2024-12-30,3,2,Pasta Alfredo,28,14.0
2024-12-30,3,3,Lasagna Bolognese,22,16.0
2024-12-30,3,4,Bruschetta,23,8.0
2024-12-30,3,5,Tiramisu,31,7.0
2024-12-30,3,6,Caesar Salad,20,10.0
2024-12-30,3,7,Minestrone Soup,29,9.0
2024-12-30,4,1,Margherita Pizza,31,12.0
2024-12-30,4,2,Pasta Alfredo,29,14.0
2024-12-30,4,3,Lasagna Bolognese,22,16.0
2024-12-30,4,4,Bruschetta,27,8.0
2024-12-30,4,5,Tiramisu,33,7.0
2024-12-30,4,6,Caesar Salad,22,10.0
2024-12-30,4,7,Minestrone Soup,27,9.0
2024-12-30,5,1,Margherita Pizza,27,12.0
2024-12-30,5,2,Pasta Alfredo,33,14.0
2024-12-30,5,3,Lasagna Bolognese,27,16.0
2024-12-30,5,4,Bruschetta,30,8.0
2024-12-30,5,5,Tiramisu,35,7.0
2024-12-30,5,6,Caesar Salad,25,10.0
2024-12-30,5,7,Minestrone Soup,27,9.0
2024-12-31,1,1,Margherita Pizza,28,12.0
2024-12-31,1,2,Pasta Alfredo,28,14.0
2024-12-31,1,3,Lasagna Bolognese,26,16.0
2024-12-31,1,4,Bruschetta,19,8.0
2024-12-31,1,5,Tiramisu,31,7.0
2024-12-31,1,6,Caesar Salad,26,10.0
2024-12-31,1,7,Minestrone Soup,23,9.0
2024-12-31,2,1,Margherita Pizza,30,12.0
2024-12-31,2,2,Pasta Alfredo,31,14.0
2024-12-31,2,3,Lasagna Bolognese,23,16.0
2024-12-31,2,4,Bruschetta,31,8.0
2024-12-31,2,5,Tiramisu,34,7.0
2024-12-31,2,6,Caesar Salad,18,10.0
2024-12-31,2,7,Minestrone Soup,26,9.0
2024-12-31,3,1,Margherita Pizza,33,12.0
2024-12-31,3,2,Pasta Alfredo,36,14.0
2024-12-31,3,3,Lasagna Bolognese,30,16.0
2024-12-31,3,4,Bruschetta,35,8.0
2024-12-31,3,5,Tiramisu,34,7.0
2024-12-31,3,6,Caesar Salad,32,10.0
2024-12-31,3,7,Minestrone Soup,30,9.0
2024-12-31,4,1,Margherita Pizza,28,12.0
2024-12-31,4,2,Pasta Alfredo,35,14.0
2024-12-31,4,3,Lasagna Bolognese,19,16.0
2024-12-31,4,4,Bruschetta,36,8.0
2024-12-31,4,5,Tiramisu,41,7.0
2024-12-31,4,6,Caesar Salad,23,10.0
2024-12-31,4,7,Minestrone Soup,31,9.0
2024-12-31,5,1,Margherita Pizza,33,12.0
2024-12-31,5,2,Pasta Alfredo,35,14.0
2024-12-31,5,3,Lasagna Bolognese,22,16.0
2024-12-31,5,4,Bruschetta,32,8.0
2024-12-31,5,5,Tiramisu,37,7.0
2024-12-31,5,6,Caesar Salad,26,10.0
2024-12-31,5,7,Minestrone Soup,33,9.0
2025-01-01,1,1,Margherita Pizza,33,12.0
2025-01-01,1,2,Pasta Alfredo,32,14.0
2025-01-01,1,3,Lasagna Bolognese,24,16.0
2025-01-01,1,4,Bruschetta,31,8.0
2025-01-01,1,5,Tiramisu,35,7.0
2025-01-01,1,6,Caesar Salad,22,10.0
2025-01-01,1,7,Minestrone Soup,29,9.0
2025-01-01,2,1,Margherita Pizza,32,12.0
2025-01-01,2,2,Pasta Alfredo,32,14.0
2025-01-01,2,3,Lasagna Bolognese,29,16.0
2025-01-01,2,4,Bruschetta,34,8.0
2025-01-01,2,5,Tiramisu,33,7.0
2025-01-01,2,6,Caesar Salad,26,10.0
2025-01-01,2,7,Minestrone Soup,32,9.0
2025-01-01,3,1,Margherita Pizza,30,12.0
2025-01-01,3,2,Pasta Alfredo,38,14.0
2025-01-01,3,3,Lasagna Bolognese,27,16.0
2025-01-01,3,4,Bruschetta,27,8.0
2025-01-01,3,5,Tiramisu,38,7.0
2025-01-01,3,6,Caesar Salad,23,10.0
2025-01-01,3,7,Minestrone Soup,34,9.0
2025-01-01,4,1,Margherita Pizza,31,12.0
2025-01-01,4,2,Pasta Alfredo,38,14.0
2025-01-01,4,3,Lasagna Bolognese,32,16.0
2025-01-01,4,4,Bruschetta,34,8.0
2025-01-01,4,5,Tiramisu,35,7.0
2025-01-01,4,6,Caesar Salad,24,10.0
2025-01-01,4,7,Minestrone Soup,31,9.0
2025-01-01,5,1,Margherita Pizza,36,12.0
2025-01-01,5,2,Pasta Alfredo,41,14.0
2025-01-01,5,3,Lasagna Bolognese,26,16.0
2025-01-01,5,4,Bruschetta,31,8.0
2025-01-01,5,5,Tiramisu,41,7.0
2025-01-01,5,6,Caesar Salad,28,10.0
2025-01-01,5,7,Minestrone Soup,41,9.0
2025-01-02,1,1,Margherita Pizza,29,12.0
2025-01-02,1,2,Pasta Alfredo,39,14.0
2025-01-02,1,3,Lasagna Bolognese,20,16.0
2025-01-02,1,4,Bruschetta,24,8.0
2025-01-02,1,5,Tiramisu,30,7.0
2025-01-02,1,6,Caesar Salad,27,10.0
2025-01-02,1,7,Minestrone Soup,34,9.0
2025-01-02,2,1,Margherita Pizza,28,12.0
2025-01-02,2,2,Pasta Alfredo,34,14.0
2025-01-02,2,3,Lasagna Bolognese,21,16.0
2025-01-02,2,4,Bruschetta,25,8.0
2025-01-02,2,5,Tiramisu,37,7.0
2025-01-02,2,6,Caesar Salad,26,10.0
2025-01-02,2,7,Minestrone Soup,30,9.0
2025-01-02,3,1,Margherita Pizza,27,12.0
2025-01-02,3,2,Pasta Alfredo,42,14.0
2025-01-02,3,3,Lasagna Bolognese,25,16.0
2025-01-02,3,4,Bruschetta,33,8.0
2025-01-02,3,5,Tiramisu,32,7.0
2025-01-02,3,6,Caesar Salad,26,10.0
2025-01-02,3,7,Minestrone Soup,32,9.0
2025-01-02,4,1,Margherita Pizza,34,12.0
2025-01-02,4,2,Pasta Alfredo,39,14.0
2025-01-02,4,3,Lasagna Bolognese,29,16.0
2025-01-02,4,4,Bruschetta,30,8.0
2025-01-02,4,5,Tiramisu,39,7.0
2025-01-02,4,6,Caesar Salad,28,10.0
2025-01-02,4,7,Minestrone Soup,34,9.0
2025-01-02,5,1,Margherita Pizza,35,12.0
2025-01-02,5,2,Pasta Alfredo,36,14.0
2025-01-02,5,3,Lasagna Bolognese,25,16.0
2025-01-02,5,4,Bruschetta,28,8.0
2025-01-02,5,5,Tiramisu,43,7.0
2025-01-02,5,6,Caesar Salad,31,10.0
2025-01-02,5,7,Minestrone Soup,37,9.0
2025-01-03,1,1,Margherita Pizza,39,12.0
2025-01-03,1,2,Pasta Alfredo,38,14.0
2025-01-03,1,3,Lasagna Bolognese,29,16.0
2025-01-03,1,4,Bruschetta,39,8.0
2025-01-03,1,5,Tiramisu,45,7.0
2025-01-03,1,6,Caesar Salad,31,10.0
2025-01-03,1,7,Minestrone Soup,40,9.0
2025-01-03,2,1,Margherita Pizza,41,12.0
2025-01-03,2,2,Pasta Alfredo,48,14.0
2025-01-03,2,3,Lasagna Bolognese,32,16.0
2025-01-03,2,4,Bruschetta,43,8.0
2025-01-03,2,5,Tiramisu,46,7.0
2025-01-03,2,6,Caesar Salad,30,10.0
2025-01-03,2,7,Minestrone Soup,38,9.0
2025-01-03,3,1,Margherita Pizza,41,12.0
2025-01-03,3,2,Pasta Alfredo,53,14.0
2025-01-03,3,3,Lasagna Bolognese,35,16.0
2025-01-03,3,4,Bruschetta,42,8.0
2025-01-03,3,5,Tiramisu,46,7.0
2025-01-03,3,6,Caesar Salad,38,10.0
2025-01-03,3,7,Minestrone Soup,41,9.0
2025-01-03,4,1,Margherita Pizza,44,12.0
2025-01-03,4,2,Pasta Alfredo,56,14.0
2025-01-03,4,3,Lasagna Bolognese,39,16.0
2025-01-03,4,4,Bruschetta,40,8.0
2025-01-03,4,5,Tiramisu,47,7.0
2025-01-03,4,6,Caesar Salad,37,10.0
2025-01-03,4,7,Minestrone Soup,41,9.0
2025-01-03,5,1,Margherita Pizza,49,12.0
2025-01-03,5,2,Pasta Alfredo,54,14.0
2025-01-03,5,3,Lasagna Bolognese,39,16.0
2025-01-03,5,4,Bruschetta,44,8.0
2025-01-03,5,5,Tiramisu,60,7.0
2025-01-03,5,6,Caesar Salad,47,10.0
2025-01-03,5,7,Minestrone Soup,46,9.0
2025-01-04,1,1,Margherita Pizza,40,12.0
2025-01-04,1,2,Pasta Alfredo,45,14.0
2025-01-04,1,3,Lasagna Bolognese,31,16.0
2025-01-04,1,4,Bruschetta,36,8.0
2025-01-04,1,5,Tiramisu,42,7.0
2025-01-04,1,6,Caesar Salad,29,10.0
2025-01-04,1,7,Minestrone Soup,40,9.0
2025-01-04,2,1,Margherita Pizza,39,12.0
2025-01-04,2,2,Pasta Alfredo,40,14.0
2025-01-04,2,3,Lasagna Bolognese,35,16.0
2025-01-04,2,4,Bruschetta,40,8.0
2025-01-04,2,5,Tiramisu,51,7.0
2025-01-04,2,6,Caesar Salad,35,10.0
2025-01-04,2,7,Minestrone Soup,36,9.0
2025-01-04,3,1,Margherita Pizza,36,12.0
2025-01-04,3,2,Pasta Alfredo,47,14.0
2025-01-04,3,3,Lasagna Bolognese,34,16.0
2025-01-04,3,4,Bruschetta,45,8.0
2025-01-04,3,5,Tiramisu,50,7.0
2025-01-04,3,6,Caesar Salad,39,10.0
2025-01-04,3,7,Minestrone Soup,39,9.0
2025-01-04,4,1,Margherita Pizza,47,12.0
2025-01-04,4,2,Pasta Alfredo,54,14.0
2025-01-04,4,3,Lasagna Bolognese,31,16.0
2025-01-04,4,4,Bruschetta,49,8.0
2025-01-04,4,5,Tiramisu,52,7.0
2025-01-04,4,6,Caesar Salad,38,10.0
2025-01-04,4,7,Minestrone Soup,42,9.0
2025-01-04,5,1,Margherita Pizza,50,12.0
2025-01-04,5,2,Pasta Alfredo,51,14.0
2025-01-04,5,3,Lasagna Bolognese,41,16.0
2025-01-04,5,4,Bruschetta,49,8.0
2025-01-04,5,5,Tiramisu,51,7.0
2025-01-04,5,6,Caesar Salad,45,10.0
2025-01-04,5,7,Minestrone Soup,47,9.0
2025-01-05,1,1,Margherita Pizza,35,12.0
2025-01-05,1,2,Pasta Alfredo,34,14.0
2025-01-05,1,3,Lasagna Bolognese,34,16.0
2025-01-05,1,4,Bruschetta,29,8.0
2025-01-05,1,5,Tiramisu,41,7.0
2025-01-05,1,6,Caesar Salad,24,10.0
2025-01-05,1,7,Minestrone Soup,31,9.0
2025-01-05,2,1,Margherita Pizza,37,12.0
2025-01-05,2,2,Pasta Alfredo,43,14.0
2025-01-05,2,3,Lasagna Bolognese,25,16.0
2025-01-05,2,4,Bruschetta,38,8.0
2025-01-05,2,5,Tiramisu,43,7.0
2025-01-05,2,6,Caesar Salad,26,10.0
2025-01-05,2,7,Minestrone Soup,39,9.0
2025-01-05,3,1,Margherita Pizza,32,12.0
2025-01-05,3,2,Pasta Alfredo,40,14.0
2025-01-05,3,3,Lasagna Bolognese,32,16.0
2025-01-05,3,4,Bruschetta,34,8.0
2025-01-05,3,5,Tiramisu,43,7.0
2025-01-05,3,6,Caesar Salad,31,10.0
2025-01-05,3,7,Minestrone Soup,36,9.0
2025-01-05,4,1,Margherita Pizza,40,12.0
2025-01-05,4,2,Pasta Alfredo,44,14.0
2025-01-05,4,3,Lasagna Bolognese,32,16.0
2025-01-05,4,4,Bruschetta,41,8.0
2025-01-05,4,5,Tiramisu,47,7.0
2025-01-05,4,6,Caesar Salad,34,10.0
2025-01-05,4,7,Minestrone Soup,35,9.0
2025-01-05,5,1,Margherita Pizza,41,12.0
2025-01-05,5,2,Pasta Alfredo,44,14.0
2025-01-05,5,3,Lasagna Bolognese,29,16.0
2025-01-05,5,4,Bruschetta,39,8.0
2025-01-05,5,5,Tiramisu,44,7.0
2025-01-05,5,6,Caesar Salad,35,10.0
2025-01-05,5,7,Minestrone Soup,42,9.0
2025-01-06,1,1,Margherita Pizza,19,12.0
2025-01-06,1,2,Pasta Alfredo,26,14.0
2025-01-06,1,3,Lasagna Bolognese,16,16.0
2025-01-06,1,4,Bruschetta,23,8.0
2025-01-06,1,5,Tiramisu,30,7.0
2025-01-06,1,6,Caesar Salad,19,10.0
2025-01-06,1,7,Minestrone Soup,22,9.0
2025-01-06,2,1,Margherita Pizza,29,12.0
2025-01-06,2,2,Pasta Alfredo,23,14.0
2025-01-06,2,3,Lasagna Bolognese,25,16.0
2025-01-06,2,4,Bruschetta,24,8.0
2025-01-06,2,5,Tiramisu,30,7.0
2025-01-06,2,6,Caesar Salad,20,10.0
2025-01-06,2,7,Minestrone Soup,30,9.0
2025-01-06,3,1,Margherita Pizza,23,12.0
2025-01-06,3,2,Pasta Alfredo,31,14.0
2025-01-06,3,3,Lasagna Bolognese,24,16.0
2025-01-06,3,4,Bruschetta,22,8.0
2025-01-06,3,5,Tiramisu,28,7.0
2025-01-06,3,6,Caesar Salad,22,10.0
2025-01-06,3,7,Minestrone Soup,24,9.0
2025-01-06,4,1,Margherita Pizza,26,12.0
2025-01-06,4,2,Pasta Alfredo,32,14.0
2025-01-06,4,3,Lasagna Bolognese,25,16.0
2025-01-06,4,4,Bruschetta,27,8.0
2025-01-06,4,5,Tiramisu,36,7.0
2025-01-06,4,6,Caesar Salad,20,10.0
2025-01-06,4,7,Minestrone Soup,24,9.0
2025-01-06,5,1,Margherita Pizza,35,12.0
2025-01-06,5,2,Pasta Alfredo,32,14.0
2025-01-06,5,3,Lasagna Bolognese,21,16.0
2025-01-06,5,4,Bruschetta,24,8.0
2025-01-06,5,5,Tiramisu,37,7.0
2025-01-06,5,6,Caesar Salad,23,10.0
2025-01-06,5,7,Minestrone Soup,29,9.0
2025-01-07,1,1,Margherita Pizza,28,12.0
2025-01-07,1,2,Pasta Alfredo,36,14.0
2025-01-07,1,3,Lasagna Bolognese,23,16.0
2025-01-07,1,4,Bruschetta,36,8.0
2025-01-07,1,5,Tiramisu,34,7.0
2025-01-07,1,6,Caesar Salad,27,10.0
2025-01-07,1,7,Minestrone Soup,31,9.0
2025-01-07,2,1,Margherita Pizza,30,12.0
2025-01-07,2,2,Pasta Alfredo,33,14.0
2025-01-07,2,3,Lasagna Bolognese,26,16.0
2025-01-07,2,4,Bruschetta,32,8.0
2025-01-07,2,5,Tiramisu,33,7.0
2025-01-07,2,6,Caesar Salad,25,10.0
2025-01-07,2,7,Minestrone Soup,34,9.0
2025-01-07,3,1,Margherita Pizza,38,12.0
2025-01-07,3,2,Pasta Alfredo,39,14.0
2025-01-07,3,3,Lasagna Bolognese,32,16.0
2025-01-07,3,4,Bruschetta,30,8.0
2025-01-07,3,5,Tiramisu,39,7.0
2025-01-07,3,6,Caesar Salad,30,10.0
2025-01-07,3,7,Minestrone Soup,29,9.0
2025-01-07,4,1,Margherita Pizza,32,12.0
2025-01-07,4,2,Pasta Alfredo,44,14.0
2025-01-07,4,3,Lasagna Bolognese,25,16.0
2025-01-07,4,4,Bruschetta,29,8.0
2025-01-07,4,5,Tiramisu,43,7.0
2025-01-07,4,6,Caesar Salad,31,10.0
2025-01-07,4,7,Minestrone Soup,34,9.0
2025-01-07,5,1,Margherita Pizza,34,12.0
2025-01-07,5,2,Pasta Alfredo,39,14.0
2025-01-07,5,3,Lasagna Bolognese,30,16.0
2025-01-07,5,4,Bruschetta,39,8.0
2025-01-07,5,5,Tiramisu,41,7.0
2025-01-07,5,6,Caesar Salad,35,10.0
2025-01-07,5,7,Minestrone Soup,32,9.0
2025-01-08,1,1,Margherita Pizza,28,12.0
2025-01-08,1,2,Pasta Alfredo,32,14.0
2025-01-08,1,3,Lasagna Bolognese,20,16.0
2025-01-08,1,4,Bruschetta,28,8.0
2025-01-08,1,5,Tiramisu,35,7.0
2025-01-08,1,6,Caesar Salad,25,10.0
2025-01-08,1,7,Minestrone Soup,35,9.0
2025-01-08,2,1,Margherita Pizza,31,12.0
2025-01-08,2,2,Pasta Alfredo,38,14.0
2025-01-08,2,3,Lasagna Bolognese,25,16.0
2025-01-08,2,4,Bruschetta,35,8.0
2025-01-08,2,5,Tiramisu,42,7.0
2025-01-08,2,6,Caesar Salad,27,10.0
2025-01-08,2,7,Minestrone Soup,27,9.0
2025-01-08,3,1,Margherita Pizza,30,12.0
2025-01-08,3,2,Pasta Alfredo,38,14.0
2025-01-08,3,3,Lasagna Bolognese,28,16.0
2025-01-08,3,4,Bruschetta,34,8.0
2025-01-08,3,5,Tiramisu,38,7.0
2025-01-08,3,6,Caesar Salad,26,10.0
2025-01-08,3,7,Minestrone Soup,30,9.0
2025-01-08,4,1,Margherita Pizza,34,12.0
2025-01-08,4,2,Pasta Alfredo,44,14.0
2025-01-08,4,3,Lasagna Bolognese,31,16.0
2025-01-08,4,4,Bruschetta,35,8.0
2025-01-08,4,5,Tiramisu,42,7.0
2025-01-08,4,6,Caesar Salad,26,10.0
2025-01-08,4,7,Minestrone Soup,31,9.0
2025-01-08,5,1,Margherita Pizza,32,12.0
2025-01-08,5,2,Pasta Alfredo,40,14.0
2025-01-08,5,3,Lasagna Bolognese,27,16.0
2025-01-08,5,4,Bruschetta,38,8.0
2025-01-08,5,5,Tiramisu,39,7.0
2025-01-08,5,6,Caesar Salad,26,10.0
2025-01-08,5,7,Minestrone Soup,40,9.0
2025-01-09,1,1,Margherita Pizza,27,12.0
2025-01-09,1,2,Pasta Alfredo,34,14.0
2025-01-09,1,3,Lasagna Bolognese,25,16.0
2025-01-09,1,4,Bruschetta,25,8.0
2025-01-09,1,5,Tiramisu,37,7.0
2025-01-09,1,6,Caesar Salad,26,10.0
2025-01-09,1,7,Minestrone Soup,33,9.0
2025-01-09,2,1,Margherita Pizza,28,12.0
2025-01-09,2,2,Pasta Alfredo,35,14.0
2025-01-09,2,3,Lasagna Bolognese,25,16.0
2025-01-09,2,4,Bruschetta,31,8.0
2025-01-09,2,5,Tiramisu,31,7.0
2025-01-09,2,6,Caesar Salad,25,10.0
2025-01-09,2,7,Minestrone Soup,26,9.0
2025-01-09,3,1,Margherita Pizza,33,12.0
2025-01-09,3,2,Pasta Alfredo,30,14.0
2025-01-09,3,3,Lasagna Bolognese,21,16.0
2025-01-09,3,4,Bruschetta,34,8.0
2025-01-09,3,5,Tiramisu,35,7.0
2025-01-09,3,6,Caesar Salad,23,10.0
2025-01-09,3,7,Minestrone Soup,35,9.0
2025-01-09,4,1,Margherita Pizza,34,12.0
2025-01-09,4,2,Pasta Alfredo,41,14.0
2025-01-09,4,3,Lasagna Bolognese,27,16.0
2025-01-09,4,4,Bruschetta,41,8.0
2025-01-09,4,5,Tiramisu,37,7.0
2025-01-09,4,6,Caesar Salad,33,10.0
2025-01-09,4,7,Minestrone Soup,33,9.0
2025-01-09,5,1,Margherita Pizza,30,12.0
2025-01-09,5,2,Pasta Alfredo,42,14.0
2025-01-09,5,3,Lasagna Bolognese,30,16.0
2025-01-09,5,4,Bruschetta,31,8.0
2025-01-09,5,5,Tiramisu,37,7.0
2025-01-09,5,6,Caesar Salad,29,10.0
2025-01-09,5,7,Minestrone Soup,36,9.0
2025-01-10,1,1,Margherita Pizza,31,12.0
2025-01-10,1,2,Pasta Alfredo,48,14.0
2025-01-10,1,3,Lasagna Bolognese,31,16.0
2025-01-10,1,4,Bruschetta,34,8.0
2025-01-10,1,5,Tiramisu,48,7.0
2025-01-10,1,6,Caesar Salad,32,10.0
2025-01-10,1,7,Minestrone Soup,42,9.0
2025-01-10,2,1,Margherita Pizza,42,12.0
2025-01-10,2,2,Pasta Alfredo,47,14.0
2025-01-10,2,3,Lasagna Bolognese,33,16.0
2025-01-10,2,4,Bruschetta,42,8.0
2025-01-10,2,5,Tiramisu,46,7.0
2025-01-10,2,6,Caesar Salad,31,10.0
2025-01-10,2,7,Minestrone Soup,42,9.0
2025-01-10,3,1,Margherita Pizza,42,12.0
2025-01-10,3,2,Pasta Alfredo,50,14.0
2025-01-10,3,3,Lasagna Bolognese,39,16.0
2025-01-10,3,4,Bruschetta,42,8.0
2025-01-10,3,5,Tiramisu,50,7.0
2025-01-10,3,6,Caesar Salad,34,10.0
2025-01-10,3,7,Minestrone Soup,44,9.0
2025-01-10,4,1,Margherita Pizza,46,12.0
2025-01-10,4,2,Pasta Alfredo,55,14.0
2025-01-10,4,3,Lasagna Bolognese,35,16.0
2025-01-10,4,4,Bruschetta,43,8.0
2025-01-10,4,5,Tiramisu,54,7.0
2025-01-10,4,6,Caesar Salad,38,10.0
2025-01-10,4,7,Minestrone Soup,42,9.0
2025-01-10,5,1,Margherita Pizza,50,12.0
2025-01-10,5,2,Pasta Alfredo,49,14.0
2025-01-10,5,3,Lasagna Bolognese,41,16.0
2025-01-10,5,4,Bruschetta,43,8.0
2025-01-10,5,5,Tiramisu,60,7.0
2025-01-10,5,6,Caesar Salad,34,10.0
2025-01-10,5,7,Minestrone Soup,50,9.0
2025-01-11,1,1,Margherita Pizza,38,12.0
2025-01-11,1,2,Pasta Alfredo,44,14.0
2025-01-11,1,3,Lasagna Bolognese,33,16.0
2025-01-11,1,4,Bruschetta,40,8.0
2025-01-11,1,5,Tiramisu,42,7.0
2025-01-11,1,6,Caesar Salad,30,10.0
2025-01-11,1,7,Minestrone Soup,40,9.0
2025-01-11,2,1,Margherita Pizza,35,12.0
2025-01-11,2,2,Pasta Alfredo,45,14.0
2025-01-11,2,3,Lasagna Bolognese,43,16.0
2025-01-11,2,4,Bruschetta,38,8.0
2025-01-11,2,5,Tiramisu,51,7.0
2025-01-11,2,6,Caesar Salad,32,10.0
2025-01-11,2,7,Minestrone Soup,42,9.0
2025-01-11,3,1,Margherita Pizza,44,12.0
2025-01-11,3,2,Pasta Alfredo,53,14.0
2025-01-11,3,3,Lasagna Bolognese,35,16.0
2025-01-11,3,4,Bruschetta,48,8.0
2025-01-11,3,5,Tiramisu,48,7.0
2025-01-11,3,6,Caesar Salad,36,10.0
2025-01-11,3,7,Minestrone Soup,43,9.0
2025-01-11,4,1,Margherita Pizza,41,12.0
2025-01-11,4,2,Pasta Alfredo,51,14.0
2025-01-11,4,3,Lasagna Bolognese,38,16.0
2025-01-11,4,4,Bruschetta,43,8.0
2025-01-11,4,5,Tiramisu,59,7.0
2025-01-11,4,6,Caesar Salad,35,10.0
2025-01-11,4,7,Minestrone Soup,48,9.0
2025-01-11,5,1,Margherita Pizza,49,12.0
2025-01-11,5,2,Pasta Alfredo,54,14.0
2025-01-11,5,3,Lasagna Bolognese,36,16.0
2025-01-11,5,4,Bruschetta,44,8.0
2025-01-11,5,5,Tiramisu,53,7.0
2025-01-11,5,6,Caesar Salad,33,10.0
2025-01-11,5,7,Minestrone Soup,44,9.0
2025-01-12,1,1,Margherita Pizza,28,12.0
2025-01-12,1,2,Pasta Alfredo,42,14.0
2025-01-12,1,3,Lasagna Bolognese,29,16.0
2025-01-12,1,4,Bruschetta,35,8.0
2025-01-12,1,5,Tiramisu,40,7.0
2025-01-12,1,6,Caesar Salad,28,10.0
2025-01-12,1,7,Minestrone Soup,37,9.0
2025-01-12,2,1,Margherita Pizza,33,12.0
2025-01-12,2,2,Pasta Alfredo,41,14.0
2025-01-12,2,3,Lasagna Bolognese,31,16.0
2025-01-12,2,4,Bruschetta,31,8.0
2025-01-12,2,5,Tiramisu,50,7.0
2025-01-12,2,6,Caesar Salad,29,10.0
2025-01-12,2,7,Minestrone Soup,35,9.0
2025-01-12,3,1,Margherita Pizza,40,12.0
2025-01-12,3,2,Pasta Alfredo,45,14.0
2025-01-12,3,3,Lasagna Bolognese,30,16.0
2025-01-12,3,4,Bruschetta,37,8.0
2025-01-12,3,5,Tiramisu,38,7.0
2025-01-12,3,6,Caesar Salad,29,10.0
2025-01-12,3,7,Minestrone Soup,38,9.0
2025-01-12,4,1,Margherita Pizza,39,12.0
2025-01-12,4,2,Pasta Alfredo,48,14.0
2025-01-12,4,3,Lasagna Bolognese,31,16.0
2025-01-12,4,4,Bruschetta,34,8.0
2025-01-12,4,5,Tiramisu,47,7.0
2025-01-12,4,6,Caesar Salad,36,10.0
2025-01-12,4,7,Minestrone Soup,41,9.0
2025-01-12,5,1,Margherita Pizza,39,12.0
2025-01-12,5,2,Pasta Alfredo,49,14.0
2025-01-12,5,3,Lasagna Bolognese,43,16.0
2025-01-12,5,4,Bruschetta,40,8.0
2025-01-12,5,5,Tiramisu,42,7.0
2025-01-12,5,6,Caesar Salad,31,10.0
2025-01-12,5,7,Minestrone Soup,42,9.0
2025-01-13,1,1,Margherita Pizza,19,12.0
2025-01-13,1,2,Pasta Alfredo,29,14.0
2025-01-13,1,3,Lasagna Bolognese,21,16.0
2025-01-13,1,4,Bruschetta,29,8.0
2025-01-13,1,5,Tiramisu,32,7.0
2025-01-13,1,6,Caesar Salad,23,10.0
2025-01-13,1,7,Minestrone Soup,18,9.0
2025-01-13,2,1,Margherita Pizza,28,12.0
2025-01-13,2,2,Pasta Alfredo,32,14.0
2025-01-13,2,3,Lasagna Bolognese,22,16.0
2025-01-13,2,4,Bruschetta,20,8.0
2025-01-13,2,5,Tiramisu,27,7.0
2025-01-13,2,6,Caesar Salad,18,10.0
2025-01-13,2,7,Minestrone Soup,19,9.0
2025-01-13,3,1,Margherita Pizza,27,12.0
2025-01-13,3,2,Pasta Alfredo,29,14.0
2025-01-13,3,3,Lasagna Bolognese,30,16.0
2025-01-13,3,4,Bruschetta,26,8.0
2025-01-13,3,5,Tiramisu,35,7.0
2025-01-13,3,6,Caesar Salad,18,10.0
2025-01-13,3,7,Minestrone Soup,25,9.0
2025-01-13,4,1,Margherita Pizza,28,12.0
2025-01-13,4,2,Pasta Alfredo,30,14.0
2025-01-13,4,3,Lasagna Bolognese,22,16.0
2025-01-13,4,4,Bruschetta,27,8.0
2025-01-13,4,5,Tiramisu,32,7.0
2025-01-13,4,6,Caesar Salad,29,10.0
2025-01-13,4,7,Minestrone Soup,29,9.0
2025-01-13,5,1,Margherita Pizza,31,12.0
2025-01-13,5,2,Pasta Alfredo,36,14.0
2025-01-13,5,3,Lasagna Bolognese,26,16.0
2025-01-13,5,4,Bruschetta,29,8.0
2025-01-13,5,5,Tiramisu,33,7.0
2025-01-13,5,6,Caesar Salad,25,10.0
2025-01-13,5,7,Minestrone Soup,33,9.0
2025-01-14,1,1,Margherita Pizza,32,12.0
2025-01-14,1,2,Pasta Alfredo,33,14.0
2025-01-14,1,3,Lasagna Bolognese,26,16.0
2025-01-14,1,4,Bruschetta,28,8.0
2025-01-14,1,5,Tiramisu,33,7.0
2025-01-14,1,6,Caesar Salad,22,10.0
2025-01-14,1,7,Minestrone Soup,28,9.0
2025-01-14,2,1,Margherita Pizza,34,12.0
2025-01-14,2,2,Pasta Alfredo,35,14.0
2025-01-14,2,3,Lasagna Bolognese,25,16.0
2025-01-14,2,4,Bruschetta,26,8.0
2025-01-14,2,5,Tiramisu,34,7.0
2025-01-14,2,6,Caesar Salad,24,10.0
2025-01-14,2,7,Minestrone Soup,28,9.0
2025-01-14,3,1,Margherita Pizza,32,12.0
2025-01-14,3,2,Pasta Alfredo,35,14.0
2025-01-14,3,3,Lasagna Bolognese,26,16.0
2025-01-14,3,4,Bruschetta,32,8.0
2025-01-14,3,5,Tiramisu,34,7.0
2025-01-14,3,6,Caesar Salad,25,10.0
2025-01-14,3,7,Minestrone Soup,32,9.0
2025-01-14,4,1,Margherita Pizza,37,12.0
2025-01-14,4,2,Pasta Alfredo,39,14.0
2025-01-14,4,3,Lasagna Bolognese,26,16.0
2025-01-14,4,4,Bruschetta,34,8.0
2025-01-14,4,5,Tiramisu,44,7.0
2025-01-14,4,6,Caesar Salad,30,10.0
2025-01-14,4,7,Minestrone Soup,35,9.0
2025-01-14,5,1,Margherita Pizza,37,12.0
2025-01-14,5,2,Pasta Alfredo,45,14.0
2025-01-14,5,3,Lasagna Bolognese,32,16.0
2025-01-14,5,4,Bruschetta,36,8.0
2025-01-14,5,5,Tiramisu,43,7.0
2025-01-14,5,6,Caesar Salad,26,10.0
2025-01-14,5,7,Minestrone Soup,30,9.0
2025-01-15,1,1,Margherita Pizza,29,12.0
2025-01-15,1,2,Pasta Alfredo,33,14.0
2025-01-15,1,3,Lasagna Bolognese,22,16.0
2025-01-15,1,4,Bruschetta,31,8.0
2025-01-15,1,5,Tiramisu,28,7.0
2025-01-15,1,6,Caesar Salad,22,10.0
2025-01-15,1,7,Minestrone Soup,27,9.0
2025-01-15,2,1,Margherita Pizza,25,12.0
2025-01-15,2,2,Pasta Alfredo,39,14.0
2025-01-15,2,3,Lasagna Bolognese,21,16.0
2025-01-15,2,4,Bruschetta,28,8.0
2025-01-15,2,5,Tiramisu,38,7.0
2025-01-15,2,6,Caesar Salad,27,10.0
2025-01-15,2,7,Minestrone Soup,27,9.0
2025-01-15,3,1,Margherita Pizza,34,12.0
2025-01-15,3,2,Pasta Alfredo,38,14.0
2025-01-15,3,3,Lasagna Bolognese,33,16.0
2025-01-15,3,4,Bruschetta,33,8.0
2025-01-15,3,5,Tiramisu,36,7.0
2025-01-15,3,6,Caesar Salad,24,10.0
2025-01-15,3,7,Minestrone Soup,29,9.0
2025-01-15,4,1,Margherita Pizza,31,12.0
2025-01-15,4,2,Pasta Alfredo,43,14.0
2025-01-15,4,3,Lasagna Bolognese,28,16.0
2025-01-15,4,4,Bruschetta,35,8.0
2025-01-15,4,5,Tiramisu,43,7.0
2025-01-15,4,6,Caesar Salad,20,10.0
2025-01-15,4,7,Minestrone Soup,37,9.0
2025-01-15,5,1,Margherita Pizza,35,12.0
2025-01-15,5,2,Pasta Alfredo,42,14.0
2025-01-15,5,3,Lasagna Bolognese,26,16.0
2025-01-15,5,4,Bruschetta,32,8.0
2025-01-15,5,5,Tiramisu,42,7.0
2025-01-15,5,6,Caesar Salad,36,10.0
2025-01-15,5,7,Minestrone Soup,38,9.0
2025-01-16,1,1,Margherita Pizza,32,12.0
2025-01-16,1,2,Pasta Alfredo,33,14.0
2025-01-16,1,3,Lasagna Bolognese,22,16.0
2025-01-16,1,4,Bruschetta,26,8.0
2025-01-16,1,5,Tiramisu,32,7.0
2025-01-16,1,6,Caesar Salad,18,10.0
2025-01-16,1,7,Minestrone Soup,26,9.0
2025-01-16,2,1,Margherita Pizza,28,12.0
2025-01-16,2,2,Pasta Alfredo,34,14.0
2025-01-16,2,3,Lasagna Bolognese,25,16.0
2025-01-16,2,4,Bruschetta,31,8.0
2025-01-16,2,5,Tiramisu,35,7.0
2025-01-16,2,6,Caesar Salad,23,10.0
2025-01-16,2,7,Minestrone Soup,24,9.0
2025-01-16,3,1,Margherita Pizza,30,12.0
2025-01-16,3,2,Pasta Alfredo,34,14.0
2025-01-16,3,3,Lasagna Bolognese,28,16.0
2025-01-16,3,4,Bruschetta,34,8.0
2025-01-16,3,5,Tiramisu,40,7.0
2025-01-16,3,6,Caesar Salad,29,10.0
2025-01-16,3,7,Minestrone Soup,31,9.0
2025-01-16,4,1,Margherita Pizza,31,12.0
2025-01-16,4,2,Pasta Alfredo,36,14.0
2025-01-16,4,3,Lasagna Bolognese,23,16.0
2025-01-16,4,4,Bruschetta,36,8.0
2025-01-16,4,5,Tiramisu,38,7.0
2025-01-16,4,6,Caesar Salad,24,10.0
2025-01-16,4,7,Minestrone Soup,31,9.0
2025-01-16,5,1,Margherita Pizza,32,12.0
2025-01-16,5,2,Pasta Alfredo,40,14.0
2025-01-16,5,3,Lasagna Bolognese,32,16.0
2025-01-16,5,4,Bruschetta,33,8.0
2025-01-16,5,5,Tiramisu,33,7.0
2025-01-16,5,6,Caesar Salad,28,10.0
2025-01-16,5,7,Minestrone Soup,34,9.0
2025-01-17,1,1,Margherita Pizza,38,12.0
2025-01-17,1,2,Pasta Alfredo,43,14.0
2025-01-17,1,3,Lasagna Bolognese,33,16.0
2025-01-17,1,4,Bruschetta,39,8.0
2025-01-17,1,5,Tiramisu,45,7.0
2025-01-17,1,6,Caesar Salad,33,10.0
2025-01-17,1,7,Minestrone Soup,37,9.0
2025-01-17,2,1,Margherita Pizza,39,12.0
2025-01-17,2,2,Pasta Alfredo,51,14.0
2025-01-17,2,3,Lasagna Bolognese,35,16.0
2025-01-17,2,4,Bruschetta,43,8.0
2025-01-17,2,5,Tiramisu,51,7.0
2025-01-17,2,6,Caesar Salad,35,10.0
2025-01-17,2,7,Minestrone Soup,43,9.0
2025-01-17,3,1,Margherita Pizza,38,12.0
2025-01-17,3,2,Pasta Alfredo,50,14.0
2025-01-17,3,3,Lasagna Bolognese,35,16.0
2025-01-17,3,4,Bruschetta,48,8.0
2025-01-17,3,5,Tiramisu,52,7.0
2025-01-17,3,6,Caesar Salad,34,10.0
2025-01-17,3,7,Minestrone Soup,44,9.0
2025-01-17,4,1,Margherita Pizza,45,12.0
2025-01-17,4,2,Pasta Alfredo,53,14.0
2025-01-17,4,3,Lasagna Bolognese,34,16.0
2025-01-17,4,4,Bruschetta,46,8.0
2025-01-17,4,5,Tiramisu,51,7.0
2025-01-17,4,6,Caesar Salad,38,10.0
2025-01-17,4,7,Minestrone Soup,42,9.0
2025-01-17,5,1,Margherita Pizza,45,12.0
2025-01-17,5,2,Pasta Alfredo,58,14.0
2025-01-17,5,3,Lasagna Bolognese,36,16.0
2025-01-17,5,4,Bruschetta,44,8.0
2025-01-17,5,5,Tiramisu,54,7.0
2025-01-17,5,6,Caesar Salad,36,10.0
2025-01-17,5,7,Minestrone Soup,44,9.0
2025-01-18,1,1,Margherita Pizza,39,12.0
2025-01-18,1,2,Pasta Alfredo,40,14.0
2025-01-18,1,3,Lasagna Bolognese,29,16.0
2025-01-18,1,4,Bruschetta,45,8.0
2025-01-18,1,5,Tiramisu,46,7.0
2025-01-18,1,6,Caesar Salad,30,10.0
2025-01-18,1,7,Minestrone Soup,40,9.0
2025-01-18,2,1,Margherita Pizza,42,12.0
2025-01-18,2,2,Pasta Alfredo,50,14.0
2025-01-18,2,3,Lasagna Bolognese,33,16.0
2025-01-18,2,4,Bruschetta,43,8.0
2025-01-18,2,5,Tiramisu,41,7.0
2025-01-18,2,6,Caesar Salad,31,10.0
2025-01-18,2,7,Minestrone Soup,41,9.0
2025-01-18,3,1,Margherita Pizza,44,12.0
2025-01-18,3,2,Pasta Alfredo,47,14.0
2025-01-18,3,3,Lasagna Bolognese,36,16.0
2025-01-18,3,4,Bruschetta,41,8.0
2025-01-18,3,5,Tiramisu,49,7.0
2025-01-18,3,6,Caesar Salad,39,10.0
2025-01-18,3,7,Minestrone Soup,45,9.0
2025-01-18,4,1,Margherita Pizza,42,12.0
2025-01-18,4,2,Pasta Alfredo,49,14.0
2025-01-18,4,3,Lasagna Bolognese,36,16.0
2025-01-18,4,4,Bruschetta,44,8.0
2025-01-18,4,5,Tiramisu,50,7.0
2025-01-18,4,6,Caesar Salad,40,10.0
2025-01-18,4,7,Minestrone Soup,46,9.0
2025-01-18,5,1,Margherita Pizza,48,12.0
2025-01-18,5,2,Pasta Alfredo,51,14.0
2025-01-18,5,3,Lasagna Bolognese,42,16.0
2025-01-18,5,4,Bruschetta,38,8.0
2025-01-18,5,5,Tiramisu,57,7.0
2025-01-18,5,6,Caesar Salad,42,10.0
2025-01-18,5,7,Minestrone Soup,45,9.0
2025-01-19,1,1,Margherita Pizza,37,12.0
2025-01-19,1,2,Pasta Alfredo,38,14.0
2025-01-19,1,3,Lasagna Bolognese,27,16.0
2025-01-19,1,4,Bruschetta,34,8.0
2025-01-19,1,5,Tiramisu,48,7.0
2025-01-19,1,6,Caesar Salad,31,10.0
2025-01-19,1,7,Minestrone Soup,35,9.0
2025-01-19,2,1,Margherita Pizza,32,12.0
2025-01-19,2,2,Pasta Alfredo,41,14.0
2025-01-19,2,3,Lasagna Bolognese,26,16.0
2025-01-19,2,4,Bruschetta,37,8.0
2025-01-19,2,5,Tiramisu,41,7.0
2025-01-19,2,6,Caesar Salad,25,10.0
2025-01-19,2,7,Minestrone Soup,35,9.0
2025-01-19,3,1,Margherita Pizza,34,12.0
2025-01-19,3,2,Pasta Alfredo,43,14.0
2025-01-19,3,3,Lasagna Bolognese,28,16.0
2025-01-19,3,4,Bruschetta,36,8.0
2025-01-19,3,5,Tiramisu,45,7.0
2025-01-19,3,6,Caesar Salad,30,10.0
2025-01-19,3,7,Minestrone Soup,35,9.0
2025-01-19,4,1,Margherita Pizza,39,12.0
2025-01-19,4,2,Pasta Alfredo,46,14.0
2025-01-19,4,3,Lasagna Bolognese,28,16.0
2025-01-19,4,4,Bruschetta,39,8.0
2025-01-19,4,5,Tiramisu,48,7.0
2025-01-19,4,6,Caesar Salad,33,10.0
2025-01-19,4,7,Minestrone Soup,38,9.0
2025-01-19,5,1,Margherita Pizza,42,12.0
2025-01-19,5,2,Pasta Alfredo,48,14.0
2025-01-19,5,3,Lasagna Bolognese,35,16.0
2025-01-19,5,4,Bruschetta,34,8.0
2025-01-19,5,5,Tiramisu,42,7.0
2025-01-19,5,6,Caesar Salad,36,10.0
2025-01-19,5,7,Minestrone Soup,35,9.0
2025-01-20,1,1,Margherita Pizza,25,12.0
2025-01-20,1,2,Pasta Alfredo,27,14.0
2025-01-20,1,3,Lasagna Bolognese,17,16.0
2025-01-20,1,4,Bruschetta,25,8.0
2025-01-20,1,5,Tiramisu,29,7.0
2025-01-20,1,6,Caesar Salad,27,10.0
2025-01-20,1,7,Minestrone Soup,22,9.0
2025-01-20,2,1,Margherita Pizza,30,12.0
2025-01-20,2,2,Pasta Alfredo,31,14.0
2025-01-20,2,3,Lasagna Bolognese,19,16.0
2025-01-20,2,4,Bruschetta,28,8.0
2025-01-20,2,5,Tiramisu,31,7.0
2025-01-20,2,6,Caesar Salad,21,10.0
2025-01-20,2,7,Minestrone Soup,26,9.0
2025-01-20,3,1,Margherita Pizza,25,12.0
2025-01-20,3,2,Pasta Alfredo,29,14.0
2025-01-20,3,3,Lasagna Bolognese,25,16.0
2025-01-20,3,4,Bruschetta,26,8.0
2025-01-20,3,5,Tiramisu,31,7.0
2025-01-20,3,6,Caesar Salad,23,10.0
2025-01-20,3,7,Minestrone Soup,28,9.0
2025-01-20,4,1,Margherita Pizza,24,12.0
2025-01-20,4,2,Pasta Alfredo,37,14.0
2025-01-20,4,3,Lasagna Bolognese,24,16.0
2025-01-20,4,4,Bruschetta,27,8.0
2025-01-20,4,5,Tiramisu,34,7.0
2025-01-20,4,6,Caesar Salad,24,10.0
2025-01-20,4,7,Minestrone Soup,30,9.0
2025-01-20,5,1,Margherita Pizza,31,12.0
2025-01-20,5,2,Pasta Alfredo,36,14.0
2025-01-20,5,3,Lasagna Bolognese,28,16.0
2025-01-20,5,4,Bruschetta,32,8.0
2025-01-20,5,5,Tiramisu,34,7.0
2025-01-20,5,6,Caesar Salad,21,10.0
2025-01-20,5,7,Minestrone Soup,34,9.0
2025-01-21,1,1,Margherita Pizza,28,12.0
2025-01-21,1,2,Pasta Alfredo,32,14.0
2025-01-21,1,3,Lasagna Bolognese,19,16.0
2025-01-21,1,4,Bruschetta,30,8.0
2025-01-21,1,5,Tiramisu,34,7.0
2025-01-21,1,6,Caesar Salad,19,10.0
2025-01-21,1,7,Minestrone Soup,30,9.0
2025-01-21,2,1,Margherita Pizza,29,12.0
2025-01-21,2,2,Pasta Alfredo,43,14.0
2025-01-21,2,3,Lasagna Bolognese,23,16.0
2025-01-21,2,4,Bruschetta,29,8.0
2025-01-21,2,5,Tiramisu,32,7.0
2025-01-21,2,6,Caesar Salad,29,10.0
2025-01-21,2,7,Minestrone Soup,29,9.0
2025-01-21,3,1,Margherita Pizza,29,12.0
2025-01-21,3,2,Pasta Alfredo,39,14.0
2025-01-21,3,3,Lasagna Bolognese,22,16.0
2025-01-21,3,4,Bruschetta,33,8.0
2025-01-21,3,5,Tiramisu,42,7.0
2025-01-21,3,6,Caesar Salad,28,10.0
2025-01-21,3,7,Minestrone Soup,33,9.0
2025-01-21,4,1,Margherita Pizza,36,12.0
2025-01-21,4,2,Pasta Alfredo,44,14.0
2025-01-21,4,3,Lasagna Bolognese,31,16.0
2025-01-21,4,4,Bruschetta,34,8.0
2025-01-21,4,5,Tiramisu,41,7.0
2025-01-21,4,6,Caesar Salad,25,10.0
2025-01-21,4,7,Minestrone Soup,35,9.0
2025-01-21,5,1,Margherita Pizza,31,12.0
2025-01-21,5,2,Pasta Alfredo,39,14.0
2025-01-21,5,3,Lasagna Bolognese,20,16.0
2025-01-21,5,4,Bruschetta,36,8.0
2025-01-21,5,5,Tiramisu,38,7.0
2025-01-21,5,6,Caesar Salad,32,10.0
2025-01-21,5,7,Minestrone Soup,36,9.0
2025-01-22,1,1,Margherita Pizza,32,12.0
2025-01-22,1,2,Pasta Alfredo,30,14.0
2025-01-22,1,3,Lasagna Bolognese,27,16.0
2025-01-22,1,4,Bruschetta,35,8.0
2025-01-22,1,5,Tiramisu,36,7.0
2025-01-22,1,6,Caesar Salad,26,10.0
2025-01-22,1,7,Minestrone Soup,29,9.0
2025-01-22,2,1,Margherita Pizza,28,12.0
2025-01-22,2,2,Pasta Alfredo,37,14.0
2025-01-22,2,3,Lasagna Bolognese,20,16.0
2025-01-22,2,4,Bruschetta,29,8.0
2025-01-22,2,5,Tiramisu,30,7.0
2025-01-22,2,6,Caesar Salad,23,10.0
2025-01-22,2,7,Minestrone Soup,32,9.0
2025-01-22,3,1,Margherita Pizza,33,12.0
2025-01-22,3,2,Pasta Alfredo,37,14.0
2025-01-22,3,3,Lasagna Bolognese,27,16.0
2025-01-22,3,4,Bruschetta,26,8.0
2025-01-22,3,5,Tiramisu,36,7.0
2025-01-22,3,6,Caesar Salad,24,10.0
2025-01-22,3,7,Minestrone Soup,30,9.0
2025-01-22,4,1,Margherita Pizza,35,12.0
2025-01-22,4,2,Pasta Alfredo,36,14.0
2025-01-22,4,3,Lasagna Bolognese,26,16.0
2025-01-22,4,4,Bruschetta,27,8.0
2025-01-22,4,5,Tiramisu,38,7.0
2025-01-22,4,6,Caesar Salad,24,10.0
2025-01-22,4,7,Minestrone Soup,33,9.0
2025-01-22,5,1,Margherita Pizza,32,12.0
2025-01-22,5,2,Pasta Alfredo,41,14.0
2025-01-22,5,3,Lasagna Bolognese,28,16.0
2025-01-22,5,4,Bruschetta,40,8.0
2025-01-22,5,5,Tiramisu,42,7.0
2025-01-22,5,6,Caesar Salad,23,10.0
2025-01-22,5,7,Minestrone Soup,31,9.0
2025-01-23,1,1,Margherita Pizza,29,12.0
2025-01-23,1,2,Pasta Alfredo,30,14.0
2025-01-23,1,3,Lasagna Bolognese,15,16.0
2025-01-23,1,4,Bruschetta,33,8.0
2025-01-23,1,5,Tiramisu,35,7.0
2025-01-23,1,6,Caesar Salad,25,10.0
2025-01-23,1,7,Minestrone Soup,27,9.0
2025-01-23,2,1,Margherita Pizza,31,12.0
2025-01-23,2,2,Pasta Alfredo,33,14.0
2025-01-23,2,3,Lasagna Bolognese,26,16.0
2025-01-23,2,4,Bruschetta,27,8.0
2025-01-23,2,5,Tiramisu,40,7.0
2025-01-23,2,6,Caesar Salad,20,10.0
2025-01-23,2,7,Minestrone Soup,34,9.0
2025-01-23,3,1,Margherita Pizza,32,12.0
2025-01-23,3,2,Pasta Alfredo,35,14.0
2025-01-23,3,3,Lasagna Bolognese,27,16.0
2025-01-23,3,4,Bruschetta,34,8.0
2025-01-23,3,5,Tiramisu,41,7.0
2025-01-23,3,6,Caesar Salad,27,10.0
2025-01-23,3,7,Minestrone Soup,29,9.0
2025-01-23,4,1,Margherita Pizza,33,12.0
2025-01-23,4,2,Pasta Alfredo,44,14.0
2025-01-23,4,3,Lasagna Bolognese,32,16.0
2025-01-23,4,4,Bruschetta,36,8.0
2025-01-23,4,5,Tiramisu,41,7.0
2025-01-23,4,6,Caesar Salad,30,10.0
2025-01-23,4,7,Minestrone Soup,36,9.0
2025-01-23,5,1,Margherita Pizza,33,12.0
2025-01-23,5,2,Pasta Alfredo,36,14.0
2025-01-23,5,3,Lasagna Bolognese,29,16.0
2025-01-23,5,4,Bruschetta,32,8.0
2025-01-23,5,5,Tiramisu,37,7.0
2025-01-23,5,6,Caesar Salad,27,10.0
2025-01-23,5,7,Minestrone Soup,42,9.0
2025-01-24,1,1,Margherita Pizza,39,12.0
2025-01-24,1,2,Pasta Alfredo,46,14.0
2025-01-24,1,3,Lasagna Bolognese,28,16.0
2025-01-24,1,4,Bruschetta,33,8.0
2025-01-24,1,5,Tiramisu,42,7.0
2025-01-24,1,6,Caesar Salad,36,10.0
2025-01-24,1,7,Minestrone Soup,39,9.0
2025-01-24,2,1,Margherita Pizza,42,12.0
2025-01-24,2,2,Pasta Alfredo,49,14.0
2025-01-24,2,3,Lasagna Bolognese,32,16.0
2025-01-24,2,4,Bruschetta,45,8.0
2025-01-24,2,5,Tiramisu,45,7.0
2025-01-24,2,6,Caesar Salad,38,10.0
2025-01-24,2,7,Minestrone Soup,42,9.0
2025-01-24,3,1,Margherita Pizza,37,12.0
2025-01-24,3,2,Pasta Alfredo,47,14.0
2025-01-24,3,3,Lasagna Bolognese,30,16.0
2025-01-24,3,4,Bruschetta,46,8.0
2025-01-24,3,5,Tiramisu,50,7.0
2025-01-24,3,6,Caesar Salad,29,10.0
2025-01-24,3,7,Minestrone Soup,44,9.0
2025-01-24,4,1,Margherita Pizza,43,12.0
2025-01-24,4,2,Pasta Alfredo,48,14.0
2025-01-24,4,3,Lasagna Bolognese,42,16.0
2025-01-24,4,4,Bruschetta,45,8.0
2025-01-24,4,5,Tiramisu,51,7.0
2025-01-24,4,6,Caesar Salad,36,10.0
2025-01-24,4,7,Minestrone Soup,40,9.0
2025-01-24,5,1,Margherita Pizza,43,12.0
2025-01-24,5,2,Pasta Alfredo,58,14.0
2025-01-24,5,3,Lasagna Bolognese,37,16.0
2025-01-24,5,4,Bruschetta,47,8.0
2025-01-24,5,5,Tiramisu,48,7.0
2025-01-24,5,6,Caesar Salad,35,10.0
2025-01-24,5,7,Minestrone Soup,48,9.0
2025-01-25,1,1,Margherita Pizza,40,12.0
2025-01-25,1,2,Pasta Alfredo,50,14.0
2025-01-25,1,3,Lasagna Bolognese,36,16.0
2025-01-25,1,4,Bruschetta,38,8.0
2025-01-25,1,5,Tiramisu,46,7.0
2025-01-25,1,6,Caesar Salad,31,10.0
2025-01-25,1,7,Minestrone Soup,45,9.0
2025-01-25,2,1,Margherita Pizza,44,12.0
2025-01-25,2,2,Pasta Alfredo,48,14.0
2025-01-25,2,3,Lasagna Bolognese,34,16.0
2025-01-25,2,4,Bruschetta,45,8.0
2025-01-25,2,5,Tiramisu,49,7.0
2025-01-25,2,6,Caesar Salad,38,10.0
2025-01-25,2,7,Minestrone Soup,34,9.0
2025-01-25,3,1,Margherita Pizza,44,12.0
2025-01-25,3,2,Pasta Alfredo,48,14.0
2025-01-25,3,3,Lasagna Bolognese,41,16.0
2025-01-25,3,4,Bruschetta,47,8.0
2025-01-25,3,5,Tiramisu,50,7.0
2025-01-25,3,6,Caesar Salad,40,10.0
2025-01-25,3,7,Minestrone Soup,48,9.0
2025-01-25,4,1,Margherita Pizza,45,12.0
2025-01-25,4,2,Pasta Alfredo,59,14.0
2025-01-25,4,3,Lasagna Bolognese,37,16.0
2025-01-25,4,4,Bruschetta,44,8.0
2025-01-25,4,5,Tiramisu,55,7.0
2025-01-25,4,6,Caesar Salad,36,10.0
2025-01-25,4,7,Minestrone Soup,45,9.0
2025-01-25,5,1,Margherita Pizza,51,12.0
2025-01-25,5,2,Pasta Alfredo,54,14.0
2025-01-25,5,3,Lasagna Bolognese,34,16.0
2025-01-25,5,4,Bruschetta,48,8.0
2025-01-25,5,5,Tiramisu,52,7.0
2025-01-25,5,6,Caesar Salad,41,10.0
2025-01-25,5,7,Minestrone Soup,49,9.0
2025-01-26,1,1,Margherita Pizza,37,12.0
2025-01-26,1,2,Pasta Alfredo,41,14.0
2025-01-26,1,3,Lasagna Bolognese,31,16.0
2025-01-26,1,4,Bruschetta,31,8.0
2025-01-26,1,5,Tiramisu,41,7.0
2025-01-26,1,6,Caesar Salad,33,10.0
2025-01-26,1,7,Minestrone Soup,31,9.0
2025-01-26,2,1,Margherita Pizza,40,12.0
2025-01-26,2,2,Pasta Alfredo,39,14.0
2025-01-26,2,3,Lasagna Bolognese,26,16.0
2025-01-26,2,4,Bruschetta,35,8.0
2025-01-26,2,5,Tiramisu,42,7.0
2025-01-26,2,6,Caesar Salad,31,10.0
2025-01-26,2,7,Minestrone Soup,32,9.0
2025-01-26,3,1,Margherita Pizza,38,12.0
2025-01-26,3,2,Pasta Alfredo,40,14.0
2025-01-26,3,3,Lasagna Bolognese,26,16.0
2025-01-26,3,4,Bruschetta,33,8.0
2025-01-26,3,5,Tiramisu,40,7.0
2025-01-26,3,6,Caesar Salad,32,10.0
2025-01-26,3,7,Minestrone Soup,40,9.0
2025-01-26,4,1,Margherita Pizza,34,12.0
2025-01-26,4,2,Pasta Alfredo,45,14.0
2025-01-26,4,3,Lasagna Bolognese,28,16.0
2025-01-26,4,4,Bruschetta,40,8.0
2025-01-26,4,5,Tiramisu,42,7.0
2025-01-26,4,6,Caesar Salad,28,10.0
2025-01-26,4,7,Minestrone Soup,40,9.0
2025-01-26,5,1,Margherita Pizza,38,12.0
2025-01-26,5,2,Pasta Alfredo,45,14.0
2025-01-26,5,3,Lasagna Bolognese,26,16.0
2025-01-26,5,4,Bruschetta,43,8.0
2025-01-26,5,5,Tiramisu,49,7.0
2025-01-26,5,6,Caesar Salad,33,10.0
2025-01-26,5,7,Minestrone Soup,35,9.0
2025-01-27,1,1,Margherita Pizza,28,12.0
2025-01-27,1,2,Pasta Alfredo,26,14.0
2025-01-27,1,3,Lasagna Bolognese,19,16.0
2025-01-27,1,4,Bruschetta,31,8.0
2025-01-27,1,5,Tiramisu,26,7.0
2025-01-27,1,6,Caesar Salad,22,10.0
2025-01-27,1,7,Minestrone Soup,26,9.0
2025-01-27,2,1,Margherita Pizza,27,12.0
2025-01-27,2,2,Pasta Alfredo,31,14.0
2025-01-27,2,3,Lasagna Bolognese,22,16.0
2025-01-27,2,4,Bruschetta,26,8.0
2025-01-27,2,5,Tiramisu,30,7.0
2025-01-27,2,6,Caesar Salad,26,10.0
2025-01-27,2,7,Minestrone Soup,22,9.0
2025-01-27,3,1,Margherita Pizza,30,12.0
2025-01-27,3,2,Pasta Alfredo,34,14.0
2025-01-27,3,3,Lasagna Bolognese,24,16.0
2025-01-27,3,4,Bruschetta,30,8.0
2025-01-27,3,5,Tiramisu,31,7.0
2025-01-27,3,6,Caesar Salad,17,10.0
2025-01-27,3,7,Minestrone Soup,27,9.0
2025-01-27,4,1,Margherita Pizza,25,12.0
2025-01-27,4,2,Pasta Alfredo,31,14.0
2025-01-27,4,3,Lasagna Bolognese,20,16.0
2025-01-27,4,4,Bruschetta,27,8.0
2025-01-27,4,5,Tiramisu,31,7.0
2025-01-27,4,6,Caesar Salad,16,10.0
2025-01-27,4,7,Minestrone Soup,30,9.0
2025-01-27,5,1,Margherita Pizza,36,12.0
2025-01-27,5,2,Pasta Alfredo,36,14.0
2025-01-27,5,3,Lasagna Bolognese,24,16.0
2025-01-27,5,4,Bruschetta,29,8.0
2025-01-27,5,5,Tiramisu,33,7.0
2025-01-27,5,6,Caesar Salad,25,10.0
2025-01-27,5,7,Minestrone Soup,29,9.0
2025-01-28,1,1,Margherita Pizza,26,12.0
2025-01-28,1,2,Pasta Alfredo,38,14.0
2025-01-28,1,3,Lasagna Bolognese,19,16.0
2025-01-28,1,4,Bruschetta,31,8.0
2025-01-28,1,5,Tiramisu,33,7.0
2025-01-28,1,6,Caesar Salad,29,10.0
2025-01-28,1,7,Minestrone Soup,30,9.0
2025-01-28,2,1,Margherita Pizza,29,12.0
2025-01-28,2,2,Pasta Alfredo,34,14.0
2025-01-28,2,3,Lasagna Bolognese,25,16.0
2025-01-28,2,4,Bruschetta,27,8.0
2025-01-28,2,5,Tiramisu,33,7.0
2025-01-28,2,6,Caesar Salad,20,10.0
2025-01-28,2,7,Minestrone Soup,27,9.0
2025-01-28,3,1,Margherita Pizza,32,12.0
2025-01-28,3,2,Pasta Alfredo,38,14.0
2025-01-28,3,3,Lasagna Bolognese,20,16.0
2025-01-28,3,4,Bruschetta,31,8.0
2025-01-28,3,5,Tiramisu,38,7.0
2025-01-28,3,6,Caesar Salad,26,10.0
2025-01-28,3,7,Minestrone Soup,30,9.0
2025-01-28,4,1,Margherita Pizza,32,12.0
2025-01-28,4,2,Pasta Alfredo,37,14.0
2025-01-28,4,3,Lasagna Bolognese,26,16.0
2025-01-28,4,4,Bruschetta,34,8.0
2025-01-28,4,5,Tiramisu,45,7.0
2025-01-28,4,6,Caesar Salad,25,10.0
2025-01-28,4,7,Minestrone Soup,32,9.0
2025-01-28,5,1,Margherita Pizza,34,12.0
2025-01-28,5,2,Pasta Alfredo,38,14.0
2025-01-28,5,3,Lasagna Bolognese,32,16.0
2025-01-28,5,4,Bruschetta,27,8.0
2025-01-28,5,5,Tiramisu,39,7.0
2025-01-28,5,6,Caesar Salad,31,10.0
2025-01-28,5,7,Minestrone Soup,34,9.0
2025-01-29,1,1,Margherita Pizza,26,12.0
2025-01-29,1,2,Pasta Alfredo,35,14.0
2025-01-29,1,3,Lasagna Bolognese,26,16.0
2025-01-29,1,4,Bruschetta,29,8.0
2025-01-29,1,5,Tiramisu,31,7.0
2025-01-29,1,6,Caesar Salad,25,10.0
2025-01-29,1,7,Minestrone Soup,27,9.0
2025-01-29,2,1,Margherita Pizza,32,12.0
2025-01-29,2,2,Pasta Alfredo,39,14.0
2025-01-29,2,3,Lasagna Bolognese,17,16.0
2025-01-29,2,4,Bruschetta,30,8.0
2025-01-29,2,5,Tiramisu,30,7.0
2025-01-29,2,6,Caesar Salad,32,10.0
2025-01-29,2,7,Minestrone Soup,29,9.0
2025-01-29,3,1,Margherita Pizza,34,12.0
2025-01-29,3,2,Pasta Alfredo,37,14.0
2025-01-29,3,3,Lasagna Bolognese,24,16.0
2025-01-29,3,4,Bruschetta,29,8.0
2025-01-29,3,5,Tiramisu,42,7.0
2025-01-29,3,6,Caesar Salad,29,10.0
2025-01-29,3,7,Minestrone Soup,37,9.0
2025-01-29,4,1,Margherita Pizza,33,12.0
2025-01-29,4,2,Pasta Alfredo,39,14.0
2025-01-29,4,3,Lasagna Bolognese,27,16.0
2025-01-29,4,4,Bruschetta,32,8.0
2025-01-29,4,5,Tiramisu,35,7.0
2025-01-29,4,6,Caesar Salad,28,10.0
2025-01-29,4,7,Minestrone Soup,31,9.0
2025-01-29,5,1,Margherita Pizza,36,12.0
2025-01-29,5,2,Pasta Alfredo,41,14.0
2025-01-29,5,3,Lasagna Bolognese,30,16.0
2025-01-29,5,4,Bruschetta,40,8.0
2025-01-29,5,5,Tiramisu,40,7.0
2025-01-29,5,6,Caesar Salad,31,10.0
2025-01-29,5,7,Minestrone Soup,41,9.0
2025-01-30,1,1,Margherita Pizza,32,12.0
2025-01-30,1,2,Pasta Alfredo,37,14.0
2025-01-30,1,3,Lasagna Bolognese,23,16.0
2025-01-30,1,4,Bruschetta,29,8.0
2025-01-30,1,5,Tiramisu,29,7.0
2025-01-30,1,6,Caesar Salad,25,10.0
2025-01-30,1,7,Minestrone Soup,29,9.0
2025-01-30,2,1,Margherita Pizza,30,12.0
2025-01-30,2,2,Pasta Alfredo,38,14.0
2025-01-30,2,3,Lasagna Bolognese,21,16.0
2025-01-30,2,4,Bruschetta,35,8.0
2025-01-30,2,5,Tiramisu,38,7.0
2025-01-30,2,6,Caesar Salad,25,10.0
2025-01-30,2,7,Minestrone Soup,30,9.0
2025-01-30,3,1,Margherita Pizza,33,12.0
2025-01-30,3,2,Pasta Alfredo,41,14.0
2025-01-30,3,3,Lasagna Bolognese,27,16.0
2025-01-30,3,4,Bruschetta,32,8.0
2025-01-30,3,5,Tiramisu,37,7.0
2025-01-30,3,6,Caesar Salad,32,10.0
2025-01-30,3,7,Minestrone Soup,30,9.0
2025-01-30,4,1,Margherita Pizza,33,12.0
2025-01-30,4,2,Pasta Alfredo,43,14.0
2025-01-30,4,3,Lasagna Bolognese,28,16.0
2025-01-30,4,4,Bruschetta,36,8.0
2025-01-30,4,5,Tiramisu,36,7.0
2025-01-30,4,6,Caesar Salad,27,10.0
2025-01-30,4,7,Minestrone Soup,37,9.0
2025-01-30,5,1,Margherita Pizza,32,12.0
2025-01-30,5,2,Pasta Alfredo,40,14.0
2025-01-30,5,3,Lasagna Bolognese,30,16.0
2025-01-30,5,4,Bruschetta,32,8.0
2025-01-30,5,5,Tiramisu,39,7.0
2025-01-30,5,6,Caesar Salad,29,10.0
2025-01-30,5,7,Minestrone Soup,35,9.0
2025-01-31,1,1,Margherita Pizza,42,12.0
2025-01-31,1,2,Pasta Alfredo,50,14.0
2025-01-31,1,3,Lasagna Bolognese,29,16.0
2025-01-31,1,4,Bruschetta,39,8.0
2025-01-31,1,5,Tiramisu,47,7.0
2025-01-31,1,6,Caesar Salad,37,10.0
2025-01-31,1,7,Minestrone Soup,41,9.0
2025-01-31,2,1,Margherita Pizza,41,12.0
2025-01-31,2,2,Pasta Alfredo,49,14.0
2025-01-31,2,3,Lasagna Bolognese,36,16.0
2025-01-31,2,4,Bruschetta,38,8.0
2025-01-31,2,5,Tiramisu,48,7.0
2025-01-31,2,6,Caesar Salad,38,10.0
2025-01-31,2,7,Minestrone Soup,40,9.0
2025-01-31,3,1,Margherita Pizza,43,12.0
2025-01-31,3,2,Pasta Alfredo,49,14.0
2025-01-31,3,3,Lasagna Bolognese,28,16.0
2025-01-31,3,4,Bruschetta,43,8.0
2025-01-31,3,5,Tiramisu,51,7.0
2025-01-31,3,6,Caesar Salad,34,10.0
2025-01-31,3,7,Minestrone Soup,39,9.0
2025-01-31,4,1,Margherita Pizza,42,12.0
2025-01-31,4,2,Pasta Alfredo,54,14.0
2025-01-31,4,3,Lasagna Bolognese,43,16.0
2025-01-31,4,4,Bruschetta,49,8.0
2025-01-31,4,5,Tiramisu,48,7.0
2025-01-31,4,6,Caesar Salad,40,10.0
2025-01-31,4,7,Minestrone Soup,43,9.0
2025-01-31,5,1,Margherita Pizza,45,12.0
2025-01-31,5,2,Pasta Alfredo,53,14.0
2025-01-31,5,3,Lasagna Bolognese,41,16.0
2025-01-31,5,4,Bruschetta,49,8.0
2025-01-31,5,5,Tiramisu,54,7.0
2025-01-31,5,6,Caesar Salad,39,10.0
2025-01-31,5,7,Minestrone Soup,48,9.0
2025-02-01,1,1,Margherita Pizza,42,12.0
2025-02-01,1,2,Pasta Alfredo,51,14.0
2025-02-01,1,3,Lasagna Bolognese,30,16.0
2025-02-01,1,4,Bruschetta,40,8.0
2025-02-01,1,5,Tiramisu,44,7.0
2025-02-01,1,6,Caesar Salad,34,10.0
2025-02-01,1,7,Minestrone Soup,40,9.0
2025-02-01,2,1,Margherita Pizza,42,12.0
2025-02-01,2,2,Pasta Alfredo,47,14.0
2025-02-01,2,3,Lasagna Bolognese,31,16.0
2025-02-01,2,4,Bruschetta,36,8.0
2025-02-01,2,5,Tiramisu,49,7.0
2025-02-01,2,6,Caesar Salad,34,10.0
2025-02-01,2,7,Minestrone Soup,40,9.0
2025-02-01,3,1,Margherita Pizza,49,12.0
2025-02-01,3,2,Pasta Alfredo,50,14.0
2025-02-01,3,3,Lasagna Bolognese,41,16.0
2025-02-01,3,4,Bruschetta,50,8.0
2025-02-01,3,5,Tiramisu,46,7.0
2025-02-01,3,6,Caesar Salad,37,10.0
2025-02-01,3,7,Minestrone Soup,43,9.0
2025-02-01,4,1,Margherita Pizza,38,12.0
2025-02-01,4,2,Pasta Alfredo,50,14.0
2025-02-01,4,3,Lasagna Bolognese,41,16.0
2025-02-01,4,4,Bruschetta,53,8.0
2025-02-01,4,5,Tiramisu,57,7.0
2025-02-01,4,6,Caesar Salad,40,10.0
2025-02-01,4,7,Minestrone Soup,47,9.0
2025-02-01,5,1,Margherita Pizza,54,12.0
2025-02-01,5,2,Pasta Alfredo,63,14.0
2025-02-01,5,3,Lasagna Bolognese,39,16.0
2025-02-01,5,4,Bruschetta,43,8.0
2025-02-01,5,5,Tiramisu,51,7.0
2025-02-01,5,6,Caesar Salad,45,10.0
2025-02-01,5,7,Minestrone Soup,49,9.0
2025-02-02,1,1,Margherita Pizza,35,12.0
2025-02-02,1,2,Pasta Alfredo,35,14.0
2025-02-02,1,3,Lasagna Bolognese,26,16.0
2025-02-02,1,4,Bruschetta,34,8.0
2025-02-02,1,5,Tiramisu,41,7.0
2025-02-02,1,6,Caesar Salad,27,10.0
2025-02-02,1,7,Minestrone Soup,31,9.0
2025-02-02,2,1,Margherita Pizza,34,12.0
2025-02-02,2,2,Pasta Alfredo,46,14.0
2025-02-02,2,3,Lasagna Bolognese,31,16.0
2025-02-02,2,4,Bruschetta,38,8.0
2025-02-02,2,5,Tiramisu,40,7.0
2025-02-02,2,6,Caesar Salad,21,10.0
2025-02-02,2,7,Minestrone Soup,35,9.0
2025-02-02,3,1,Margherita Pizza,35,12.0
2025-02-02,3,2,Pasta Alfredo,45,14.0
2025-02-02,3,3,Lasagna Bolognese,42,16.0
2025-02-02,3,4,Bruschetta,40,8.0
2025-02-02,3,5,Tiramisu,53,7.0
2025-02-02,3,6,Caesar Salad,33,10.0
2025-02-02,3,7,Minestrone Soup,36,9.0
2025-02-02,4,1,Margherita Pizza,41,12.0
2025-02-02,4,2,Pasta Alfredo,52,14.0
2025-02-02,4,3,Lasagna Bolognese,39,16.0
2025-02-02,4,4,Bruschetta,38,8.0
2025-02-02,4,5,Tiramisu,47,7.0
2025-02-02,4,6,Caesar Salad,29,10.0
2025-02-02,4,7,Minestrone Soup,42,9.0
2025-02-02,5,1,Margherita Pizza,46,12.0
2025-02-02,5,2,Pasta Alfredo,49,14.0
2025-02-02,5,3,Lasagna Bolognese,33,16.0
2025-02-02,5,4,Bruschetta,43,8.0
2025-02-02,5,5,Tiramisu,50,7.0
2025-02-02,5,6,Caesar Salad,35,10.0
2025-02-02,5,7,Minestrone Soup,42,9.0
2025-02-03,1,1,Margherita Pizza,25,12.0
2025-02-03,1,2,Pasta Alfredo,33,14.0
2025-02-03,1,3,Lasagna Bolognese,23,16.0
2025-02-03,1,4,Bruschetta,22,8.0
2025-02-03,1,5,Tiramisu,27,7.0
2025-02-03,1,6,Caesar Salad,20,10.0
2025-02-03,1,7,Minestrone Soup,28,9.0
2025-02-03,2,1,Margherita Pizza,27,12.0
2025-02-03,2,2,Pasta Alfredo,29,14.0
2025-02-03,2,3,Lasagna Bolognese,23,16.0
2025-02-03,2,4,Bruschetta,26,8.0
2025-02-03,2,5,Tiramisu,34,7.0
2025-02-03,2,6,Caesar Salad,23,10.0
2025-02-03,2,7,Minestrone Soup,26,9.0
2025-02-03,3,1,Margherita Pizza,29,12.0
2025-02-03,3,2,Pasta Alfredo,37,14.0
2025-02-03,3,3,Lasagna Bolognese,22,16.0
2025-02-03,3,4,Bruschetta,29,8.0
2025-02-03,3,5,Tiramisu,33,7.0
2025-02-03,3,6,Caesar Salad,25,10.0
2025-02-03,3,7,Minestrone Soup,26,9.0
2025-02-03,4,1,Margherita Pizza,30,12.0
2025-02-03,4,2,Pasta Alfredo,38,14.0
2025-02-03,4,3,Lasagna Bolognese,22,16.0
2025-02-03,4,4,Bruschetta,25,8.0
2025-02-03,4,5,Tiramisu,30,7.0
2025-02-03,4,6,Caesar Salad,21,10.0
2025-02-03,4,7,Minestrone Soup,31,9.0
2025-02-03,5,1,Margherita Pizza,27,12.0
2025-02-03,5,2,Pasta Alfredo,35,14.0
2025-02-03,5,3,Lasagna Bolognese,28,16.0
2025-02-03,5,4,Bruschetta,32,8.0
2025-02-03,5,5,Tiramisu,35,7.0
2025-02-03,5,6,Caesar Salad,26,10.0
2025-02-03,5,7,Minestrone Soup,31,9.0
2025-02-04,1,1,Margherita Pizza,29,12.0
2025-02-04,1,2,Pasta Alfredo,34,14.0
2025-02-04,1,3,Lasagna Bolognese,32,16.0
2025-02-04,1,4,Bruschetta,32,8.0
2025-02-04,1,5,Tiramisu,42,7.0
2025-02-04,1,6,Caesar Salad,23,10.0
2025-02-04,1,7,Minestrone Soup,30,9.0
2025-02-04,2,1,Margherita Pizza,28,12.0
2025-02-04,2,2,Pasta Alfredo,34,14.0
2025-02-04,2,3,Lasagna Bolognese,32,16.0
2025-02-04,2,4,Bruschetta,30,8.0
2025-02-04,2,5,Tiramisu,43,7.0
2025-02-04,2,6,Caesar Salad,23,10.0
2025-02-04,2,7,Minestrone Soup,28,9.0
2025-02-04,3,1,Margherita Pizza,32,12.0
2025-02-04,3,2,Pasta Alfredo,38,14.0
2025-02-04,3,3,Lasagna Bolognese,30,16.0
2025-02-04,3,4,Bruschetta,34,8.0
2025-02-04,3,5,Tiramisu,37,7.0
2025-02-04,3,6,Caesar Salad,27,10.0
2025-02-04,3,7,Minestrone Soup,32,9.0
2025-02-04,4,1,Margherita Pizza,32,12.0
2025-02-04,4,2,Pasta Alfredo,38,14.0
2025-02-04,4,3,Lasagna Bolognese,32,16.0
2025-02-04,4,4,Bruschetta,29,8.0
2025-02-04,4,5,Tiramisu,45,7.0
2025-02-04,4,6,Caesar Salad,28,10.0
2025-02-04,4,7,Minestrone Soup,32,9.0
2025-02-04,5,1,Margherita Pizza,38,12.0
2025-02-04,5,2,Pasta Alfredo,47,14.0
2025-02-04,5,3,Lasagna Bolognese,34,16.0
2025-02-04,5,4,Bruschetta,38,8.0
2025-02-04,5,5,Tiramisu,46,7.0
2025-02-04,5,6,Caesar Salad,25,10.0
2025-02-04,5,7,Minestrone Soup,35,9.0
2025-02-05,1,1,Margherita Pizza,27,12.0
2025-02-05,1,2,Pasta Alfredo,39,14.0
2025-02-05,1,3,Lasagna Bolognese,24,16.0
2025-02-05,1,4,Bruschetta,32,8.0
2025-02-05,1,5,Tiramisu,37,7.0
2025-02-05,1,6,Caesar Salad,22,10.0
2025-02-05,1,7,Minestrone Soup,28,9.0
2025-02-05,2,1,Margherita Pizza,35,12.0
2025-02-05,2,2,Pasta Alfredo,34,14.0
2025-02-05,2,3,Lasagna Bolognese,27,16.0
2025-02-05,2,4,Bruschetta,29,8.0
2025-02-05,2,5,Tiramisu,36,7.0
2025-02-05,2,6,Caesar Salad,26,10.0
2025-02-05,2,7,Minestrone Soup,29,9.0
2025-02-05,3,1,Margherita Pizza,30,12.0
2025-02-05,3,2,Pasta Alfredo,39,14.0
2025-02-05,3,3,Lasagna Bolognese,25,16.0
2025-02-05,3,4,Bruschetta,31,8.0
2025-02-05,3,5,Tiramisu,36,7.0
2025-02-05,3,6,Caesar Salad,27,10.0
2025-02-05,3,7,Minestrone Soup,36,9.0
2025-02-05,4,1,Margherita Pizza,39,12.0
2025-02-05,4,2,Pasta Alfredo,38,14.0
2025-02-05,4,3,Lasagna Bolognese,35,16.0
2025-02-05,4,4,Bruschetta,32,8.0
2025-02-05,4,5,Tiramisu,44,7.0
2025-02-05,4,6,Caesar Salad,27,10.0
2025-02-05,4,7,Minestrone Soup,32,9.0
2025-02-05,5,1,Margherita Pizza,34,12.0
2025-02-05,5,2,Pasta Alfredo,42,14.0
2025-02-05,5,3,Lasagna Bolognese,32,16.0
2025-02-05,5,4,Bruschetta,38,8.0
2025-02-05,5,5,Tiramisu,39,7.0
2025-02-05,5,6,Caesar Salad,27,10.0
2025-02-05,5,7,Minestrone Soup,33,9.0
2025-02-06,1,1,Margherita Pizza,30,12.0
2025-02-06,1,2,Pasta Alfredo,34,14.0
2025-02-06,1,3,Lasagna Bolognese,22,16.0
2025-02-06,1,4,Bruschetta,31,8.0
2025-02-06,1,5,Tiramisu,42,7.0
2025-02-06,1,6,Caesar Salad,23,10.0
2025-02-06,1,7,Minestrone Soup,29,9.0
2025-02-06,2,1,Margherita Pizza,33,12.0
2025-02-06,2,2,Pasta Alfredo,35,14.0
2025-02-06,2,3,Lasagna Bolognese,28,16.0
2025-02-06,2,4,Bruschetta,29,8.0
2025-02-06,2,5,Tiramisu,42,7.0
2025-02-06,2,6,Caesar Salad,27,10.0
2025-02-06,2,7,Minestrone Soup,30,9.0
2025-02-06,3,1,Margherita Pizza,31,12.0
2025-02-06,3,2,Pasta Alfredo,37,14.0
2025-02-06,3,3,Lasagna Bolognese,32,16.0
2025-02-06,3,4,Bruschetta,29,8.0
2025-02-06,3,5,Tiramisu,37,7.0
2025-02-06,3,6,Caesar Salad,26,10.0
2025-02-06,3,7,Minestrone Soup,33,9.0
2025-02-06,4,1,Margherita Pizza,34,12.0
2025-02-06,4,2,Pasta Alfredo,36,14.0
2025-02-06,4,3,Lasagna Bolognese,28,16.0
2025-02-06,4,4,Bruschetta,34,8.0
2025-02-06,4,5,Tiramisu,39,7.0
2025-02-06,4,6,Caesar Salad,31,10.0
2025-02-06,4,7,Minestrone Soup,37,9.0
2025-02-06,5,1,Margherita Pizza,36,12.0
2025-02-06,5,2,Pasta Alfredo,43,14.0
2025-02-06,5,3,Lasagna Bolognese,24,16.0
2025-02-06,5,4,Bruschetta,35,8.0
2025-02-06,5,5,Tiramisu,45,7.0
2025-02-06,5,6,Caesar Salad,29,10.0
2025-02-06,5,7,Minestrone Soup,34,9.0
2025-02-07,1,1,Margherita Pizza,47,12.0
2025-02-07,1,2,Pasta Alfredo,53,14.0
2025-02-07,1,3,Lasagna Bolognese,35,16.0
2025-02-07,1,4,Bruschetta,44,8.0
2025-02-07,1,5,Tiramisu,40,7.0
2025-02-07,1,6,Caesar Salad,31,10.0
2025-02-07,1,7,Minestrone Soup,39,9.0
2025-02-07,2,1,Margherita Pizza,42,12.0
2025-02-07,2,2,Pasta Alfredo,48,14.0
2025-02-07,2,3,Lasagna Bolognese,28,16.0
2025-02-07,2,4,Bruschetta,44,8.0
2025-02-07,2,5,Tiramisu,51,7.0
2025-02-07,2,6,Caesar Salad,40,10.0
2025-02-07,2,7,Minestrone Soup,40,9.0
2025-02-07,3,1,Margherita Pizza,42,12.0
2025-02-07,3,2,Pasta Alfredo,44,14.0
2025-02-07,3,3,Lasagna Bolognese,36,16.0
2025-02-07,3,4,Bruschetta,47,8.0
2025-02-07,3,5,Tiramisu,50,7.0
2025-02-07,3,6,Caesar Salad,44,10.0
2025-02-07,3,7,Minestrone Soup,44,9.0
2025-02-07,4,1,Margherita Pizza,47,12.0
2025-02-07,4,2,Pasta Alfredo,50,14.0
2025-02-07,4,3,Lasagna Bolognese,40,16.0
2025-02-07,4,4,Bruschetta,41,8.0
2025-02-07,4,5,Tiramisu,57,7.0
2025-02-07,4,6,Caesar Salad,41,10.0
2025-02-07,4,7,Minestrone Soup,51,9.0
2025-02-07,5,1,Margherita Pizza,46,12.0
2025-02-07,5,2,Pasta Alfredo,58,14.0
2025-02-07,5,3,Lasagna Bolognese,42,16.0
2025-02-07,5,4,Bruschetta,50,8.0
2025-02-07,5,5,Tiramisu,54,7.0
2025-02-07,5,6,Caesar Salad,34,10.0
2025-02-07,5,7,Minestrone Soup,50,9.0
2025-02-08,1,1,Margherita Pizza,40,12.0
2025-02-08,1,2,Pasta Alfredo,45,14.0
2025-02-08,1,3,Lasagna Bolognese,36,16.0
2025-02-08,1,4,Bruschetta,40,8.0
2025-02-08,1,5,Tiramisu,43,7.0
2025-02-08,1,6,Caesar Salad,28,10.0
2025-02-08,1,7,Minestrone Soup,37,9.0
2025-02-08,2,1,Margherita Pizza,50,12.0
2025-02-08,2,2,Pasta Alfredo,52,14.0
2025-02-08,2,3,Lasagna Bolognese,36,16.0
2025-02-08,2,4,Bruschetta,42,8.0
2025-02-08,2,5,Tiramisu,49,7.0
2025-02-08,2,6,Caesar Salad,39,10.0
2025-02-08,2,7,Minestrone Soup,41,9.0
2025-02-08,3,1,Margherita Pizza,46,12.0
2025-02-08,3,2,Pasta Alfredo,51,14.0
2025-02-08,3,3,Lasagna Bolognese,43,16.0
2025-02-08,3,4,Bruschetta,47,8.0
2025-02-08,3,5,Tiramisu,56,7.0
2025-02-08,3,6,Caesar Salad,35,10.0
2025-02-08,3,7,Minestrone Soup,48,9.0
2025-02-08,4,1,Margherita Pizza,46,12.0
2025-02-08,4,2,Pasta Alfredo,55,14.0
2025-02-08,4,3,Lasagna Bolognese,44,16.0
2025-02-08,4,4,Bruschetta,44,8.0
2025-02-08,4,5,Tiramisu,55,7.0
2025-02-08,4,6,Caesar Salad,40,10.0
2025-02-08,4,7,Minestrone Soup,48,9.0
2025-02-08,5,1,Margherita Pizza,48,12.0
2025-02-08,5,2,Pasta Alfredo,63,14.0
2025-02-08,5,3,Lasagna Bolognese,37,16.0
2025-02-08,5,4,Bruschetta,53,8.0
2025-02-08,5,5,Tiramisu,61,7.0
2025-02-08,5,6,Caesar Salad,46,10.0
2025-02-08,5,7,Minestrone Soup,44,9.0
2025-02-09,1,1,Margherita Pizza,32,12.0
2025-02-09,1,2,Pasta Alfredo,45,14.0
2025-02-09,1,3,Lasagna Bolognese,23,16.0
2025-02-09,1,4,Bruschetta,30,8.0
2025-02-09,1,5,Tiramisu,39,7.0
2025-02-09,1,6,Caesar Salad,29,10.0
2025-02-09,1,7,Minestrone Soup,39,9.0
2025-02-09,2,1,Margherita Pizza,36,12.0
2025-02-09,2,2,Pasta Alfredo,40,14.0
2025-02-09,2,3,Lasagna Bolognese,31,16.0
2025-02-09,2,4,Bruschetta,38,8.0
2025-02-09,2,5,Tiramisu,44,7.0
2025-02-09,2,6,Caesar Salad,30,10.0
2025-02-09,2,7,Minestrone Soup,30,9.0
2025-02-09,3,1,Margherita Pizza,35,12.0
2025-02-09,3,2,Pasta Alfredo,49,14.0
2025-02-09,3,3,Lasagna Bolognese,32,16.0
2025-02-09,3,4,Bruschetta,37,8.0
2025-02-09,3,5,Tiramisu,48,7.0
2025-02-09,3,6,Caesar Salad,28,10.0
2025-02-09,3,7,Minestrone Soup,37,9.0
2025-02-09,4,1,Margherita Pizza,40,12.0
2025-02-09,4,2,Pasta Alfredo,45,14.0
2025-02-09,4,3,Lasagna Bolognese,34,16.0
2025-02-09,4,4,Bruschetta,39,8.0
2025-02-09,4,5,Tiramisu,42,7.0
2025-02-09,4,6,Caesar Salad,34,10.0
2025-02-09,4,7,Minestrone Soup,36,9.0
2025-02-09,5,1,Margherita Pizza,42,12.0
2025-02-09,5,2,Pasta Alfredo,53,14.0
2025-02-09,5,3,Lasagna Bolognese,34,16.0
2025-02-09,5,4,Bruschetta,38,8.0
2025-02-09,5,5,Tiramisu,48,7.0
2025-02-09,5,6,Caesar Salad,32,10.0
2025-02-09,5,7,Minestrone Soup,43,9.0
2025-02-10,1,1,Margherita Pizza,25,12.0
2025-02-10,1,2,Pasta Alfredo,35,14.0
2025-02-10,1,3,Lasagna Bolognese,25,16.0
2025-02-10,1,4,Bruschetta,25,8.0
2025-02-10,1,5,Tiramisu,32,7.0
2025-02-10,1,6,Caesar Salad,20,10.0
2025-02-10,1,7,Minestrone Soup,26,9.0
2025-02-10,2,1,Margherita Pizza,26,12.0
2025-02-10,2,2,Pasta Alfredo,34,14.0
2025-02-10,2,3,Lasagna Bolognese,27,16.0
2025-02-10,2,4,Bruschetta,29,8.0
2025-02-10,2,5,Tiramisu,34,7.0
2025-02-10,2,6,Caesar Salad,25,10.0
2025-02-10,2,7,Minestrone Soup,28,9.0
2025-02-10,3,1,Margherita Pizza,25,12.0
2025-02-10,3,2,Pasta Alfredo,38,14.0
2025-02-10,3,3,Lasagna Bolognese,29,16.0
2025-02-10,3,4,Bruschetta,27,8.0
2025-02-10,3,5,Tiramisu,32,7.0
2025-02-10,3,6,Caesar Salad,25,10.0
2025-02-10,3,7,Minestrone Soup,30,9.0
2025-02-10,4,1,Margherita Pizza,29,12.0
2025-02-10,4,2,Pasta Alfredo,31,14.0
2025-02-10,4,3,Lasagna Bolognese,25,16.0
2025-02-10,4,4,Bruschetta,31,8.0
2025-02-10,4,5,Tiramisu,37,7.0
2025-02-10,4,6,Caesar Salad,26,10.0
2025-02-10,4,7,Minestrone Soup,29,9.0
2025-02-10,5,1,Margherita Pizza,34,12.0
2025-02-10,5,2,Pasta Alfredo,36,14.0
2025-02-10,5,3,Lasagna Bolognese,24,16.0
2025-02-10,5,4,Bruschetta,30,8.0
2025-02-10,5,5,Tiramisu,31,7.0
2025-02-10,5,6,Caesar Salad,25,10.0
2025-02-10,5,7,Minestrone Soup,33,9.0
2025-02-11,1,1,Margherita Pizza,31,12.0
2025-02-11,1,2,Pasta Alfredo,39,14.0
2025-02-11,1,3,Lasagna Bolognese,24,16.0
2025-02-11,1,4,Bruschetta,31,8.0
2025-02-11,1,5,Tiramisu,37,7.0
2025-02-11,1,6,Caesar Salad,32,10.0
2025-02-11,1,7,Minestrone Soup,30,9.0
2025-02-11,2,1,Margherita Pizza,28,12.0
2025-02-11,2,2,Pasta Alfredo,39,14.0
2025-02-11,2,3,Lasagna Bolognese,32,16.0
2025-02-11,2,4,Bruschetta,31,8.0
2025-02-11,2,5,Tiramisu,39,7.0
2025-02-11,2,6,Caesar Salad,30,10.0
2025-02-11,2,7,Minestrone Soup,35,9.0
2025-02-11,3,1,Margherita Pizza,33,12.0
2025-02-11,3,2,Pasta Alfredo,36,14.0
2025-02-11,3,3,Lasagna Bolognese,27,16.0
2025-02-11,3,4,Bruschetta,34,8.0
2025-02-11,3,5,Tiramisu,41,7.0
2025-02-11,3,6,Caesar Salad,29,10.0
2025-02-11,3,7,Minestrone Soup,32,9.0
2025-02-11,4,1,Margherita Pizza,36,12.0
2025-02-11,4,2,Pasta Alfredo,43,14.0
2025-02-11,4,3,Lasagna Bolognese,30,16.0
2025-02-11,4,4,Bruschetta,32,8.0
2025-02-11,4,5,Tiramisu,40,7.0
2025-02-11,4,6,Caesar Salad,32,10.0
2025-02-11,4,7,Minestrone Soup,31,9.0
2025-02-11,5,1,Margherita Pizza,30,12.0
2025-02-11,5,2,Pasta Alfredo,47,14.0
2025-02-11,5,3,Lasagna Bolognese,32,16.0
2025-02-11,5,4,Bruschetta,38,8.0
2025-02-11,5,5,Tiramisu,39,7.0
2025-02-11,5,6,Caesar Salad,32,10.0
2025-02-11,5,7,Minestrone Soup,37,9.0
2025-02-12,1,1,Margherita Pizza,25,12.0
2025-02-12,1,2,Pasta Alfredo,39,14.0
2025-02-12,1,3,Lasagna Bolognese,25,16.0
2025-02-12,1,4,Bruschetta,29,8.0
2025-02-12,1,5,Tiramisu,34,7.0
2025-02-12,1,6,Caesar Salad,19,10.0
2025-02-12,1,7,Minestrone Soup,32,9.0
2025-02-12,2,1,Margherita Pizza,32,12.0
2025-02-12,2,2,Pasta Alfredo,36,14.0
2025-02-12,2,3,Lasagna Bolognese,30,16.0
2025-02-12,2,4,Bruschetta,27,8.0
2025-02-12,2,5,Tiramisu,35,7.0
2025-02-12,2,6,Caesar Salad,24,10.0
2025-02-12,2,7,Minestrone Soup,31,9.0
2025-02-12,3,1,Margherita Pizza,33,12.0
2025-02-12,3,2,Pasta Alfredo,40,14.0
2025-02-12,3,3,Lasagna Bolognese,27,16.0
2025-02-12,3,4,Bruschetta,30,8.0
2025-02-12,3,5,Tiramisu,44,7.0
2025-02-12,3,6,Caesar Salad,35,10.0
2025-02-12,3,7,Minestrone Soup,34,9.0
2025-02-12,4,1,Margherita Pizza,32,12.0
2025-02-12,4,2,Pasta Alfredo,45,14.0
2025-02-12,4,3,Lasagna Bolognese,25,16.0
2025-02-12,4,4,Bruschetta,34,8.0
2025-02-12,4,5,Tiramisu,38,7.0
2025-02-12,4,6,Caesar Salad,25,10.0
2025-02-12,4,7,Minestrone Soup,34,9.0
2025-02-12,5,1,Margherita Pizza,34,12.0
2025-02-12,5,2,Pasta Alfredo,42,14.0
2025-02-12,5,3,Lasagna Bolognese,30,16.0
2025-02-12,5,4,Bruschetta,34,8.0
2025-02-12,5,5,Tiramisu,41,7.0
2025-02-12,5,6,Caesar Salad,29,10.0
2025-02-12,5,7,Minestrone Soup,39,9.0
2025-02-13,1,1,Margherita Pizza,29,12.0
2025-02-13,1,2,Pasta Alfredo,37,14.0
2025-02-13,1,3,Lasagna Bolognese,27,16.0
2025-02-13,1,4,Bruschetta,32,8.0
2025-02-13,1,5,Tiramisu,39,7.0
2025-02-13,1,6,Caesar Salad,22,10.0
2025-02-13,1,7,Minestrone Soup,29,9.0
2025-02-13,2,1,Margherita Pizza,37,12.0
2025-02-13,2,2,Pasta Alfredo,36,14.0
2025-02-13,2,3,Lasagna Bolognese,18,16.0
2025-02-13,2,4,Bruschetta,31,8.0
2025-02-13,2,5,Tiramisu,37,7.0
2025-02-13,2,6,Caesar Salad,18,10.0
2025-02-13,2,7,Minestrone Soup,36,9.0
2025-02-13,3,1,Margherita Pizza,31,12.0
2025-02-13,3,2,Pasta Alfredo,40,14.0
2025-02-13,3,3,Lasagna Bolognese,27,16.0
2025-02-13,3,4,Bruschetta,29,8.0
2025-02-13,3,5,Tiramisu,35,7.0
2025-02-13,3,6,Caesar Salad,25,10.0
2025-02-13,3,7,Minestrone Soup,36,9.0
2025-02-13,4,1,Margherita Pizza,34,12.0
2025-02-13,4,2,Pasta Alfredo,39,14.0
2025-02-13,4,3,Lasagna Bolognese,26,16.0
2025-02-13,4,4,Bruschetta,38,8.0
2025-02-13,4,5,Tiramisu,45,7.0
2025-02-13,4,6,Caesar Salad,32,10.0
2025-02-13,4,7,Minestrone Soup,36,9.0
2025-02-13,5,1,Margherita Pizza,37,12.0
2025-02-13,5,2,Pasta Alfredo,39,14.0
2025-02-13,5,3,Lasagna Bolognese,29,16.0
2025-02-13,5,4,Bruschetta,34,8.0
2025-02-13,5,5,Tiramisu,37,7.0
2025-02-13,5,6,Caesar Salad,33,10.0
2025-02-13,5,7,Minestrone Soup,34,9.0
2025-02-14,1,1,Margherita Pizza,44,12.0
2025-02-14,1,2,Pasta Alfredo,50,14.0
2025-02-14,1,3,Lasagna Bolognese,35,16.0
2025-02-14,1,4,Bruschetta,42,8.0
2025-02-14,1,5,Tiramisu,45,7.0
2025-02-14,1,6,Caesar Salad,39,10.0
2025-02-14,1,7,Minestrone Soup,41,9.0
2025-02-14,2,1,Margherita Pizza,43,12.0
2025-02-14,2,2,Pasta Alfredo,48,14.0
2025-02-14,2,3,Lasagna Bolognese,33,16.0
2025-02-14,2,4,Bruschetta,44,8.0
2025-02-14,2,5,Tiramisu,50,7.0
2025-02-14,2,6,Caesar Salad,33,10.0
2025-02-14,2,7,Minestrone Soup,38,9.0
2025-02-14,3,1,Margherita Pizza,41,12.0
2025-02-14,3,2,Pasta Alfredo,56,14.0
2025-02-14,3,3,Lasagna Bolognese,35,16.0
2025-02-14,3,4,Bruschetta,44,8.0
2025-02-14,3,5,Tiramisu,56,7.0
2025-02-14,3,6,Caesar Salad,34,10.0
2025-02-14,3,7,Minestrone Soup,42,9.0
2025-02-14,4,1,Margherita Pizza,44,12.0
2025-02-14,4,2,Pasta Alfredo,59,14.0
2025-02-14,4,3,Lasagna Bolognese,45,16.0
2025-02-14,4,4,Bruschetta,49,8.0
2025-02-14,4,5,Tiramisu,57,7.0
2025-02-14,4,6,Caesar Salad,37,10.0
2025-02-14,4,7,Minestrone Soup,53,9.0
2025-02-14,5,1,Margherita Pizza,50,12.0
2025-02-14,5,2,Pasta Alfredo,60,14.0
2025-02-14,5,3,Lasagna Bolognese,40,16.0
2025-02-14,5,4,Bruschetta,48,8.0
2025-02-14,5,5,Tiramisu,62,7.0
2025-02-14,5,6,Caesar Salad,42,10.0
2025-02-14,5,7,Minestrone Soup,53,9.0
2025-02-15,1,1,Margherita Pizza,41,12.0
2025-02-15,1,2,Pasta Alfredo,45,14.0
2025-02-15,1,3,Lasagna Bolognese,32,16.0
2025-02-15,1,4,Bruschetta,41,8.0
2025-02-15,1,5,Tiramisu,45,7.0
2025-02-15,1,6,Caesar Salad,30,10.0
2025-02-15,1,7,Minestrone Soup,44,9.0
2025-02-15,2,1,Margherita Pizza,41,12.0
2025-02-15,2,2,Pasta Alfredo,50,14.0
2025-02-15,2,3,Lasagna Bolognese,36,16.0
2025-02-15,2,4,Bruschetta,41,8.0
2025-02-15,2,5,Tiramisu,54,7.0
2025-02-15,2,6,Caesar Salad,32,10.0
2025-02-15,2,7,Minestrone Soup,43,9.0
2025-02-15,3,1,Margherita Pizza,45,12.0
2025-02-15,3,2,Pasta Alfredo,52,14.0
2025-02-15,3,3,Lasagna Bolognese,33,16.0
2025-02-15,3,4,Bruschetta,47,8.0
2025-02-15,3,5,Tiramisu,54,7.0
2025-02-15,3,6,Caesar Salad,35,10.0
2025-02-15,3,7,Minestrone Soup,47,9.0
2025-02-15,4,1,Margherita Pizza,48,12.0
2025-02-15,4,2,Pasta Alfredo,51,14.0
2025-02-15,4,3,Lasagna Bolognese,36,16.0
2025-02-15,4,4,Bruschetta,50,8.0
2025-02-15,4,5,Tiramisu,56,7.0
2025-02-15,4,6,Caesar Salad,37,10.0
2025-02-15,4,7,Minestrone Soup,44,9.0
2025-02-15,5,1,Margherita Pizza,47,12.0
2025-02-15,5,2,Pasta Alfredo,56,14.0
2025-02-15,5,3,Lasagna Bolognese,38,16.0
2025-02-15,5,4,Bruschetta,44,8.0
2025-02-15,5,5,Tiramisu,60,7.0
2025-02-15,5,6,Caesar Salad,44,10.0
2025-02-15,5,7,Minestrone Soup,45,9.0
2025-02-16,1,1,Margherita Pizza,35,12.0
2025-02-16,1,2,Pasta Alfredo,37,14.0
2025-02-16,1,3,Lasagna Bolognese,28,16.0
2025-02-16,1,4,Bruschetta,33,8.0
2025-02-16,1,5,Tiramisu,39,7.0
2025-02-16,1,6,Caesar Salad,35,10.0
2025-02-16,1,7,Minestrone Soup,33,9.0
2025-02-16,2,1,Margherita Pizza,34,12.0
2025-02-16,2,2,Pasta Alfredo,40,14.0
2025-02-16,2,3,Lasagna Bolognese,33,16.0
2025-02-16,2,4,Bruschetta,31,8.0
2025-02-16,2,5,Tiramisu,40,7.0
2025-02-16,2,6,Caesar Salad,35,10.0
2025-02-16,2,7,Minestrone Soup,37,9.0
2025-02-16,3,1,Margherita Pizza,39,12.0
2025-02-16,3,2,Pasta Alfredo,51,14.0
2025-02-16,3,3,Lasagna Bolognese,32,16.0
2025-02-16,3,4,Bruschetta,36,8.0
2025-02-16,3,5,Tiramisu,44,7.0
2025-02-16,3,6,Caesar Salad,28,10.0
2025-02-16,3,7,Minestrone Soup,42,9.0
2025-02-16,4,1,Margherita Pizza,42,12.0
2025-02-16,4,2,Pasta Alfredo,50,14.0
2025-02-16,4,3,Lasagna Bolognese,37,16.0
2025-02-16,4,4,Bruschetta,39,8.0
2025-02-16,4,5,Tiramisu,44,7.0
2025-02-16,4,6,Caesar Salad,33,10.0
2025-02-16,4,7,Minestrone Soup,37,9.0
2025-02-16,5,1,Margherita Pizza,42,12.0
2025-02-16,5,2,Pasta Alfredo,52,14.0
2025-02-16,5,3,Lasagna Bolognese,34,16.0
2025-02-16,5,4,Bruschetta,42,8.0
2025-02-16,5,5,Tiramisu,48,7.0
2025-02-16,5,6,Caesar Salad,37,10.0
2025-02-16,5,7,Minestrone Soup,40,9.0
2025-02-17,1,1,Margherita Pizza,19,12.0
2025-02-17,1,2,Pasta Alfredo,31,14.0
2025-02-17,1,3,Lasagna Bolognese,24,16.0
2025-02-17,1,4,Bruschetta,27,8.0
2025-02-17,1,5,Tiramisu,28,7.0
2025-02-17,1,6,Caesar Salad,18,10.0
2025-02-17,1,7,Minestrone Soup,27,9.0
2025-02-17,2,1,Margherita Pizza,27,12.0
2025-02-17,2,2,Pasta Alfredo,31,14.0
2025-02-17,2,3,Lasagna Bolognese,28,16.0
2025-02-17,2,4,Bruschetta,24,8.0
2025-02-17,2,5,Tiramisu,37,7.0
2025-02-17,2,6,Caesar Salad,22,10.0
2025-02-17,2,7,Minestrone Soup,21,9.0
2025-02-17,3,1,Margherita Pizza,28,12.0
2025-02-17,3,2,Pasta Alfredo,36,14.0
2025-02-17,3,3,Lasagna Bolognese,22,16.0
2025-02-17,3,4,Bruschetta,24,8.0
2025-02-17,3,5,Tiramisu,32,7.0
2025-02-17,3,6,Caesar Salad,21,10.0
2025-02-17,3,7,Minestrone Soup,30,9.0
2025-02-17,4,1,Margherita Pizza,32,12.0
2025-02-17,4,2,Pasta Alfredo,31,14.0
2025-02-17,4,3,Lasagna Bolognese,22,16.0
2025-02-17,4,4,Bruschetta,32,8.0
2025-02-17,4,5,Tiramisu,32,7.0
2025-02-17,4,6,Caesar Salad,21,10.0
2025-02-17,4,7,Minestrone Soup,26,9.0
2025-02-17,5,1,Margherita Pizza,32,12.0
2025-02-17,5,2,Pasta Alfredo,37,14.0
2025-02-17,5,3,Lasagna Bolognese,24,16.0
2025-02-17,5,4,Bruschetta,31,8.0
2025-02-17,5,5,Tiramisu,41,7.0
2025-02-17,5,6,Caesar Salad,23,10.0
2025-02-17,5,7,Minestrone Soup,25,9.0
2025-02-18,1,1,Margherita Pizza,31,12.0
2025-02-18,1,2,Pasta Alfredo,35,14.0
2025-02-18,1,3,Lasagna Bolognese,23,16.0
2025-02-18,1,4,Bruschetta,32,8.0
2025-02-18,1,5,Tiramisu,37,7.0
2025-02-18,1,6,Caesar Salad,18,10.0
2025-02-18,1,7,Minestrone Soup,28,9.0
2025-02-18,2,1,Margherita Pizza,38,12.0
2025-02-18,2,2,Pasta Alfredo,39,14.0
2025-02-18,2,3,Lasagna Bolognese,28,16.0
2025-02-18,2,4,Bruschetta,35,8.0
2025-02-18,2,5,Tiramisu,37,7.0
2025-02-18,2,6,Caesar Salad,29,10.0
2025-02-18,2,7,Minestrone Soup,34,9.0
2025-02-18,3,1,Margherita Pizza,35,12.0
2025-02-18,3,2,Pasta Alfredo,38,14.0
2025-02-18,3,3,Lasagna Bolognese,28,16.0
2025-02-18,3,4,Bruschetta,31,8.0
2025-02-18,3,5,Tiramisu,39,7.0
2025-02-18,3,6,Caesar Salad,24,10.0
2025-02-18,3,7,Minestrone Soup,31,9.0
2025-02-18,4,1,Margherita Pizza,34,12.0
2025-02-18,4,2,Pasta Alfredo,38,14.0
2025-02-18,4,3,Lasagna Bolognese,27,16.0
2025-02-18,4,4,Bruschetta,34,8.0
2025-02-18,4,5,Tiramisu,42,7.0
2025-02-18,4,6,Caesar Salad,32,10.0
2025-02-18,4,7,Minestrone Soup,33,9.0
2025-02-18,5,1,Margherita Pizza,40,12.0
2025-02-18,5,2,Pasta Alfredo,45,14.0
2025-02-18,5,3,Lasagna Bolognese,32,16.0
2025-02-18,5,4,Bruschetta,37,8.0
2025-02-18,5,5,Tiramisu,43,7.0
2025-02-18,5,6,Caesar Salad,34,10.0
2025-02-18,5,7,Minestrone Soup,40,9.0
2025-02-19,1,1,Margherita Pizza,34,12.0
2025-02-19,1,2,Pasta Alfredo,35,14.0
2025-02-19,1,3,Lasagna Bolognese,27,16.0
2025-02-19,1,4,Bruschetta,34,8.0
2025-02-19,1,5,Tiramisu,33,7.0
2025-02-19,1,6,Caesar Salad,24,10.0
2025-02-19,1,7,Minestrone Soup,30,9.0
2025-02-19,2,1,Margherita Pizza,34,12.0
2025-02-19,2,2,Pasta Alfredo,39,14.0
2025-02-19,2,3,Lasagna Bolognese,26,16.0
2025-02-19,2,4,Bruschetta,27,8.0
2025-02-19,2,5,Tiramisu,37,7.0
2025-02-19,2,6,Caesar Salad,23,10.0
2025-02-19,2,7,Minestrone Soup,27,9.0
2025-02-19,3,1,Margherita Pizza,29,12.0
2025-02-19,3,2,Pasta Alfredo,40,14.0
2025-02-19,3,3,Lasagna Bolognese,32,16.0
2025-02-19,3,4,Bruschetta,33,8.0
2025-02-19,3,5,Tiramisu,39,7.0
2025-02-19,3,6,Caesar Salad,31,10.0
2025-02-19,3,7,Minestrone Soup,28,9.0
2025-02-19,4,1,Margherita Pizza,36,12.0
2025-02-19,4,2,Pasta Alfredo,40,14.0
2025-02-19,4,3,Lasagna Bolognese,31,16.0
2025-02-19,4,4,Bruschetta,33,8.0
2025-02-19,4,5,Tiramisu,38,7.0
2025-02-19,4,6,Caesar Salad,29,10.0
2025-02-19,4,7,Minestrone Soup,40,9.0
2025-02-19,5,1,Margherita Pizza,39,12.0
2025-02-19,5,2,Pasta Alfredo,41,14.0
2025-02-19,5,3,Lasagna Bolognese,26,16.0
2025-02-19,5,4,Bruschetta,31,8.0
2025-02-19,5,5,Tiramisu,46,7.0
2025-02-19,5,6,Caesar Salad,27,10.0
2025-02-19,5,7,Minestrone Soup,35,9.0
2025-02-20,1,1,Margherita Pizza,34,12.0
2025-02-20,1,2,Pasta Alfredo,30,14.0
2025-02-20,1,3,Lasagna Bolognese,29,16.0
2025-02-20,1,4,Bruschetta,29,8.0
2025-02-20,1,5,Tiramisu,31,7.0
2025-02-20,1,6,Caesar Salad,24,10.0
2025-02-20,1,7,Minestrone Soup,28,9.0
2025-02-20,2,1,Margherita Pizza,33,12.0
2025-02-20,2,2,Pasta Alfredo,35,14.0
2025-02-20,2,3,Lasagna Bolognese,21,16.0
2025-02-20,2,4,Bruschetta,31,8.0
2025-02-20,2,5,Tiramisu,33,7.0
2025-02-20,2,6,Caesar Salad,27,10.0
2025-02-20,2,7,Minestrone Soup,28,9.0
2025-02-20,3,1,Margherita Pizza,32,12.0
2025-02-20,3,2,Pasta Alfredo,39,14.0
2025-02-20,3,3,Lasagna Bolognese,27,16.0
2025-02-20,3,4,Bruschetta,34,8.0
2025-02-20,3,5,Tiramisu,41,7.0
2025-02-20,3,6,Caesar Salad,24,10.0
2025-02-20,3,7,Minestrone Soup,33,9.0
2025-02-20,4,1,Margherita Pizza,25,12.0
2025-02-20,4,2,Pasta Alfredo,41,14.0
2025-02-20,4,3,Lasagna Bolognese,28,16.0
2025-02-20,4,4,Bruschetta,32,8.0
2025-02-20,4,5,Tiramisu,41,7.0
2025-02-20,4,6,Caesar Salad,32,10.0
2025-02-20,4,7,Minestrone Soup,33,9.0
2025-02-20,5,1,Margherita Pizza,33,12.0
2025-02-20,5,2,Pasta Alfredo,43,14.0
2025-02-20,5,3,Lasagna Bolognese,26,16.0
2025-02-20,5,4,Bruschetta,34,8.0
2025-02-20,5,5,Tiramisu,46,7.0
2025-02-20,5,6,Caesar Salad,30,10.0
2025-02-20,5,7,Minestrone Soup,31,9.0
2025-02-21,1,1,Margherita Pizza,35,12.0
2025-02-21,1,2,Pasta Alfredo,48,14.0
2025-02-21,1,3,Lasagna Bolognese,36,16.0
2025-02-21,1,4,Bruschetta,36,8.0
2025-02-21,1,5,Tiramisu,48,7.0
2025-02-21,1,6,Caesar Salad,38,10.0
2025-02-21,1,7,Minestrone Soup,46,9.0
2025-02-21,2,1,Margherita Pizza,44,12.0
2025-02-21,2,2,Pasta Alfredo,51,14.0
2025-02-21,2,3,Lasagna Bolognese,29,16.0
2025-02-21,2,4,Bruschetta,49,8.0
2025-02-21,2,5,Tiramisu,48,7.0
2025-02-21,2,6,Caesar Salad,33,10.0
2025-02-21,2,7,Minestrone Soup,42,9.0
2025-02-21,3,1,Margherita Pizza,49,12.0
2025-02-21,3,2,Pasta Alfredo,59,14.0
2025-02-21,3,3,Lasagna Bolognese,38,16.0
2025-02-21,3,4,Bruschetta,48,8.0
2025-02-21,3,5,Tiramisu,52,7.0
2025-02-21,3,6,Caesar Salad,34,10.0
2025-02-21,3,7,Minestrone Soup,49,9.0
2025-02-21,4,1,Margherita Pizza,45,12.0
2025-02-21,4,2,Pasta Alfredo,59,14.0
2025-02-21,4,3,Lasagna Bolognese,43,16.0
2025-02-21,4,4,Bruschetta,49,8.0
2025-02-21,4,5,Tiramisu,60,7.0
2025-02-21,4,6,Caesar Salad,46,10.0
2025-02-21,4,7,Minestrone Soup,46,9.0
2025-02-21,5,1,Margherita Pizza,46,12.0
2025-02-21,5,2,Pasta Alfredo,51,14.0
2025-02-21,5,3,Lasagna Bolognese,47,16.0
2025-02-21,5,4,Bruschetta,48,8.0
2025-02-21,5,5,Tiramisu,60,7.0
2025-02-21,5,6,Caesar Salad,39,10.0
2025-02-21,5,7,Minestrone Soup,54,9.0
2025-02-22,1,1,Margherita Pizza,38,12.0
2025-02-22,1,2,Pasta Alfredo,44,14.0
2025-02-22,1,3,Lasagna Bolognese,33,16.0
2025-02-22,1,4,Bruschetta,39,8.0
2025-02-22,1,5,Tiramisu,49,7.0
2025-02-22,1,6,Caesar Salad,34,10.0
2025-02-22,1,7,Minestrone Soup,42,9.0
2025-02-22,2,1,Margherita Pizza,42,12.0
2025-02-22,2,2,Pasta Alfredo,48,14.0
2025-02-22,2,3,Lasagna Bolognese,34,16.0
2025-02-22,2,4,Bruschetta,49,8.0
2025-02-22,2,5,Tiramisu,50,7.0
2025-02-22,2,6,Caesar Salad,29,10.0
2025-02-22,2,7,Minestrone Soup,41,9.0
2025-02-22,3,1,Margherita Pizza,45,12.0
2025-02-22,3,2,Pasta Alfredo,58,14.0
2025-02-22,3,3,Lasagna Bolognese,40,16.0
2025-02-22,3,4,Bruschetta,42,8.0
2025-02-22,3,5,Tiramisu,59,7.0
2025-02-22,3,6,Caesar Salad,37,10.0
2025-02-22,3,7,Minestrone Soup,48,9.0
2025-02-22,4,1,Margherita Pizza,43,12.0
2025-02-22,4,2,Pasta Alfredo,47,14.0
2025-02-22,4,3,Lasagna Bolognese,35,16.0
2025-02-22,4,4,Bruschetta,37,8.0
2025-02-22,4,5,Tiramisu,61,7.0
2025-02-22,4,6,Caesar Salad,40,10.0
2025-02-22,4,7,Minestrone Soup,44,9.0
2025-02-22,5,1,Margherita Pizza,50,12.0
2025-02-22,5,2,Pasta Alfredo,58,14.0
2025-02-22,5,3,Lasagna Bolognese,43,16.0
2025-02-22,5,4,Bruschetta,53,8.0
2025-02-22,5,5,Tiramisu,56,7.0
2025-02-22,5,6,Caesar Salad,38,10.0
2025-02-22,5,7,Minestrone Soup,51,9.0
2025-02-23,1,1,Margherita Pizza,37,12.0
2025-02-23,1,2,Pasta Alfredo,40,14.0
2025-02-23,1,3,Lasagna Bolognese,35,16.0
2025-02-23,1,4,Bruschetta,33,8.0
2025-02-23,1,5,Tiramisu,37,7.0
2025-02-23,1,6,Caesar Salad,30,10.0
2025-02-23,1,7,Minestrone Soup,32,9.0
2025-02-23,2,1,Margherita Pizza,38,12.0
2025-02-23,2,2,Pasta Alfredo,40,14.0
2025-02-23,2,3,Lasagna Bolognese,29,16.0
2025-02-23,2,4,Bruschetta,42,8.0
2025-02-23,2,5,Tiramisu,41,7.0
2025-02-23,2,6,Caesar Salad,28,10.0
2025-02-23,2,7,Minestrone Soup,40,9.0
2025-02-23,3,1,Margherita Pizza,35,12.0
2025-02-23,3,2,Pasta Alfredo,42,14.0
2025-02-23,3,3,Lasagna Bolognese,33,16.0
2025-02-23,3,4,Bruschetta,41,8.0
2025-02-23,3,5,Tiramisu,48,7.0
2025-02-23,3,6,Caesar Salad,29,10.0
2025-02-23,3,7,Minestrone Soup,40,9.0
2025-02-23,4,1,Margherita Pizza,38,12.0
2025-02-23,4,2,Pasta Alfredo,45,14.0
2025-02-23,4,3,Lasagna Bolognese,37,16.0
2025-02-23,4,4,Bruschetta,38,8.0
2025-02-23,4,5,Tiramisu,47,7.0
2025-02-23,4,6,Caesar Salad,34,10.0
2025-02-23,4,7,Minestrone Soup,37,9.0
2025-02-23,5,1,Margherita Pizza,45,12.0
2025-02-23,5,2,Pasta Alfredo,50,14.0
2025-02-23,5,3,Lasagna Bolognese,29,16.0
2025-02-23,5,4,Bruschetta,42,8.0
2025-02-23,5,5,Tiramisu,46,7.0
2025-02-23,5,6,Caesar Salad,38,10.0
2025-02-23,5,7,Minestrone Soup,37,9.0
2025-02-24,1,1,Margherita Pizza,24,12.0
2025-02-24,1,2,Pasta Alfredo,31,14.0
2025-02-24,1,3,Lasagna Bolognese,21,16.0
2025-02-24,1,4,Bruschetta,28,8.0
2025-02-24,1,5,Tiramisu,25,7.0
2025-02-24,1,6,Caesar Salad,26,10.0
2025-02-24,1,7,Minestrone Soup,27,9.0
2025-02-24,2,1,Margherita Pizza,31,12.0
2025-02-24,2,2,Pasta Alfredo,34,14.0
2025-02-24,2,3,Lasagna Bolognese,22,16.0
2025-02-24,2,4,Bruschetta,23,8.0
2025-02-24,2,5,Tiramisu,30,7.0
2025-02-24,2,6,Caesar Salad,27,10.0
2025-02-24,2,7,Minestrone Soup,31,9.0
2025-02-24,3,1,Margherita Pizza,26,12.0
2025-02-24,3,2,Pasta Alfredo,24,14.0
2025-02-24,3,3,Lasagna Bolognese,23,16.0
2025-02-24,3,4,Bruschetta,27,8.0
2025-02-24,3,5,Tiramisu,32,7.0
2025-02-24,3,6,Caesar Salad,25,10.0
2025-02-24,3,7,Minestrone Soup,31,9.0
2025-02-24,4,1,Margherita Pizza,32,12.0
2025-02-24,4,2,Pasta Alfredo,36,14.0
2025-02-24,4,3,Lasagna Bolognese,19,16.0
2025-02-24,4,4,Bruschetta,28,8.0
2025-02-24,4,5,Tiramisu,41,7.0
2025-02-24,4,6,Caesar Salad,26,10.0
2025-02-24,4,7,Minestrone Soup,31,9.0
2025-02-24,5,1,Margherita Pizza,32,12.0
2025-02-24,5,2,Pasta Alfredo,37,14.0
2025-02-24,5,3,Lasagna Bolognese,19,16.0
2025-02-24,5,4,Bruschetta,30,8.0
2025-02-24,5,5,Tiramisu,36,7.0
2025-02-24,5,6,Caesar Salad,30,10.0
2025-02-24,5,7,Minestrone Soup,31,9.0
2025-02-25,1,1,Margherita Pizza,25,12.0
2025-02-25,1,2,Pasta Alfredo,36,14.0
2025-02-25,1,3,Lasagna Bolognese,23,16.0
2025-02-25,1,4,Bruschetta,26,8.0
2025-02-25,1,5,Tiramisu,32,7.0
2025-02-25,1,6,Caesar Salad,27,10.0
2025-02-25,1,7,Minestrone Soup,34,9.0
2025-02-25,2,1,Margherita Pizza,33,12.0
2025-02-25,2,2,Pasta Alfredo,39,14.0
2025-02-25,2,3,Lasagna Bolognese,28,16.0
2025-02-25,2,4,Bruschetta,32,8.0
2025-02-25,2,5,Tiramisu,39,7.0
2025-02-25,2,6,Caesar Salad,19,10.0
2025-02-25,2,7,Minestrone Soup,32,9.0
2025-02-25,3,1,Margherita Pizza,30,12.0
2025-02-25,3,2,Pasta Alfredo,42,14.0
2025-02-25,3,3,Lasagna Bolognese,27,16.0
2025-02-25,3,4,Bruschetta,33,8.0
2025-02-25,3,5,Tiramisu,34,7.0
2025-02-25,3,6,Caesar Salad,31,10.0
2025-02-25,3,7,Minestrone Soup,35,9.0
2025-02-25,4,1,Margherita Pizza,36,12.0
2025-02-25,4,2,Pasta Alfredo,38,14.0
2025-02-25,4,3,Lasagna Bolognese,27,16.0
2025-02-25,4,4,Bruschetta,35,8.0
2025-02-25,4,5,Tiramisu,38,7.0
2025-02-25,4,6,Caesar Salad,30,10.0
2025-02-25,4,7,Minestrone Soup,28,9.0
2025-02-25,5,1,Margherita Pizza,35,12.0
2025-02-25,5,2,Pasta Alfredo,48,14.0
2025-02-25,5,3,Lasagna Bolognese,32,16.0
2025-02-25,5,4,Bruschetta,37,8.0
2025-02-25,5,5,Tiramisu,48,7.0
2025-02-25,5,6,Caesar Salad,23,10.0
2025-02-25,5,7,Minestrone Soup,34,9.0
2025-02-26,1,1,Margherita Pizza,29,12.0
2025-02-26,1,2,Pasta Alfredo,37,14.0
2025-02-26,1,3,Lasagna Bolognese,28,16.0
2025-02-26,1,4,Bruschetta,27,8.0
2025-02-26,1,5,Tiramisu,38,7.0
2025-02-26,1,6,Caesar Salad,24,10.0
2025-02-26,1,7,Minestrone Soup,34,9.0
2025-02-26,2,1,Margherita Pizza,28,12.0
2025-02-26,2,2,Pasta Alfredo,36,14.0
2025-02-26,2,3,Lasagna Bolognese,25,16.0
2025-02-26,2,4,Bruschetta,35,8.0
2025-02-26,2,5,Tiramisu,35,7.0
2025-02-26,2,6,Caesar Salad,26,10.0
2025-02-26,2,7,Minestrone Soup,33,9.0
2025-02-26,3,1,Margherita Pizza,35,12.0
2025-02-26,3,2,Pasta Alfredo,41,14.0
2025-02-26,3,3,Lasagna Bolognese,28,16.0
2025-02-26,3,4,Bruschetta,32,8.0
2025-02-26,3,5,Tiramisu,38,7.0
2025-02-26,3,6,Caesar Salad,28,10.0
2025-02-26,3,7,Minestrone Soup,34,9.0
2025-02-26,4,1,Margherita Pizza,34,12.0
2025-02-26,4,2,Pasta Alfredo,40,14.0
2025-02-26,4,3,Lasagna Bolognese,24,16.0
2025-02-26,4,4,Bruschetta,37,8.0
2025-02-26,4,5,Tiramisu,41,7.0
2025-02-26,4,6,Caesar Salad,32,10.0
2025-02-26,4,7,Minestrone Soup,35,9.0
2025-02-26,5,1,Margherita Pizza,31,12.0
2025-02-26,5,2,Pasta Alfredo,41,14.0
2025-02-26,5,3,Lasagna Bolognese,30,16.0
2025-02-26,5,4,Bruschetta,38,8.0
2025-02-26,5,5,Tiramisu,36,7.0
2025-02-26,5,6,Caesar Salad,30,10.0
2025-02-26,5,7,Minestrone Soup,38,9.0
2025-02-27,1,1,Margherita Pizza,28,12.0
2025-02-27,1,2,Pasta Alfredo,35,14.0
2025-02-27,1,3,Lasagna Bolognese,23,16.0
2025-02-27,1,4,Bruschetta,28,8.0
2025-02-27,1,5,Tiramisu,34,7.0
2025-02-27,1,6,Caesar Salad,23,10.0
2025-02-27,1,7,Minestrone Soup,32,9.0
2025-02-27,2,1,Margherita Pizza,29,12.0
2025-02-27,2,2,Pasta Alfredo,34,14.0
2025-02-27,2,3,Lasagna Bolognese,32,16.0
2025-02-27,2,4,Bruschetta,34,8.0
2025-02-27,2,5,Tiramisu,31,7.0
2025-02-27,2,6,Caesar Salad,24,10.0
2025-02-27,2,7,Minestrone Soup,32,9.0
2025-02-27,3,1,Margherita Pizza,34,12.0
2025-02-27,3,2,Pasta Alfredo,34,14.0
2025-02-27,3,3,Lasagna Bolognese,31,16.0
2025-02-27,3,4,Bruschetta,36,8.0
2025-02-27,3,5,Tiramisu,40,7.0
2025-02-27,3,6,Caesar Salad,32,10.0
2025-02-27,3,7,Minestrone Soup,34,9.0
2025-02-27,4,1,Margherita Pizza,36,12.0
2025-02-27,4,2,Pasta Alfredo,45,14.0
2025-02-27,4,3,Lasagna Bolognese,32,16.0
2025-02-27,4,4,Bruschetta,32,8.0
2025-02-27,4,5,Tiramisu,42,7.0
2025-02-27,4,6,Caesar Salad,27,10.0
2025-02-27,4,7,Minestrone Soup,36,9.0
2025-02-27,5,1,Margherita Pizza,38,12.0
2025-02-27,5,2,Pasta Alfredo,38,14.0
2025-02-27,5,3,Lasagna Bolognese,30,16.0
2025-02-27,5,4,Bruschetta,37,8.0
2025-02-27,5,5,Tiramisu,41,7.0
2025-02-27,5,6,Caesar Salad,31,10.0
2025-02-27,5,7,Minestrone Soup,39,9.0
2025-02-28,1,1,Margherita Pizza,40,12.0
2025-02-28,1,2,Pasta Alfredo,48,14.0
2025-02-28,1,3,Lasagna Bolognese,38,16.0
2025-02-28,1,4,Bruschetta,42,8.0
2025-02-28,1,5,Tiramisu,48,7.0
2025-02-28,1,6,Caesar Salad,31,10.0
2025-02-28,1,7,Minestrone Soup,42,9.0
2025-02-28,2,1,Margherita Pizza,44,12.0
2025-02-28,2,2,Pasta Alfredo,53,14.0
2025-02-28,2,3,Lasagna Bolognese,36,16.0
2025-02-28,2,4,Bruschetta,37,8.0
2025-02-28,2,5,Tiramisu,45,7.0
2025-02-28,2,6,Caesar Salad,38,10.0
2025-02-28,2,7,Minestrone Soup,41,9.0
2025-02-28,3,1,Margherita Pizza,46,12.0
2025-02-28,3,2,Pasta Alfredo,52,14.0
2025-02-28,3,3,Lasagna Bolognese,37,16.0
2025-02-28,3,4,Bruschetta,44,8.0
2025-02-28,3,5,Tiramisu,49,7.0
2025-02-28,3,6,Caesar Salad,37,10.0
2025-02-28,3,7,Minestrone Soup,43,9.0
2025-02-28,4,1,Margherita Pizza,46,12.0
2025-02-28,4,2,Pasta Alfredo,54,14.0
2025-02-28,4,3,Lasagna Bolognese,38,16.0
2025-02-28,4,4,Bruschetta,50,8.0
2025-02-28,4,5,Tiramisu,54,7.0
2025-02-28,4,6,Caesar Salad,42,10.0
2025-02-28,4,7,Minestrone Soup,51,9.0
2025-02-28,5,1,Margherita Pizza,51,12.0
2025-02-28,5,2,Pasta Alfredo,59,14.0
2025-02-28,5,3,Lasagna Bolognese,42,16.0
2025-02-28,5,4,Bruschetta,51,8.0
2025-02-28,5,5,Tiramisu,57,7.0
2025-02-28,5,6,Caesar Salad,44,10.0
2025-02-28,5,7,Minestrone Soup,51,9.0
2025-03-01,1,1,Margherita Pizza,41,12.0
2025-03-01,1,2,Pasta Alfredo,51,14.0
2025-03-01,1,3,Lasagna Bolognese,35,16.0
2025-03-01,1,4,Bruschetta,41,8.0
2025-03-01,1,5,Tiramisu,47,7.0
2025-03-01,1,6,Caesar Salad,35,10.0
2025-03-01,1,7,Minestrone Soup,45,9.0
2025-03-01,2,1,Margherita Pizza,47,12.0
2025-03-01,2,2,Pasta Alfredo,52,14.0
2025-03-01,2,3,Lasagna Bolognese,38,16.0
2025-03-01,2,4,Bruschetta,48,8.0
2025-03-01,2,5,Tiramisu,51,7.0
2025-03-01,2,6,Caesar Salad,33,10.0
2025-03-01,2,7,Minestrone Soup,48,9.0
2025-03-01,3,1,Margherita Pizza,45,12.0
2025-03-01,3,2,Pasta Alfredo,52,14.0
2025-03-01,3,3,Lasagna Bolognese,33,16.0
2025-03-01,3,4,Bruschetta,48,8.0
2025-03-01,3,5,Tiramisu,49,7.0
2025-03-01,3,6,Caesar Salad,36,10.0
2025-03-01,3,7,Minestrone Soup,48,9.0
2025-03-01,4,1,Margherita Pizza,51,12.0
2025-03-01,4,2,Pasta Alfredo,55,14.0
2025-03-01,4,3,Lasagna Bolognese,40,16.0
2025-03-01,4,4,Bruschetta,46,8.0
2025-03-01,4,5,Tiramisu,55,7.0
2025-03-01,4,6,Caesar Salad,41,10.0
2025-03-01,4,7,Minestrone Soup,47,9.0
2025-03-01,5,1,Margherita Pizza,50,12.0
2025-03-01,5,2,Pasta Alfredo,55,14.0
2025-03-01,5,3,Lasagna Bolognese,46,16.0
2025-03-01,5,4,Bruschetta,52,8.0
2025-03-01,5,5,Tiramisu,61,7.0
2025-03-01,5,6,Caesar Salad,46,10.0
2025-03-01,5,7,Minestrone Soup,48,9.0
2025-03-02,1,1,Margherita Pizza,35,12.0
2025-03-02,1,2,Pasta Alfredo,36,14.0
2025-03-02,1,3,Lasagna Bolognese,39,16.0
2025-03-02,1,4,Bruschetta,35,8.0
2025-03-02,1,5,Tiramisu,45,7.0
2025-03-02,1,6,Caesar Salad,26,10.0
2025-03-02,1,7,Minestrone Soup,39,9.0
2025-03-02,2,1,Margherita Pizza,43,12.0
2025-03-02,2,2,Pasta Alfredo,44,14.0
2025-03-02,2,3,Lasagna Bolognese,28,16.0
2025-03-02,2,4,Bruschetta,37,8.0
2025-03-02,2,5,Tiramisu,37,7.0
2025-03-02,2,6,Caesar Salad,31,10.0
2025-03-02,2,7,Minestrone Soup,40,9.0
2025-03-02,3,1,Margherita Pizza,39,12.0
2025-03-02,3,2,Pasta Alfredo,45,14.0
2025-03-02,3,3,Lasagna Bolognese,34,16.0
2025-03-02,3,4,Bruschetta,41,8.0
2025-03-02,3,5,Tiramisu,41,7.0
2025-03-02,3,6,Caesar Salad,33,10.0
2025-03-02,3,7,Minestrone Soup,47,9.0
2025-03-02,4,1,Margherita Pizza,37,12.0
2025-03-02,4,2,Pasta Alfredo,48,14.0
2025-03-02,4,3,Lasagna Bolognese,40,16.0
2025-03-02,4,4,Bruschetta,45,8.0
2025-03-02,4,5,Tiramisu,47,7.0
2025-03-02,4,6,Caesar Salad,35,10.0
2025-03-02,4,7,Minestrone Soup,41,9.0
2025-03-02,5,1,Margherita Pizza,41,12.0
2025-03-02,5,2,Pasta Alfredo,50,14.0
2025-03-02,5,3,Lasagna Bolognese,35,16.0
2025-03-02,5,4,Bruschetta,43,8.0
2025-03-02,5,5,Tiramisu,48,7.0
2025-03-02,5,6,Caesar Salad,32,10.0
2025-03-02,5,7,Minestrone Soup,43,9.0
2025-03-03,1,1,Margherita Pizza,31,12.0
2025-03-03,1,2,Pasta Alfredo,31,14.0
2025-03-03,1,3,Lasagna Bolognese,21,16.0
2025-03-03,1,4,Bruschetta,29,8.0
2025-03-03,1,5,Tiramisu,30,7.0
2025-03-03,1,6,Caesar Salad,28,10.0
2025-03-03,1,7,Minestrone Soup,26,9.0
2025-03-03,2,1,Margherita Pizza,30,12.0
2025-03-03,2,2,Pasta Alfredo,30,14.0
2025-03-03,2,3,Lasagna Bolognese,25,16.0
2025-03-03,2,4,Bruschetta,29,8.0
2025-03-03,2,5,Tiramisu,32,7.0
2025-03-03,2,6,Caesar Salad,22,10.0
2025-03-03,2,7,Minestrone Soup,26,9.0
2025-03-03,3,1,Margherita Pizza,30,12.0
2025-03-03,3,2,Pasta Alfredo,36,14.0
2025-03-03,3,3,Lasagna Bolognese,24,16.0
2025-03-03,3,4,Bruschetta,30,8.0
2025-03-03,3,5,Tiramisu,34,7.0
2025-03-03,3,6,Caesar Salad,25,10.0
2025-03-03,3,7,Minestrone Soup,28,9.0
2025-03-03,4,1,Margherita Pizza,31,12.0
2025-03-03,4,2,Pasta Alfredo,44,14.0
2025-03-03,4,3,Lasagna Bolognese,26,16.0
2025-03-03,4,4,Bruschetta,32,8.0
2025-03-03,4,5,Tiramisu,37,7.0
2025-03-03,4,6,Caesar Salad,25,10.0
2025-03-03,4,7,Minestrone Soup,34,9.0
2025-03-03,5,1,Margherita Pizza,31,12.0
2025-03-03,5,2,Pasta Alfredo,40,14.0
2025-03-03,5,3,Lasagna Bolognese,26,16.0
2025-03-03,5,4,Bruschetta,29,8.0
2025-03-03,5,5,Tiramisu,38,7.0
2025-03-03,5,6,Caesar Salad,23,10.0
2025-03-03,5,7,Minestrone Soup,33,9.0
2025-03-04,1,1,Margherita Pizza,27,12.0
2025-03-04,1,2,Pasta Alfredo,35,14.0
2025-03-04,1,3,Lasagna Bolognese,22,16.0
2025-03-04,1,4,Bruschetta,39,8.0
2025-03-04,1,5,Tiramisu,31,7.0
2025-03-04,1,6,Caesar Salad,26,10.0
2025-03-04,1,7,Minestrone Soup,34,9.0
2025-03-04,2,1,Margherita Pizza,36,12.0
2025-03-04,2,2,Pasta Alfredo,41,14.0
2025-03-04,2,3,Lasagna Bolognese,26,16.0
2025-03-04,2,4,Bruschetta,37,8.0
2025-03-04,2,5,Tiramisu,41,7.0
2025-03-04,2,6,Caesar Salad,28,10.0
2025-03-04,2,7,Minestrone Soup,33,9.0
2025-03-04,3,1,Margherita Pizza,33,12.0
2025-03-04,3,2,Pasta Alfredo,37,14.0
2025-03-04,3,3,Lasagna Bolognese,32,16.0
2025-03-04,3,4,Bruschetta,38,8.0
2025-03-04,3,5,Tiramisu,37,7.0
2025-03-04,3,6,Caesar Salad,28,10.0
2025-03-04,3,7,Minestrone Soup,34,9.0
2025-03-04,4,1,Margherita Pizza,36,12.0
2025-03-04,4,2,Pasta Alfredo,42,14.0
2025-03-04,4,3,Lasagna Bolognese,33,16.0
2025-03-04,4,4,Bruschetta,34,8.0
2025-03-04,4,5,Tiramisu,39,7.0
2025-03-04,4,6,Caesar Salad,34,10.0
2025-03-04,4,7,Minestrone Soup,34,9.0
2025-03-04,5,1,Margherita Pizza,34,12.0
2025-03-04,5,2,Pasta Alfredo,42,14.0
2025-03-04,5,3,Lasagna Bolognese,30,16.0
2025-03-04,5,4,Bruschetta,42,8.0
2025-03-04,5,5,Tiramisu,47,7.0
2025-03-04,5,6,Caesar Salad,35,10.0
2025-03-04,5,7,Minestrone Soup,40,9.0
2025-03-05,1,1,Margherita Pizza,34,12.0
2025-03-05,1,2,Pasta Alfredo,34,14.0
2025-03-05,1,3,Lasagna Bolognese,25,16.0
2025-03-05,1,4,Bruschetta,28,8.0
2025-03-05,1,5,Tiramisu,35,7.0
2025-03-05,1,6,Caesar Salad,28,10.0
2025-03-05,1,7,Minestrone Soup,31,9.0
2025-03-05,2,1,Margherita Pizza,37,12.0
2025-03-05,2,2,Pasta Alfredo,35,14.0
2025-03-05,2,3,Lasagna Bolognese,29,16.0
2025-03-05,2,4,Bruschetta,29,8.0
2025-03-05,2,5,Tiramisu,38,7.0
2025-03-05,2,6,Caesar Salad,29,10.0
2025-03-05,2,7,Minestrone Soup,32,9.0
2025-03-05,3,1,Margherita Pizza,36,12.0
2025-03-05,3,2,Pasta Alfredo,37,14.0
2025-03-05,3,3,Lasagna Bolognese,24,16.0
2025-03-05,3,4,Bruschetta,36,8.0
2025-03-05,3,5,Tiramisu,45,7.0
2025-03-05,3,6,Caesar Salad,26,10.0
2025-03-05,3,7,Minestrone Soup,38,9.0
2025-03-05,4,1,Margherita Pizza,36,12.0
2025-03-05,4,2,Pasta Alfredo,38,14.0
2025-03-05,4,3,Lasagna Bolognese,26,16.0
2025-03-05,4,4,Bruschetta,36,8.0
2025-03-05,4,5,Tiramisu,41,7.0
2025-03-05,4,6,Caesar Salad,26,10.0
2025-03-05,4,7,Minestrone Soup,31,9.0
2025-03-05,5,1,Margherita Pizza,35,12.0
2025-03-05,5,2,Pasta Alfredo,44,14.0
2025-03-05,5,3,Lasagna Bolognese,31,16.0
2025-03-05,5,4,Bruschetta,36,8.0
2025-03-05,5,5,Tiramisu,44,7.0
2025-03-05,5,6,Caesar Salad,34,10.0
2025-03-05,5,7,Minestrone Soup,39,9.0
2025-03-06,1,1,Margherita Pizza,31,12.0
2025-03-06,1,2,Pasta Alfredo,39,14.0
2025-03-06,1,3,Lasagna Bolognese,23,16.0
2025-03-06,1,4,Bruschetta,30,8.0
2025-03-06,1,5,Tiramisu,36,7.0
2025-03-06,1,6,Caesar Salad,22,10.0
2025-03-06,1,7,Minestrone Soup,30,9.0
2025-03-06,2,1,Margherita Pizza,26,12.0
2025-03-06,2,2,Pasta Alfredo,44,14.0
2025-03-06,2,3,Lasagna Bolognese,24,16.0
2025-03-06,2,4,Bruschetta,37,8.0
2025-03-06,2,5,Tiramisu,38,7.0
2025-03-06,2,6,Caesar Salad,29,10.0
2025-03-06,2,7,Minestrone Soup,31,9.0
2025-03-06,3,1,Margherita Pizza,35,12.0
2025-03-06,3,2,Pasta Alfredo,42,14.0
2025-03-06,3,3,Lasagna Bolognese,31,16.0
2025-03-06,3,4,Bruschetta,37,8.0
2025-03-06,3,5,Tiramisu,39,7.0
2025-03-06,3,6,Caesar Salad,27,10.0
2025-03-06,3,7,Minestrone Soup,29,9.0
2025-03-06,4,1,Margherita Pizza,37,12.0
2025-03-06,4,2,Pasta Alfredo,45,14.0
2025-03-06,4,3,Lasagna Bolognese,35,16.0
2025-03-06,4,4,Bruschetta,37,8.0
2025-03-06,4,5,Tiramisu,40,7.0
2025-03-06,4,6,Caesar Salad,25,10.0
2025-03-06,4,7,Minestrone Soup,39,9.0
2025-03-06,5,1,Margherita Pizza,32,12.0
2025-03-06,5,2,Pasta Alfredo,43,14.0
2025-03-06,5,3,Lasagna Bolognese,31,16.0
2025-03-06,5,4,Bruschetta,37,8.0
2025-03-06,5,5,Tiramisu,44,7.0
2025-03-06,5,6,Caesar Salad,32,10.0
2025-03-06,5,7,Minestrone Soup,30,9.0
2025-03-07,1,1,Margherita Pizza,42,12.0
2025-03-07,1,2,Pasta Alfredo,42,14.0
2025-03-07,1,3,Lasagna Bolognese,37,16.0
2025-03-07,1,4,Bruschetta,40,8.0
2025-03-07,1,5,Tiramisu,42,7.0
2025-03-07,1,6,Caesar Salad,32,10.0
2025-03-07,1,7,Minestrone Soup,40,9.0
2025-03-07,2,1,Margherita Pizza,48,12.0
2025-03-07,2,2,Pasta Alfredo,52,14.0
2025-03-07,2,3,Lasagna Bolognese,38,16.0
2025-03-07,2,4,Bruschetta,48,8.0
2025-03-07,2,5,Tiramisu,51,7.0
2025-03-07,2,6,Caesar Salad,39,10.0
2025-03-07,2,7,Minestrone Soup,46,9.0
2025-03-07,3,1,Margherita Pizza,42,12.0
2025-03-07,3,2,Pasta Alfredo,58,14.0
2025-03-07,3,3,Lasagna Bolognese,34,16.0
2025-03-07,3,4,Bruschetta,49,8.0
2025-03-07,3,5,Tiramisu,49,7.0
2025-03-07,3,6,Caesar Salad,40,10.0
2025-03-07,3,7,Minestrone Soup,52,9.0
2025-03-07,4,1,Margherita Pizza,48,12.0
2025-03-07,4,2,Pasta Alfredo,56,14.0
2025-03-07,4,3,Lasagna Bolognese,42,16.0
2025-03-07,4,4,Bruschetta,47,8.0
2025-03-07,4,5,Tiramisu,62,7.0
2025-03-07,4,6,Caesar Salad,41,10.0
2025-03-07,4,7,Minestrone Soup,47,9.0
2025-03-07,5,1,Margherita Pizza,49,12.0
2025-03-07,5,2,Pasta Alfredo,56,14.0
2025-03-07,5,3,Lasagna Bolognese,40,16.0
2025-03-07,5,4,Bruschetta,50,8.0
2025-03-07,5,5,Tiramisu,58,7.0
2025-03-07,5,6,Caesar Salad,40,10.0
2025-03-07,5,7,Minestrone Soup,57,9.0
2025-03-08,1,1,Margherita Pizza,39,12.0
2025-03-08,1,2,Pasta Alfredo,49,14.0
2025-03-08,1,3,Lasagna Bolognese,37,16.0
2025-03-08,1,4,Bruschetta,44,8.0
2025-03-08,1,5,Tiramisu,49,7.0
2025-03-08,1,6,Caesar Salad,34,10.0
2025-03-08,1,7,Minestrone Soup,43,9.0
2025-03-08,2,1,Margherita Pizza,45,12.0
2025-03-08,2,2,Pasta Alfredo,51,14.0
2025-03-08,2,3,Lasagna Bolognese,32,16.0
2025-03-08,2,4,Bruschetta,43,8.0
2025-03-08,2,5,Tiramisu,48,7.0
2025-03-08,2,6,Caesar Salad,35,10.0
2025-03-08,2,7,Minestrone Soup,44,9.0
2025-03-08,3,1,Margherita Pizza,47,12.0
2025-03-08,3,2,Pasta Alfredo,59,14.0
2025-03-08,3,3,Lasagna Bolognese,37,16.0
2025-03-08,3,4,Bruschetta,49,8.0
2025-03-08,3,5,Tiramisu,55,7.0
2025-03-08,3,6,Caesar Salad,42,10.0
2025-03-08,3,7,Minestrone Soup,48,9.0
2025-03-08,4,1,Margherita Pizza,45,12.0
2025-03-08,4,2,Pasta Alfredo,51,14.0
2025-03-08,4,3,Lasagna Bolognese,41,16.0
2025-03-08,4,4,Bruschetta,47,8.0
2025-03-08,4,5,Tiramisu,54,7.0
2025-03-08,4,6,Caesar Salad,37,10.0
2025-03-08,4,7,Minestrone Soup,49,9.0
2025-03-08,5,1,Margherita Pizza,55,12.0
2025-03-08,5,2,Pasta Alfredo,58,14.0
2025-03-08,5,3,Lasagna Bolognese,44,16.0
2025-03-08,5,4,Bruschetta,50,8.0
2025-03-08,5,5,Tiramisu,55,7.0
2025-03-08,5,6,Caesar Salad,44,10.0
2025-03-08,5,7,Minestrone Soup,47,9.0
2025-03-09,1,1,Margherita Pizza,36,12.0
2025-03-09,1,2,Pasta Alfredo,41,14.0
2025-03-09,1,3,Lasagna Bolognese,32,16.0
2025-03-09,1,4,Bruschetta,32,8.0
2025-03-09,1,5,Tiramisu,43,7.0
2025-03-09,1,6,Caesar Salad,27,10.0
2025-03-09,1,7,Minestrone Soup,34,9.0
2025-03-09,2,1,Margherita Pizza,27,12.0
2025-03-09,2,2,Pasta Alfredo,50,14.0
2025-03-09,2,3,Lasagna Bolognese,33,16.0
2025-03-09,2,4,Bruschetta,35,8.0
2025-03-09,2,5,Tiramisu,40,7.0
2025-03-09,2,6,Caesar Salad,30,10.0
2025-03-09,2,7,Minestrone Soup,40,9.0
2025-03-09,3,1,Margherita Pizza,34,12.0
2025-03-09,3,2,Pasta Alfredo,45,14.0
2025-03-09,3,3,Lasagna Bolognese,38,16.0
2025-03-09,3,4,Bruschetta,36,8.0
2025-03-09,3,5,Tiramisu,46,7.0
2025-03-09,3,6,Caesar Salad,39,10.0
2025-03-09,3,7,Minestrone Soup,41,9.0
2025-03-09,4,1,Margherita Pizza,42,12.0
2025-03-09,4,2,Pasta Alfredo,50,14.0
2025-03-09,4,3,Lasagna Bolognese,33,16.0
2025-03-09,4,4,Bruschetta,45,8.0
2025-03-09,4,5,Tiramisu,47,7.0
2025-03-09,4,6,Caesar Salad,28,10.0
2025-03-09,4,7,Minestrone Soup,40,9.0
2025-03-09,5,1,Margherita Pizza,40,12.0
2025-03-09,5,2,Pasta Alfredo,49,14.0
2025-03-09,5,3,Lasagna Bolognese,35,16.0
2025-03-09,5,4,Bruschetta,47,8.0
2025-03-09,5,5,Tiramisu,52,7.0
2025-03-09,5,6,Caesar Salad,37,10.0
2025-03-09,5,7,Minestrone Soup,43,9.0
2025-03-10,1,1,Margherita Pizza,23,12.0
2025-03-10,1,2,Pasta Alfredo,24,14.0
2025-03-10,1,3,Lasagna Bolognese,22,16.0
2025-03-10,1,4,Bruschetta,29,8.0
2025-03-10,1,5,Tiramisu,30,7.0
2025-03-10,1,6,Caesar Salad,20,10.0
2025-03-10,1,7,Minestrone Soup,28,9.0
2025-03-10,2,1,Margherita Pizza,27,12.0
2025-03-10,2,2,Pasta Alfredo,37,14.0
2025-03-10,2,3,Lasagna Bolognese,27,16.0
2025-03-10,2,4,Bruschetta,31,8.0
2025-03-10,2,5,Tiramisu,35,7.0
2025-03-10,2,6,Caesar Salad,19,10.0
2025-03-10,2,7,Minestrone Soup,30,9.0
2025-03-10,3,1,Margherita Pizza,30,12.0
2025-03-10,3,2,Pasta Alfredo,36,14.0
2025-03-10,3,3,Lasagna Bolognese,26,16.0
2025-03-10,3,4,Bruschetta,30,8.0
2025-03-10,3,5,Tiramisu,42,7.0
2025-03-10,3,6,Caesar Salad,24,10.0
2025-03-10,3,7,Minestrone Soup,32,9.0
2025-03-10,4,1,Margherita Pizza,29,12.0
2025-03-10,4,2,Pasta Alfredo,38,14.0
2025-03-10,4,3,Lasagna Bolognese,28,16.0
2025-03-10,4,4,Bruschetta,32,8.0
2025-03-10,4,5,Tiramisu,41,7.0
2025-03-10,4,6,Caesar Salad,23,10.0
2025-03-10,4,7,Minestrone Soup,29,9.0
2025-03-10,5,1,Margherita Pizza,33,12.0
2025-03-10,5,2,Pasta Alfredo,40,14.0
2025-03-10,5,3,Lasagna Bolognese,27,16.0
2025-03-10,5,4,Bruschetta,36,8.0
2025-03-10,5,5,Tiramisu,35,7.0
2025-03-10,5,6,Caesar Salad,23,10.0
2025-03-10,5,7,Minestrone Soup,33,9.0
2025-03-11,1,1,Margherita Pizza,31,12.0
2025-03-11,1,2,Pasta Alfredo,38,14.0
2025-03-11,1,3,Lasagna Bolognese,26,16.0
2025-03-11,1,4,Bruschetta,30,8.0
2025-03-11,1,5,Tiramisu,36,7.0
2025-03-11,1,6,Caesar Salad,26,10.0
2025-03-11,1,7,Minestrone Soup,30,9.0
2025-03-11,2,1,Margherita Pizza,32,12.0
2025-03-11,2,2,Pasta Alfredo,37,14.0
2025-03-11,2,3,Lasagna Bolognese,30,16.0
2025-03-11,2,4,Bruschetta,33,8.0
2025-03-11,2,5,Tiramisu,45,7.0
2025-03-11,2,6,Caesar Salad,28,10.0
2025-03-11,2,7,Minestrone Soup,31,9.0
2025-03-11,3,1,Margherita Pizza,42,12.0
2025-03-11,3,2,Pasta Alfredo,41,14.0
2025-03-11,3,3,Lasagna Bolognese,31,16.0
2025-03-11,3,4,Bruschetta,36,8.0
2025-03-11,3,5,Tiramisu,42,7.0
2025-03-11,3,6,Caesar Salad,30,10.0
2025-03-11,3,7,Minestrone Soup,31,9.0
2025-03-11,4,1,Margherita Pizza,37,12.0
2025-03-11,4,2,Pasta Alfredo,38,14.0
2025-03-11,4,3,Lasagna Bolognese,29,16.0
2025-03-11,4,4,Bruschetta,34,8.0
2025-03-11,4,5,Tiramisu,43,7.0
2025-03-11,4,6,Caesar Salad,31,10.0
2025-03-11,4,7,Minestrone Soup,37,9.0
2025-03-11,5,1,Margherita Pizza,38,12.0
2025-03-11,5,2,Pasta Alfredo,42,14.0
2025-03-11,5,3,Lasagna Bolognese,30,16.0
2025-03-11,5,4,Bruschetta,40,8.0
2025-03-11,5,5,Tiramisu,47,7.0
2025-03-11,5,6,Caesar Salad,28,10.0
2025-03-11,5,7,Minestrone Soup,33,9.0
2025-03-12,1,1,Margherita Pizza,29,12.0
2025-03-12,1,2,Pasta Alfredo,39,14.0
2025-03-12,1,3,Lasagna Bolognese,29,16.0
2025-03-12,1,4,Bruschetta,28,8.0
2025-03-12,1,5,Tiramisu,37,7.0
2025-03-12,1,6,Caesar Salad,31,10.0
2025-03-12,1,7,Minestrone Soup,32,9.0
2025-03-12,2,1,Margherita Pizza,37,12.0
2025-03-12,2,2,Pasta Alfredo,41,14.0
2025-03-12,2,3,Lasagna Bolognese,24,16.0
2025-03-12,2,4,Bruschetta,32,8.0
2025-03-12,2,5,Tiramisu,38,7.0
2025-03-12,2,6,Caesar Salad,27,10.0
2025-03-12,2,7,Minestrone Soup,35,9.0
2025-03-12,3,1,Margherita Pizza,35,12.0
2025-03-12,3,2,Pasta Alfredo,31,14.0
2025-03-12,3,3,Lasagna Bolognese,25,16.0
2025-03-12,3,4,Bruschetta,28,8.0
2025-03-12,3,5,Tiramisu,40,7.0
2025-03-12,3,6,Caesar Salad,29,10.0
2025-03-12,3,7,Minestrone Soup,35,9.0
2025-03-12,4,1,Margherita Pizza,33,12.0
2025-03-12,4,2,Pasta Alfredo,44,14.0
2025-03-12,4,3,Lasagna Bolognese,32,16.0
2025-03-12,4,4,Bruschetta,32,8.0
2025-03-12,4,5,Tiramisu,37,7.0
2025-03-12,4,6,Caesar Salad,30,10.0
2025-03-12,4,7,Minestrone Soup,41,9.0
2025-03-12,5,1,Margherita Pizza,43,12.0
2025-03-12,5,2,Pasta Alfredo,45,14.0
2025-03-12,5,3,Lasagna Bolognese,29,16.0
2025-03-12,5,4,Bruschetta,40,8.0
2025-03-12,5,5,Tiramisu,42,7.0
2025-03-12,5,6,Caesar Salad,29,10.0
2025-03-12,5,7,Minestrone Soup,31,9.0
2025-03-13,1,1,Margherita Pizza,31,12.0
2025-03-13,1,2,Pasta Alfredo,34,14.0
2025-03-13,1,3,Lasagna Bolognese,26,16.0
2025-03-13,1,4,Bruschetta,24,8.0
2025-03-13,1,5,Tiramisu,37,7.0
2025-03-13,1,6,Caesar Salad,19,10.0
2025-03-13,1,7,Minestrone Soup,34,9.0
2025-03-13,2,1,Margherita Pizza,34,12.0
2025-03-13,2,2,Pasta Alfredo,37,14.0
2025-03-13,2,3,Lasagna Bolognese,29,16.0
2025-03-13,2,4,Bruschetta,30,8.0
2025-03-13,2,5,Tiramisu,38,7.0
2025-03-13,2,6,Caesar Salad,30,10.0
2025-03-13,2,7,Minestrone Soup,23,9.0
2025-03-13,3,1,Margherita Pizza,33,12.0
2025-03-13,3,2,Pasta Alfredo,40,14.0
2025-03-13,3,3,Lasagna Bolognese,28,16.0
2025-03-13,3,4,Bruschetta,39,8.0
2025-03-13,3,5,Tiramisu,37,7.0
2025-03-13,3,6,Caesar Salad,27,10.0
2025-03-13,3,7,Minestrone Soup,28,9.0
2025-03-13,4,1,Margherita Pizza,40,12.0
2025-03-13,4,2,Pasta Alfredo,41,14.0
2025-03-13,4,3,Lasagna Bolognese,29,16.0
2025-03-13,4,4,Bruschetta,36,8.0
2025-03-13,4,5,Tiramisu,44,7.0
2025-03-13,4,6,Caesar Salad,31,10.0
2025-03-13,4,7,Minestrone Soup,44,9.0
2025-03-13,5,1,Margherita Pizza,39,12.0
2025-03-13,5,2,Pasta Alfredo,42,14.0
2025-03-13,5,3,Lasagna Bolognese,30,16.0
2025-03-13,5,4,Bruschetta,36,8.0
2025-03-13,5,5,Tiramisu,39,7.0
2025-03-13,5,6,Caesar Salad,31,10.0
2025-03-13,5,7,Minestrone Soup,40,9.0
2025-03-14,1,1,Margherita Pizza,40,12.0
2025-03-14,1,2,Pasta Alfredo,46,14.0
2025-03-14,1,3,Lasagna Bolognese,39,16.0
2025-03-14,1,4,Bruschetta,38,8.0
2025-03-14,1,5,Tiramisu,43,7.0
2025-03-14,1,6,Caesar Salad,31,10.0
2025-03-14,1,7,Minestrone Soup,37,9.0
2025-03-14,2,1,Margherita Pizza,45,12.0
2025-03-14,2,2,Pasta Alfredo,50,14.0
2025-03-14,2,3,Lasagna Bolognese,36,16.0
2025-03-14,2,4,Bruschetta,47,8.0
2025-03-14,2,5,Tiramisu,49,7.0
2025-03-14,2,6,Caesar Salad,39,10.0
2025-03-14,2,7,Minestrone Soup,49,9.0
2025-03-14,3,1,Margherita Pizza,45,12.0
2025-03-14,3,2,Pasta Alfredo,56,14.0
2025-03-14,3,3,Lasagna Bolognese,38,16.0
2025-03-14,3,4,Bruschetta,49,8.0
2025-03-14,3,5,Tiramisu,49,7.0
2025-03-14,3,6,Caesar Salad,34,10.0
2025-03-14,3,7,Minestrone Soup,45,9.0
2025-03-14,4,1,Margherita Pizza,46,12.0
2025-03-14,4,2,Pasta Alfredo,55,14.0
2025-03-14,4,3,Lasagna Bolognese,40,16.0
2025-03-14,4,4,Bruschetta,51,8.0
2025-03-14,4,5,Tiramisu,55,7.0
2025-03-14,4,6,Caesar Salad,38,10.0
2025-03-14,4,7,Minestrone Soup,47,9.0
2025-03-14,5,1,Margherita Pizza,48,12.0
2025-03-14,5,2,Pasta Alfredo,56,14.0
2025-03-14,5,3,Lasagna Bolognese,37,16.0
2025-03-14,5,4,Bruschetta,51,8.0
2025-03-14,5,5,Tiramisu,57,7.0
2025-03-14,5,6,Caesar Salad,45,10.0
2025-03-14,5,7,Minestrone Soup,46,9.0
2025-03-15,1,1,Margherita Pizza,40,12.0
2025-03-15,1,2,Pasta Alfredo,54,14.0
2025-03-15,1,3,Lasagna Bolognese,32,16.0
2025-03-15,1,4,Bruschetta,41,8.0
2025-03-15,1,5,Tiramisu,45,7.0
2025-03-15,1,6,Caesar Salad,31,10.0
2025-03-15,1,7,Minestrone Soup,46,9.0
2025-03-15,2,1,Margherita Pizza,45,12.0
2025-03-15,2,2,Pasta Alfredo,52,14.0
2025-03-15,2,3,Lasagna Bolognese,32,16.0
2025-03-15,2,4,Bruschetta,45,8.0
2025-03-15,2,5,Tiramisu,55,7.0
2025-03-15,2,6,Caesar Salad,40,10.0
2025-03-15,2,7,Minestrone Soup,46,9.0
2025-03-15,3,1,Margherita Pizza,43,12.0
2025-03-15,3,2,Pasta Alfredo,55,14.0
2025-03-15,3,3,Lasagna Bolognese,41,16.0
2025-03-15,3,4,Bruschetta,41,8.0
2025-03-15,3,5,Tiramisu,51,7.0
2025-03-15,3,6,Caesar Salad,41,10.0
2025-03-15,3,7,Minestrone Soup,49,9.0
2025-03-15,4,1,Margherita Pizza,44,12.0
2025-03-15,4,2,Pasta Alfredo,59,14.0
2025-03-15,4,3,Lasagna Bolognese,41,16.0
2025-03-15,4,4,Bruschetta,51,8.0
2025-03-15,4,5,Tiramisu,55,7.0
2025-03-15,4,6,Caesar Salad,42,10.0
2025-03-15,4,7,Minestrone Soup,51,9.0
2025-03-15,5,1,Margherita Pizza,50,12.0
2025-03-15,5,2,Pasta Alfredo,59,14.0
2025-03-15,5,3,Lasagna Bolognese,40,16.0
2025-03-15,5,4,Bruschetta,56,8.0
2025-03-15,5,5,Tiramisu,59,7.0
2025-03-15,5,6,Caesar Salad,39,10.0
2025-03-15,5,7,Minestrone Soup,48,9.0
2025-03-16,1,1,Margherita Pizza,36,12.0
2025-03-16,1,2,Pasta Alfredo,44,14.0
2025-03-16,1,3,Lasagna Bolognese,26,16.0
2025-03-16,1,4,Bruschetta,41,8.0
2025-03-16,1,5,Tiramisu,42,7.0
2025-03-16,1,6,Caesar Salad,31,10.0
2025-03-16,1,7,Minestrone Soup,35,9.0
2025-03-16,2,1,Margherita Pizza,38,12.0
2025-03-16,2,2,Pasta Alfredo,43,14.0
2025-03-16,2,3,Lasagna Bolognese,34,16.0
2025-03-16,2,4,Bruschetta,37,8.0
2025-03-16,2,5,Tiramisu,46,7.0
2025-03-16,2,6,Caesar Salad,30,10.0
2025-03-16,2,7,Minestrone Soup,38,9.0
2025-03-16,3,1,Margherita Pizza,37,12.0
2025-03-16,3,2,Pasta Alfredo,50,14.0
2025-03-16,3,3,Lasagna Bolognese,30,16.0
2025-03-16,3,4,Bruschetta,38,8.0
2025-03-16,3,5,Tiramisu,45,7.0
2025-03-16,3,6,Caesar Salad,32,10.0
2025-03-16,3,7,Minestrone Soup,42,9.0
2025-03-16,4,1,Margherita Pizza,40,12.0
2025-03-16,4,2,Pasta Alfredo,52,14.0
2025-03-16,4,3,Lasagna Bolognese,32,16.0
2025-03-16,4,4,Bruschetta,42,8.0
2025-03-16,4,5,Tiramisu,46,7.0
2025-03-16,4,6,Caesar Salad,36,10.0
2025-03-16,4,7,Minestrone Soup,41,9.0
2025-03-16,5,1,Margherita Pizza,43,12.0
2025-03-16,5,2,Pasta Alfredo,54,14.0
2025-03-16,5,3,Lasagna Bolognese,34,16.0
2025-03-16,5,4,Bruschetta,45,8.0
2025-03-16,5,5,Tiramisu,48,7.0
2025-03-16,5,6,Caesar Salad,36,10.0
2025-03-16,5,7,Minestrone Soup,40,9.0
2025-03-17,1,1,Margherita Pizza,24,12.0
2025-03-17,1,2,Pasta Alfredo,30,14.0
2025-03-17,1,3,Lasagna Bolognese,27,16.0
2025-03-17,1,4,Bruschetta,27,8.0
2025-03-17,1,5,Tiramisu,36,7.0
2025-03-17,1,6,Caesar Salad,23,10.0
2025-03-17,1,7,Minestrone Soup,25,9.0
2025-03-17,2,1,Margherita Pizza,32,12.0
2025-03-17,2,2,Pasta Alfredo,34,14.0
2025-03-17,2,3,Lasagna Bolognese,21,16.0
2025-03-17,2,4,Bruschetta,29,8.0
2025-03-17,2,5,Tiramisu,31,7.0
2025-03-17,2,6,Caesar Salad,17,10.0
2025-03-17,2,7,Minestrone Soup,31,9.0
2025-03-17,3,1,Margherita Pizza,32,12.0
2025-03-17,3,2,Pasta Alfredo,39,14.0
2025-03-17,3,3,Lasagna Bolognese,26,16.0
2025-03-17,3,4,Bruschetta,28,8.0
2025-03-17,3,5,Tiramisu,36,7.0
2025-03-17,3,6,Caesar Salad,27,10.0
2025-03-17,3,7,Minestrone Soup,34,9.0
2025-03-17,4,1,Margherita Pizza,30,12.0
2025-03-17,4,2,Pasta Alfredo,35,14.0
2025-03-17,4,3,Lasagna Bolognese,23,16.0
2025-03-17,4,4,Bruschetta,32,8.0
2025-03-17,4,5,Tiramisu,31,7.0
2025-03-17,4,6,Caesar Salad,28,10.0
2025-03-17,4,7,Minestrone Soup,32,9.0
2025-03-17,5,1,Margherita Pizza,34,12.0
2025-03-17,5,2,Pasta Alfredo,38,14.0
2025-03-17,5,3,Lasagna Bolognese,31,16.0
2025-03-17,5,4,Bruschetta,34,8.0
2025-03-17,5,5,Tiramisu,35,7.0
2025-03-17,5,6,Caesar Salad,25,10.0
2025-03-17,5,7,Minestrone Soup,29,9.0
2025-03-18,1,1,Margherita Pizza,33,12.0
2025-03-18,1,2,Pasta Alfredo,33,14.0
2025-03-18,1,3,Lasagna Bolognese,29,16.0
2025-03-18,1,4,Bruschetta,35,8.0
2025-03-18,1,5,Tiramisu,33,7.0
2025-03-18,1,6,Caesar Salad,25,10.0
2025-03-18,1,7,Minestrone Soup,31,9.0
2025-03-18,2,1,Margherita Pizza,35,12.0
2025-03-18,2,2,Pasta Alfredo,43,14.0
2025-03-18,2,3,Lasagna Bolognese,22,16.0
2025-03-18,2,4,Bruschetta,32,8.0
2025-03-18,2,5,Tiramisu,37,7.0
2025-03-18,2,6,Caesar Salad,23,10.0
2025-03-18,2,7,Minestrone Soup,31,9.0
2025-03-18,3,1,Margherita Pizza,36,12.0
2025-03-18,3,2,Pasta Alfredo,39,14.0
2025-03-18,3,3,Lasagna Bolognese,24,16.0
2025-03-18,3,4,Bruschetta,43,8.0
2025-03-18,3,5,Tiramisu,41,7.0
2025-03-18,3,6,Caesar Salad,29,10.0
2025-03-18,3,7,Minestrone Soup,31,9.0
2025-03-18,4,1,Margherita Pizza,37,12.0
2025-03-18,4,2,Pasta Alfredo,41,14.0
2025-03-18,4,3,Lasagna Bolognese,24,16.0
2025-03-18,4,4,Bruschetta,33,8.0
2025-03-18,4,5,Tiramisu,44,7.0
2025-03-18,4,6,Caesar Salad,36,10.0
2025-03-18,4,7,Minestrone Soup,37,9.0
2025-03-18,5,1,Margherita Pizza,41,12.0
2025-03-18,5,2,Pasta Alfredo,43,14.0
2025-03-18,5,3,Lasagna Bolognese,31,16.0
2025-03-18,5,4,Bruschetta,41,8.0
2025-03-18,5,5,Tiramisu,49,7.0
2025-03-18,5,6,Caesar Salad,35,10.0
2025-03-18,5,7,Minestrone Soup,34,9.0
2025-03-19,1,1,Margherita Pizza,31,12.0
2025-03-19,1,2,Pasta Alfredo,37,14.0
2025-03-19,1,3,Lasagna Bolognese,25,16.0
2025-03-19,1,4,Bruschetta,32,8.0
2025-03-19,1,5,Tiramisu,39,7.0
2025-03-19,1,6,Caesar Salad,29,10.0
2025-03-19,1,7,Minestrone Soup,36,9.0
2025-03-19,2,1,Margherita Pizza,32,12.0
2025-03-19,2,2,Pasta Alfredo,34,14.0
2025-03-19,2,3,Lasagna Bolognese,28,16.0
2025-03-19,2,4,Bruschetta,38,8.0
2025-03-19,2,5,Tiramisu,37,7.0
2025-03-19,2,6,Caesar Salad,29,10.0
2025-03-19,2,7,Minestrone Soup,35,9.0
2025-03-19,3,1,Margherita Pizza,35,12.0
2025-03-19,3,2,Pasta Alfredo,40,14.0
2025-03-19,3,3,Lasagna Bolognese,26,16.0
2025-03-19,3,4,Bruschetta,27,8.0
2025-03-19,3,5,Tiramisu,37,7.0
2025-03-19,3,6,Caesar Salad,27,10.0
2025-03-19,3,7,Minestrone Soup,38,9.0
2025-03-19,4,1,Margherita Pizza,36,12.0
2025-03-19,4,2,Pasta Alfredo,40,14.0
2025-03-19,4,3,Lasagna Bolognese,27,16.0
2025-03-19,4,4,Bruschetta,38,8.0
2025-03-19,4,5,Tiramisu,46,7.0
2025-03-19,4,6,Caesar Salad,33,10.0
2025-03-19,4,7,Minestrone Soup,38,9.0
2025-03-19,5,1,Margherita Pizza,33,12.0
2025-03-19,5,2,Pasta Alfredo,43,14.0
2025-03-19,5,3,Lasagna Bolognese,37,16.0
2025-03-19,5,4,Bruschetta,41,8.0
2025-03-19,5,5,Tiramisu,39,7.0
2025-03-19,5,6,Caesar Salad,31,10.0
2025-03-19,5,7,Minestrone Soup,39,9.0
2025-03-20,1,1,Margherita Pizza,29,12.0
2025-03-20,1,2,Pasta Alfredo,29,14.0
2025-03-20,1,3,Lasagna Bolognese,26,16.0
2025-03-20,1,4,Bruschetta,29,8.0
2025-03-20,1,5,Tiramisu,34,7.0
2025-03-20,1,6,Caesar Salad,25,10.0
2025-03-20,1,7,Minestrone Soup,31,9.0
2025-03-20,2,1,Margherita Pizza,33,12.0
2025-03-20,2,2,Pasta Alfredo,35,14.0
2025-03-20,2,3,Lasagna Bolognese,27,16.0
2025-03-20,2,4,Bruschetta,27,8.0
2025-03-20,2,5,Tiramisu,39,7.0
2025-03-20,2,6,Caesar Salad,19,10.0
2025-03-20,2,7,Minestrone Soup,32,9.0
2025-03-20,3,1,Margherita Pizza,37,12.0
2025-03-20,3,2,Pasta Alfredo,37,14.0
2025-03-20,3,3,Lasagna Bolognese,31,16.0
2025-03-20,3,4,Bruschetta,38,8.0
2025-03-20,3,5,Tiramisu,30,7.0
2025-03-20,3,6,Caesar Salad,28,10.0
2025-03-20,3,7,Minestrone Soup,26,9.0
2025-03-20,4,1,Margherita Pizza,36,12.0
2025-03-20,4,2,Pasta Alfredo,42,14.0
2025-03-20,4,3,Lasagna Bolognese,22,16.0
2025-03-20,4,4,Bruschetta,42,8.0
2025-03-20,4,5,Tiramisu,43,7.0
2025-03-20,4,6,Caesar Salad,27,10.0
2025-03-20,4,7,Minestrone Soup,40,9.0
2025-03-20,5,1,Margherita Pizza,32,12.0
2025-03-20,5,2,Pasta Alfredo,40,14.0
2025-03-20,5,3,Lasagna Bolognese,24,16.0
2025-03-20,5,4,Bruschetta,43,8.0
2025-03-20,5,5,Tiramisu,45,7.0
2025-03-20,5,6,Caesar Salad,33,10.0
2025-03-20,5,7,Minestrone Soup,38,9.0
2025-03-21,1,1,Margherita Pizza,44,12.0
2025-03-21,1,2,Pasta Alfredo,49,14.0
2025-03-21,1,3,Lasagna Bolognese,36,16.0
2025-03-21,1,4,Bruschetta,42,8.0
2025-03-21,1,5,Tiramisu,47,7.0
2025-03-21,1,6,Caesar Salad,35,10.0
2025-03-21,1,7,Minestrone Soup,43,9.0
2025-03-21,2,1,Margherita Pizza,44,12.0
2025-03-21,2,2,Pasta Alfredo,47,14.0
2025-03-21,2,3,Lasagna Bolognese,33,16.0
2025-03-21,2,4,Bruschetta,47,8.0
2025-03-21,2,5,Tiramisu,50,7.0
2025-03-21,2,6,Caesar Salad,38,10.0
2025-03-21,2,7,Minestrone Soup,41,9.0
2025-03-21,3,1,Margherita Pizza,42,12.0
2025-03-21,3,2,Pasta Alfredo,51,14.0
2025-03-21,3,3,Lasagna Bolognese,38,16.0
2025-03-21,3,4,Bruschetta,44,8.0
2025-03-21,3,5,Tiramisu,58,7.0
2025-03-21,3,6,Caesar Salad,39,10.0
2025-03-21,3,7,Minestrone Soup,52,9.0
2025-03-21,4,1,Margherita Pizza,50,12.0
2025-03-21,4,2,Pasta Alfredo,49,14.0
2025-03-21,4,3,Lasagna Bolognese,44,16.0
2025-03-21,4,4,Bruschetta,44,8.0
2025-03-21,4,5,Tiramisu,57,7.0
2025-03-21,4,6,Caesar Salad,38,10.0
2025-03-21,4,7,Minestrone Soup,55,9.0
2025-03-21,5,1,Margherita Pizza,55,12.0
2025-03-21,5,2,Pasta Alfredo,57,14.0
2025-03-21,5,3,Lasagna Bolognese,42,16.0
2025-03-21,5,4,Bruschetta,51,8.0
2025-03-21,5,5,Tiramisu,62,7.0
2025-03-21,5,6,Caesar Salad,42,10.0
2025-03-21,5,7,Minestrone Soup,48,9.0
2025-03-22,1,1,Margherita Pizza,40,12.0
2025-03-22,1,2,Pasta Alfredo,49,14.0
2025-03-22,1,3,Lasagna Bolognese,39,16.0
2025-03-22,1,4,Bruschetta,43,8.0
2025-03-22,1,5,Tiramisu,46,7.0
2025-03-22,1,6,Caesar Salad,37,10.0
2025-03-22,1,7,Minestrone Soup,41,9.0
2025-03-22,2,1,Margherita Pizza,47,12.0
2025-03-22,2,2,Pasta Alfredo,59,14.0
2025-03-22,2,3,Lasagna Bolognese,36,16.0
2025-03-22,2,4,Bruschetta,46,8.0
2025-03-22,2,5,Tiramisu,49,7.0
2025-03-22,2,6,Caesar Salad,36,10.0
2025-03-22,2,7,Minestrone Soup,44,9.0
2025-03-22,3,1,Margherita Pizza,46,12.0
2025-03-22,3,2,Pasta Alfredo,61,14.0
2025-03-22,3,3,Lasagna Bolognese,38,16.0
2025-03-22,3,4,Bruschetta,48,8.0
2025-03-22,3,5,Tiramisu,48,7.0
2025-03-22,3,6,Caesar Salad,40,10.0
2025-03-22,3,7,Minestrone Soup,50,9.0
2025-03-22,4,1,Margherita Pizza,47,12.0
2025-03-22,4,2,Pasta Alfredo,49,14.0
2025-03-22,4,3,Lasagna Bolognese,40,16.0
2025-03-22,4,4,Bruschetta,48,8.0
2025-03-22,4,5,Tiramisu,59,7.0
2025-03-22,4,6,Caesar Salad,46,10.0
2025-03-22,4,7,Minestrone Soup,47,9.0
2025-03-22,5,1,Margherita Pizza,48,12.0
2025-03-22,5,2,Pasta Alfredo,56,14.0
2025-03-22,5,3,Lasagna Bolognese,43,16.0
2025-03-22,5,4,Bruschetta,52,8.0
2025-03-22,5,5,Tiramisu,57,7.0
2025-03-22,5,6,Caesar Salad,45,10.0
2025-03-22,5,7,Minestrone Soup,52,9.0
2025-03-23,1,1,Margherita Pizza,36,12.0
2025-03-23,1,2,Pasta Alfredo,39,14.0
2025-03-23,1,3,Lasagna Bolognese,28,16.0
2025-03-23,1,4,Bruschetta,28,8.0
2025-03-23,1,5,Tiramisu,42,7.0
2025-03-23,1,6,Caesar Salad,30,10.0
2025-03-23,1,7,Minestrone Soup,36,9.0
2025-03-23,2,1,Margherita Pizza,39,12.0
2025-03-23,2,2,Pasta Alfredo,45,14.0
2025-03-23,2,3,Lasagna Bolognese,31,16.0
2025-03-23,2,4,Bruschetta,38,8.0
2025-03-23,2,5,Tiramisu,40,7.0
2025-03-23,2,6,Caesar Salad,29,10.0
2025-03-23,2,7,Minestrone Soup,38,9.0
2025-03-23,3,1,Margherita Pizza,37,12.0
2025-03-23,3,2,Pasta Alfredo,49,14.0
2025-03-23,3,3,Lasagna Bolognese,31,16.0
2025-03-23,3,4,Bruschetta,40,8.0
2025-03-23,3,5,Tiramisu,46,7.0
2025-03-23,3,6,Caesar Salad,35,10.0
2025-03-23,3,7,Minestrone Soup,42,9.0
2025-03-23,4,1,Margherita Pizza,43,12.0
2025-03-23,4,2,Pasta Alfredo,42,14.0
2025-03-23,4,3,Lasagna Bolognese,38,16.0
2025-03-23,4,4,Bruschetta,46,8.0
2025-03-23,4,5,Tiramisu,47,7.0
2025-03-23,4,6,Caesar Salad,35,10.0
2025-03-23,4,7,Minestrone Soup,39,9.0
2025-03-23,5,1,Margherita Pizza,37,12.0
2025-03-23,5,2,Pasta Alfredo,48,14.0
2025-03-23,5,3,Lasagna Bolognese,34,16.0
2025-03-23,5,4,Bruschetta,42,8.0
2025-03-23,5,5,Tiramisu,47,7.0
2025-03-23,5,6,Caesar Salad,34,10.0
2025-03-23,5,7,Minestrone Soup,43,9.0
2025-03-24,1,1,Margherita Pizza,24,12.0
2025-03-24,1,2,Pasta Alfredo,32,14.0
2025-03-24,1,3,Lasagna Bolognese,24,16.0
2025-03-24,1,4,Bruschetta,33,8.0
2025-03-24,1,5,Tiramisu,34,7.0
2025-03-24,1,6,Caesar Salad,23,10.0
2025-03-24,1,7,Minestrone Soup,24,9.0
2025-03-24,2,1,Margherita Pizza,29,12.0
2025-03-24,2,2,Pasta Alfredo,33,14.0
2025-03-24,2,3,Lasagna Bolognese,22,16.0
2025-03-24,2,4,Bruschetta,30,8.0
2025-03-24,2,5,Tiramisu,28,7.0
2025-03-24,2,6,Caesar Salad,22,10.0
2025-03-24,2,7,Minestrone Soup,29,9.0
2025-03-24,3,1,Margherita Pizza,28,12.0
2025-03-24,3,2,Pasta Alfredo,33,14.0
2025-03-24,3,3,Lasagna Bolognese,24,16.0
2025-03-24,3,4,Bruschetta,27,8.0
2025-03-24,3,5,Tiramisu,37,7.0
2025-03-24,3,6,Caesar Salad,21,10.0
2025-03-24,3,7,Minestrone Soup,30,9.0
2025-03-24,4,1,Margherita Pizza,32,12.0
2025-03-24,4,2,Pasta Alfredo,33,14.0
2025-03-24,4,3,Lasagna Bolognese,26,16.0
2025-03-24,4,4,Bruschetta,28,8.0
2025-03-24,4,5,Tiramisu,40,7.0
2025-03-24,4,6,Caesar Salad,22,10.0
2025-03-24,4,7,Minestrone Soup,29,9.0
2025-03-24,5,1,Margherita Pizza,28,12.0
2025-03-24,5,2,Pasta Alfredo,33,14.0
2025-03-24,5,3,Lasagna Bolognese,31,16.0
2025-03-24,5,4,Bruschetta,33,8.0
2025-03-24,5,5,Tiramisu,38,7.0
2025-03-24,5,6,Caesar Salad,25,10.0
2025-03-24,5,7,Minestrone Soup,35,9.0
2025-03-25,1,1,Margherita Pizza,28,12.0
2025-03-25,1,2,Pasta Alfredo,39,14.0
2025-03-25,1,3,Lasagna Bolognese,23,16.0
2025-03-25,1,4,Bruschetta,29,8.0
2025-03-25,1,5,Tiramisu,38,7.0
2025-03-25,1,6,Caesar Salad,28,10.0
2025-03-25,1,7,Minestrone Soup,33,9.0
2025-03-25,2,1,Margherita Pizza,29,12.0
2025-03-25,2,2,Pasta Alfredo,37,14.0
2025-03-25,2,3,Lasagna Bolognese,28,16.0
2025-03-25,2,4,Bruschetta,30,8.0
2025-03-25,2,5,Tiramisu,42,7.0
2025-03-25,2,6,Caesar Salad,20,10.0
2025-03-25,2,7,Minestrone Soup,30,9.0
2025-03-25,3,1,Margherita Pizza,33,12.0
2025-03-25,3,2,Pasta Alfredo,31,14.0
2025-03-25,3,3,Lasagna Bolognese,24,16.0
2025-03-25,3,4,Bruschetta,36,8.0
2025-03-25,3,5,Tiramisu,40,7.0
2025-03-25,3,6,Caesar Salad,33,10.0
2025-03-25,3,7,Minestrone Soup,39,9.0
2025-03-25,4,1,Margherita Pizza,37,12.0
2025-03-25,4,2,Pasta Alfredo,43,14.0
2025-03-25,4,3,Lasagna Bolognese,30,16.0
2025-03-25,4,4,Bruschetta,28,8.0
2025-03-25,4,5,Tiramisu,38,7.0
2025-03-25,4,6,Caesar Salad,30,10.0
2025-03-25,4,7,Minestrone Soup,38,9.0
2025-03-25,5,1,Margherita Pizza,38,12.0
2025-03-25,5,2,Pasta Alfredo,41,14.0
2025-03-25,5,3,Lasagna Bolognese,34,16.0
2025-03-25,5,4,Bruschetta,42,8.0
2025-03-25,5,5,Tiramisu,47,7.0
2025-03-25,5,6,Caesar Salad,34,10.0
2025-03-25,5,7,Minestrone Soup,36,9.0
2025-03-26,1,1,Margherita Pizza,34,12.0
2025-03-26,1,2,Pasta Alfredo,37,14.0
2025-03-26,1,3,Lasagna Bolognese,27,16.0
2025-03-26,1,4,Bruschetta,32,8.0
2025-03-26,1,5,Tiramisu,36,7.0
2025-03-26,1,6,Caesar Salad,23,10.0
2025-03-26,1,7,Minestrone Soup,31,9.0
2025-03-26,2,1,Margherita Pizza,36,12.0
2025-03-26,2,2,Pasta Alfredo,37,14.0
2025-03-26,2,3,Lasagna Bolognese,30,16.0
2025-03-26,2,4,Bruschetta,35,8.0
2025-03-26,2,5,Tiramisu,37,7.0
2025-03-26,2,6,Caesar Salad,31,10.0
2025-03-26,2,7,Minestrone Soup,32,9.0
2025-03-26,3,1,Margherita Pizza,39,12.0
2025-03-26,3,2,Pasta Alfredo,41,14.0
2025-03-26,3,3,Lasagna Bolognese,28,16.0
2025-03-26,3,4,Bruschetta,32,8.0
2025-03-26,3,5,Tiramisu,40,7.0
2025-03-26,3,6,Caesar Salad,28,10.0
2025-03-26,3,7,Minestrone Soup,30,9.0
2025-03-26,4,1,Margherita Pizza,35,12.0
2025-03-26,4,2,Pasta Alfredo,39,14.0
2025-03-26,4,3,Lasagna Bolognese,32,16.0
2025-03-26,4,4,Bruschetta,40,8.0
2025-03-26,4,5,Tiramisu,38,7.0
2025-03-26,4,6,Caesar Salad,35,10.0
2025-03-26,4,7,Minestrone Soup,35,9.0
2025-03-26,5,1,Margherita Pizza,35,12.0
2025-03-26,5,2,Pasta Alfredo,46,14.0
2025-03-26,5,3,Lasagna Bolognese,30,16.0
2025-03-26,5,4,Bruschetta,37,8.0
2025-03-26,5,5,Tiramisu,43,7.0
2025-03-26,5,6,Caesar Salad,29,10.0
2025-03-26,5,7,Minestrone Soup,40,9.0
2025-03-27,1,1,Margherita Pizza,30,12.0
2025-03-27,1,2,Pasta Alfredo,32,14.0
2025-03-27,1,3,Lasagna Bolognese,27,16.0
2025-03-27,1,4,Bruschetta,27,8.0
2025-03-27,1,5,Tiramisu,33,7.0
2025-03-27,1,6,Caesar Salad,29,10.0
2025-03-27,1,7,Minestrone Soup,27,9.0
2025-03-27,2,1,Margherita Pizza,26,12.0
2025-03-27,2,2,Pasta Alfredo,40,14.0
2025-03-27,2,3,Lasagna Bolognese,26,16.0
2025-03-27,2,4,Bruschetta,32,8.0
2025-03-27,2,5,Tiramisu,37,7.0
2025-03-27,2,6,Caesar Salad,28,10.0
2025-03-27,2,7,Minestrone Soup,30,9.0
2025-03-27,3,1,Margherita Pizza,39,12.0
2025-03-27,3,2,Pasta Alfredo,36,14.0
2025-03-27,3,3,Lasagna Bolognese,30,16.0
2025-03-27,3,4,Bruschetta,36,8.0
2025-03-27,3,5,Tiramisu,38,7.0
2025-03-27,3,6,Caesar Salad,25,10.0
2025-03-27,3,7,Minestrone Soup,37,9.0
2025-03-27,4,1,Margherita Pizza,33,12.0
2025-03-27,4,2,Pasta Alfredo,40,14.0
2025-03-27,4,3,Lasagna Bolognese,33,16.0
2025-03-27,4,4,Bruschetta,36,8.0
2025-03-27,4,5,Tiramisu,36,7.0
2025-03-27,4,6,Caesar Salad,35,10.0
2025-03-27,4,7,Minestrone Soup,34,9.0
2025-03-27,5,1,Margherita Pizza,36,12.0
2025-03-27,5,2,Pasta Alfredo,45,14.0
2025-03-27,5,3,Lasagna Bolognese,33,16.0
2025-03-27,5,4,Bruschetta,43,8.0
2025-03-27,5,5,Tiramisu,39,7.0
2025-03-27,5,6,Caesar Salad,34,10.0
2025-03-27,5,7,Minestrone Soup,40,9.0
2025-03-28,1,1,Margherita Pizza,41,12.0
2025-03-28,1,2,Pasta Alfredo,51,14.0
2025-03-28,1,3,Lasagna Bolognese,38,16.0
2025-03-28,1,4,Bruschetta,38,8.0
2025-03-28,1,5,Tiramisu,54,7.0
2025-03-28,1,6,Caesar Salad,30,10.0
2025-03-28,1,7,Minestrone Soup,38,9.0
2025-03-28,2,1,Margherita Pizza,43,12.0
2025-03-28,2,2,Pasta Alfredo,57,14.0
2025-03-28,2,3,Lasagna Bolognese,36,16.0
2025-03-28,2,4,Bruschetta,44,8.0
2025-03-28,2,5,Tiramisu,56,7.0
2025-03-28,2,6,Caesar Salad,36,10.0
2025-03-28,2,7,Minestrone Soup,40,9.0
2025-03-28,3,1,Margherita Pizza,45,12.0
2025-03-28,3,2,Pasta Alfredo,58,14.0
2025-03-28,3,3,Lasagna Bolognese,39,16.0
2025-03-28,3,4,Bruschetta,52,8.0
2025-03-28,3,5,Tiramisu,56,7.0
2025-03-28,3,6,Caesar Salad,37,10.0
2025-03-28,3,7,Minestrone Soup,46,9.0
2025-03-28,4,1,Margherita Pizza,46,12.0
2025-03-28,4,2,Pasta Alfredo,54,14.0
2025-03-28,4,3,Lasagna Bolognese,54,16.0
2025-03-28,4,4,Bruschetta,51,8.0
2025-03-28,4,5,Tiramisu,59,7.0
2025-03-28,4,6,Caesar Salad,38,10.0
2025-03-28,4,7,Minestrone Soup,53,9.0
2025-03-28,5,1,Margherita Pizza,54,12.0
2025-03-28,5,2,Pasta Alfredo,65,14.0
2025-03-28,5,3,Lasagna Bolognese,48,16.0
2025-03-28,5,4,Bruschetta,46,8.0
2025-03-28,5,5,Tiramisu,56,7.0
2025-03-28,5,6,Caesar Salad,39,10.0
2025-03-28,5,7,Minestrone Soup,48,9.0
2025-03-29,1,1,Margherita Pizza,43,12.0
2025-03-29,1,2,Pasta Alfredo,47,14.0
2025-03-29,1,3,Lasagna Bolognese,41,16.0
2025-03-29,1,4,Bruschetta,48,8.0
2025-03-29,1,5,Tiramisu,49,7.0
2025-03-29,1,6,Caesar Salad,41,10.0
2025-03-29,1,7,Minestrone Soup,46,9.0
2025-03-29,2,1,Margherita Pizza,43,12.0
2025-03-29,2,2,Pasta Alfredo,45,14.0
2025-03-29,2,3,Lasagna Bolognese,36,16.0
2025-03-29,2,4,Bruschetta,42,8.0
2025-03-29,2,5,Tiramisu,52,7.0
2025-03-29,2,6,Caesar Salad,37,10.0
2025-03-29,2,7,Minestrone Soup,44,9.0
2025-03-29,3,1,Margherita Pizza,48,12.0
2025-03-29,3,2,Pasta Alfredo,50,14.0
2025-03-29,3,3,Lasagna Bolognese,40,16.0
2025-03-29,3,4,Bruschetta,45,8.0
2025-03-29,3,5,Tiramisu,55,7.0
2025-03-29,3,6,Caesar Salad,41,10.0
2025-03-29,3,7,Minestrone Soup,43,9.0
2025-03-29,4,1,Margherita Pizza,48,12.0
2025-03-29,4,2,Pasta Alfredo,56,14.0
2025-03-29,4,3,Lasagna Bolognese,39,16.0
2025-03-29,4,4,Bruschetta,51,8.0
2025-03-29,4,5,Tiramisu,54,7.0
2025-03-29,4,6,Caesar Salad,39,10.0
2025-03-29,4,7,Minestrone Soup,46,9.0
2025-03-29,5,1,Margherita Pizza,54,12.0
2025-03-29,5,2,Pasta Alfredo,58,14.0
2025-03-29,5,3,Lasagna Bolognese,44,16.0
2025-03-29,5,4,Bruschetta,57,8.0
2025-03-29,5,5,Tiramisu,59,7.0
2025-03-29,5,6,Caesar Salad,46,10.0
2025-03-29,5,7,Minestrone Soup,56,9.0
2025-03-30,1,1,Margherita Pizza,39,12.0
2025-03-30,1,2,Pasta Alfredo,41,14.0
2025-03-30,1,3,Lasagna Bolognese,32,16.0
2025-03-30,1,4,Bruschetta,32,8.0
2025-03-30,1,5,Tiramisu,39,7.0
2025-03-30,1,6,Caesar Salad,28,10.0
2025-03-30,1,7,Minestrone Soup,42,9.0
2025-03-30,2,1,Margherita Pizza,35,12.0
2025-03-30,2,2,Pasta Alfredo,41,14.0
2025-03-30,2,3,Lasagna Bolognese,28,16.0
2025-03-30,2,4,Bruschetta,39,8.0
2025-03-30,2,5,Tiramisu,44,7.0
2025-03-30,2,6,Caesar Salad,35,10.0
2025-03-30,2,7,Minestrone Soup,40,9.0
2025-03-30,3,1,Margherita Pizza,35,12.0
2025-03-30,3,2,Pasta Alfredo,44,14.0
2025-03-30,3,3,Lasagna Bolognese,37,16.0
2025-03-30,3,4,Bruschetta,39,8.0
2025-03-30,3,5,Tiramisu,49,7.0
2025-03-30,3,6,Caesar Salad,32,10.0
2025-03-30,3,7,Minestrone Soup,36,9.0
2025-03-30,4,1,Margherita Pizza,40,12.0
2025-03-30,4,2,Pasta Alfredo,45,14.0
2025-03-30,4,3,Lasagna Bolognese,33,16.0
2025-03-30,4,4,Bruschetta,42,8.0
2025-03-30,4,5,Tiramisu,50,7.0
2025-03-30,4,6,Caesar Salad,30,10.0
2025-03-30,4,7,Minestrone Soup,41,9.0
2025-03-30,5,1,Margherita Pizza,41,12.0
2025-03-30,5,2,Pasta Alfredo,48,14.0
2025-03-30,5,3,Lasagna Bolognese,36,16.0
2025-03-30,5,4,Bruschetta,41,8.0
2025-03-30,5,5,Tiramisu,54,7.0
2025-03-30,5,6,Caesar Salad,39,10.0
2025-03-30,5,7,Minestrone Soup,47,9.0
2025-03-31,1,1,Margherita Pizza,25,12.0
2025-03-31,1,2,Pasta Alfredo,28,14.0
2025-03-31,1,3,Lasagna Bolognese,22,16.0
2025-03-31,1,4,Bruschetta,26,8.0
2025-03-31,1,5,Tiramisu,29,7.0
2025-03-31,1,6,Caesar Salad,18,10.0
2025-03-31,1,7,Minestrone Soup,26,9.0
2025-03-31,2,1,Margherita Pizza,26,12.0
2025-03-31,2,2,Pasta Alfredo,34,14.0
2025-03-31,2,3,Lasagna Bolognese,25,16.0
2025-03-31,2,4,Bruschetta,31,8.0
2025-03-31,2,5,Tiramisu,29,7.0
2025-03-31,2,6,Caesar Salad,24,10.0
2025-03-31,2,7,Minestrone Soup,26,9.0
2025-03-31,3,1,Margherita Pizza,25,12.0
2025-03-31,3,2,Pasta Alfredo,33,14.0
2025-03-31,3,3,Lasagna Bolognese,27,16.0
2025-03-31,3,4,Bruschetta,28,8.0
2025-03-31,3,5,Tiramisu,39,7.0
2025-03-31,3,6,Caesar Salad,26,10.0
2025-03-31,3,7,Minestrone Soup,28,9.0
2025-03-31,4,1,Margherita Pizza,34,12.0
2025-03-31,4,2,Pasta Alfredo,37,14.0
2025-03-31,4,3,Lasagna Bolognese,23,16.0
2025-03-31,4,4,Bruschetta,36,8.0
2025-03-31,4,5,Tiramisu,36,7.0
2025-03-31,4,6,Caesar Salad,25,10.0
2025-03-31,4,7,Minestrone Soup,28,9.0
2025-03-31,5,1,Margherita Pizza,35,12.0
2025-03-31,5,2,Pasta Alfredo,39,14.0
2025-03-31,5,3,Lasagna Bolognese,28,16.0
2025-03-31,5,4,Bruschetta,30,8.0
2025-03-31,5,5,Tiramisu,40,7.0
2025-03-31,5,6,Caesar Salad,29,10.0
2025-03-31,5,7,Minestrone Soup,30,9.0
2025-04-01,1,1,Margherita Pizza,27,12.0
2025-04-01,1,2,Pasta Alfredo,38,14.0
2025-04-01,1,3,Lasagna Bolognese,21,16.0
2025-04-01,1,4,Bruschetta,32,8.0
2025-04-01,1,5,Tiramisu,35,7.0
2025-04-01,1,6,Caesar Salad,30,10.0
2025-04-01,1,7,Minestrone Soup,30,9.0
2025-04-01,2,1,Margherita Pizza,36,12.0
2025-04-01,2,2,Pasta Alfredo,37,14.0
2025-04-01,2,3,Lasagna Bolognese,30,16.0
2025-04-01,2,4,Bruschetta,39,8.0
2025-04-01,2,5,Tiramisu,35,7.0
2025-04-01,2,6,Caesar Salad,28,10.0
2025-04-01,2,7,Minestrone Soup,41,9.0
2025-04-01,3,1,Margherita Pizza,35,12.0
2025-04-01,3,2,Pasta Alfredo,41,14.0
2025-04-01,3,3,Lasagna Bolognese,31,16.0
2025-04-01,3,4,Bruschetta,35,8.0
2025-04-01,3,5,Tiramisu,35,7.0
2025-04-01,3,6,Caesar Salad,32,10.0
2025-04-01,3,7,Minestrone Soup,29,9.0
2025-04-01,4,1,Margherita Pizza,35,12.0
2025-04-01,4,2,Pasta Alfredo,46,14.0
2025-04-01,4,3,Lasagna Bolognese,29,16.0
2025-04-01,4,4,Bruschetta,34,8.0
2025-04-01,4,5,Tiramisu,45,7.0
2025-04-01,4,6,Caesar Salad,28,10.0
2025-04-01,4,7,Minestrone Soup,33,9.0
2025-04-01,5,1,Margherita Pizza,39,12.0
2025-04-01,5,2,Pasta Alfredo,44,14.0
2025-04-01,5,3,Lasagna Bolognese,28,16.0
2025-04-01,5,4,Bruschetta,40,8.0
2025-04-01,5,5,Tiramisu,46,7.0
2025-04-01,5,6,Caesar Salad,31,10.0
2025-04-01,5,7,Minestrone Soup,37,9.0
2025-04-02,1,1,Margherita Pizza,33,12.0
2025-04-02,1,2,Pasta Alfredo,40,14.0
2025-04-02,1,3,Lasagna Bolognese,25,16.0
2025-04-02,1,4,Bruschetta,33,8.0
2025-04-02,1,5,Tiramisu,38,7.0
2025-04-02,1,6,Caesar Salad,29,10.0
2025-04-02,1,7,Minestrone Soup,31,9.0
2025-04-02,2,1,Margherita Pizza,30,12.0
2025-04-02,2,2,Pasta Alfredo,37,14.0
2025-04-02,2,3,Lasagna Bolognese,29,16.0
2025-04-02,2,4,Bruschetta,38,8.0
2025-04-02,2,5,Tiramisu,37,7.0
2025-04-02,2,6,Caesar Salad,30,10.0
2025-04-02,2,7,Minestrone Soup,32,9.0
2025-04-02,3,1,Margherita Pizza,35,12.0
2025-04-02,3,2,Pasta Alfredo,45,14.0
2025-04-02,3,3,Lasagna Bolognese,31,16.0
2025-04-02,3,4,Bruschetta,31,8.0
2025-04-02,3,5,Tiramisu,39,7.0
2025-04-02,3,6,Caesar Salad,33,10.0
2025-04-02,3,7,Minestrone Soup,35,9.0
2025-04-02,4,1,Margherita Pizza,33,12.0
2025-04-02,4,2,Pasta Alfredo,40,14.0
2025-04-02,4,3,Lasagna Bolognese,32,16.0
2025-04-02,4,4,Bruschetta,39,8.0
2025-04-02,4,5,Tiramisu,42,7.0
2025-04-02,4,6,Caesar Salad,38,10.0
2025-04-02,4,7,Minestrone Soup,39,9.0
2025-04-02,5,1,Margherita Pizza,37,12.0
2025-04-02,5,2,Pasta Alfredo,42,14.0
2025-04-02,5,3,Lasagna Bolognese,29,16.0
2025-04-02,5,4,Bruschetta,39,8.0
2025-04-02,5,5,Tiramisu,43,7.0
2025-04-02,5,6,Caesar Salad,37,10.0
2025-04-02,5,7,Minestrone Soup,42,9.0
2025-04-03,1,1,Margherita Pizza,33,12.0
2025-04-03,1,2,Pasta Alfredo,33,14.0
2025-04-03,1,3,Lasagna Bolognese,24,16.0
2025-04-03,1,4,Bruschetta,35,8.0
2025-04-03,1,5,Tiramisu,35,7.0
2025-04-03,1,6,Caesar Salad,29,10.0
2025-04-03,1,7,Minestrone Soup,33,9.0
2025-04-03,2,1,Margherita Pizza,33,12.0
2025-04-03,2,2,Pasta Alfredo,36,14.0
2025-04-03,2,3,Lasagna Bolognese,27,16.0
2025-04-03,2,4,Bruschetta,34,8.0
2025-04-03,2,5,Tiramisu,42,7.0
2025-04-03,2,6,Caesar Salad,25,10.0
2025-04-03,2,7,Minestrone Soup,32,9.0
2025-04-03,3,1,Margherita Pizza,35,12.0
2025-04-03,3,2,Pasta Alfredo,42,14.0
2025-04-03,3,3,Lasagna Bolognese,26,16.0
2025-04-03,3,4,Bruschetta,31,8.0
2025-04-03,3,5,Tiramisu,42,7.0
2025-04-03,3,6,Caesar Salad,24,10.0
2025-04-03,3,7,Minestrone Soup,39,9.0
2025-04-03,4,1,Margherita Pizza,36,12.0
2025-04-03,4,2,Pasta Alfredo,38,14.0
2025-04-03,4,3,Lasagna Bolognese,29,16.0
2025-04-03,4,4,Bruschetta,37,8.0
2025-04-03,4,5,Tiramisu,41,7.0
2025-04-03,4,6,Caesar Salad,30,10.0
2025-04-03,4,7,Minestrone Soup,39,9.0
2025-04-03,5,1,Margherita Pizza,37,12.0
2025-04-03,5,2,Pasta Alfredo,41,14.0
2025-04-03,5,3,Lasagna Bolognese,31,16.0
2025-04-03,5,4,Bruschetta,42,8.0
2025-04-03,5,5,Tiramisu,49,7.0
2025-04-03,5,6,Caesar Salad,26,10.0
2025-04-03,5,7,Minestrone Soup,41,9.0
2025-04-04,1,1,Margherita Pizza,43,12.0
2025-04-04,1,2,Pasta Alfredo,52,14.0
2025-04-04,1,3,Lasagna Bolognese,34,16.0
2025-04-04,1,4,Bruschetta,37,8.0
2025-04-04,1,5,Tiramisu,51,7.0
2025-04-04,1,6,Caesar Salad,32,10.0
2025-04-04,1,7,Minestrone Soup,38,9.0
2025-04-04,2,1,Margherita Pizza,41,12.0
2025-04-04,2,2,Pasta Alfredo,54,14.0
2025-04-04,2,3,Lasagna Bolognese,38,16.0
2025-04-04,2,4,Bruschetta,47,8.0
2025-04-04,2,5,Tiramisu,54,7.0
2025-04-04,2,6,Caesar Salad,36,10.0
2025-04-04,2,7,Minestrone Soup,44,9.0
2025-04-04,3,1,Margherita Pizza,45,12.0
2025-04-04,3,2,Pasta Alfredo,54,14.0
2025-04-04,3,3,Lasagna Bolognese,36,16.0
2025-04-04,3,4,Bruschetta,48,8.0
2025-04-04,3,5,Tiramisu,58,7.0
2025-04-04,3,6,Caesar Salad,37,10.0
2025-04-04,3,7,Minestrone Soup,51,9.0
2025-04-04,4,1,Margherita Pizza,49,12.0
2025-04-04,4,2,Pasta Alfredo,58,14.0
2025-04-04,4,3,Lasagna Bolognese,36,16.0
2025-04-04,4,4,Bruschetta,44,8.0
2025-04-04,4,5,Tiramisu,58,7.0
2025-04-04,4,6,Caesar Salad,43,10.0
2025-04-04,4,7,Minestrone Soup,47,9.0
2025-04-04,5,1,Margherita Pizza,56,12.0
2025-04-04,5,2,Pasta Alfredo,62,14.0
2025-04-04,5,3,Lasagna Bolognese,40,16.0
2025-04-04,5,4,Bruschetta,51,8.0
2025-04-04,5,5,Tiramisu,67,7.0
2025-04-04,5,6,Caesar Salad,39,10.0
2025-04-04,5,7,Minestrone Soup,53,9.0
2025-04-05,1,1,Margherita Pizza,41,12.0
2025-04-05,1,2,Pasta Alfredo,51,14.0
2025-04-05,1,3,Lasagna Bolognese,39,16.0
2025-04-05,1,4,Bruschetta,41,8.0
2025-04-05,1,5,Tiramisu,53,7.0
2025-04-05,1,6,Caesar Salad,42,10.0
2025-04-05,1,7,Minestrone Soup,43,9.0
2025-04-05,2,1,Margherita Pizza,47,12.0
2025-04-05,2,2,Pasta Alfredo,50,14.0
2025-04-05,2,3,Lasagna Bolognese,37,16.0
2025-04-05,2,4,Bruschetta,44,8.0
2025-04-05,2,5,Tiramisu,54,7.0
2025-04-05,2,6,Caesar Salad,41,10.0
2025-04-05,2,7,Minestrone Soup,44,9.0
2025-04-05,3,1,Margherita Pizza,51,12.0
2025-04-05,3,2,Pasta Alfredo,59,14.0
2025-04-05,3,3,Lasagna Bolognese,42,16.0
2025-04-05,3,4,Bruschetta,45,8.0
2025-04-05,3,5,Tiramisu,53,7.0
2025-04-05,3,6,Caesar Salad,37,10.0
2025-04-05,3,7,Minestrone Soup,50,9.0
2025-04-05,4,1,Margherita Pizza,45,12.0
2025-04-05,4,2,Pasta Alfredo,59,14.0
2025-04-05,4,3,Lasagna Bolognese,38,16.0
2025-04-05,4,4,Bruschetta,51,8.0
2025-04-05,4,5,Tiramisu,57,7.0
2025-04-05,4,6,Caesar Salad,45,10.0
2025-04-05,4,7,Minestrone Soup,52,9.0
2025-04-05,5,1,Margherita Pizza,56,12.0
2025-04-05,5,2,Pasta Alfredo,64,14.0
2025-04-05,5,3,Lasagna Bolognese,43,16.0
2025-04-05,5,4,Bruschetta,48,8.0
2025-04-05,5,5,Tiramisu,57,7.0
2025-04-05,5,6,Caesar Salad,36,10.0
2025-04-05,5,7,Minestrone Soup,48,9.0
2025-04-06,1,1,Margherita Pizza,36,12.0
2025-04-06,1,2,Pasta Alfredo,40,14.0
2025-04-06,1,3,Lasagna Bolognese,30,16.0
2025-04-06,1,4,Bruschetta,38,8.0
2025-04-06,1,5,Tiramisu,41,7.0
2025-04-06,1,6,Caesar Salad,27,10.0
2025-04-06,1,7,Minestrone Soup,36,9.0
2025-04-06,2,1,Margherita Pizza,35,12.0
2025-04-06,2,2,Pasta Alfredo,43,14.0
2025-04-06,2,3,Lasagna Bolognese,36,16.0
2025-04-06,2,4,Bruschetta,37,8.0
2025-04-06,2,5,Tiramisu,50,7.0
2025-04-06,2,6,Caesar Salad,36,10.0
2025-04-06,2,7,Minestrone Soup,36,9.0
2025-04-06,3,1,Margherita Pizza,37,12.0
2025-04-06,3,2,Pasta Alfredo,46,14.0
2025-04-06,3,3,Lasagna Bolognese,37,16.0
2025-04-06,3,4,Bruschetta,38,8.0
2025-04-06,3,5,Tiramisu,49,7.0
2025-04-06,3,6,Caesar Salad,37,10.0
2025-04-06,3,7,Minestrone Soup,38,9.0
2025-04-06,4,1,Margherita Pizza,40,12.0
2025-04-06,4,2,Pasta Alfredo,51,14.0
2025-04-06,4,3,Lasagna Bolognese,35,16.0
2025-04-06,4,4,Bruschetta,40,8.0
2025-04-06,4,5,Tiramisu,48,7.0
2025-04-06,4,6,Caesar Salad,35,10.0
2025-04-06,4,7,Minestrone Soup,37,9.0
2025-04-06,5,1,Margherita Pizza,46,12.0
2025-04-06,5,2,Pasta Alfredo,49,14.0
2025-04-06,5,3,Lasagna Bolognese,28,16.0
2025-04-06,5,4,Bruschetta,44,8.0
2025-04-06,5,5,Tiramisu,49,7.0
2025-04-06,5,6,Caesar Salad,41,10.0
2025-04-06,5,7,Minestrone Soup,42,9.0
2025-04-07,1,1,Margherita Pizza,23,12.0
2025-04-07,1,2,Pasta Alfredo,33,14.0
2025-04-07,1,3,Lasagna Bolognese,20,16.0
2025-04-07,1,4,Bruschetta,24,8.0
2025-04-07,1,5,Tiramisu,33,7.0
2025-04-07,1,6,Caesar Salad,19,10.0
2025-04-07,1,7,Minestrone Soup,22,9.0
2025-04-07,2,1,Margherita Pizza,33,12.0
2025-04-07,2,2,Pasta Alfredo,34,14.0
2025-04-07,2,3,Lasagna Bolognese,23,16.0
2025-04-07,2,4,Bruschetta,28,8.0
2025-04-07,2,5,Tiramisu,34,7.0
2025-04-07,2,6,Caesar Salad,26,10.0
2025-04-07,2,7,Minestrone Soup,26,9.0
2025-04-07,3,1,Margherita Pizza,31,12.0
2025-04-07,3,2,Pasta Alfredo,33,14.0
2025-04-07,3,3,Lasagna Bolognese,24,16.0
2025-04-07,3,4,Bruschetta,30,8.0
2025-04-07,3,5,Tiramisu,34,7.0
2025-04-07,3,6,Caesar Salad,27,10.0
2025-04-07,3,7,Minestrone Soup,31,9.0
2025-04-07,4,1,Margherita Pizza,26,12.0
2025-04-07,4,2,Pasta Alfredo,32,14.0
2025-04-07,4,3,Lasagna Bolognese,25,16.0
2025-04-07,4,4,Bruschetta,36,8.0
2025-04-07,4,5,Tiramisu,33,7.0
2025-04-07,4,6,Caesar Salad,25,10.0
2025-04-07,4,7,Minestrone Soup,29,9.0
2025-04-07,5,1,Margherita Pizza,31,12.0
2025-04-07,5,2,Pasta Alfredo,38,14.0
2025-04-07,5,3,Lasagna Bolognese,31,16.0
2025-04-07,5,4,Bruschetta,34,8.0
2025-04-07,5,5,Tiramisu,35,7.0
2025-04-07,5,6,Caesar Salad,35,10.0
2025-04-07,5,7,Minestrone Soup,32,9.0
2025-04-08,1,1,Margherita Pizza,30,12.0
2025-04-08,1,2,Pasta Alfredo,41,14.0
2025-04-08,1,3,Lasagna Bolognese,25,16.0
2025-04-08,1,4,Bruschetta,36,8.0
2025-04-08,1,5,Tiramisu,34,7.0
2025-04-08,1,6,Caesar Salad,30,10.0
2025-04-08,1,7,Minestrone Soup,32,9.0
2025-04-08,2,1,Margherita Pizza,37,12.0
2025-04-08,2,2,Pasta Alfredo,44,14.0
2025-04-08,2,3,Lasagna Bolognese,24,16.0
2025-04-08,2,4,Bruschetta,37,8.0
2025-04-08,2,5,Tiramisu,34,7.0
2025-04-08,2,6,Caesar Salad,24,10.0
2025-04-08,2,7,Minestrone Soup,31,9.0
2025-04-08,3,1,Margherita Pizza,36,12.0
2025-04-08,3,2,Pasta Alfredo,41,14.0
2025-04-08,3,3,Lasagna Bolognese,28,16.0
2025-04-08,3,4,Bruschetta,35,8.0
2025-04-08,3,5,Tiramisu,42,7.0
2025-04-08,3,6,Caesar Salad,31,10.0
2025-04-08,3,7,Minestrone Soup,38,9.0
2025-04-08,4,1,Margherita Pizza,42,12.0
2025-04-08,4,2,Pasta Alfredo,42,14.0
2025-04-08,4,3,Lasagna Bolognese,29,16.0
2025-04-08,4,4,Bruschetta,38,8.0
2025-04-08,4,5,Tiramisu,39,7.0
2025-04-08,4,6,Caesar Salad,28,10.0
2025-04-08,4,7,Minestrone Soup,39,9.0
2025-04-08,5,1,Margherita Pizza,38,12.0
2025-04-08,5,2,Pasta Alfredo,41,14.0
2025-04-08,5,3,Lasagna Bolognese,27,16.0
2025-04-08,5,4,Bruschetta,38,8.0
2025-04-08,5,5,Tiramisu,48,7.0
2025-04-08,5,6,Caesar Salad,35,10.0
2025-04-08,5,7,Minestrone Soup,38,9.0
2025-04-09,1,1,Margherita Pizza,37,12.0
2025-04-09,1,2,Pasta Alfredo,36,14.0
2025-04-09,1,3,Lasagna Bolognese,26,16.0
2025-04-09,1,4,Bruschetta,24,8.0
2025-04-09,1,5,Tiramisu,35,7.0
2025-04-09,1,6,Caesar Salad,29,10.0
2025-04-09,1,7,Minestrone Soup,36,9.0
2025-04-09,2,1,Margherita Pizza,31,12.0
2025-04-09,2,2,Pasta Alfredo,40,14.0
2025-04-09,2,3,Lasagna Bolognese,31,16.0
2025-04-09,2,4,Bruschetta,33,8.0
2025-04-09,2,5,Tiramisu,32,7.0
2025-04-09,2,6,Caesar Salad,28,10.0
2025-04-09,2,7,Minestrone Soup,35,9.0
2025-04-09,3,1,Margherita Pizza,32,12.0
2025-04-09,3,2,Pasta Alfredo,40,14.0
2025-04-09,3,3,Lasagna Bolognese,25,16.0
2025-04-09,3,4,Bruschetta,27,8.0
2025-04-09,3,5,Tiramisu,44,7.0
2025-04-09,3,6,Caesar Salad,29,10.0
2025-04-09,3,7,Minestrone Soup,39,9.0
2025-04-09,4,1,Margherita Pizza,39,12.0
2025-04-09,4,2,Pasta Alfredo,41,14.0
2025-04-09,4,3,Lasagna Bolognese,30,16.0
2025-04-09,4,4,Bruschetta,38,8.0
2025-04-09,4,5,Tiramisu,45,7.0
2025-04-09,4,6,Caesar Salad,31,10.0
2025-04-09,4,7,Minestrone Soup,40,9.0
2025-04-09,5,1,Margherita Pizza,37,12.0
2025-04-09,5,2,Pasta Alfredo,41,14.0
2025-04-09,5,3,Lasagna Bolognese,31,16.0
2025-04-09,5,4,Bruschetta,39,8.0
2025-04-09,5,5,Tiramisu,41,7.0
2025-04-09,5,6,Caesar Salad,28,10.0
2025-04-09,5,7,Minestrone Soup,39,9.0
2025-04-10,1,1,Margherita Pizza,30,12.0
2025-04-10,1,2,Pasta Alfredo,36,14.0
2025-04-10,1,3,Lasagna Bolognese,25,16.0
2025-04-10,1,4,Bruschetta,36,8.0
2025-04-10,1,5,Tiramisu,40,7.0
2025-04-10,1,6,Caesar Salad,22,10.0
2025-04-10,1,7,Minestrone Soup,30,9.0
2025-04-10,2,1,Margherita Pizza,36,12.0
2025-04-10,2,2,Pasta Alfredo,40,14.0
2025-04-10,2,3,Lasagna Bolognese,27,16.0
2025-04-10,2,4,Bruschetta,30,8.0
2025-04-10,2,5,Tiramisu,36,7.0
2025-04-10,2,6,Caesar Salad,26,10.0
2025-04-10,2,7,Minestrone Soup,34,9.0
2025-04-10,3,1,Margherita Pizza,40,12.0
2025-04-10,3,2,Pasta Alfredo,38,14.0
2025-04-10,3,3,Lasagna Bolognese,26,16.0
2025-04-10,3,4,Bruschetta,34,8.0
2025-04-10,3,5,Tiramisu,44,7.0
2025-04-10,3,6,Caesar Salad,25,10.0
2025-04-10,3,7,Minestrone Soup,39,9.0
2025-04-10,4,1,Margherita Pizza,36,12.0
2025-04-10,4,2,Pasta Alfredo,40,14.0
2025-04-10,4,3,Lasagna Bolognese,25,16.0
2025-04-10,4,4,Bruschetta,38,8.0
2025-04-10,4,5,Tiramisu,42,7.0
2025-04-10,4,6,Caesar Salad,31,10.0
2025-04-10,4,7,Minestrone Soup,34,9.0
2025-04-10,5,1,Margherita Pizza,37,12.0
2025-04-10,5,2,Pasta Alfredo,43,14.0
2025-04-10,5,3,Lasagna Bolognese,31,16.0
2025-04-10,5,4,Bruschetta,36,8.0
2025-04-10,5,5,Tiramisu,40,7.0
2025-04-10,5,6,Caesar Salad,40,10.0
2025-04-10,5,7,Minestrone Soup,34,9.0
2025-04-11,1,1,Margherita Pizza,43,12.0
2025-04-11,1,2,Pasta Alfredo,44,14.0
2025-04-11,1,3,Lasagna Bolognese,29,16.0
2025-04-11,1,4,Bruschetta,43,8.0
2025-04-11,1,5,Tiramisu,50,7.0
2025-04-11,1,6,Caesar Salad,39,10.0
2025-04-11,1,7,Minestrone Soup,44,9.0
2025-04-11,2,1,Margherita Pizza,44,12.0
2025-04-11,2,2,Pasta Alfredo,49,14.0
2025-04-11,2,3,Lasagna Bolognese,42,16.0
2025-04-11,2,4,Bruschetta,47,8.0
2025-04-11,2,5,Tiramisu,48,7.0
2025-04-11,2,6,Caesar Salad,37,10.0
2025-04-11,2,7,Minestrone Soup,45,9.0
2025-04-11,3,1,Margherita Pizza,46,12.0
2025-04-11,3,2,Pasta Alfredo,57,14.0
2025-04-11,3,3,Lasagna Bolognese,41,16.0
2025-04-11,3,4,Bruschetta,46,8.0
2025-04-11,3,5,Tiramisu,54,7.0
2025-04-11,3,6,Caesar Salad,43,10.0
2025-04-11,3,7,Minestrone Soup,50,9.0
2025-04-11,4,1,Margherita Pizza,49,12.0
2025-04-11,4,2,Pasta Alfredo,52,14.0
2025-04-11,4,3,Lasagna Bolognese,42,16.0
2025-04-11,4,4,Bruschetta,51,8.0
2025-04-11,4,5,Tiramisu,49,7.0
2025-04-11,4,6,Caesar Salad,42,10.0
2025-04-11,4,7,Minestrone Soup,48,9.0
2025-04-11,5,1,Margherita Pizza,51,12.0
2025-04-11,5,2,Pasta Alfredo,57,14.0
2025-04-11,5,3,Lasagna Bolognese,42,16.0
2025-04-11,5,4,Bruschetta,55,8.0
2025-04-11,5,5,Tiramisu,58,7.0
2025-04-11,5,6,Caesar Salad,46,10.0
2025-04-11,5,7,Minestrone Soup,49,9.0
2025-04-12,1,1,Margherita Pizza,45,12.0
2025-04-12,1,2,Pasta Alfredo,49,14.0
2025-04-12,1,3,Lasagna Bolognese,36,16.0
2025-04-12,1,4,Bruschetta,42,8.0
2025-04-12,1,5,Tiramisu,51,7.0
2025-04-12,1,6,Caesar Salad,28,10.0
2025-04-12,1,7,Minestrone Soup,38,9.0
2025-04-12,2,1,Margherita Pizza,46,12.0
2025-04-12,2,2,Pasta Alfredo,46,14.0
2025-04-12,2,3,Lasagna Bolognese,36,16.0
2025-04-12,2,4,Bruschetta,44,8.0
2025-04-12,2,5,Tiramisu,49,7.0
2025-04-12,2,6,Caesar Salad,35,10.0
2025-04-12,2,7,Minestrone Soup,45,9.0
2025-04-12,3,1,Margherita Pizza,50,12.0
2025-04-12,3,2,Pasta Alfredo,52,14.0
2025-04-12,3,3,Lasagna Bolognese,37,16.0
2025-04-12,3,4,Bruschetta,45,8.0
2025-04-12,3,5,Tiramisu,47,7.0
2025-04-12,3,6,Caesar Salad,39,10.0
2025-04-12,3,7,Minestrone Soup,50,9.0
2025-04-12,4,1,Margherita Pizza,52,12.0
2025-04-12,4,2,Pasta Alfredo,55,14.0
2025-04-12,4,3,Lasagna Bolognese,37,16.0
2025-04-12,4,4,Bruschetta,49,8.0
2025-04-12,4,5,Tiramisu,60,7.0
2025-04-12,4,6,Caesar Salad,41,10.0
2025-04-12,4,7,Minestrone Soup,50,9.0
2025-04-12,5,1,Margherita Pizza,55,12.0
2025-04-12,5,2,Pasta Alfredo,58,14.0
2025-04-12,5,3,Lasagna Bolognese,42,16.0
2025-04-12,5,4,Bruschetta,56,8.0
2025-04-12,5,5,Tiramisu,59,7.0
2025-04-12,5,6,Caesar Salad,39,10.0
2025-04-12,5,7,Minestrone Soup,49,9.0
2025-04-13,1,1,Margherita Pizza,33,12.0
2025-04-13,1,2,Pasta Alfredo,43,14.0
2025-04-13,1,3,Lasagna Bolognese,27,16.0
2025-04-13,1,4,Bruschetta,37,8.0
2025-04-13,1,5,Tiramisu,40,7.0
2025-04-13,1,6,Caesar Salad,24,10.0
2025-04-13,1,7,Minestrone Soup,37,9.0
2025-04-13,2,1,Margherita Pizza,38,12.0
2025-04-13,2,2,Pasta Alfredo,46,14.0
2025-04-13,2,3,Lasagna Bolognese,30,16.0
2025-04-13,2,4,Bruschetta,36,8.0
2025-04-13,2,5,Tiramisu,45,7.0
2025-04-13,2,6,Caesar Salad,36,10.0
2025-04-13,2,7,Minestrone Soup,38,9.0
2025-04-13,3,1,Margherita Pizza,41,12.0
2025-04-13,3,2,Pasta Alfredo,46,14.0
2025-04-13,3,3,Lasagna Bolognese,29,16.0
2025-04-13,3,4,Bruschetta,43,8.0
2025-04-13,3,5,Tiramisu,49,7.0
2025-04-13,3,6,Caesar Salad,35,10.0
2025-04-13,3,7,Minestrone Soup,39,9.0
2025-04-13,4,1,Margherita Pizza,44,12.0
2025-04-13,4,2,Pasta Alfredo,51,14.0
2025-04-13,4,3,Lasagna Bolognese,40,16.0
2025-04-13,4,4,Bruschetta,45,8.0
2025-04-13,4,5,Tiramisu,49,7.0
2025-04-13,4,6,Caesar Salad,31,10.0
2025-04-13,4,7,Minestrone Soup,42,9.0
2025-04-13,5,1,Margherita Pizza,44,12.0
2025-04-13,5,2,Pasta Alfredo,53,14.0
2025-04-13,5,3,Lasagna Bolognese,40,16.0
2025-04-13,5,4,Bruschetta,43,8.0
2025-04-13,5,5,Tiramisu,57,7.0
2025-04-13,5,6,Caesar Salad,31,10.0
2025-04-13,5,7,Minestrone Soup,45,9.0
2025-04-14,1,1,Margherita Pizza,24,12.0
2025-04-14,1,2,Pasta Alfredo,25,14.0
2025-04-14,1,3,Lasagna Bolognese,22,16.0
2025-04-14,1,4,Bruschetta,22,8.0
2025-04-14,1,5,Tiramisu,31,7.0
2025-04-14,1,6,Caesar Salad,22,10.0
2025-04-14,1,7,Minestrone Soup,30,9.0
2025-04-14,2,1,Margherita Pizza,24,12.0
2025-04-14,2,2,Pasta Alfredo,35,14.0
2025-04-14,2,3,Lasagna Bolognese,24,16.0
2025-04-14,2,4,Bruschetta,31,8.0
2025-04-14,2,5,Tiramisu,31,7.0
2025-04-14,2,6,Caesar Salad,19,10.0
2025-04-14,2,7,Minestrone Soup,24,9.0
2025-04-14,3,1,Margherita Pizza,26,12.0
2025-04-14,3,2,Pasta Alfredo,36,14.0
2025-04-14,3,3,Lasagna Bolognese,29,16.0
2025-04-14,3,4,Bruschetta,28,8.0
2025-04-14,3,5,Tiramisu,36,7.0
2025-04-14,3,6,Caesar Salad,20,10.0
2025-04-14,3,7,Minestrone Soup,30,9.0
2025-04-14,4,1,Margherita Pizza,33,12.0
2025-04-14,4,2,Pasta Alfredo,32,14.0
2025-04-14,4,3,Lasagna Bolognese,25,16.0
2025-04-14,4,4,Bruschetta,33,8.0
2025-04-14,4,5,Tiramisu,27,7.0
2025-04-14,4,6,Caesar Salad,30,10.0
2025-04-14,4,7,Minestrone Soup,32,9.0
2025-04-14,5,1,Margherita Pizza,34,12.0
2025-04-14,5,2,Pasta Alfredo,36,14.0
2025-04-14,5,3,Lasagna Bolognese,22,16.0
2025-04-14,5,4,Bruschetta,34,8.0
2025-04-14,5,5,Tiramisu,37,7.0
2025-04-14,5,6,Caesar Salad,27,10.0
2025-04-14,5,7,Minestrone Soup,36,9.0
2025-04-15,1,1,Margherita Pizza,34,12.0
2025-04-15,1,2,Pasta Alfredo,42,14.0
2025-04-15,1,3,Lasagna Bolognese,27,16.0
2025-04-15,1,4,Bruschetta,29,8.0
2025-04-15,1,5,Tiramisu,36,7.0
2025-04-15,1,6,Caesar Salad,27,10.0
2025-04-15,1,7,Minestrone Soup,34,9.0
2025-04-15,2,1,Margherita Pizza,29,12.0
2025-04-15,2,2,Pasta Alfredo,39,14.0
2025-04-15,2,3,Lasagna Bolognese,32,16.0
2025-04-15,2,4,Bruschetta,32,8.0
2025-04-15,2,5,Tiramisu,41,7.0
2025-04-15,2,6,Caesar Salad,29,10.0
2025-04-15,2,7,Minestrone Soup,36,9.0
2025-04-15,3,1,Margherita Pizza,32,12.0
2025-04-15,3,2,Pasta Alfredo,38,14.0
2025-04-15,3,3,Lasagna Bolognese,29,16.0
2025-04-15,3,4,Bruschetta,30,8.0
2025-04-15,3,5,Tiramisu,40,7.0
2025-04-15,3,6,Caesar Salad,30,10.0
2025-04-15,3,7,Minestrone Soup,40,9.0
2025-04-15,4,1,Margherita Pizza,38,12.0
2025-04-15,4,2,Pasta Alfredo,44,14.0
2025-04-15,4,3,Lasagna Bolognese,34,16.0
2025-04-15,4,4,Bruschetta,33,8.0
2025-04-15,4,5,Tiramisu,42,7.0
2025-04-15,4,6,Caesar Salad,38,10.0
2025-04-15,4,7,Minestrone Soup,36,9.0
2025-04-15,5,1,Margherita Pizza,41,12.0
2025-04-15,5,2,Pasta Alfredo,47,14.0
2025-04-15,5,3,Lasagna Bolognese,27,16.0
2025-04-15,5,4,Bruschetta,39,8.0
2025-04-15,5,5,Tiramisu,45,7.0
2025-04-15,5,6,Caesar Salad,33,10.0
2025-04-15,5,7,Minestrone Soup,36,9.0
2025-04-16,1,1,Margherita Pizza,28,12.0
2025-04-16,1,2,Pasta Alfredo,35,14.0
2025-04-16,1,3,Lasagna Bolognese,26,16.0
2025-04-16,1,4,Bruschetta,35,8.0
2025-04-16,1,5,Tiramisu,42,7.0
2025-04-16,1,6,Caesar Salad,30,10.0
2025-04-16,1,7,Minestrone Soup,34,9.0
2025-04-16,2,1,Margherita Pizza,30,12.0
2025-04-16,2,2,Pasta Alfredo,37,14.0
2025-04-16,2,3,Lasagna Bolognese,28,16.0
2025-04-16,2,4,Bruschetta,31,8.0
2025-04-16,2,5,Tiramisu,40,7.0
2025-04-16,2,6,Caesar Salad,30,10.0
2025-04-16,2,7,Minestrone Soup,35,9.0
2025-04-16,3,1,Margherita Pizza,38,12.0
2025-04-16,3,2,Pasta Alfredo,38,14.0
2025-04-16,3,3,Lasagna Bolognese,32,16.0
2025-04-16,3,4,Bruschetta,33,8.0
2025-04-16,3,5,Tiramisu,38,7.0
2025-04-16,3,6,Caesar Salad,30,10.0
2025-04-16,3,7,Minestrone Soup,38,9.0
2025-04-16,4,1,Margherita Pizza,38,12.0
2025-04-16,4,2,Pasta Alfredo,42,14.0
2025-04-16,4,3,Lasagna Bolognese,31,16.0
2025-04-16,4,4,Bruschetta,37,8.0
2025-04-16,4,5,Tiramisu,39,7.0
2025-04-16,4,6,Caesar Salad,27,10.0
2025-04-16,4,7,Minestrone Soup,36,9.0
2025-04-16,5,1,Margherita Pizza,38,12.0
2025-04-16,5,2,Pasta Alfredo,44,14.0
2025-04-16,5,3,Lasagna Bolognese,34,16.0
2025-04-16,5,4,Bruschetta,37,8.0
2025-04-16,5,5,Tiramisu,46,7.0
2025-04-16,5,6,Caesar Salad,31,10.0
2025-04-16,5,7,Minestrone Soup,43,9.0
2025-04-17,1,1,Margherita Pizza,32,12.0
2025-04-17,1,2,Pasta Alfredo,44,14.0
2025-04-17,1,3,Lasagna Bolognese,27,16.0
2025-04-17,1,4,Bruschetta,31,8.0
2025-04-17,1,5,Tiramisu,34,7.0
2025-04-17,1,6,Caesar Salad,22,10.0
2025-04-17,1,7,Minestrone Soup,28,9.0
2025-04-17,2,1,Margherita Pizza,30,12.0
2025-04-17,2,2,Pasta Alfredo,40,14.0
2025-04-17,2,3,Lasagna Bolognese,26,16.0
2025-04-17,2,4,Bruschetta,34,8.0
2025-04-17,2,5,Tiramisu,42,7.0
2025-04-17,2,6,Caesar Salad,27,10.0
2025-04-17,2,7,Minestrone Soup,39,9.0
2025-04-17,3,1,Margherita Pizza,31,12.0
2025-04-17,3,2,Pasta Alfredo,40,14.0
2025-04-17,3,3,Lasagna Bolognese,27,16.0
2025-04-17,3,4,Bruschetta,37,8.0
2025-04-17,3,5,Tiramisu,34,7.0
2025-04-17,3,6,Caesar Salad,25,10.0
2025-04-17,3,7,Minestrone Soup,34,9.0
2025-04-17,4,1,Margherita Pizza,41,12.0
2025-04-17,4,2,Pasta Alfredo,43,14.0
2025-04-17,4,3,Lasagna Bolognese,26,16.0
2025-04-17,4,4,Bruschetta,33,8.0
2025-04-17,4,5,Tiramisu,47,7.0
2025-04-17,4,6,Caesar Salad,28,10.0
2025-04-17,4,7,Minestrone Soup,33,9.0
2025-04-17,5,1,Margherita Pizza,42,12.0
2025-04-17,5,2,Pasta Alfredo,47,14.0
2025-04-17,5,3,Lasagna Bolognese,35,16.0
2025-04-17,5,4,Bruschetta,35,8.0
2025-04-17,5,5,Tiramisu,40,7.0
2025-04-17,5,6,Caesar Salad,32,10.0
2025-04-17,5,7,Minestrone Soup,39,9.0
2025-04-18,1,1,Margherita Pizza,43,12.0
2025-04-18,1,2,Pasta Alfredo,54,14.0
2025-04-18,1,3,Lasagna Bolognese,30,16.0
2025-04-18,1,4,Bruschetta,45,8.0
2025-04-18,1,5,Tiramisu,46,7.0
2025-04-18,1,6,Caesar Salad,38,10.0
2025-04-18,1,7,Minestrone Soup,41,9.0
2025-04-18,2,1,Margherita Pizza,42,12.0
2025-04-18,2,2,Pasta Alfredo,50,14.0
2025-04-18,2,3,Lasagna Bolognese,33,16.0
2025-04-18,2,4,Bruschetta,45,8.0
2025-04-18,2,5,Tiramisu,50,7.0
2025-04-18,2,6,Caesar Salad,39,10.0
2025-04-18,2,7,Minestrone Soup,46,9.0
2025-04-18,3,1,Margherita Pizza,52,12.0
2025-04-18,3,2,Pasta Alfredo,56,14.0
2025-04-18,3,3,Lasagna Bolognese,41,16.0
2025-04-18,3,4,Bruschetta,51,8.0
2025-04-18,3,5,Tiramisu,53,7.0
2025-04-18,3,6,Caesar Salad,35,10.0
2025-04-18,3,7,Minestrone Soup,47,9.0
2025-04-18,4,1,Margherita Pizza,45,12.0
2025-04-18,4,2,Pasta Alfredo,65,14.0
2025-04-18,4,3,Lasagna Bolognese,45,16.0
2025-04-18,4,4,Bruschetta,55,8.0
2025-04-18,4,5,Tiramisu,57,7.0
2025-04-18,4,6,Caesar Salad,42,10.0
2025-04-18,4,7,Minestrone Soup,48,9.0
2025-04-18,5,1,Margherita Pizza,54,12.0
2025-04-18,5,2,Pasta Alfredo,56,14.0
2025-04-18,5,3,Lasagna Bolognese,35,16.0
2025-04-18,5,4,Bruschetta,49,8.0
2025-04-18,5,5,Tiramisu,55,7.0
2025-04-18,5,6,Caesar Salad,47,10.0
2025-04-18,5,7,Minestrone Soup,57,9.0
2025-04-19,1,1,Margherita Pizza,38,12.0
2025-04-19,1,2,Pasta Alfredo,53,14.0
2025-04-19,1,3,Lasagna Bolognese,38,16.0
2025-04-19,1,4,Bruschetta,38,8.0
2025-04-19,1,5,Tiramisu,48,7.0
2025-04-19,1,6,Caesar Salad,34,10.0
2025-04-19,1,7,Minestrone Soup,45,9.0
2025-04-19,2,1,Margherita Pizza,41,12.0
2025-04-19,2,2,Pasta Alfredo,52,14.0
2025-04-19,2,3,Lasagna Bolognese,35,16.0
2025-04-19,2,4,Bruschetta,46,8.0
2025-04-19,2,5,Tiramisu,51,7.0
2025-04-19,2,6,Caesar Salad,36,10.0
2025-04-19,2,7,Minestrone Soup,44,9.0
2025-04-19,3,1,Margherita Pizza,53,12.0
2025-04-19,3,2,Pasta Alfredo,53,14.0
2025-04-19,3,3,Lasagna Bolognese,36,16.0
2025-04-19,3,4,Bruschetta,49,8.0
2025-04-19,3,5,Tiramisu,54,7.0
2025-04-19,3,6,Caesar Salad,35,10.0
2025-04-19,3,7,Minestrone Soup,53,9.0
2025-04-19,4,1,Margherita Pizza,48,12.0
2025-04-19,4,2,Pasta Alfredo,56,14.0
2025-04-19,4,3,Lasagna Bolognese,41,16.0
2025-04-19,4,4,Bruschetta,54,8.0
2025-04-19,4,5,Tiramisu,52,7.0
2025-04-19,4,6,Caesar Salad,42,10.0
2025-04-19,4,7,Minestrone Soup,55,9.0
2025-04-19,5,1,Margherita Pizza,52,12.0
2025-04-19,5,2,Pasta Alfredo,56,14.0
2025-04-19,5,3,Lasagna Bolognese,41,16.0
2025-04-19,5,4,Bruschetta,52,8.0
2025-04-19,5,5,Tiramisu,64,7.0
2025-04-19,5,6,Caesar Salad,42,10.0
2025-04-19,5,7,Minestrone Soup,54,9.0
2025-04-20,1,1,Margherita Pizza,32,12.0
2025-04-20,1,2,Pasta Alfredo,38,14.0
2025-04-20,1,3,Lasagna Bolognese,29,16.0
2025-04-20,1,4,Bruschetta,40,8.0
2025-04-20,1,5,Tiramisu,42,7.0
2025-04-20,1,6,Caesar Salad,31,10.0
2025-04-20,1,7,Minestrone Soup,37,9.0
2025-04-20,2,1,Margherita Pizza,41,12.0
2025-04-20,2,2,Pasta Alfredo,42,14.0
2025-04-20,2,3,Lasagna Bolognese,34,16.0
2025-04-20,2,4,Bruschetta,35,8.0
2025-04-20,2,5,Tiramisu,50,7.0
2025-04-20,2,6,Caesar Salad,29,10.0
2025-04-20,2,7,Minestrone Soup,35,9.0
2025-04-20,3,1,Margherita Pizza,41,12.0
2025-04-20,3,2,Pasta Alfredo,47,14.0
2025-04-20,3,3,Lasagna Bolognese,34,16.0
2025-04-20,3,4,Bruschetta,41,8.0
2025-04-20,3,5,Tiramisu,43,7.0
2025-04-20,3,6,Caesar Salad,38,10.0
2025-04-20,3,7,Minestrone Soup,43,9.0
2025-04-20,4,1,Margherita Pizza,46,12.0
2025-04-20,4,2,Pasta Alfredo,47,14.0
2025-04-20,4,3,Lasagna Bolognese,36,16.0
2025-04-20,4,4,Bruschetta,42,8.0
2025-04-20,4,5,Tiramisu,52,7.0
2025-04-20,4,6,Caesar Salad,38,10.0
2025-04-20,4,7,Minestrone Soup,42,9.0
2025-04-20,5,1,Margherita Pizza,39,12.0
2025-04-20,5,2,Pasta Alfredo,56,14.0
2025-04-20,5,3,Lasagna Bolognese,38,16.0
2025-04-20,5,4,Bruschetta,42,8.0
2025-04-20,5,5,Tiramisu,52,7.0
2025-04-20,5,6,Caesar Salad,32,10.0
2025-04-20,5,7,Minestrone Soup,47,9.0
2025-04-21,1,1,Margherita Pizza,22,12.0
2025-04-21,1,2,Pasta Alfredo,30,14.0
2025-04-21,1,3,Lasagna Bolognese,23,16.0
2025-04-21,1,4,Bruschetta,30,8.0
2025-04-21,1,5,Tiramisu,31,7.0
2025-04-21,1,6,Caesar Salad,24,10.0
2025-04-21,1,7,Minestrone Soup,27,9.0
2025-04-21,2,1,Margherita Pizza,28,12.0
2025-04-21,2,2,Pasta Alfredo,33,14.0
2025-04-21,2,3,Lasagna Bolognese,23,16.0
2025-04-21,2,4,Bruschetta,23,8.0
2025-04-21,2,5,Tiramisu,30,7.0
2025-04-21,2,6,Caesar Salad,24,10.0
2025-04-21,2,7,Minestrone Soup,27,9.0
2025-04-21,3,1,Margherita Pizza,29,12.0
2025-04-21,3,2,Pasta Alfredo,33,14.0
2025-04-21,3,3,Lasagna Bolognese,22,16.0
2025-04-21,3,4,Bruschetta,28,8.0
2025-04-21,3,5,Tiramisu,33,7.0
2025-04-21,3,6,Caesar Salad,25,10.0
2025-04-21,3,7,Minestrone Soup,31,9.0
2025-04-21,4,1,Margherita Pizza,30,12.0
2025-04-21,4,2,Pasta Alfredo,33,14.0
2025-04-21,4,3,Lasagna Bolognese,22,16.0
2025-04-21,4,4,Bruschetta,39,8.0
2025-04-21,4,5,Tiramisu,33,7.0
2025-04-21,4,6,Caesar Salad,24,10.0
2025-04-21,4,7,Minestrone Soup,32,9.0
2025-04-21,5,1,Margherita Pizza,33,12.0
2025-04-21,5,2,Pasta Alfredo,39,14.0
2025-04-21,5,3,Lasagna Bolognese,26,16.0
2025-04-21,5,4,Bruschetta,33,8.0
2025-04-21,5,5,Tiramisu,38,7.0
2025-04-21,5,6,Caesar Salad,26,10.0
2025-04-21,5,7,Minestrone Soup,33,9.0
2025-04-22,1,1,Margherita Pizza,35,12.0
2025-04-22,1,2,Pasta Alfredo,37,14.0
2025-04-22,1,3,Lasagna Bolognese,26,16.0
2025-04-22,1,4,Bruschetta,35,8.0
2025-04-22,1,5,Tiramisu,39,7.0
2025-04-22,1,6,Caesar Salad,31,10.0
2025-04-22,1,7,Minestrone Soup,26,9.0
2025-04-22,2,1,Margherita Pizza,36,12.0
2025-04-22,2,2,Pasta Alfredo,40,14.0
2025-04-22,2,3,Lasagna Bolognese,25,16.0
2025-04-22,2,4,Bruschetta,34,8.0
2025-04-22,2,5,Tiramisu,42,7.0
2025-04-22,2,6,Caesar Salad,25,10.0
2025-04-22,2,7,Minestrone Soup,34,9.0
2025-04-22,3,1,Margherita Pizza,37,12.0
2025-04-22,3,2,Pasta Alfredo,37,14.0
2025-04-22,3,3,Lasagna Bolognese,28,16.0
2025-04-22,3,4,Bruschetta,36,8.0
2025-04-22,3,5,Tiramisu,38,7.0
2025-04-22,3,6,Caesar Salad,26,10.0
2025-04-22,3,7,Minestrone Soup,34,9.0
2025-04-22,4,1,Margherita Pizza,39,12.0
2025-04-22,4,2,Pasta Alfredo,44,14.0
2025-04-22,4,3,Lasagna Bolognese,28,16.0
2025-04-22,4,4,Bruschetta,38,8.0
2025-04-22,4,5,Tiramisu,40,7.0
2025-04-22,4,6,Caesar Salad,25,10.0
2025-04-22,4,7,Minestrone Soup,35,9.0
2025-04-22,5,1,Margherita Pizza,41,12.0
2025-04-22,5,2,Pasta Alfredo,46,14.0
2025-04-22,5,3,Lasagna Bolognese,32,16.0
2025-04-22,5,4,Bruschetta,37,8.0
2025-04-22,5,5,Tiramisu,43,7.0
2025-04-22,5,6,Caesar Salad,32,10.0
2025-04-22,5,7,Minestrone Soup,35,9.0
2025-04-23,1,1,Margherita Pizza,30,12.0
2025-04-23,1,2,Pasta Alfredo,36,14.0
2025-04-23,1,3,Lasagna Bolognese,22,16.0
2025-04-23,1,4,Bruschetta,29,8.0
2025-04-23,1,5,Tiramisu,38,7.0
2025-04-23,1,6,Caesar Salad,26,10.0
2025-04-23,1,7,Minestrone Soup,30,9.0
2025-04-23,2,1,Margherita Pizza,30,12.0
2025-04-23,2,2,Pasta Alfredo,43,14.0
2025-04-23,2,3,Lasagna Bolognese,25,16.0
2025-04-23,2,4,Bruschetta,34,8.0
2025-04-23,2,5,Tiramisu,37,7.0
2025-04-23,2,6,Caesar Salad,28,10.0
2025-04-23,2,7,Minestrone Soup,34,9.0
2025-04-23,3,1,Margherita Pizza,31,12.0
2025-04-23,3,2,Pasta Alfredo,40,14.0
2025-04-23,3,3,Lasagna Bolognese,32,16.0
2025-04-23,3,4,Bruschetta,40,8.0
2025-04-23,3,5,Tiramisu,40,7.0
2025-04-23,3,6,Caesar Salad,29,10.0
2025-04-23,3,7,Minestrone Soup,41,9.0
2025-04-23,4,1,Margherita Pizza,40,12.0
2025-04-23,4,2,Pasta Alfredo,40,14.0
2025-04-23,4,3,Lasagna Bolognese,28,16.0
2025-04-23,4,4,Bruschetta,39,8.0
2025-04-23,4,5,Tiramisu,39,7.0
2025-04-23,4,6,Caesar Salad,34,10.0
2025-04-23,4,7,Minestrone Soup,37,9.0
2025-04-23,5,1,Margherita Pizza,40,12.0
2025-04-23,5,2,Pasta Alfredo,44,14.0
2025-04-23,5,3,Lasagna Bolognese,30,16.0
2025-04-23,5,4,Bruschetta,42,8.0
2025-04-23,5,5,Tiramisu,44,7.0
2025-04-23,5,6,Caesar Salad,30,10.0
2025-04-23,5,7,Minestrone Soup,38,9.0
2025-04-24,1,1,Margherita Pizza,32,12.0
2025-04-24,1,2,Pasta Alfredo,33,14.0
2025-04-24,1,3,Lasagna Bolognese,24,16.0
2025-04-24,1,4,Bruschetta,29,8.0
2025-04-24,1,5,Tiramisu,39,7.0
2025-04-24,1,6,Caesar Salad,23,10.0
2025-04-24,1,7,Minestrone Soup,26,9.0
2025-04-24,2,1,Margherita Pizza,27,12.0
2025-04-24,2,2,Pasta Alfredo,34,14.0
2025-04-24,2,3,Lasagna Bolognese,32,16.0
2025-04-24,2,4,Bruschetta,33,8.0
2025-04-24,2,5,Tiramisu,40,7.0
2025-04-24,2,6,Caesar Salad,29,10.0
2025-04-24,2,7,Minestrone Soup,33,9.0
2025-04-24,3,1,Margherita Pizza,34,12.0
2025-04-24,3,2,Pasta Alfredo,44,14.0
2025-04-24,3,3,Lasagna Bolognese,29,16.0
2025-04-24,3,4,Bruschetta,39,8.0
2025-04-24,3,5,Tiramisu,42,7.0
2025-04-24,3,6,Caesar Salad,27,10.0
2025-04-24,3,7,Minestrone Soup,33,9.0
2025-04-24,4,1,Margherita Pizza,34,12.0
2025-04-24,4,2,Pasta Alfredo,46,14.0
2025-04-24,4,3,Lasagna Bolognese,29,16.0
2025-04-24,4,4,Bruschetta,34,8.0
2025-04-24,4,5,Tiramisu,43,7.0
2025-04-24,4,6,Caesar Salad,30,10.0
2025-04-24,4,7,Minestrone Soup,37,9.0
2025-04-24,5,1,Margherita Pizza,44,12.0
2025-04-24,5,2,Pasta Alfredo,47,14.0
2025-04-24,5,3,Lasagna Bolognese,32,16.0
2025-04-24,5,4,Bruschetta,34,8.0
2025-04-24,5,5,Tiramisu,43,7.0
2025-04-24,5,6,Caesar Salad,34,10.0
2025-04-24,5,7,Minestrone Soup,34,9.0
2025-04-25,1,1,Margherita Pizza,49,12.0
2025-04-25,1,2,Pasta Alfredo,49,14.0
2025-04-25,1,3,Lasagna Bolognese,35,16.0
2025-04-25,1,4,Bruschetta,40,8.0
2025-04-25,1,5,Tiramisu,51,7.0
2025-04-25,1,6,Caesar Salad,32,10.0
2025-04-25,1,7,Minestrone Soup,49,9.0
2025-04-25,2,1,Margherita Pizza,49,12.0
2025-04-25,2,2,Pasta Alfredo,55,14.0
2025-04-25,2,3,Lasagna Bolognese,33,16.0
2025-04-25,2,4,Bruschetta,45,8.0
2025-04-25,2,5,Tiramisu,56,7.0
2025-04-25,2,6,Caesar Salad,39,10.0
2025-04-25,2,7,Minestrone Soup,42,9.0
2025-04-25,3,1,Margherita Pizza,45,12.0
2025-04-25,3,2,Pasta Alfredo,53,14.0
2025-04-25,3,3,Lasagna Bolognese,37,16.0
2025-04-25,3,4,Bruschetta,51,8.0
2025-04-25,3,5,Tiramisu,49,7.0
2025-04-25,3,6,Caesar Salad,41,10.0
2025-04-25,3,7,Minestrone Soup,43,9.0
2025-04-25,4,1,Margherita Pizza,46,12.0
2025-04-25,4,2,Pasta Alfredo,51,14.0
2025-04-25,4,3,Lasagna Bolognese,39,16.0
2025-04-25,4,4,Bruschetta,54,8.0
2025-04-25,4,5,Tiramisu,58,7.0
2025-04-25,4,6,Caesar Salad,37,10.0
2025-04-25,4,7,Minestrone Soup,52,9.0
2025-04-25,5,1,Margherita Pizza,55,12.0
2025-04-25,5,2,Pasta Alfredo,60,14.0
2025-04-25,5,3,Lasagna Bolognese,49,16.0
2025-04-25,5,4,Bruschetta,54,8.0
2025-04-25,5,5,Tiramisu,62,7.0
2025-04-25,5,6,Caesar Salad,40,10.0
2025-04-25,5,7,Minestrone Soup,53,9.0
2025-04-26,1,1,Margherita Pizza,43,12.0
2025-04-26,1,2,Pasta Alfredo,51,14.0
2025-04-26,1,3,Lasagna Bolognese,33,16.0
2025-04-26,1,4,Bruschetta,43,8.0
2025-04-26,1,5,Tiramisu,47,7.0
2025-04-26,1,6,Caesar Salad,29,10.0
2025-04-26,1,7,Minestrone Soup,45,9.0
2025-04-26,2,1,Margherita Pizza,40,12.0
2025-04-26,2,2,Pasta Alfredo,52,14.0
2025-04-26,2,3,Lasagna Bolognese,38,16.0
2025-04-26,2,4,Bruschetta,46,8.0
2025-04-26,2,5,Tiramisu,51,7.0
2025-04-26,2,6,Caesar Salad,38,10.0
2025-04-26,2,7,Minestrone Soup,46,9.0
2025-04-26,3,1,Margherita Pizza,49,12.0
2025-04-26,3,2,Pasta Alfredo,60,14.0
2025-04-26,3,3,Lasagna Bolognese,40,16.0
2025-04-26,3,4,Bruschetta,47,8.0
2025-04-26,3,5,Tiramisu,52,7.0
2025-04-26,3,6,Caesar Salad,40,10.0
2025-04-26,3,7,Minestrone Soup,49,9.0
2025-04-26,4,1,Margherita Pizza,48,12.0
2025-04-26,4,2,Pasta Alfredo,59,14.0
2025-04-26,4,3,Lasagna Bolognese,40,16.0
2025-04-26,4,4,Bruschetta,51,8.0
2025-04-26,4,5,Tiramisu,60,7.0
2025-04-26,4,6,Caesar Salad,44,10.0
2025-04-26,4,7,Minestrone Soup,49,9.0
2025-04-26,5,1,Margherita Pizza,48,12.0
2025-04-26,5,2,Pasta Alfredo,58,14.0
2025-04-26,5,3,Lasagna Bolognese,44,16.0
2025-04-26,5,4,Bruschetta,59,8.0
2025-04-26,5,5,Tiramisu,59,7.0
2025-04-26,5,6,Caesar Salad,44,10.0
2025-04-26,5,7,Minestrone Soup,50,9.0
2025-04-27,1,1,Margherita Pizza,33,12.0
2025-04-27,1,2,Pasta Alfredo,40,14.0
2025-04-27,1,3,Lasagna Bolognese,24,16.0
2025-04-27,1,4,Bruschetta,40,8.0
2025-04-27,1,5,Tiramisu,35,7.0
2025-04-27,1,6,Caesar Salad,29,10.0
2025-04-27,1,7,Minestrone Soup,33,9.0
2025-04-27,2,1,Margherita Pizza,35,12.0
2025-04-27,2,2,Pasta Alfredo,48,14.0
2025-04-27,2,3,Lasagna Bolognese,32,16.0
2025-04-27,2,4,Bruschetta,35,8.0
2025-04-27,2,5,Tiramisu,43,7.0
2025-04-27,2,6,Caesar Salad,29,10.0
2025-04-27,2,7,Minestrone Soup,38,9.0
2025-04-27,3,1,Margherita Pizza,40,12.0
2025-04-27,3,2,Pasta Alfredo,52,14.0
2025-04-27,3,3,Lasagna Bolognese,27,16.0
2025-04-27,3,4,Bruschetta,40,8.0
2025-04-27,3,5,Tiramisu,46,7.0
2025-04-27,3,6,Caesar Salad,36,10.0
2025-04-27,3,7,Minestrone Soup,41,9.0
2025-04-27,4,1,Margherita Pizza,44,12.0
2025-04-27,4,2,Pasta Alfredo,50,14.0
2025-04-27,4,3,Lasagna Bolognese,32,16.0
2025-04-27,4,4,Bruschetta,45,8.0
2025-04-27,4,5,Tiramisu,51,7.0
2025-04-27,4,6,Caesar Salad,38,10.0
2025-04-27,4,7,Minestrone Soup,46,9.0
2025-04-27,5,1,Margherita Pizza,45,12.0
2025-04-27,5,2,Pasta Alfredo,55,14.0
2025-04-27,5,3,Lasagna Bolognese,38,16.0
2025-04-27,5,4,Bruschetta,43,8.0
2025-04-27,5,5,Tiramisu,51,7.0
2025-04-27,5,6,Caesar Salad,36,10.0
2025-04-27,5,7,Minestrone Soup,42,9.0
2025-04-28,1,1,Margherita Pizza,32,12.0
2025-04-28,1,2,Pasta Alfredo,32,14.0
2025-04-28,1,3,Lasagna Bolognese,22,16.0
2025-04-28,1,4,Bruschetta,28,8.0
2025-04-28,1,5,Tiramisu,40,7.0
2025-04-28,1,6,Caesar Salad,19,10.0
2025-04-28,1,7,Minestrone Soup,24,9.0
2025-04-28,2,1,Margherita Pizza,24,12.0
2025-04-28,2,2,Pasta Alfredo,32,14.0
2025-04-28,2,3,Lasagna Bolognese,24,16.0
2025-04-28,2,4,Bruschetta,27,8.0
2025-04-28,2,5,Tiramisu,31,7.0
2025-04-28,2,6,Caesar Salad,24,10.0
2025-04-28,2,7,Minestrone Soup,27,9.0
2025-04-28,3,1,Margherita Pizza,30,12.0
2025-04-28,3,2,Pasta Alfredo,38,14.0
2025-04-28,3,3,Lasagna Bolognese,27,16.0
2025-04-28,3,4,Bruschetta,32,8.0
2025-04-28,3,5,Tiramisu,38,7.0
2025-04-28,3,6,Caesar Salad,25,10.0
2025-04-28,3,7,Minestrone Soup,29,9.0
2025-04-28,4,1,Margherita Pizza,29,12.0
2025-04-28,4,2,Pasta Alfredo,35,14.0
2025-04-28,4,3,Lasagna Bolognese,24,16.0
2025-04-28,4,4,Bruschetta,33,8.0
2025-04-28,4,5,Tiramisu,37,7.0
2025-04-28,4,6,Caesar Salad,28,10.0
2025-04-28,4,7,Minestrone Soup,27,9.0
2025-04-28,5,1,Margherita Pizza,37,12.0
2025-04-28,5,2,Pasta Alfredo,36,14.0
2025-04-28,5,3,Lasagna Bolognese,24,16.0
2025-04-28,5,4,Bruschetta,31,8.0
2025-04-28,5,5,Tiramisu,45,7.0
2025-04-28,5,6,Caesar Salad,26,10.0
2025-04-28,5,7,Minestrone Soup,31,9.0
2025-04-29,1,1,Margherita Pizza,31,12.0
2025-04-29,1,2,Pasta Alfredo,36,14.0
2025-04-29,1,3,Lasagna Bolognese,24,16.0
2025-04-29,1,4,Bruschetta,32,8.0
2025-04-29,1,5,Tiramisu,40,7.0
2025-04-29,1,6,Caesar Salad,27,10.0
2025-04-29,1,7,Minestrone Soup,28,9.0
2025-04-29,2,1,Margherita Pizza,32,12.0
2025-04-29,2,2,Pasta Alfredo,37,14.0
2025-04-29,2,3,Lasagna Bolognese,28,16.0
2025-04-29,2,4,Bruschetta,37,8.0
2025-04-29,2,5,Tiramisu,38,7.0
2025-04-29,2,6,Caesar Salad,27,10.0
2025-04-29,2,7,Minestrone Soup,38,9.0
2025-04-29,3,1,Margherita Pizza,37,12.0
2025-04-29,3,2,Pasta Alfredo,42,14.0
2025-04-29,3,3,Lasagna Bolognese,35,16.0
2025-04-29,3,4,Bruschetta,36,8.0
2025-04-29,3,5,Tiramisu,34,7.0
2025-04-29,3,6,Caesar Salad,31,10.0
2025-04-29,3,7,Minestrone Soup,30,9.0
2025-04-29,4,1,Margherita Pizza,38,12.0
2025-04-29,4,2,Pasta Alfredo,37,14.0
2025-04-29,4,3,Lasagna Bolognese,29,16.0
2025-04-29,4,4,Bruschetta,35,8.0
2025-04-29,4,5,Tiramisu,40,7.0
2025-04-29,4,6,Caesar Salad,29,10.0
2025-04-29,4,7,Minestrone Soup,39,9.0
2025-04-29,5,1,Margherita Pizza,36,12.0
2025-04-29,5,2,Pasta Alfredo,46,14.0
2025-04-29,5,3,Lasagna Bolognese,29,16.0
2025-04-29,5,4,Bruschetta,37,8.0
2025-04-29,5,5,Tiramisu,45,7.0
2025-04-29,5,6,Caesar Salad,29,10.0
2025-04-29,5,7,Minestrone Soup,34,9.0
2025-04-30,1,1,Margherita Pizza,33,12.0
2025-04-30,1,2,Pasta Alfredo,40,14.0
2025-04-30,1,3,Lasagna Bolognese,26,16.0
2025-04-30,1,4,Bruschetta,30,8.0
2025-04-30,1,5,Tiramisu,37,7.0
2025-04-30,1,6,Caesar Salad,26,10.0
2025-04-30,1,7,Minestrone Soup,32,9.0
2025-04-30,2,1,Margherita Pizza,25,12.0
2025-04-30,2,2,Pasta Alfredo,35,14.0
2025-04-30,2,3,Lasagna Bolognese,25,16.0
2025-04-30,2,4,Bruschetta,33,8.0
2025-04-30,2,5,Tiramisu,39,7.0
2025-04-30,2,6,Caesar Salad,29,10.0
2025-04-30,2,7,Minestrone Soup,34,9.0
2025-04-30,3,1,Margherita Pizza,31,12.0
2025-04-30,3,2,Pasta Alfredo,45,14.0
2025-04-30,3,3,Lasagna Bolognese,33,16.0
2025-04-30,3,4,Bruschetta,31,8.0
2025-04-30,3,5,Tiramisu,41,7.0
2025-04-30,3,6,Caesar Salad,27,10.0
2025-04-30,3,7,Minestrone Soup,35,9.0
2025-04-30,4,1,Margherita Pizza,39,12.0
2025-04-30,4,2,Pasta Alfredo,49,14.0
2025-04-30,4,3,Lasagna Bolognese,33,16.0
2025-04-30,4,4,Bruschetta,37,8.0
2025-04-30,4,5,Tiramisu,41,7.0
2025-04-30,4,6,Caesar Salad,31,10.0
2025-04-30,4,7,Minestrone Soup,40,9.0
2025-04-30,5,1,Margherita Pizza,38,12.0
2025-04-30,5,2,Pasta Alfredo,42,14.0
2025-04-30,5,3,Lasagna Bolognese,27,16.0
2025-04-30,5,4,Bruschetta,39,8.0
2025-04-30,5,5,Tiramisu,45,7.0
2025-04-30,5,6,Caesar Salad,30,10.0
2025-04-30,5,7,Minestrone Soup,41,9.0
2025-05-01,1,1,Margherita Pizza,30,12.0
2025-05-01,1,2,Pasta Alfredo,36,14.0
2025-05-01,1,3,Lasagna Bolognese,26,16.0
2025-05-01,1,4,Bruschetta,30,8.0
2025-05-01,1,5,Tiramisu,37,7.0
2025-05-01,1,6,Caesar Salad,29,10.0
2025-05-01,1,7,Minestrone Soup,28,9.0
2025-05-01,2,1,Margherita Pizza,34,12.0
2025-05-01,2,2,Pasta Alfredo,39,14.0
2025-05-01,2,3,Lasagna Bolognese,28,16.0
2025-05-01,2,4,Bruschetta,35,8.0
2025-05-01,2,5,Tiramisu,38,7.0
2025-05-01,2,6,Caesar Salad,29,10.0
2025-05-01,2,7,Minestrone Soup,35,9.0
2025-05-01,3,1,Margherita Pizza,33,12.0
2025-05-01,3,2,Pasta Alfredo,41,14.0
2025-05-01,3,3,Lasagna Bolognese,28,16.0
2025-05-01,3,4,Bruschetta,34,8.0
2025-05-01,3,5,Tiramisu,39,7.0
2025-05-01,3,6,Caesar Salad,30,10.0
2025-05-01,3,7,Minestrone Soup,34,9.0
2025-05-01,4,1,Margherita Pizza,37,12.0
2025-05-01,4,2,Pasta Alfredo,42,14.0
2025-05-01,4,3,Lasagna Bolognese,25,16.0
2025-05-01,4,4,Bruschetta,36,8.0
2025-05-01,4,5,Tiramisu,42,7.0
2025-05-01,4,6,Caesar Salad,31,10.0
2025-05-01,4,7,Minestrone Soup,34,9.0
2025-05-01,5,1,Margherita Pizza,34,12.0
2025-05-01,5,2,Pasta Alfredo,46,14.0
2025-05-01,5,3,Lasagna Bolognese,30,16.0
2025-05-01,5,4,Bruschetta,38,8.0
2025-05-01,5,5,Tiramisu,43,7.0
2025-05-01,5,6,Caesar Salad,31,10.0
2025-05-01,5,7,Minestrone Soup,36,9.0
2025-05-02,1,1,Margherita Pizza,39,12.0
2025-05-02,1,2,Pasta Alfredo,50,14.0
2025-05-02,1,3,Lasagna Bolognese,33,16.0
2025-05-02,1,4,Bruschetta,42,8.0
2025-05-02,1,5,Tiramisu,50,7.0
2025-05-02,1,6,Caesar Salad,33,10.0
2025-05-02,1,7,Minestrone Soup,38,9.0
2025-05-02,2,1,Margherita Pizza,51,12.0
2025-05-02,2,2,Pasta Alfredo,50,14.0
2025-05-02,2,3,Lasagna Bolognese,39,16.0
2025-05-02,2,4,Bruschetta,50,8.0
2025-05-02,2,5,Tiramisu,54,7.0
2025-05-02,2,6,Caesar Salad,36,10.0
2025-05-02,2,7,Minestrone Soup,44,9.0
2025-05-02,3,1,Margherita Pizza,44,12.0
2025-05-02,3,2,Pasta Alfredo,57,14.0
2025-05-02,3,3,Lasagna Bolognese,40,16.0
2025-05-02,3,4,Bruschetta,45,8.0
2025-05-02,3,5,Tiramisu,51,7.0
2025-05-02,3,6,Caesar Salad,35,10.0
2025-05-02,3,7,Minestrone Soup,49,9.0
2025-05-02,4,1,Margherita Pizza,49,12.0
2025-05-02,4,2,Pasta Alfredo,57,14.0
2025-05-02,4,3,Lasagna Bolognese,38,16.0
2025-05-02,4,4,Bruschetta,44,8.0
2025-05-02,4,5,Tiramisu,59,7.0
2025-05-02,4,6,Caesar Salad,40,10.0
2025-05-02,4,7,Minestrone Soup,51,9.0
2025-05-02,5,1,Margherita Pizza,49,12.0
2025-05-02,5,2,Pasta Alfredo,58,14.0
2025-05-02,5,3,Lasagna Bolognese,44,16.0
2025-05-02,5,4,Bruschetta,53,8.0
2025-05-02,5,5,Tiramisu,61,7.0
2025-05-02,5,6,Caesar Salad,41,10.0
2025-05-02,5,7,Minestrone Soup,52,9.0
2025-05-03,1,1,Margherita Pizza,45,12.0
2025-05-03,1,2,Pasta Alfredo,48,14.0
2025-05-03,1,3,Lasagna Bolognese,33,16.0
2025-05-03,1,4,Bruschetta,46,8.0
2025-05-03,1,5,Tiramisu,47,7.0
2025-05-03,1,6,Caesar Salad,37,10.0
2025-05-03,1,7,Minestrone Soup,42,9.0
2025-05-03,2,1,Margherita Pizza,38,12.0
2025-05-03,2,2,Pasta Alfredo,55,14.0
2025-05-03,2,3,Lasagna Bolognese,28,16.0
2025-05-03,2,4,Bruschetta,38,8.0
2025-05-03,2,5,Tiramisu,53,7.0
2025-05-03,2,6,Caesar Salad,38,10.0
2025-05-03,2,7,Minestrone Soup,42,9.0
2025-05-03,3,1,Margherita Pizza,47,12.0
2025-05-03,3,2,Pasta Alfredo,46,14.0
2025-05-03,3,3,Lasagna Bolognese,41,16.0
2025-05-03,3,4,Bruschetta,47,8.0
2025-05-03,3,5,Tiramisu,54,7.0
2025-05-03,3,6,Caesar Salad,39,10.0
2025-05-03,3,7,Minestrone Soup,48,9.0
2025-05-03,4,1,Margherita Pizza,48,12.0
2025-05-03,4,2,Pasta Alfredo,51,14.0
2025-05-03,4,3,Lasagna Bolognese,47,16.0
2025-05-03,4,4,Bruschetta,52,8.0
2025-05-03,4,5,Tiramisu,53,7.0
2025-05-03,4,6,Caesar Salad,39,10.0
2025-05-03,4,7,Minestrone Soup,48,9.0
2025-05-03,5,1,Margherita Pizza,54,12.0
2025-05-03,5,2,Pasta Alfredo,53,14.0
2025-05-03,5,3,Lasagna Bolognese,41,16.0
2025-05-03,5,4,Bruschetta,45,8.0
2025-05-03,5,5,Tiramisu,58,7.0
2025-05-03,5,6,Caesar Salad,41,10.0
2025-05-03,5,7,Minestrone Soup,51,9.0
2025-05-04,1,1,Margherita Pizza,34,12.0
2025-05-04,1,2,Pasta Alfredo,39,14.0
2025-05-04,1,3,Lasagna Bolognese,32,16.0
2025-05-04,1,4,Bruschetta,37,8.0
2025-05-04,1,5,Tiramisu,43,7.0
2025-05-04,1,6,Caesar Salad,29,10.0
2025-05-04,1,7,Minestrone Soup,34,9.0
2025-05-04,2,1,Margherita Pizza,37,12.0
2025-05-04,2,2,Pasta Alfredo,45,14.0
2025-05-04,2,3,Lasagna Bolognese,25,16.0
2025-05-04,2,4,Bruschetta,39,8.0
2025-05-04,2,5,Tiramisu,45,7.0
2025-05-04,2,6,Caesar Salad,31,10.0
2025-05-04,2,7,Minestrone Soup,37,9.0
2025-05-04,3,1,Margherita Pizza,32,12.0
2025-05-04,3,2,Pasta Alfredo,45,14.0
2025-05-04,3,3,Lasagna Bolognese,38,16.0
2025-05-04,3,4,Bruschetta,39,8.0
2025-05-04,3,5,Tiramisu,45,7.0
2025-05-04,3,6,Caesar Salad,33,10.0
2025-05-04,3,7,Minestrone Soup,40,9.0
2025-05-04,4,1,Margherita Pizza,43,12.0
2025-05-04,4,2,Pasta Alfredo,47,14.0
2025-05-04,4,3,Lasagna Bolognese,36,16.0
2025-05-04,4,4,Bruschetta,46,8.0
2025-05-04,4,5,Tiramisu,51,7.0
2025-05-04,4,6,Caesar Salad,41,10.0
2025-05-04,4,7,Minestrone Soup,39,9.0
2025-05-04,5,1,Margherita Pizza,48,12.0
2025-05-04,5,2,Pasta Alfredo,48,14.0
2025-05-04,5,3,Lasagna Bolognese,37,16.0
2025-05-04,5,4,Bruschetta,45,8.0
2025-05-04,5,5,Tiramisu,49,7.0
2025-05-04,5,6,Caesar Salad,36,10.0
2025-05-04,5,7,Minestrone Soup,46,9.0
2025-05-05,1,1,Margherita Pizza,24,12.0
2025-05-05,1,2,Pasta Alfredo,36,14.0
2025-05-05,1,3,Lasagna Bolognese,18,16.0
2025-05-05,1,4,Bruschetta,32,8.0
2025-05-05,1,5,Tiramisu,34,7.0
2025-05-05,1,6,Caesar Salad,22,10.0
2025-05-05,1,7,Minestrone Soup,25,9.0
2025-05-05,2,1,Margherita Pizza,26,12.0
2025-05-05,2,2,Pasta Alfredo,32,14.0
2025-05-05,2,3,Lasagna Bolognese,23,16.0
2025-05-05,2,4,Bruschetta,31,8.0
2025-05-05,2,5,Tiramisu,38,7.0
2025-05-05,2,6,Caesar Salad,24,10.0
2025-05-05,2,7,Minestrone Soup,25,9.0
2025-05-05,3,1,Margherita Pizza,27,12.0
2025-05-05,3,2,Pasta Alfredo,33,14.0
2025-05-05,3,3,Lasagna Bolognese,21,16.0
2025-05-05,3,4,Bruschetta,26,8.0
2025-05-05,3,5,Tiramisu,40,7.0
2025-05-05,3,6,Caesar Salad,25,10.0
2025-05-05,3,7,Minestrone Soup,27,9.0
2025-05-05,4,1,Margherita Pizza,33,12.0
2025-05-05,4,2,Pasta Alfredo,32,14.0
2025-05-05,4,3,Lasagna Bolognese,22,16.0
2025-05-05,4,4,Bruschetta,28,8.0
2025-05-05,4,5,Tiramisu,41,7.0
2025-05-05,4,6,Caesar Salad,25,10.0
2025-05-05,4,7,Minestrone Soup,23,9.0
2025-05-05,5,1,Margherita Pizza,35,12.0
2025-05-05,5,2,Pasta Alfredo,36,14.0
2025-05-05,5,3,Lasagna Bolognese,21,16.0
2025-05-05,5,4,Bruschetta,31,8.0
2025-05-05,5,5,Tiramisu,39,7.0
2025-05-05,5,6,Caesar Salad,28,10.0
2025-05-05,5,7,Minestrone Soup,37,9.0
2025-05-06,1,1,Margherita Pizza,28,12.0
2025-05-06,1,2,Pasta Alfredo,36,14.0
2025-05-06,1,3,Lasagna Bolognese,24,16.0
2025-05-06,1,4,Bruschetta,26,8.0
2025-05-06,1,5,Tiramisu,39,7.0
2025-05-06,1,6,Caesar Salad,27,10.0
2025-05-06,1,7,Minestrone Soup,32,9.0
2025-05-06,2,1,Margherita Pizza,34,12.0
2025-05-06,2,2,Pasta Alfredo,36,14.0
2025-05-06,2,3,Lasagna Bolognese,24,16.0
2025-05-06,2,4,Bruschetta,33,8.0
2025-05-06,2,5,Tiramisu,42,7.0
2025-05-06,2,6,Caesar Salad,32,10.0
2025-05-06,2,7,Minestrone Soup,35,9.0
2025-05-06,3,1,Margherita Pizza,34,12.0
2025-05-06,3,2,Pasta Alfredo,41,14.0
2025-05-06,3,3,Lasagna Bolognese,29,16.0
2025-05-06,3,4,Bruschetta,31,8.0
2025-05-06,3,5,Tiramisu,40,7.0
2025-05-06,3,6,Caesar Salad,25,10.0
2025-05-06,3,7,Minestrone Soup,34,9.0
2025-05-06,4,1,Margherita Pizza,41,12.0
2025-05-06,4,2,Pasta Alfredo,44,14.0
2025-05-06,4,3,Lasagna Bolognese,27,16.0
2025-05-06,4,4,Bruschetta,36,8.0
2025-05-06,4,5,Tiramisu,39,7.0
2025-05-06,4,6,Caesar Salad,30,10.0
2025-05-06,4,7,Minestrone Soup,39,9.0
2025-05-06,5,1,Margherita Pizza,39,12.0
2025-05-06,5,2,Pasta Alfredo,51,14.0
2025-05-06,5,3,Lasagna Bolognese,35,16.0
2025-05-06,5,4,Bruschetta,38,8.0
2025-05-06,5,5,Tiramisu,46,7.0
2025-05-06,5,6,Caesar Salad,31,10.0
2025-05-06,5,7,Minestrone Soup,34,9.0
2025-05-07,1,1,Margherita Pizza,35,12.0
2025-05-07,1,2,Pasta Alfredo,39,14.0
2025-05-07,1,3,Lasagna Bolognese,25,16.0
2025-05-07,1,4,Bruschetta,32,8.0
2025-05-07,1,5,Tiramisu,40,7.0
2025-05-07,1,6,Caesar Salad,28,10.0
2025-05-07,1,7,Minestrone Soup,27,9.0
2025-05-07,2,1,Margherita Pizza,33,12.0
2025-05-07,2,2,Pasta Alfredo,38,14.0
2025-05-07,2,3,Lasagna Bolognese,31,16.0
2025-05-07,2,4,Bruschetta,36,8.0
2025-05-07,2,5,Tiramisu,42,7.0
2025-05-07,2,6,Caesar Salad,24,10.0
2025-05-07,2,7,Minestrone Soup,30,9.0
2025-05-07,3,1,Margherita Pizza,38,12.0
2025-05-07,3,2,Pasta Alfredo,38,14.0
2025-05-07,3,3,Lasagna Bolognese,24,16.0
2025-05-07,3,4,Bruschetta,36,8.0
2025-05-07,3,5,Tiramisu,38,7.0
2025-05-07,3,6,Caesar Salad,34,10.0
2025-05-07,3,7,Minestrone Soup,35,9.0
2025-05-07,4,1,Margherita Pizza,36,12.0
2025-05-07,4,2,Pasta Alfredo,41,14.0
2025-05-07,4,3,Lasagna Bolognese,35,16.0
2025-05-07,4,4,Bruschetta,37,8.0
2025-05-07,4,5,Tiramisu,41,7.0
2025-05-07,4,6,Caesar Salad,27,10.0
2025-05-07,4,7,Minestrone Soup,36,9.0
2025-05-07,5,1,Margherita Pizza,35,12.0
2025-05-07,5,2,Pasta Alfredo,47,14.0
2025-05-07,5,3,Lasagna Bolognese,26,16.0
2025-05-07,5,4,Bruschetta,37,8.0
2025-05-07,5,5,Tiramisu,46,7.0
2025-05-07,5,6,Caesar Salad,32,10.0
2025-05-07,5,7,Minestrone Soup,35,9.0
2025-05-08,1,1,Margherita Pizza,33,12.0
2025-05-08,1,2,Pasta Alfredo,33,14.0
2025-05-08,1,3,Lasagna Bolognese,26,16.0
2025-05-08,1,4,Bruschetta,33,8.0
2025-05-08,1,5,Tiramisu,38,7.0
2025-05-08,1,6,Caesar Salad,24,10.0
2025-05-08,1,7,Minestrone Soup,35,9.0
2025-05-08,2,1,Margherita Pizza,33,12.0
2025-05-08,2,2,Pasta Alfredo,40,14.0
2025-05-08,2,3,Lasagna Bolognese,32,16.0
2025-05-08,2,4,Bruschetta,36,8.0
2025-05-08,2,5,Tiramisu,41,7.0
2025-05-08,2,6,Caesar Salad,28,10.0
2025-05-08,2,7,Minestrone Soup,35,9.0
2025-05-08,3,1,Margherita Pizza,35,12.0
2025-05-08,3,2,Pasta Alfredo,36,14.0
2025-05-08,3,3,Lasagna Bolognese,29,16.0
2025-05-08,3,4,Bruschetta,35,8.0
2025-05-08,3,5,Tiramisu,42,7.0
2025-05-08,3,6,Caesar Salad,28,10.0
2025-05-08,3,7,Minestrone Soup,32,9.0
2025-05-08,4,1,Margherita Pizza,38,12.0
2025-05-08,4,2,Pasta Alfredo,38,14.0
2025-05-08,4,3,Lasagna Bolognese,34,16.0
2025-05-08,4,4,Bruschetta,35,8.0
2025-05-08,4,5,Tiramisu,43,7.0
2025-05-08,4,6,Caesar Salad,32,10.0
2025-05-08,4,7,Minestrone Soup,38,9.0
2025-05-08,5,1,Margherita Pizza,33,12.0
2025-05-08,5,2,Pasta Alfredo,46,14.0
2025-05-08,5,3,Lasagna Bolognese,32,16.0
2025-05-08,5,4,Bruschetta,36,8.0
2025-05-08,5,5,Tiramisu,41,7.0
2025-05-08,5,6,Caesar Salad,30,10.0
2025-05-08,5,7,Minestrone Soup,34,9.0
2025-05-09,1,1,Margherita Pizza,47,12.0
2025-05-09,1,2,Pasta Alfredo,53,14.0
2025-05-09,1,3,Lasagna Bolognese,36,16.0
2025-05-09,1,4,Bruschetta,41,8.0
2025-05-09,1,5,Tiramisu,48,7.0
2025-05-09,1,6,Caesar Salad,37,10.0
2025-05-09,1,7,Minestrone Soup,47,9.0
2025-05-09,2,1,Margherita Pizza,42,12.0
2025-05-09,2,2,Pasta Alfredo,48,14.0
2025-05-09,2,3,Lasagna Bolognese,41,16.0
2025-05-09,2,4,Bruschetta,39,8.0
2025-05-09,2,5,Tiramisu,48,7.0
2025-05-09,2,6,Caesar Salad,36,10.0
2025-05-09,2,7,Minestrone Soup,39,9.0
2025-05-09,3,1,Margherita Pizza,50,12.0
2025-05-09,3,2,Pasta Alfredo,56,14.0
2025-05-09,3,3,Lasagna Bolognese,37,16.0
2025-05-09,3,4,Bruschetta,50,8.0
2025-05-09,3,5,Tiramisu,58,7.0
2025-05-09,3,6,Caesar Salad,38,10.0
2025-05-09,3,7,Minestrone Soup,45,9.0
2025-05-09,4,1,Margherita Pizza,55,12.0
2025-05-09,4,2,Pasta Alfredo,59,14.0
2025-05-09,4,3,Lasagna Bolognese,41,16.0
2025-05-09,4,4,Bruschetta,52,8.0
2025-05-09,4,5,Tiramisu,57,7.0
2025-05-09,4,6,Caesar Salad,39,10.0
2025-05-09,4,7,Minestrone Soup,49,9.0
2025-05-09,5,1,Margherita Pizza,54,12.0
2025-05-09,5,2,Pasta Alfredo,53,14.0
2025-05-09,5,3,Lasagna Bolognese,41,16.0
2025-05-09,5,4,Bruschetta,55,8.0
2025-05-09,5,5,Tiramisu,58,7.0
2025-05-09,5,6,Caesar Salad,47,10.0
2025-05-09,5,7,Minestrone Soup,55,9.0
2025-05-10,1,1,Margherita Pizza,42,12.0
2025-05-10,1,2,Pasta Alfredo,47,14.0
2025-05-10,1,3,Lasagna Bolognese,34,16.0
2025-05-10,1,4,Bruschetta,50,8.0
2025-05-10,1,5,Tiramisu,54,7.0
2025-05-10,1,6,Caesar Salad,35,10.0
2025-05-10,1,7,Minestrone Soup,40,9.0
2025-05-10,2,1,Margherita Pizza,44,12.0
2025-05-10,2,2,Pasta Alfredo,52,14.0
2025-05-10,2,3,Lasagna Bolognese,33,16.0
2025-05-10,2,4,Bruschetta,44,8.0
2025-05-10,2,5,Tiramisu,55,7.0
2025-05-10,2,6,Caesar Salad,31,10.0
2025-05-10,2,7,Minestrone Soup,46,9.0
2025-05-10,3,1,Margherita Pizza,50,12.0
2025-05-10,3,2,Pasta Alfredo,52,14.0
2025-05-10,3,3,Lasagna Bolognese,44,16.0
2025-05-10,3,4,Bruschetta,44,8.0
2025-05-10,3,5,Tiramisu,55,7.0
2025-05-10,3,6,Caesar Salad,38,10.0
2025-05-10,3,7,Minestrone Soup,45,9.0
2025-05-10,4,1,Margherita Pizza,47,12.0
2025-05-10,4,2,Pasta Alfredo,59,14.0
2025-05-10,4,3,Lasagna Bolognese,43,16.0
2025-05-10,4,4,Bruschetta,48,8.0
2025-05-10,4,5,Tiramisu,52,7.0
2025-05-10,4,6,Caesar Salad,42,10.0
2025-05-10,4,7,Minestrone Soup,50,9.0
2025-05-10,5,1,Margherita Pizza,50,12.0
2025-05-10,5,2,Pasta Alfredo,65,14.0
2025-05-10,5,3,Lasagna Bolognese,37,16.0
2025-05-10,5,4,Bruschetta,44,8.0
2025-05-10,5,5,Tiramisu,57,7.0
2025-05-10,5,6,Caesar Salad,44,10.0
2025-05-10,5,7,Minestrone Soup,47,9.0
2025-05-11,1,1,Margherita Pizza,33,12.0
2025-05-11,1,2,Pasta Alfredo,44,14.0
2025-05-11,1,3,Lasagna Bolognese,31,16.0
2025-05-11,1,4,Bruschetta,37,8.0
2025-05-11,1,5,Tiramisu,44,7.0
2025-05-11,1,6,Caesar Salad,28,10.0
2025-05-11,1,7,Minestrone Soup,34,9.0
2025-05-11,2,1,Margherita Pizza,40,12.0
2025-05-11,2,2,Pasta Alfredo,40,14.0
2025-05-11,2,3,Lasagna Bolognese,25,16.0
2025-05-11,2,4,Bruschetta,36,8.0
2025-05-11,2,5,Tiramisu,47,7.0
2025-05-11,2,6,Caesar Salad,32,10.0
2025-05-11,2,7,Minestrone Soup,40,9.0
2025-05-11,3,1,Margherita Pizza,33,12.0
2025-05-11,3,2,Pasta Alfredo,47,14.0
2025-05-11,3,3,Lasagna Bolognese,35,16.0
2025-05-11,3,4,Bruschetta,35,8.0
2025-05-11,3,5,Tiramisu,49,7.0
2025-05-11,3,6,Caesar Salad,32,10.0
2025-05-11,3,7,Minestrone Soup,49,9.0
2025-05-11,4,1,Margherita Pizza,35,12.0
2025-05-11,4,2,Pasta Alfredo,52,14.0
2025-05-11,4,3,Lasagna Bolognese,33,16.0
2025-05-11,4,4,Bruschetta,36,8.0
2025-05-11,4,5,Tiramisu,47,7.0
2025-05-11,4,6,Caesar Salad,35,10.0
2025-05-11,4,7,Minestrone Soup,44,9.0
2025-05-11,5,1,Margherita Pizza,48,12.0
2025-05-11,5,2,Pasta Alfredo,55,14.0
2025-05-11,5,3,Lasagna Bolognese,33,16.0
2025-05-11,5,4,Bruschetta,47,8.0
2025-05-11,5,5,Tiramisu,51,7.0
2025-05-11,5,6,Caesar Salad,34,10.0
2025-05-11,5,7,Minestrone Soup,42,9.0
2025-05-12,1,1,Margherita Pizza,24,12.0
2025-05-12,1,2,Pasta Alfredo,31,14.0
2025-05-12,1,3,Lasagna Bolognese,20,16.0
2025-05-12,1,4,Bruschetta,23,8.0
2025-05-12,1,5,Tiramisu,32,7.0
2025-05-12,1,6,Caesar Salad,24,10.0
2025-05-12,1,7,Minestrone Soup,26,9.0
2025-05-12,2,1,Margherita Pizza,32,12.0
2025-05-12,2,2,Pasta Alfredo,32,14.0
2025-05-12,2,3,Lasagna Bolognese,22,16.0
2025-05-12,2,4,Bruschetta,30,8.0
2025-05-12,2,5,Tiramisu,32,7.0
2025-05-12,2,6,Caesar Salad,23,10.0
2025-05-12,2,7,Minestrone Soup,20,9.0
2025-05-12,3,1,Margherita Pizza,29,12.0
2025-05-12,3,2,Pasta Alfredo,28,14.0
2025-05-12,3,3,Lasagna Bolognese,21,16.0
2025-05-12,3,4,Bruschetta,25,8.0
2025-05-12,3,5,Tiramisu,31,7.0
2025-05-12,3,6,Caesar Salad,23,10.0
2025-05-12,3,7,Minestrone Soup,28,9.0
2025-05-12,4,1,Margherita Pizza,32,12.0
2025-05-12,4,2,Pasta Alfredo,36,14.0
2025-05-12,4,3,Lasagna Bolognese,20,16.0
2025-05-12,4,4,Bruschetta,31,8.0
2025-05-12,4,5,Tiramisu,37,7.0
2025-05-12,4,6,Caesar Salad,24,10.0
2025-05-12,4,7,Minestrone Soup,30,9.0
2025-05-12,5,1,Margherita Pizza,32,12.0
2025-05-12,5,2,Pasta Alfredo,39,14.0
2025-05-12,5,3,Lasagna Bolognese,22,16.0
2025-05-12,5,4,Bruschetta,31,8.0
2025-05-12,5,5,Tiramisu,42,7.0
2025-05-12,5,6,Caesar Salad,31,10.0
2025-05-12,5,7,Minestrone Soup,34,9.0
2025-05-13,1,1,Margherita Pizza,33,12.0
2025-05-13,1,2,Pasta Alfredo,41,14.0
2025-05-13,1,3,Lasagna Bolognese,32,16.0
2025-05-13,1,4,Bruschetta,31,8.0
2025-05-13,1,5,Tiramisu,33,7.0
2025-05-13,1,6,Caesar Salad,25,10.0
2025-05-13,1,7,Minestrone Soup,40,9.0
2025-05-13,2,1,Margherita Pizza,28,12.0
2025-05-13,2,2,Pasta Alfredo,37,14.0
2025-05-13,2,3,Lasagna Bolognese,23,16.0
2025-05-13,2,4,Bruschetta,33,8.0
2025-05-13,2,5,Tiramisu,34,7.0
2025-05-13,2,6,Caesar Salad,27,10.0
2025-05-13,2,7,Minestrone Soup,27,9.0
2025-05-13,3,1,Margherita Pizza,36,12.0
2025-05-13,3,2,Pasta Alfredo,44,14.0
2025-05-13,3,3,Lasagna Bolognese,27,16.0
2025-05-13,3,4,Bruschetta,34,8.0
2025-05-13,3,5,Tiramisu,39,7.0
2025-05-13,3,6,Caesar Salad,29,10.0
2025-05-13,3,7,Minestrone Soup,34,9.0
2025-05-13,4,1,Margherita Pizza,38,12.0
2025-05-13,4,2,Pasta Alfredo,46,14.0
2025-05-13,4,3,Lasagna Bolognese,27,16.0
2025-05-13,4,4,Bruschetta,35,8.0
2025-05-13,4,5,Tiramisu,45,7.0
2025-05-13,4,6,Caesar Salad,26,10.0
2025-05-13,4,7,Minestrone Soup,30,9.0
2025-05-13,5,1,Margherita Pizza,38,12.0
2025-05-13,5,2,Pasta Alfredo,45,14.0
2025-05-13,5,3,Lasagna Bolognese,29,16.0
2025-05-13,5,4,Bruschetta,36,8.0
2025-05-13,5,5,Tiramisu,41,7.0
2025-05-13,5,6,Caesar Salad,29,10.0
2025-05-13,5,7,Minestrone Soup,40,9.0
2025-05-14,1,1,Margherita Pizza,27,12.0
2025-05-14,1,2,Pasta Alfredo,35,14.0
2025-05-14,1,3,Lasagna Bolognese,23,16.0
2025-05-14,1,4,Bruschetta,27,8.0
2025-05-14,1,5,Tiramisu,39,7.0
2025-05-14,1,6,Caesar Salad,24,10.0
2025-05-14,1,7,Minestrone Soup,32,9.0
2025-05-14,2,1,Margherita Pizza,28,12.0
2025-05-14,2,2,Pasta Alfredo,36,14.0
2025-05-14,2,3,Lasagna Bolognese,29,16.0
2025-05-14,2,4,Bruschetta,40,8.0
2025-05-14,2,5,Tiramisu,32,7.0
2025-05-14,2,6,Caesar Salad,27,10.0
2025-05-14,2,7,Minestrone Soup,34,9.0
2025-05-14,3,1,Margherita Pizza,32,12.0
2025-05-14,3,2,Pasta Alfredo,42,14.0
2025-05-14,3,3,Lasagna Bolognese,26,16.0
2025-05-14,3,4,Bruschetta,35,8.0
2025-05-14,3,5,Tiramisu,38,7.0
2025-05-14,3,6,Caesar Salad,32,10.0
2025-05-14,3,7,Minestrone Soup,32,9.0
2025-05-14,4,1,Margherita Pizza,35,12.0
2025-05-14,4,2,Pasta Alfredo,45,14.0
2025-05-14,4,3,Lasagna Bolognese,27,16.0
2025-05-14,4,4,Bruschetta,36,8.0
2025-05-14,4,5,Tiramisu,36,7.0
2025-05-14,4,6,Caesar Salad,27,10.0
2025-05-14,4,7,Minestrone Soup,37,9.0
2025-05-14,5,1,Margherita Pizza,35,12.0
2025-05-14,5,2,Pasta Alfredo,42,14.0
2025-05-14,5,3,Lasagna Bolognese,33,16.0
2025-05-14,5,4,Bruschetta,36,8.0
2025-05-14,5,5,Tiramisu,46,7.0
2025-05-14,5,6,Caesar Salad,32,10.0
2025-05-14,5,7,Minestrone Soup,39,9.0
2025-05-15,1,1,Margherita Pizza,35,12.0
2025-05-15,1,2,Pasta Alfredo,37,14.0
2025-05-15,1,3,Lasagna Bolognese,30,16.0
2025-05-15,1,4,Bruschetta,34,8.0
2025-05-15,1,5,Tiramisu,35,7.0
2025-05-15,1,6,Caesar Salad,30,10.0
2025-05-15,1,7,Minestrone Soup,32,9.0
2025-05-15,2,1,Margherita Pizza,31,12.0
2025-05-15,2,2,Pasta Alfredo,39,14.0
2025-05-15,2,3,Lasagna Bolognese,31,16.0
2025-05-15,2,4,Bruschetta,34,8.0
2025-05-15,2,5,Tiramisu,43,7.0
2025-05-15,2,6,Caesar Salad,30,10.0
2025-05-15,2,7,Minestrone Soup,34,9.0
2025-05-15,3,1,Margherita Pizza,31,12.0
2025-05-15,3,2,Pasta Alfredo,39,14.0
2025-05-15,3,3,Lasagna Bolognese,29,16.0
2025-05-15,3,4,Bruschetta,36,8.0
2025-05-15,3,5,Tiramisu,42,7.0
2025-05-15,3,6,Caesar Salad,29,10.0
2025-05-15,3,7,Minestrone Soup,35,9.0
2025-05-15,4,1,Margherita Pizza,38,12.0
2025-05-15,4,2,Pasta Alfredo,39,14.0
2025-05-15,4,3,Lasagna Bolognese,35,16.0
2025-05-15,4,4,Bruschetta,30,8.0
2025-05-15,4,5,Tiramisu,46,7.0
2025-05-15,4,6,Caesar Salad,30,10.0
2025-05-15,4,7,Minestrone Soup,39,9.0
2025-05-15,5,1,Margherita Pizza,39,12.0
2025-05-15,5,2,Pasta Alfredo,45,14.0
2025-05-15,5,3,Lasagna Bolognese,33,16.0
2025-05-15,5,4,Bruschetta,40,8.0
2025-05-15,5,5,Tiramisu,43,7.0
2025-05-15,5,6,Caesar Salad,34,10.0
2025-05-15,5,7,Minestrone Soup,34,9.0
2025-05-16,1,1,Margherita Pizza,42,12.0
2025-05-16,1,2,Pasta Alfredo,51,14.0
2025-05-16,1,3,Lasagna Bolognese,38,16.0
2025-05-16,1,4,Bruschetta,43,8.0
2025-05-16,1,5,Tiramisu,48,7.0
2025-05-16,1,6,Caesar Salad,38,10.0
2025-05-16,1,7,Minestrone Soup,40,9.0
2025-05-16,2,1,Margherita Pizza,49,12.0
2025-05-16,2,2,Pasta Alfredo,51,14.0
2025-05-16,2,3,Lasagna Bolognese,32,16.0
2025-05-16,2,4,Bruschetta,40,8.0
2025-05-16,2,5,Tiramisu,51,7.0
2025-05-16,2,6,Caesar Salad,37,10.0
2025-05-16,2,7,Minestrone Soup,50,9.0
2025-05-16,3,1,Margherita Pizza,43,12.0
2025-05-16,3,2,Pasta Alfredo,54,14.0
2025-05-16,3,3,Lasagna Bolognese,35,16.0
2025-05-16,3,4,Bruschetta,45,8.0
2025-05-16,3,5,Tiramisu,59,7.0
2025-05-16,3,6,Caesar Salad,35,10.0
2025-05-16,3,7,Minestrone Soup,48,9.0
2025-05-16,4,1,Margherita Pizza,50,12.0
2025-05-16,4,2,Pasta Alfredo,56,14.0
2025-05-16,4,3,Lasagna Bolognese,42,16.0
2025-05-16,4,4,Bruschetta,45,8.0
2025-05-16,4,5,Tiramisu,61,7.0
2025-05-16,4,6,Caesar Salad,46,10.0
2025-05-16,4,7,Minestrone Soup,49,9.0
2025-05-16,5,1,Margherita Pizza,58,12.0
2025-05-16,5,2,Pasta Alfredo,58,14.0
2025-05-16,5,3,Lasagna Bolognese,43,16.0
2025-05-16,5,4,Bruschetta,55,8.0
2025-05-16,5,5,Tiramisu,58,7.0
2025-05-16,5,6,Caesar Salad,38,10.0
2025-05-16,5,7,Minestrone Soup,46,9.0
2025-05-17,1,1,Margherita Pizza,48,12.0
2025-05-17,1,2,Pasta Alfredo,47,14.0
2025-05-17,1,3,Lasagna Bolognese,34,16.0
2025-05-17,1,4,Bruschetta,38,8.0
2025-05-17,1,5,Tiramisu,52,7.0
2025-05-17,1,6,Caesar Salad,32,10.0
2025-05-17,1,7,Minestrone Soup,40,9.0
2025-05-17,2,1,Margherita Pizza,45,12.0
2025-05-17,2,2,Pasta Alfredo,48,14.0
2025-05-17,2,3,Lasagna Bolognese,36,16.0
2025-05-17,2,4,Bruschetta,48,8.0
2025-05-17,2,5,Tiramisu,53,7.0
2025-05-17,2,6,Caesar Salad,37,10.0
2025-05-17,2,7,Minestrone Soup,45,9.0
2025-05-17,3,1,Margherita Pizza,45,12.0
2025-05-17,3,2,Pasta Alfredo,60,14.0
2025-05-17,3,3,Lasagna Bolognese,36,16.0
2025-05-17,3,4,Bruschetta,47,8.0
2025-05-17,3,5,Tiramisu,54,7.0
2025-05-17,3,6,Caesar Salad,42,10.0
2025-05-17,3,7,Minestrone Soup,50,9.0
2025-05-17,4,1,Margherita Pizza,48,12.0
2025-05-17,4,2,Pasta Alfredo,57,14.0
2025-05-17,4,3,Lasagna Bolognese,41,16.0
2025-05-17,4,4,Bruschetta,42,8.0
2025-05-17,4,5,Tiramisu,52,7.0
2025-05-17,4,6,Caesar Salad,39,10.0
2025-05-17,4,7,Minestrone Soup,47,9.0
2025-05-17,5,1,Margherita Pizza,47,12.0
2025-05-17,5,2,Pasta Alfredo,61,14.0
2025-05-17,5,3,Lasagna Bolognese,42,16.0
2025-05-17,5,4,Bruschetta,50,8.0
2025-05-17,5,5,Tiramisu,55,7.0
2025-05-17,5,6,Caesar Salad,42,10.0
2025-05-17,5,7,Minestrone Soup,43,9.0
2025-05-18,1,1,Margherita Pizza,35,12.0
2025-05-18,1,2,Pasta Alfredo,42,14.0
2025-05-18,1,3,Lasagna Bolognese,30,16.0
2025-05-18,1,4,Bruschetta,31,8.0
2025-05-18,1,5,Tiramisu,42,7.0
2025-05-18,1,6,Caesar Salad,27,10.0
2025-05-18,1,7,Minestrone Soup,33,9.0
2025-05-18,2,1,Margherita Pizza,40,12.0
2025-05-18,2,2,Pasta Alfredo,50,14.0
2025-05-18,2,3,Lasagna Bolognese,31,16.0
2025-05-18,2,4,Bruschetta,35,8.0
2025-05-18,2,5,Tiramisu,44,7.0
2025-05-18,2,6,Caesar Salad,34,10.0
2025-05-18,2,7,Minestrone Soup,39,9.0
2025-05-18,3,1,Margherita Pizza,48,12.0
2025-05-18,3,2,Pasta Alfredo,44,14.0
2025-05-18,3,3,Lasagna Bolognese,34,16.0
2025-05-18,3,4,Bruschetta,44,8.0
2025-05-18,3,5,Tiramisu,50,7.0
2025-05-18,3,6,Caesar Salad,27,10.0
2025-05-18,3,7,Minestrone Soup,39,9.0
2025-05-18,4,1,Margherita Pizza,46,12.0
2025-05-18,4,2,Pasta Alfredo,57,14.0
2025-05-18,4,3,Lasagna Bolognese,36,16.0
2025-05-18,4,4,Bruschetta,40,8.0
2025-05-18,4,5,Tiramisu,45,7.0
2025-05-18,4,6,Caesar Salad,41,10.0
2025-05-18,4,7,Minestrone Soup,43,9.0
2025-05-18,5,1,Margherita Pizza,41,12.0
2025-05-18,5,2,Pasta Alfredo,50,14.0
2025-05-18,5,3,Lasagna Bolognese,37,16.0
2025-05-18,5,4,Bruschetta,45,8.0
2025-05-18,5,5,Tiramisu,48,7.0
2025-05-18,5,6,Caesar Salad,34,10.0
2025-05-18,5,7,Minestrone Soup,38,9.0
2025-05-19,1,1,Margherita Pizza,29,12.0
2025-05-19,1,2,Pasta Alfredo,30,14.0
2025-05-19,1,3,Lasagna Bolognese,23,16.0
2025-05-19,1,4,Bruschetta,31,8.0
2025-05-19,1,5,Tiramisu,31,7.0
2025-05-19,1,6,Caesar Salad,22,10.0
2025-05-19,1,7,Minestrone Soup,27,9.0
2025-05-19,2,1,Margherita Pizza,28,12.0
2025-05-19,2,2,Pasta Alfredo,36,14.0
2025-05-19,2,3,Lasagna Bolognese,24,16.0
2025-05-19,2,4,Bruschetta,26,8.0
2025-05-19,2,5,Tiramisu,35,7.0
2025-05-19,2,6,Caesar Salad,27,10.0
2025-05-19,2,7,Minestrone Soup,24,9.0
2025-05-19,3,1,Margherita Pizza,34,12.0
2025-05-19,3,2,Pasta Alfredo,35,14.0
2025-05-19,3,3,Lasagna Bolognese,25,16.0
2025-05-19,3,4,Bruschetta,32,8.0
2025-05-19,3,5,Tiramisu,32,7.0
2025-05-19,3,6,Caesar Salad,27,10.0
2025-05-19,3,7,Minestrone Soup,28,9.0
2025-05-19,4,1,Margherita Pizza,26,12.0
2025-05-19,4,2,Pasta Alfredo,33,14.0
2025-05-19,4,3,Lasagna Bolognese,27,16.0
2025-05-19,4,4,Bruschetta,28,8.0
2025-05-19,4,5,Tiramisu,40,7.0
2025-05-19,4,6,Caesar Salad,29,10.0
2025-05-19,4,7,Minestrone Soup,34,9.0
2025-05-19,5,1,Margherita Pizza,32,12.0
2025-05-19,5,2,Pasta Alfredo,38,14.0
2025-05-19,5,3,Lasagna Bolognese,23,16.0
2025-05-19,5,4,Bruschetta,35,8.0
2025-05-19,5,5,Tiramisu,38,7.0
2025-05-19,5,6,Caesar Salad,28,10.0
2025-05-19,5,7,Minestrone Soup,37,9.0
2025-05-20,1,1,Margherita Pizza,29,12.0
2025-05-20,1,2,Pasta Alfredo,36,14.0
2025-05-20,1,3,Lasagna Bolognese,27,16.0
2025-05-20,1,4,Bruschetta,28,8.0
2025-05-20,1,5,Tiramisu,36,7.0
2025-05-20,1,6,Caesar Salad,27,10.0
2025-05-20,1,7,Minestrone Soup,30,9.0
2025-05-20,2,1,Margherita Pizza,37,12.0
2025-05-20,2,2,Pasta Alfredo,33,14.0
2025-05-20,2,3,Lasagna Bolognese,31,16.0
2025-05-20,2,4,Bruschetta,35,8.0
2025-05-20,2,5,Tiramisu,36,7.0
2025-05-20,2,6,Caesar Salad,24,10.0
2025-05-20,2,7,Minestrone Soup,26,9.0
2025-05-20,3,1,Margherita Pizza,32,12.0
2025-05-20,3,2,Pasta Alfredo,43,14.0
2025-05-20,3,3,Lasagna Bolognese,28,16.0
2025-05-20,3,4,Bruschetta,38,8.0
2025-05-20,3,5,Tiramisu,38,7.0
2025-05-20,3,6,Caesar Salad,31,10.0
2025-05-20,3,7,Minestrone Soup,32,9.0
2025-05-20,4,1,Margherita Pizza,33,12.0
2025-05-20,4,2,Pasta Alfredo,42,14.0
2025-05-20,4,3,Lasagna Bolognese,28,16.0
2025-05-20,4,4,Bruschetta,31,8.0
2025-05-20,4,5,Tiramisu,41,7.0
2025-05-20,4,6,Caesar Salad,30,10.0
2025-05-20,4,7,Minestrone Soup,40,9.0
2025-05-20,5,1,Margherita Pizza,40,12.0
2025-05-20,5,2,Pasta Alfredo,47,14.0
2025-05-20,5,3,Lasagna Bolognese,33,16.0
2025-05-20,5,4,Bruschetta,38,8.0
2025-05-20,5,5,Tiramisu,40,7.0
2025-05-20,5,6,Caesar Salad,32,10.0
2025-05-20,5,7,Minestrone Soup,39,9.0
2025-05-21,1,1,Margherita Pizza,35,12.0
2025-05-21,1,2,Pasta Alfredo,38,14.0
2025-05-21,1,3,Lasagna Bolognese,30,16.0
2025-05-21,1,4,Bruschetta,28,8.0
2025-05-21,1,5,Tiramisu,35,7.0
2025-05-21,1,6,Caesar Salad,27,10.0
2025-05-21,1,7,Minestrone Soup,34,9.0
2025-05-21,2,1,Margherita Pizza,32,12.0
2025-05-21,2,2,Pasta Alfredo,38,14.0
2025-05-21,2,3,Lasagna Bolognese,29,16.0
2025-05-21,2,4,Bruschetta,29,8.0
2025-05-21,2,5,Tiramisu,43,7.0
2025-05-21,2,6,Caesar Salad,25,10.0
2025-05-21,2,7,Minestrone Soup,27,9.0
2025-05-21,3,1,Margherita Pizza,34,12.0
2025-05-21,3,2,Pasta Alfredo,45,14.0
2025-05-21,3,3,Lasagna Bolognese,30,16.0
2025-05-21,3,4,Bruschetta,36,8.0
2025-05-21,3,5,Tiramisu,40,7.0
2025-05-21,3,6,Caesar Salad,28,10.0
2025-05-21,3,7,Minestrone Soup,30,9.0
2025-05-21,4,1,Margherita Pizza,29,12.0
2025-05-21,4,2,Pasta Alfredo,42,14.0
2025-05-21,4,3,Lasagna Bolognese,34,16.0
2025-05-21,4,4,Bruschetta,37,8.0
2025-05-21,4,5,Tiramisu,44,7.0
2025-05-21,4,6,Caesar Salad,35,10.0
2025-05-21,4,7,Minestrone Soup,37,9.0
2025-05-21,5,1,Margherita Pizza,37,12.0
2025-05-21,5,2,Pasta Alfredo,41,14.0
2025-05-21,5,3,Lasagna Bolognese,37,16.0
2025-05-21,5,4,Bruschetta,39,8.0
2025-05-21,5,5,Tiramisu,41,7.0
2025-05-21,5,6,Caesar Salad,28,10.0
2025-05-21,5,7,Minestrone Soup,41,9.0
2025-05-22,1,1,Margherita Pizza,28,12.0
2025-05-22,1,2,Pasta Alfredo,42,14.0
2025-05-22,1,3,Lasagna Bolognese,18,16.0
2025-05-22,1,4,Bruschetta,35,8.0
2025-05-22,1,5,Tiramisu,38,7.0
2025-05-22,1,6,Caesar Salad,26,10.0
2025-05-22,1,7,Minestrone Soup,30,9.0
2025-05-22,2,1,Margherita Pizza,38,12.0
2025-05-22,2,2,Pasta Alfredo,40,14.0
2025-05-22,2,3,Lasagna Bolognese,24,16.0
2025-05-22,2,4,Bruschetta,27,8.0
2025-05-22,2,5,Tiramisu,39,7.0
2025-05-22,2,6,Caesar Salad,27,10.0
2025-05-22,2,7,Minestrone Soup,28,9.0
2025-05-22,3,1,Margherita Pizza,34,12.0
2025-05-22,3,2,Pasta Alfredo,38,14.0
2025-05-22,3,3,Lasagna Bolognese,29,16.0
2025-05-22,3,4,Bruschetta,36,8.0
2025-05-22,3,5,Tiramisu,44,7.0
2025-05-22,3,6,Caesar Salad,31,10.0
2025-05-22,3,7,Minestrone Soup,32,9.0
2025-05-22,4,1,Margherita Pizza,37,12.0
2025-05-22,4,2,Pasta Alfredo,42,14.0
2025-05-22,4,3,Lasagna Bolognese,26,16.0
2025-05-22,4,4,Bruschetta,37,8.0
2025-05-22,4,5,Tiramisu,47,7.0
2025-05-22,4,6,Caesar Salad,30,10.0
2025-05-22,4,7,Minestrone Soup,31,9.0
2025-05-22,5,1,Margherita Pizza,38,12.0
2025-05-22,5,2,Pasta Alfredo,40,14.0
2025-05-22,5,3,Lasagna Bolognese,34,16.0
2025-05-22,5,4,Bruschetta,39,8.0
2025-05-22,5,5,Tiramisu,43,7.0
2025-05-22,5,6,Caesar Salad,30,10.0
2025-05-22,5,7,Minestrone Soup,37,9.0
2025-05-23,1,1,Margherita Pizza,42,12.0
2025-05-23,1,2,Pasta Alfredo,46,14.0
2025-05-23,1,3,Lasagna Bolognese,31,16.0
2025-05-23,1,4,Bruschetta,45,8.0
2025-05-23,1,5,Tiramisu,48,7.0
2025-05-23,1,6,Caesar Salad,35,10.0
2025-05-23,1,7,Minestrone Soup,43,9.0
2025-05-23,2,1,Margherita Pizza,45,12.0
2025-05-23,2,2,Pasta Alfredo,48,14.0
2025-05-23,2,3,Lasagna Bolognese,32,16.0
2025-05-23,2,4,Bruschetta,42,8.0
2025-05-23,2,5,Tiramisu,53,7.0
2025-05-23,2,6,Caesar Salad,34,10.0
2025-05-23,2,7,Minestrone Soup,43,9.0
2025-05-23,3,1,Margherita Pizza,53,12.0
2025-05-23,3,2,Pasta Alfredo,48,14.0
2025-05-23,3,3,Lasagna Bolognese,36,16.0
2025-05-23,3,4,Bruschetta,52,8.0
2025-05-23,3,5,Tiramisu,54,7.0
2025-05-23,3,6,Caesar Salad,36,10.0
2025-05-23,3,7,Minestrone Soup,50,9.0
2025-05-23,4,1,Margherita Pizza,49,12.0
2025-05-23,4,2,Pasta Alfredo,55,14.0
2025-05-23,4,3,Lasagna Bolognese,41,16.0
2025-05-23,4,4,Bruschetta,46,8.0
2025-05-23,4,5,Tiramisu,53,7.0
2025-05-23,4,6,Caesar Salad,40,10.0
2025-05-23,4,7,Minestrone Soup,45,9.0
2025-05-23,5,1,Margherita Pizza,51,12.0
2025-05-23,5,2,Pasta Alfredo,60,14.0
2025-05-23,5,3,Lasagna Bolognese,45,16.0
2025-05-23,5,4,Bruschetta,54,8.0
2025-05-23,5,5,Tiramisu,58,7.0
2025-05-23,5,6,Caesar Salad,44,10.0
2025-05-23,5,7,Minestrone Soup,52,9.0
2025-05-24,1,1,Margherita Pizza,43,12.0
2025-05-24,1,2,Pasta Alfredo,47,14.0
2025-05-24,1,3,Lasagna Bolognese,32,16.0
2025-05-24,1,4,Bruschetta,43,8.0
2025-05-24,1,5,Tiramisu,44,7.0
2025-05-24,1,6,Caesar Salad,34,10.0
2025-05-24,1,7,Minestrone Soup,34,9.0
2025-05-24,2,1,Margherita Pizza,40,12.0
2025-05-24,2,2,Pasta Alfredo,49,14.0
2025-05-24,2,3,Lasagna Bolognese,40,16.0
2025-05-24,2,4,Bruschetta,46,8.0
2025-05-24,2,5,Tiramisu,50,7.0
2025-05-24,2,6,Caesar Salad,39,10.0
2025-05-24,2,7,Minestrone Soup,47,9.0
2025-05-24,3,1,Margherita Pizza,46,12.0
2025-05-24,3,2,Pasta Alfredo,50,14.0
2025-05-24,3,3,Lasagna Bolognese,38,16.0
2025-05-24,3,4,Bruschetta,46,8.0
2025-05-24,3,5,Tiramisu,50,7.0
2025-05-24,3,6,Caesar Salad,40,10.0
2025-05-24,3,7,Minestrone Soup,47,9.0
2025-05-24,4,1,Margherita Pizza,50,12.0
2025-05-24,4,2,Pasta Alfredo,57,14.0
2025-05-24,4,3,Lasagna Bolognese,43,16.0
2025-05-24,4,4,Bruschetta,48,8.0
2025-05-24,4,5,Tiramisu,57,7.0
2025-05-24,4,6,Caesar Salad,39,10.0
2025-05-24,4,7,Minestrone Soup,47,9.0
2025-05-24,5,1,Margherita Pizza,55,12.0
2025-05-24,5,2,Pasta Alfredo,53,14.0
2025-05-24,5,3,Lasagna Bolognese,45,16.0
2025-05-24,5,4,Bruschetta,49,8.0
2025-05-24,5,5,Tiramisu,57,7.0
2025-05-24,5,6,Caesar Salad,43,10.0
2025-05-24,5,7,Minestrone Soup,46,9.0
2025-05-25,1,1,Margherita Pizza,33,12.0
2025-05-25,1,2,Pasta Alfredo,39,14.0
2025-05-25,1,3,Lasagna Bolognese,29,16.0
2025-05-25,1,4,Bruschetta,33,8.0
2025-05-25,1,5,Tiramisu,46,7.0
2025-05-25,1,6,Caesar Salad,35,10.0
2025-05-25,1,7,Minestrone Soup,30,9.0
2025-05-25,2,1,Margherita Pizza,39,12.0
2025-05-25,2,2,Pasta Alfredo,46,14.0
2025-05-25,2,3,Lasagna Bolognese,33,16.0
2025-05-25,2,4,Bruschetta,36,8.0
2025-05-25,2,5,Tiramisu,43,7.0
2025-05-25,2,6,Caesar Salad,29,10.0
2025-05-25,2,7,Minestrone Soup,36,9.0
2025-05-25,3,1,Margherita Pizza,36,12.0
2025-05-25,3,2,Pasta Alfredo,46,14.0
2025-05-25,3,3,Lasagna Bolognese,28,16.0
2025-05-25,3,4,Bruschetta,39,8.0
2025-05-25,3,5,Tiramisu,42,7.0
2025-05-25,3,6,Caesar Salad,33,10.0
2025-05-25,3,7,Minestrone Soup,37,9.0
2025-05-25,4,1,Margherita Pizza,42,12.0
2025-05-25,4,2,Pasta Alfredo,51,14.0
2025-05-25,4,3,Lasagna Bolognese,39,16.0
2025-05-25,4,4,Bruschetta,34,8.0
2025-05-25,4,5,Tiramisu,46,7.0
2025-05-25,4,6,Caesar Salad,33,10.0
2025-05-25,4,7,Minestrone Soup,43,9.0
2025-05-25,5,1,Margherita Pizza,38,12.0
2025-05-25,5,2,Pasta Alfredo,47,14.0
2025-05-25,5,3,Lasagna Bolognese,36,16.0
2025-05-25,5,4,Bruschetta,43,8.0
2025-05-25,5,5,Tiramisu,51,7.0
2025-05-25,5,6,Caesar Salad,37,10.0
2025-05-25,5,7,Minestrone Soup,44,9.0
2025-05-26,1,1,Margherita Pizza,27,12.0
2025-05-26,1,2,Pasta Alfredo,31,14.0
2025-05-26,1,3,Lasagna Bolognese,24,16.0
2025-05-26,1,4,Bruschetta,20,8.0
2025-05-26,1,5,Tiramisu,35,7.0
2025-05-26,1,6,Caesar Salad,15,10.0
2025-05-26,1,7,Minestrone Soup,23,9.0
2025-05-26,2,1,Margherita Pizza,27,12.0
2025-05-26,2,2,Pasta Alfredo,34,14.0
2025-05-26,2,3,Lasagna Bolognese,14,16.0
2025-05-26,2,4,Bruschetta,28,8.0
2025-05-26,2,5,Tiramisu,35,7.0
2025-05-26,2,6,Caesar Salad,26,10.0
2025-05-26,2,7,Minestrone Soup,26,9.0
2025-05-26,3,1,Margherita Pizza,28,12.0
2025-05-26,3,2,Pasta Alfredo,32,14.0
2025-05-26,3,3,Lasagna Bolognese,23,16.0
2025-05-26,3,4,Bruschetta,26,8.0
2025-05-26,3,5,Tiramisu,31,7.0
2025-05-26,3,6,Caesar Salad,26,10.0
2025-05-26,3,7,Minestrone Soup,29,9.0
2025-05-26,4,1,Margherita Pizza,32,12.0
2025-05-26,4,2,Pasta Alfredo,36,14.0
2025-05-26,4,3,Lasagna Bolognese,28,16.0
2025-05-26,4,4,Bruschetta,33,8.0
2025-05-26,4,5,Tiramisu,30,7.0
2025-05-26,4,6,Caesar Salad,23,10.0
2025-05-26,4,7,Minestrone Soup,30,9.0
2025-05-26,5,1,Margherita Pizza,32,12.0
2025-05-26,5,2,Pasta Alfredo,35,14.0
2025-05-26,5,3,Lasagna Bolognese,29,16.0
2025-05-26,5,4,Bruschetta,38,8.0
2025-05-26,5,5,Tiramisu,38,7.0
2025-05-26,5,6,Caesar Salad,27,10.0
2025-05-26,5,7,Minestrone Soup,34,9.0
2025-05-27,1,1,Margherita Pizza,25,12.0
2025-05-27,1,2,Pasta Alfredo,36,14.0
2025-05-27,1,3,Lasagna Bolognese,29,16.0
2025-05-27,1,4,Bruschetta,29,8.0
2025-05-27,1,5,Tiramisu,32,7.0
2025-05-27,1,6,Caesar Salad,25,10.0
2025-05-27,1,7,Minestrone Soup,31,9.0
2025-05-27,2,1,Margherita Pizza,30,12.0
2025-05-27,2,2,Pasta Alfredo,44,14.0
2025-05-27,2,3,Lasagna Bolognese,26,16.0
2025-05-27,2,4,Bruschetta,29,8.0
2025-05-27,2,5,Tiramisu,38,7.0
2025-05-27,2,6,Caesar Salad,30,10.0
2025-05-27,2,7,Minestrone Soup,33,9.0
2025-05-27,3,1,Margherita Pizza,36,12.0
2025-05-27,3,2,Pasta Alfredo,37,14.0
2025-05-27,3,3,Lasagna Bolognese,33,16.0
2025-05-27,3,4,Bruschetta,36,8.0
2025-05-27,3,5,Tiramisu,43,7.0
2025-05-27,3,6,Caesar Salad,30,10.0
2025-05-27,3,7,Minestrone Soup,37,9.0
2025-05-27,4,1,Margherita Pizza,33,12.0
2025-05-27,4,2,Pasta Alfredo,40,14.0
2025-05-27,4,3,Lasagna Bolognese,34,16.0
2025-05-27,4,4,Bruschetta,41,8.0
2025-05-27,4,5,Tiramisu,38,7.0
2025-05-27,4,6,Caesar Salad,31,10.0
2025-05-27,4,7,Minestrone Soup,35,9.0
2025-05-27,5,1,Margherita Pizza,35,12.0
2025-05-27,5,2,Pasta Alfredo,45,14.0
2025-05-27,5,3,Lasagna Bolognese,35,16.0
2025-05-27,5,4,Bruschetta,39,8.0
2025-05-27,5,5,Tiramisu,43,7.0
2025-05-27,5,6,Caesar Salad,33,10.0
2025-05-27,5,7,Minestrone Soup,36,9.0
2025-05-28,1,1,Margherita Pizza,32,12.0
2025-05-28,1,2,Pasta Alfredo,40,14.0
2025-05-28,1,3,Lasagna Bolognese,20,16.0
2025-05-28,1,4,Bruschetta,33,8.0
2025-05-28,1,5,Tiramisu,32,7.0
2025-05-28,1,6,Caesar Salad,29,10.0
2025-05-28,1,7,Minestrone Soup,29,9.0
2025-05-28,2,1,Margherita Pizza,29,12.0
2025-05-28,2,2,Pasta Alfredo,40,14.0
2025-05-28,2,3,Lasagna Bolognese,28,16.0
2025-05-28,2,4,Bruschetta,30,8.0
2025-05-28,2,5,Tiramisu,34,7.0
2025-05-28,2,6,Caesar Salad,27,10.0
2025-05-28,2,7,Minestrone Soup,29,9.0
2025-05-28,3,1,Margherita Pizza,31,12.0
2025-05-28,3,2,Pasta Alfredo,40,14.0
2025-05-28,3,3,Lasagna Bolognese,26,16.0
2025-05-28,3,4,Bruschetta,36,8.0
2025-05-28,3,5,Tiramisu,44,7.0
2025-05-28,3,6,Caesar Salad,28,10.0
2025-05-28,3,7,Minestrone Soup,35,9.0
2025-05-28,4,1,Margherita Pizza,42,12.0
2025-05-28,4,2,Pasta Alfredo,38,14.0
2025-05-28,4,3,Lasagna Bolognese,33,16.0
2025-05-28,4,4,Bruschetta,39,8.0
2025-05-28,4,5,Tiramisu,44,7.0
2025-05-28,4,6,Caesar Salad,34,10.0
2025-05-28,4,7,Minestrone Soup,37,9.0
2025-05-28,5,1,Margherita Pizza,36,12.0
2025-05-28,5,2,Pasta Alfredo,47,14.0
2025-05-28,5,3,Lasagna Bolognese,35,16.0
2025-05-28,5,4,Bruschetta,41,8.0
2025-05-28,5,5,Tiramisu,44,7.0
2025-05-28,5,6,Caesar Salad,29,10.0
2025-05-28,5,7,Minestrone Soup,38,9.0
2025-05-29,1,1,Margherita Pizza,34,12.0
2025-05-29,1,2,Pasta Alfredo,39,14.0
2025-05-29,1,3,Lasagna Bolognese,25,16.0
2025-05-29,1,4,Bruschetta,32,8.0
2025-05-29,1,5,Tiramisu,32,7.0
2025-05-29,1,6,Caesar Salad,29,10.0
2025-05-29,1,7,Minestrone Soup,29,9.0
2025-05-29,2,1,Margherita Pizza,35,12.0
2025-05-29,2,2,Pasta Alfredo,35,14.0
2025-05-29,2,3,Lasagna Bolognese,30,16.0
2025-05-29,2,4,Bruschetta,34,8.0
2025-05-29,2,5,Tiramisu,36,7.0
2025-05-29,2,6,Caesar Salad,29,10.0
2025-05-29,2,7,Minestrone Soup,31,9.0
2025-05-29,3,1,Margherita Pizza,36,12.0
2025-05-29,3,2,Pasta Alfredo,39,14.0
2025-05-29,3,3,Lasagna Bolognese,23,16.0
2025-05-29,3,4,Bruschetta,31,8.0
2025-05-29,3,5,Tiramisu,39,7.0
2025-05-29,3,6,Caesar Salad,33,10.0
2025-05-29,3,7,Minestrone Soup,37,9.0
2025-05-29,4,1,Margherita Pizza,41,12.0
2025-05-29,4,2,Pasta Alfredo,47,14.0
2025-05-29,4,3,Lasagna Bolognese,28,16.0
2025-05-29,4,4,Bruschetta,35,8.0
2025-05-29,4,5,Tiramisu,41,7.0
2025-05-29,4,6,Caesar Salad,28,10.0
2025-05-29,4,7,Minestrone Soup,30,9.0
2025-05-29,5,1,Margherita Pizza,37,12.0
2025-05-29,5,2,Pasta Alfredo,40,14.0
2025-05-29,5,3,Lasagna Bolognese,31,16.0
2025-05-29,5,4,Bruschetta,44,8.0
2025-05-29,5,5,Tiramisu,42,7.0
2025-05-29,5,6,Caesar Salad,32,10.0
2025-05-29,5,7,Minestrone Soup,40,9.0
2025-05-30,1,1,Margherita Pizza,43,12.0
2025-05-30,1,2,Pasta Alfredo,50,14.0
2025-05-30,1,3,Lasagna Bolognese,34,16.0
2025-05-30,1,4,Bruschetta,41,8.0
2025-05-30,1,5,Tiramisu,46,7.0
2025-05-30,1,6,Caesar Salad,37,10.0
2025-05-30,1,7,Minestrone Soup,37,9.0
2025-05-30,2,1,Margherita Pizza,47,12.0
2025-05-30,2,2,Pasta Alfredo,47,14.0
2025-05-30,2,3,Lasagna Bolognese,40,16.0
2025-05-30,2,4,Bruschetta,43,8.0
2025-05-30,2,5,Tiramisu,48,7.0
2025-05-30,2,6,Caesar Salad,38,10.0
2025-05-30,2,7,Minestrone Soup,47,9.0
2025-05-30,3,1,Margherita Pizza,45,12.0
2025-05-30,3,2,Pasta Alfredo,56,14.0
2025-05-30,3,3,Lasagna Bolognese,32,16.0
2025-05-30,3,4,Bruschetta,42,8.0
2025-05-30,3,5,Tiramisu,58,7.0
2025-05-30,3,6,Caesar Salad,38,10.0
2025-05-30,3,7,Minestrone Soup,41,9.0
2025-05-30,4,1,Margherita Pizza,46,12.0
2025-05-30,4,2,Pasta Alfredo,54,14.0
2025-05-30,4,3,Lasagna Bolognese,40,16.0
2025-05-30,4,4,Bruschetta,47,8.0
2025-05-30,4,5,Tiramisu,57,7.0
2025-05-30,4,6,Caesar Salad,40,10.0
2025-05-30,4,7,Minestrone Soup,52,9.0
2025-05-30,5,1,Margherita Pizza,52,12.0
2025-05-30,5,2,Pasta Alfredo,60,14.0
2025-05-30,5,3,Lasagna Bolognese,46,16.0
2025-05-30,5,4,Bruschetta,49,8.0
2025-05-30,5,5,Tiramisu,55,7.0
2025-05-30,5,6,Caesar Salad,46,10.0
2025-05-30,5,7,Minestrone Soup,51,9.0
2025-05-31,1,1,Margherita Pizza,42,12.0
2025-05-31,1,2,Pasta Alfredo,47,14.0
2025-05-31,1,3,Lasagna Bolognese,33,16.0
2025-05-31,1,4,Bruschetta,44,8.0
2025-05-31,1,5,Tiramisu,52,7.0
2025-05-31,1,6,Caesar Salad,37,10.0
2025-05-31,1,7,Minestrone Soup,44,9.0
2025-05-31,2,1,Margherita Pizza,46,12.0
2025-05-31,2,2,Pasta Alfredo,52,14.0
2025-05-31,2,3,Lasagna Bolognese,36,16.0
2025-05-31,2,4,Bruschetta,48,8.0
2025-05-31,2,5,Tiramisu,50,7.0
2025-05-31,2,6,Caesar Salad,38,10.0
2025-05-31,2,7,Minestrone Soup,42,9.0
2025-05-31,3,1,Margherita Pizza,44,12.0
2025-05-31,3,2,Pasta Alfredo,53,14.0
2025-05-31,3,3,Lasagna Bolognese,36,16.0
2025-05-31,3,4,Bruschetta,49,8.0
2025-05-31,3,5,Tiramisu,50,7.0
2025-05-31,3,6,Caesar Salad,39,10.0
2025-05-31,3,7,Minestrone Soup,47,9.0
2025-05-31,4,1,Margherita Pizza,43,12.0
2025-05-31,4,2,Pasta Alfredo,55,14.0
2025-05-31,4,3,Lasagna Bolognese,41,16.0
2025-05-31,4,4,Bruschetta,50,8.0
2025-05-31,4,5,Tiramisu,56,7.0
2025-05-31,4,6,Caesar Salad,42,10.0
2025-05-31,4,7,Minestrone Soup,48,9.0
2025-05-31,5,1,Margherita Pizza,51,12.0
2025-05-31,5,2,Pasta Alfredo,60,14.0
2025-05-31,5,3,Lasagna Bolognese,45,16.0
2025-05-31,5,4,Bruschetta,49,8.0
2025-05-31,5,5,Tiramisu,58,7.0
2025-05-31,5,6,Caesar Salad,40,10.0
2025-05-31,5,7,Minestrone Soup,50,9.0
2025-06-01,1,1,Margherita Pizza,39,12.0
2025-06-01,1,2,Pasta Alfredo,42,14.0
2025-06-01,1,3,Lasagna Bolognese,25,16.0
2025-06-01,1,4,Bruschetta,33,8.0
2025-06-01,1,5,Tiramisu,41,7.0
2025-06-01,1,6,Caesar Salad,26,10.0
2025-06-01,1,7,Minestrone Soup,32,9.0
2025-06-01,2,1,Margherita Pizza,40,12.0
2025-06-01,2,2,Pasta Alfredo,40,14.0
2025-06-01,2,3,Lasagna Bolognese,33,16.0
2025-06-01,2,4,Bruschetta,40,8.0
2025-06-01,2,5,Tiramisu,40,7.0
2025-06-01,2,6,Caesar Salad,28,10.0
2025-06-01,2,7,Minestrone Soup,35,9.0
2025-06-01,3,1,Margherita Pizza,35,12.0
2025-06-01,3,2,Pasta Alfredo,45,14.0
2025-06-01,3,3,Lasagna Bolognese,31,16.0
2025-06-01,3,4,Bruschetta,39,8.0
2025-06-01,3,5,Tiramisu,49,7.0
2025-06-01,3,6,Caesar Salad,34,10.0
2025-06-01,3,7,Minestrone Soup,40,9.0
2025-06-01,4,1,Margherita Pizza,34,12.0
2025-06-01,4,2,Pasta Alfredo,48,14.0
2025-06-01,4,3,Lasagna Bolognese,38,16.0
2025-06-01,4,4,Bruschetta,31,8.0
2025-06-01,4,5,Tiramisu,49,7.0
2025-06-01,4,6,Caesar Salad,33,10.0
2025-06-01,4,7,Minestrone Soup,37,9.0
2025-06-01,5,1,Margherita Pizza,44,12.0
2025-06-01,5,2,Pasta Alfredo,54,14.0
2025-06-01,5,3,Lasagna Bolognese,37,16.0
2025-06-01,5,4,Bruschetta,41,8.0
2025-06-01,5,5,Tiramisu,46,7.0
2025-06-01,5,6,Caesar Salad,35,10.0
2025-06-01,5,7,Minestrone Soup,44,9.0
2025-06-02,1,1,Margherita Pizza,24,12.0
2025-06-02,1,2,Pasta Alfredo,29,14.0
2025-06-02,1,3,Lasagna Bolognese,30,16.0
2025-06-02,1,4,Bruschetta,29,8.0
2025-06-02,1,5,Tiramisu,33,7.0
2025-06-02,1,6,Caesar Salad,17,10.0
2025-06-02,1,7,Minestrone Soup,23,9.0
2025-06-02,2,1,Margherita Pizza,27,12.0
2025-06-02,2,2,Pasta Alfredo,28,14.0
2025-06-02,2,3,Lasagna Bolognese,27,16.0
2025-06-02,2,4,Bruschetta,31,8.0
2025-06-02,2,5,Tiramisu,30,7.0
2025-06-02,2,6,Caesar Salad,28,10.0
2025-06-02,2,7,Minestrone Soup,27,9.0
2025-06-02,3,1,Margherita Pizza,36,12.0
2025-06-02,3,2,Pasta Alfredo,33,14.0
2025-06-02,3,3,Lasagna Bolognese,25,16.0
2025-06-02,3,4,Bruschetta,32,8.0
2025-06-02,3,5,Tiramisu,37,7.0
2025-06-02,3,6,Caesar Salad,25,10.0
2025-06-02,3,7,Minestrone Soup,28,9.0
2025-06-02,4,1,Margherita Pizza,31,12.0
2025-06-02,4,2,Pasta Alfredo,32,14.0
2025-06-02,4,3,Lasagna Bolognese,25,16.0
2025-06-02,4,4,Bruschetta,26,8.0
2025-06-02,4,5,Tiramisu,29,7.0
2025-06-02,4,6,Caesar Salad,25,10.0
2025-06-02,4,7,Minestrone Soup,33,9.0
2025-06-02,5,1,Margherita Pizza,34,12.0
2025-06-02,5,2,Pasta Alfredo,36,14.0
2025-06-02,5,3,Lasagna Bolognese,31,16.0
2025-06-02,5,4,Bruschetta,29,8.0
2025-06-02,5,5,Tiramisu,30,7.0
2025-06-02,5,6,Caesar Salad,19,10.0
2025-06-02,5,7,Minestrone Soup,27,9.0
2025-06-03,1,1,Margherita Pizza,32,12.0
2025-06-03,1,2,Pasta Alfredo,33,14.0
2025-06-03,1,3,Lasagna Bolognese,26,16.0
2025-06-03,1,4,Bruschetta,35,8.0
2025-06-03,1,5,Tiramisu,32,7.0
2025-06-03,1,6,Caesar Salad,26,10.0
2025-06-03,1,7,Minestrone Soup,32,9.0
2025-06-03,2,1,Margherita Pizza,29,12.0
2025-06-03,2,2,Pasta Alfredo,41,14.0
2025-06-03,2,3,Lasagna Bolognese,25,16.0
2025-06-03,2,4,Bruschetta,30,8.0
2025-06-03,2,5,Tiramisu,43,7.0
2025-06-03,2,6,Caesar Salad,28,10.0
2025-06-03,2,7,Minestrone Soup,34,9.0
2025-06-03,3,1,Margherita Pizza,37,12.0
2025-06-03,3,2,Pasta Alfredo,37,14.0
2025-06-03,3,3,Lasagna Bolognese,31,16.0
2025-06-03,3,4,Bruschetta,32,8.0
2025-06-03,3,5,Tiramisu,37,7.0
2025-06-03,3,6,Caesar Salad,27,10.0
2025-06-03,3,7,Minestrone Soup,31,9.0
2025-06-03,4,1,Margherita Pizza,37,12.0
2025-06-03,4,2,Pasta Alfredo,41,14.0
2025-06-03,4,3,Lasagna Bolognese,27,16.0
2025-06-03,4,4,Bruschetta,37,8.0
2025-06-03,4,5,Tiramisu,40,7.0
2025-06-03,4,6,Caesar Salad,28,10.0
2025-06-03,4,7,Minestrone Soup,35,9.0
2025-06-03,5,1,Margherita Pizza,38,12.0
2025-06-03,5,2,Pasta Alfredo,43,14.0
2025-06-03,5,3,Lasagna Bolognese,29,16.0
2025-06-03,5,4,Bruschetta,39,8.0
2025-06-03,5,5,Tiramisu,42,7.0
2025-06-03,5,6,Caesar Salad,28,10.0
2025-06-03,5,7,Minestrone Soup,32,9.0
2025-06-04,1,1,Margherita Pizza,33,12.0
2025-06-04,1,2,Pasta Alfredo,35,14.0
2025-06-04,1,3,Lasagna Bolognese,26,16.0
2025-06-04,1,4,Bruschetta,33,8.0
2025-06-04,1,5,Tiramisu,33,7.0
2025-06-04,1,6,Caesar Salad,21,10.0
2025-06-04,1,7,Minestrone Soup,30,9.0
2025-06-04,2,1,Margherita Pizza,32,12.0
2025-06-04,2,2,Pasta Alfredo,36,14.0
2025-06-04,2,3,Lasagna Bolognese,31,16.0
2025-06-04,2,4,Bruschetta,24,8.0
2025-06-04,2,5,Tiramisu,40,7.0
2025-06-04,2,6,Caesar Salad,29,10.0
2025-06-04,2,7,Minestrone Soup,33,9.0
2025-06-04,3,1,Margherita Pizza,23,12.0
2025-06-04,3,2,Pasta Alfredo,42,14.0
2025-06-04,3,3,Lasagna Bolognese,24,16.0
2025-06-04,3,4,Bruschetta,32,8.0
2025-06-04,3,5,Tiramisu,38,7.0
2025-06-04,3,6,Caesar Salad,29,10.0
2025-06-04,3,7,Minestrone Soup,35,9.0
2025-06-04,4,1,Margherita Pizza,37,12.0
2025-06-04,4,2,Pasta Alfredo,43,14.0
2025-06-04,4,3,Lasagna Bolognese,30,16.0
2025-06-04,4,4,Bruschetta,36,8.0
2025-06-04,4,5,Tiramisu,37,7.0
2025-06-04,4,6,Caesar Salad,27,10.0
2025-06-04,4,7,Minestrone Soup,37,9.0
2025-06-04,5,1,Margherita Pizza,39,12.0
2025-06-04,5,2,Pasta Alfredo,44,14.0
2025-06-04,5,3,Lasagna Bolognese,29,16.0
2025-06-04,5,4,Bruschetta,39,8.0
2025-06-04,5,5,Tiramisu,39,7.0
2025-06-04,5,6,Caesar Salad,33,10.0
2025-06-04,5,7,Minestrone Soup,35,9.0
2025-06-05,1,1,Margherita Pizza,35,12.0
2025-06-05,1,2,Pasta Alfredo,30,14.0
2025-06-05,1,3,Lasagna Bolognese,30,16.0
2025-06-05,1,4,Bruschetta,29,8.0
2025-06-05,1,5,Tiramisu,34,7.0
2025-06-05,1,6,Caesar Salad,26,10.0
2025-06-05,1,7,Minestrone Soup,28,9.0
2025-06-05,2,1,Margherita Pizza,31,12.0
2025-06-05,2,2,Pasta Alfredo,35,14.0
2025-06-05,2,3,Lasagna Bolognese,24,16.0
2025-06-05,2,4,Bruschetta,33,8.0
2025-06-05,2,5,Tiramisu,34,7.0
2025-06-05,2,6,Caesar Salad,24,10.0
2025-06-05,2,7,Minestrone Soup,27,9.0
2025-06-05,3,1,Margherita Pizza,32,12.0
2025-06-05,3,2,Pasta Alfredo,43,14.0
2025-06-05,3,3,Lasagna Bolognese,25,16.0
2025-06-05,3,4,Bruschetta,31,8.0
2025-06-05,3,5,Tiramisu,39,7.0
2025-06-05,3,6,Caesar Salad,26,10.0
2025-06-05,3,7,Minestrone Soup,40,9.0
2025-06-05,4,1,Margherita Pizza,34,12.0
2025-06-05,4,2,Pasta Alfredo,41,14.0
2025-06-05,4,3,Lasagna Bolognese,32,16.0
2025-06-05,4,4,Bruschetta,37,8.0
2025-06-05,4,5,Tiramisu,41,7.0
2025-06-05,4,6,Caesar Salad,28,10.0
2025-06-05,4,7,Minestrone Soup,41,9.0
2025-06-05,5,1,Margherita Pizza,36,12.0
2025-06-05,5,2,Pasta Alfredo,41,14.0
2025-06-05,5,3,Lasagna Bolognese,28,16.0
2025-06-05,5,4,Bruschetta,31,8.0
2025-06-05,5,5,Tiramisu,45,7.0
2025-06-05,5,6,Caesar Salad,23,10.0
2025-06-05,5,7,Minestrone Soup,36,9.0
2025-06-06,1,1,Margherita Pizza,40,12.0
2025-06-06,1,2,Pasta Alfredo,54,14.0
2025-06-06,1,3,Lasagna Bolognese,28,16.0
2025-06-06,1,4,Bruschetta,38,8.0
2025-06-06,1,5,Tiramisu,47,7.0
2025-06-06,1,6,Caesar Salad,33,10.0
2025-06-06,1,7,Minestrone Soup,39,9.0
2025-06-06,2,1,Margherita Pizza,42,12.0
2025-06-06,2,2,Pasta Alfredo,46,14.0
2025-06-06,2,3,Lasagna Bolognese,37,16.0
2025-06-06,2,4,Bruschetta,36,8.0
2025-06-06,2,5,Tiramisu,50,7.0
2025-06-06,2,6,Caesar Salad,34,10.0
2025-06-06,2,7,Minestrone Soup,46,9.0
2025-06-06,3,1,Margherita Pizza,50,12.0
2025-06-06,3,2,Pasta Alfredo,51,14.0
2025-06-06,3,3,Lasagna Bolognese,41,16.0
2025-06-06,3,4,Bruschetta,44,8.0
2025-06-06,3,5,Tiramisu,49,7.0
2025-06-06,3,6,Caesar Salad,42,10.0
2025-06-06,3,7,Minestrone Soup,46,9.0
2025-06-06,4,1,Margherita Pizza,47,12.0
2025-06-06,4,2,Pasta Alfredo,57,14.0
2025-06-06,4,3,Lasagna Bolognese,40,16.0
2025-06-06,4,4,Bruschetta,47,8.0
2025-06-06,4,5,Tiramisu,51,7.0
2025-06-06,4,6,Caesar Salad,38,10.0
2025-06-06,4,7,Minestrone Soup,49,9.0
2025-06-06,5,1,Margherita Pizza,49,12.0
2025-06-06,5,2,Pasta Alfredo,60,14.0
2025-06-06,5,3,Lasagna Bolognese,42,16.0
2025-06-06,5,4,Bruschetta,46,8.0
2025-06-06,5,5,Tiramisu,53,7.0
2025-06-06,5,6,Caesar Salad,40,10.0
2025-06-06,5,7,Minestrone Soup,47,9.0
2025-06-07,1,1,Margherita Pizza,41,12.0
2025-06-07,1,2,Pasta Alfredo,45,14.0
2025-06-07,1,3,Lasagna Bolognese,32,16.0
2025-06-07,1,4,Bruschetta,44,8.0
2025-06-07,1,5,Tiramisu,48,7.0
2025-06-07,1,6,Caesar Salad,32,10.0
2025-06-07,1,7,Minestrone Soup,40,9.0
2025-06-07,2,1,Margherita Pizza,47,12.0
2025-06-07,2,2,Pasta Alfredo,50,14.0
2025-06-07,2,3,Lasagna Bolognese,37,16.0
2025-06-07,2,4,Bruschetta,40,8.0
2025-06-07,2,5,Tiramisu,53,7.0
2025-06-07,2,6,Caesar Salad,42,10.0
2025-06-07,2,7,Minestrone Soup,40,9.0
2025-06-07,3,1,Margherita Pizza,41,12.0
2025-06-07,3,2,Pasta Alfredo,53,14.0
2025-06-07,3,3,Lasagna Bolognese,40,16.0
2025-06-07,3,4,Bruschetta,44,8.0
2025-06-07,3,5,Tiramisu,49,7.0
2025-06-07,3,6,Caesar Salad,37,10.0
2025-06-07,3,7,Minestrone Soup,46,9.0
2025-06-07,4,1,Margherita Pizza,46,12.0
2025-06-07,4,2,Pasta Alfredo,56,14.0
2025-06-07,4,3,Lasagna Bolognese,42,16.0
2025-06-07,4,4,Bruschetta,47,8.0
2025-06-07,4,5,Tiramisu,54,7.0
2025-06-07,4,6,Caesar Salad,41,10.0
2025-06-07,4,7,Minestrone Soup,44,9.0
2025-06-07,5,1,Margherita Pizza,46,12.0
2025-06-07,5,2,Pasta Alfredo,56,14.0
2025-06-07,5,3,Lasagna Bolognese,39,16.0
2025-06-07,5,4,Bruschetta,46,8.0
2025-06-07,5,5,Tiramisu,63,7.0
2025-06-07,5,6,Caesar Salad,47,10.0
2025-06-07,5,7,Minestrone Soup,48,9.0
2025-06-08,1,1,Margherita Pizza,35,12.0
2025-06-08,1,2,Pasta Alfredo,40,14.0
2025-06-08,1,3,Lasagna Bolognese,32,16.0
2025-06-08,1,4,Bruschetta,38,8.0
2025-06-08,1,5,Tiramisu,35,7.0
2025-06-08,1,6,Caesar Salad,30,10.0
2025-06-08,1,7,Minestrone Soup,30,9.0
2025-06-08,2,1,Margherita Pizza,41,12.0
2025-06-08,2,2,Pasta Alfredo,44,14.0
2025-06-08,2,3,Lasagna Bolognese,28,16.0
2025-06-08,2,4,Bruschetta,36,8.0
2025-06-08,2,5,Tiramisu,41,7.0
2025-06-08,2,6,Caesar Salad,32,10.0
2025-06-08,2,7,Minestrone Soup,39,9.0
2025-06-08,3,1,Margherita Pizza,35,12.0
2025-06-08,3,2,Pasta Alfredo,50,14.0
2025-06-08,3,3,Lasagna Bolognese,37,16.0
2025-06-08,3,4,Bruschetta,35,8.0
2025-06-08,3,5,Tiramisu,45,7.0
2025-06-08,3,6,Caesar Salad,37,10.0
2025-06-08,3,7,Minestrone Soup,42,9.0
2025-06-08,4,1,Margherita Pizza,39,12.0
2025-06-08,4,2,Pasta Alfredo,49,14.0
2025-06-08,4,3,Lasagna Bolognese,42,16.0
2025-06-08,4,4,Bruschetta,40,8.0
2025-06-08,4,5,Tiramisu,45,7.0
2025-06-08,4,6,Caesar Salad,34,10.0
2025-06-08,4,7,Minestrone Soup,41,9.0
2025-06-08,5,1,Margherita Pizza,40,12.0
2025-06-08,5,2,Pasta Alfredo,50,14.0
2025-06-08,5,3,Lasagna Bolognese,31,16.0
2025-06-08,5,4,Bruschetta,40,8.0
2025-06-08,5,5,Tiramisu,51,7.0
2025-06-08,5,6,Caesar Salad,29,10.0
2025-06-08,5,7,Minestrone Soup,44,9.0
2025-06-09,1,1,Margherita Pizza,19,12.0
2025-06-09,1,2,Pasta Alfredo,24,14.0
2025-06-09,1,3,Lasagna Bolognese,20,16.0
2025-06-09,1,4,Bruschetta,26,8.0
2025-06-09,1,5,Tiramisu,34,7.0
2025-06-09,1,6,Caesar Salad,21,10.0
2025-06-09,1,7,Minestrone Soup,25,9.0
2025-06-09,2,1,Margherita Pizza,29,12.0
2025-06-09,2,2,Pasta Alfredo,29,14.0
2025-06-09,2,3,Lasagna Bolognese,23,16.0
2025-06-09,2,4,Bruschetta,23,8.0
2025-06-09,2,5,Tiramisu,31,7.0
2025-06-09,2,6,Caesar Salad,22,10.0
2025-06-09,2,7,Minestrone Soup,24,9.0
2025-06-09,3,1,Margherita Pizza,29,12.0
2025-06-09,3,2,Pasta Alfredo,33,14.0
2025-06-09,3,3,Lasagna Bolognese,27,16.0
2025-06-09,3,4,Bruschetta,23,8.0
2025-06-09,3,5,Tiramisu,33,7.0
2025-06-09,3,6,Caesar Salad,21,10.0
2025-06-09,3,7,Minestrone Soup,31,9.0
2025-06-09,4,1,Margherita Pizza,32,12.0
2025-06-09,4,2,Pasta Alfredo,36,14.0
2025-06-09,4,3,Lasagna Bolognese,22,16.0
2025-06-09,4,4,Bruschetta,32,8.0
2025-06-09,4,5,Tiramisu,30,7.0
2025-06-09,4,6,Caesar Salad,19,10.0
2025-06-09,4,7,Minestrone Soup,26,9.0
2025-06-09,5,1,Margherita Pizza,31,12.0
2025-06-09,5,2,Pasta Alfredo,38,14.0
2025-06-09,5,3,Lasagna Bolognese,17,16.0
2025-06-09,5,4,Bruschetta,35,8.0
2025-06-09,5,5,Tiramisu,36,7.0
2025-06-09,5,6,Caesar Salad,21,10.0
2025-06-09,5,7,Minestrone Soup,31,9.0
2025-06-10,1,1,Margherita Pizza,33,12.0
2025-06-10,1,2,Pasta Alfredo,37,14.0
2025-06-10,1,3,Lasagna Bolognese,28,16.0
2025-06-10,1,4,Bruschetta,26,8.0
2025-06-10,1,5,Tiramisu,34,7.0
2025-06-10,1,6,Caesar Salad,22,10.0
2025-06-10,1,7,Minestrone Soup,35,9.0
2025-06-10,2,1,Margherita Pizza,33,12.0
2025-06-10,2,2,Pasta Alfredo,45,14.0
2025-06-10,2,3,Lasagna Bolognese,25,16.0
2025-06-10,2,4,Bruschetta,29,8.0
2025-06-10,2,5,Tiramisu,36,7.0
2025-06-10,2,6,Caesar Salad,30,10.0
2025-06-10,2,7,Minestrone Soup,30,9.0
2025-06-10,3,1,Margherita Pizza,33,12.0
2025-06-10,3,2,Pasta Alfredo,39,14.0
2025-06-10,3,3,Lasagna Bolognese,28,16.0
2025-06-10,3,4,Bruschetta,31,8.0
2025-06-10,3,5,Tiramisu,38,7.0
2025-06-10,3,6,Caesar Salad,27,10.0
2025-06-10,3,7,Minestrone Soup,33,9.0
2025-06-10,4,1,Margherita Pizza,37,12.0
2025-06-10,4,2,Pasta Alfredo,46,14.0
2025-06-10,4,3,Lasagna Bolognese,26,16.0
2025-06-10,4,4,Bruschetta,33,8.0
2025-06-10,4,5,Tiramisu,38,7.0
2025-06-10,4,6,Caesar Salad,29,10.0
2025-06-10,4,7,Minestrone Soup,33,9.0
2025-06-10,5,1,Margherita Pizza,37,12.0
2025-06-10,5,2,Pasta Alfredo,46,14.0
2025-06-10,5,3,Lasagna Bolognese,23,16.0
2025-06-10,5,4,Bruschetta,38,8.0
2025-06-10,5,5,Tiramisu,41,7.0
2025-06-10,5,6,Caesar Salad,32,10.0
2025-06-10,5,7,Minestrone Soup,34,9.0
2025-06-11,1,1,Margherita Pizza,34,12.0
2025-06-11,1,2,Pasta Alfredo,38,14.0
2025-06-11,1,3,Lasagna Bolognese,27,16.0
2025-06-11,1,4,Bruschetta,32,8.0
2025-06-11,1,5,Tiramisu,33,7.0
2025-06-11,1,6,Caesar Salad,23,10.0
2025-06-11,1,7,Minestrone Soup,32,9.0
2025-06-11,2,1,Margherita Pizza,29,12.0
2025-06-11,2,2,Pasta Alfredo,41,14.0
2025-06-11,2,3,Lasagna Bolognese,25,16.0
2025-06-11,2,4,Bruschetta,33,8.0
2025-06-11,2,5,Tiramisu,43,7.0
2025-06-11,2,6,Caesar Salad,24,10.0
2025-06-11,2,7,Minestrone Soup,32,9.0
2025-06-11,3,1,Margherita Pizza,36,12.0
2025-06-11,3,2,Pasta Alfredo,41,14.0
2025-06-11,3,3,Lasagna Bolognese,27,16.0
2025-06-11,3,4,Bruschetta,32,8.0
2025-06-11,3,5,Tiramisu,38,7.0
2025-06-11,3,6,Caesar Salad,32,10.0
2025-06-11,3,7,Minestrone Soup,32,9.0
2025-06-11,4,1,Margherita Pizza,35,12.0
2025-06-11,4,2,Pasta Alfredo,39,14.0
2025-06-11,4,3,Lasagna Bolognese,31,16.0
2025-06-11,4,4,Bruschetta,35,8.0
2025-06-11,4,5,Tiramisu,37,7.0
2025-06-11,4,6,Caesar Salad,26,10.0
2025-06-11,4,7,Minestrone Soup,29,9.0
2025-06-11,5,1,Margherita Pizza,34,12.0
2025-06-11,5,2,Pasta Alfredo,45,14.0
2025-06-11,5,3,Lasagna Bolognese,34,16.0
2025-06-11,5,4,Bruschetta,38,8.0
2025-06-11,5,5,Tiramisu,44,7.0
2025-06-11,5,6,Caesar Salad,30,10.0
2025-06-11,5,7,Minestrone Soup,39,9.0
2025-06-12,1,1,Margherita Pizza,31,12.0
2025-06-12,1,2,Pasta Alfredo,40,14.0
2025-06-12,1,3,Lasagna Bolognese,25,16.0
2025-06-12,1,4,Bruschetta,34,8.0
2025-06-12,1,5,Tiramisu,38,7.0
2025-06-12,1,6,Caesar Salad,27,10.0
2025-06-12,1,7,Minestrone Soup,24,9.0
2025-06-12,2,1,Margherita Pizza,34,12.0
2025-06-12,2,2,Pasta Alfredo,36,14.0
2025-06-12,2,3,Lasagna Bolognese,25,16.0
2025-06-12,2,4,Bruschetta,27,8.0
2025-06-12,2,5,Tiramisu,37,7.0
2025-06-12,2,6,Caesar Salad,26,10.0
2025-06-12,2,7,Minestrone Soup,28,9.0
2025-06-12,3,1,Margherita Pizza,29,12.0
2025-06-12,3,2,Pasta Alfredo,40,14.0
2025-06-12,3,3,Lasagna Bolognese,30,16.0
2025-06-12,3,4,Bruschetta,34,8.0
2025-06-12,3,5,Tiramisu,42,7.0
2025-06-12,3,6,Caesar Salad,27,10.0
2025-06-12,3,7,Minestrone Soup,33,9.0
2025-06-12,4,1,Margherita Pizza,32,12.0
2025-06-12,4,2,Pasta Alfredo,36,14.0
2025-06-12,4,3,Lasagna Bolognese,34,16.0
2025-06-12,4,4,Bruschetta,38,8.0
2025-06-12,4,5,Tiramisu,36,7.0
2025-06-12,4,6,Caesar Salad,29,10.0
2025-06-12,4,7,Minestrone Soup,34,9.0
2025-06-12,5,1,Margherita Pizza,35,12.0
2025-06-12,5,2,Pasta Alfredo,41,14.0
2025-06-12,5,3,Lasagna Bolognese,31,16.0
2025-06-12,5,4,Bruschetta,39,8.0
2025-06-12,5,5,Tiramisu,43,7.0
2025-06-12,5,6,Caesar Salad,30,10.0
2025-06-12,5,7,Minestrone Soup,36,9.0
2025-06-13,1,1,Margherita Pizza,43,12.0
2025-06-13,1,2,Pasta Alfredo,49,14.0
2025-06-13,1,3,Lasagna Bolognese,34,16.0
2025-06-13,1,4,Bruschetta,40,8.0
2025-06-13,1,5,Tiramisu,48,7.0
2025-06-13,1,6,Caesar Salad,32,10.0
2025-06-13,1,7,Minestrone Soup,43,9.0
2025-06-13,2,1,Margherita Pizza,39,12.0
2025-06-13,2,2,Pasta Alfredo,48,14.0
2025-06-13,2,3,Lasagna Bolognese,37,16.0
2025-06-13,2,4,Bruschetta,39,8.0
2025-06-13,2,5,Tiramisu,45,7.0
2025-06-13,2,6,Caesar Salad,36,10.0
2025-06-13,2,7,Minestrone Soup,37,9.0
2025-06-13,3,1,Margherita Pizza,41,12.0
2025-06-13,3,2,Pasta Alfredo,54,14.0
2025-06-13,3,3,Lasagna Bolognese,37,16.0
2025-06-13,3,4,Bruschetta,49,8.0
2025-06-13,3,5,Tiramisu,48,7.0
2025-06-13,3,6,Caesar Salad,37,10.0
2025-06-13,3,7,Minestrone Soup,46,9.0
2025-06-13,4,1,Margherita Pizza,43,12.0
2025-06-13,4,2,Pasta Alfredo,58,14.0
2025-06-13,4,3,Lasagna Bolognese,41,16.0
2025-06-13,4,4,Bruschetta,42,8.0
2025-06-13,4,5,Tiramisu,54,7.0
2025-06-13,4,6,Caesar Salad,40,10.0
2025-06-13,4,7,Minestrone Soup,45,9.0
2025-06-13,5,1,Margherita Pizza,44,12.0
2025-06-13,5,2,Pasta Alfredo,58,14.0
2025-06-13,5,3,Lasagna Bolognese,47,16.0
2025-06-13,5,4,Bruschetta,48,8.0
2025-06-13,5,5,Tiramisu,62,7.0
2025-06-13,5,6,Caesar Salad,38,10.0
2025-06-13,5,7,Minestrone Soup,50,9.0
2025-06-14,1,1,Margherita Pizza,43,12.0
2025-06-14,1,2,Pasta Alfredo,47,14.0
2025-06-14,1,3,Lasagna Bolognese,33,16.0
2025-06-14,1,4,Bruschetta,43,8.0
2025-06-14,1,5,Tiramisu,53,7.0
2025-06-14,1,6,Caesar Salad,35,10.0
2025-06-14,1,7,Minestrone Soup,39,9.0
2025-06-14,2,1,Margherita Pizza,42,12.0
2025-06-14,2,2,Pasta Alfredo,57,14.0
2025-06-14,2,3,Lasagna Bolognese,36,16.0
2025-06-14,2,4,Bruschetta,41,8.0
2025-06-14,2,5,Tiramisu,46,7.0
2025-06-14,2,6,Caesar Salad,30,10.0
2025-06-14,2,7,Minestrone Soup,44,9.0
2025-06-14,3,1,Margherita Pizza,47,12.0
2025-06-14,3,2,Pasta Alfredo,51,14.0
2025-06-14,3,3,Lasagna Bolognese,37,16.0
2025-06-14,3,4,Bruschetta,41,8.0
2025-06-14,3,5,Tiramisu,52,7.0
2025-06-14,3,6,Caesar Salad,39,10.0
2025-06-14,3,7,Minestrone Soup,43,9.0
2025-06-14,4,1,Margherita Pizza,52,12.0
2025-06-14,4,2,Pasta Alfredo,52,14.0
2025-06-14,4,3,Lasagna Bolognese,40,16.0
2025-06-14,4,4,Bruschetta,49,8.0
2025-06-14,4,5,Tiramisu,54,7.0
2025-06-14,4,6,Caesar Salad,38,10.0
2025-06-14,4,7,Minestrone Soup,42,9.0
2025-06-14,5,1,Margherita Pizza,53,12.0
2025-06-14,5,2,Pasta Alfredo,57,14.0
2025-06-14,5,3,Lasagna Bolognese,42,16.0
2025-06-14,5,4,Bruschetta,51,8.0
2025-06-14,5,5,Tiramisu,55,7.0
2025-06-14,5,6,Caesar Salad,40,10.0
2025-06-14,5,7,Minestrone Soup,53,9.0
2025-06-15,1,1,Margherita Pizza,31,12.0
2025-06-15,1,2,Pasta Alfredo,47,14.0
2025-06-15,1,3,Lasagna Bolognese,26,16.0
2025-06-15,1,4,Bruschetta,31,8.0
2025-06-15,1,5,Tiramisu,41,7.0
2025-06-15,1,6,Caesar Salad,35,10.0
2025-06-15,1,7,Minestrone Soup,29,9.0
2025-06-15,2,1,Margherita Pizza,36,12.0
2025-06-15,2,2,Pasta Alfredo,44,14.0
2025-06-15,2,3,Lasagna Bolognese,30,16.0
2025-06-15,2,4,Bruschetta,37,8.0
2025-06-15,2,5,Tiramisu,40,7.0
2025-06-15,2,6,Caesar Salad,28,10.0
2025-06-15,2,7,Minestrone Soup,36,9.0
2025-06-15,3,1,Margherita Pizza,35,12.0
2025-06-15,3,2,Pasta Alfredo,44,14.0
2025-06-15,3,3,Lasagna Bolognese,31,16.0
2025-06-15,3,4,Bruschetta,37,8.0
2025-06-15,3,5,Tiramisu,45,7.0
2025-06-15,3,6,Caesar Salad,26,10.0
2025-06-15,3,7,Minestrone Soup,37,9.0
2025-06-15,4,1,Margherita Pizza,47,12.0
2025-06-15,4,2,Pasta Alfredo,43,14.0
2025-06-15,4,3,Lasagna Bolognese,37,16.0
2025-06-15,4,4,Bruschetta,40,8.0
2025-06-15,4,5,Tiramisu,45,7.0
2025-06-15,4,6,Caesar Salad,29,10.0
2025-06-15,4,7,Minestrone Soup,40,9.0
2025-06-15,5,1,Margherita Pizza,46,12.0
2025-06-15,5,2,Pasta Alfredo,47,14.0
2025-06-15,5,3,Lasagna Bolognese,34,16.0
2025-06-15,5,4,Bruschetta,45,8.0
2025-06-15,5,5,Tiramisu,50,7.0
2025-06-15,5,6,Caesar Salad,30,10.0
2025-06-15,5,7,Minestrone Soup,42,9.0
2025-06-16,1,1,Margherita Pizza,30,12.0
2025-06-16,1,2,Pasta Alfredo,30,14.0
2025-06-16,1,3,Lasagna Bolognese,13,16.0
2025-06-16,1,4,Bruschetta,27,8.0
2025-06-16,1,5,Tiramisu,29,7.0
2025-06-16,1,6,Caesar Salad,16,10.0
2025-06-16,1,7,Minestrone Soup,20,9.0
2025-06-16,2,1,Margherita Pizza,30,12.0
2025-06-16,2,2,Pasta Alfredo,29,14.0
2025-06-16,2,3,Lasagna Bolognese,20,16.0
2025-06-16,2,4,Bruschetta,27,8.0
2025-06-16,2,5,Tiramisu,29,7.0
2025-06-16,2,6,Caesar Salad,23,10.0
2025-06-16,2,7,Minestrone Soup,26,9.0
2025-06-16,3,1,Margherita Pizza,25,12.0
2025-06-16,3,2,Pasta Alfredo,31,14.0
2025-06-16,3,3,Lasagna Bolognese,25,16.0
2025-06-16,3,4,Bruschetta,28,8.0
2025-06-16,3,5,Tiramisu,33,7.0
2025-06-16,3,6,Caesar Salad,29,10.0
2025-06-16,3,7,Minestrone Soup,30,9.0
2025-06-16,4,1,Margherita Pizza,32,12.0
2025-06-16,4,2,Pasta Alfredo,34,14.0
2025-06-16,4,3,Lasagna Bolognese,25,16.0
2025-06-16,4,4,Bruschetta,28,8.0
2025-06-16,4,5,Tiramisu,37,7.0
2025-06-16,4,6,Caesar Salad,24,10.0
2025-06-16,4,7,Minestrone Soup,30,9.0
2025-06-16,5,1,Margherita Pizza,31,12.0
2025-06-16,5,2,Pasta Alfredo,36,14.0
2025-06-16,5,3,Lasagna Bolognese,34,16.0
2025-06-16,5,4,Bruschetta,29,8.0
2025-06-16,5,5,Tiramisu,34,7.0
2025-06-16,5,6,Caesar Salad,28,10.0
2025-06-16,5,7,Minestrone Soup,29,9.0
2025-06-17,1,1,Margherita Pizza,29,12.0
2025-06-17,1,2,Pasta Alfredo,32,14.0
2025-06-17,1,3,Lasagna Bolognese,26,16.0
2025-06-17,1,4,Bruschetta,31,8.0
2025-06-17,1,5,Tiramisu,34,7.0
2025-06-17,1,6,Caesar Salad,27,10.0
2025-06-17,1,7,Minestrone Soup,24,9.0
2025-06-17,2,1,Margherita Pizza,29,12.0
2025-06-17,2,2,Pasta Alfredo,36,14.0
2025-06-17,2,3,Lasagna Bolognese,23,16.0
2025-06-17,2,4,Bruschetta,26,8.0
2025-06-17,2,5,Tiramisu,36,7.0
2025-06-17,2,6,Caesar Salad,28,10.0
2025-06-17,2,7,Minestrone Soup,35,9.0
2025-06-17,3,1,Margherita Pizza,31,12.0
2025-06-17,3,2,Pasta Alfredo,41,14.0
2025-06-17,3,3,Lasagna Bolognese,29,16.0
2025-06-17,3,4,Bruschetta,37,8.0
2025-06-17,3,5,Tiramisu,38,7.0
2025-06-17,3,6,Caesar Salad,22,10.0
2025-06-17,3,7,Minestrone Soup,33,9.0
2025-06-17,4,1,Margherita Pizza,32,12.0
2025-06-17,4,2,Pasta Alfredo,38,14.0
2025-06-17,4,3,Lasagna Bolognese,28,16.0
2025-06-17,4,4,Bruschetta,34,8.0
2025-06-17,4,5,Tiramisu,41,7.0
2025-06-17,4,6,Caesar Salad,31,10.0
2025-06-17,4,7,Minestrone Soup,34,9.0
2025-06-17,5,1,Margherita Pizza,37,12.0
2025-06-17,5,2,Pasta Alfredo,42,14.0
2025-06-17,5,3,Lasagna Bolognese,33,16.0
2025-06-17,5,4,Bruschetta,36,8.0
2025-06-17,5,5,Tiramisu,42,7.0
2025-06-17,5,6,Caesar Salad,29,10.0
2025-06-17,5,7,Minestrone Soup,36,9.0
2025-06-18,1,1,Margherita Pizza,28,12.0
2025-06-18,1,2,Pasta Alfredo,32,14.0
2025-06-18,1,3,Lasagna Bolognese,27,16.0
2025-06-18,1,4,Bruschetta,27,8.0
2025-06-18,1,5,Tiramisu,34,7.0
2025-06-18,1,6,Caesar Salad,28,10.0
2025-06-18,1,7,Minestrone Soup,29,9.0
2025-06-18,2,1,Margherita Pizza,34,12.0
2025-06-18,2,2,Pasta Alfredo,35,14.0
2025-06-18,2,3,Lasagna Bolognese,23,16.0
2025-06-18,2,4,Bruschetta,27,8.0
2025-06-18,2,5,Tiramisu,41,7.0
2025-06-18,2,6,Caesar Salad,23,10.0
2025-06-18,2,7,Minestrone Soup,34,9.0
2025-06-18,3,1,Margherita Pizza,30,12.0
2025-06-18,3,2,Pasta Alfredo,43,14.0
2025-06-18,3,3,Lasagna Bolognese,34,16.0
2025-06-18,3,4,Bruschetta,28,8.0
2025-06-18,3,5,Tiramisu,35,7.0
2025-06-18,3,6,Caesar Salad,30,10.0
2025-06-18,3,7,Minestrone Soup,35,9.0
2025-06-18,4,1,Margherita Pizza,37,12.0
2025-06-18,4,2,Pasta Alfredo,39,14.0
2025-06-18,4,3,Lasagna Bolognese,35,16.0
2025-06-18,4,4,Bruschetta,35,8.0
2025-06-18,4,5,Tiramisu,37,7.0
2025-06-18,4,6,Caesar Salad,28,10.0
2025-06-18,4,7,Minestrone Soup,31,9.0
2025-06-18,5,1,Margherita Pizza,41,12.0
2025-06-18,5,2,Pasta Alfredo,40,14.0
2025-06-18,5,3,Lasagna Bolognese,32,16.0
2025-06-18,5,4,Bruschetta,35,8.0
2025-06-18,5,5,Tiramisu,40,7.0
2025-06-18,5,6,Caesar Salad,24,10.0
2025-06-18,5,7,Minestrone Soup,38,9.0
2025-06-19,1,1,Margherita Pizza,34,12.0
2025-06-19,1,2,Pasta Alfredo,32,14.0
2025-06-19,1,3,Lasagna Bolognese,20,16.0
2025-06-19,1,4,Bruschetta,32,8.0
2025-06-19,1,5,Tiramisu,30,7.0
2025-06-19,1,6,Caesar Salad,29,10.0
2025-06-19,1,7,Minestrone Soup,27,9.0
2025-06-19,2,1,Margherita Pizza,28,12.0
2025-06-19,2,2,Pasta Alfredo,37,14.0
2025-06-19,2,3,Lasagna Bolognese,23,16.0
2025-06-19,2,4,Bruschetta,29,8.0
2025-06-19,2,5,Tiramisu,38,7.0
2025-06-19,2,6,Caesar Salad,19,10.0
2025-06-19,2,7,Minestrone Soup,36,9.0
2025-06-19,3,1,Margherita Pizza,33,12.0
2025-06-19,3,2,Pasta Alfredo,35,14.0
2025-06-19,3,3,Lasagna Bolognese,25,16.0
2025-06-19,3,4,Bruschetta,36,8.0
2025-06-19,3,5,Tiramisu,40,7.0
2025-06-19,3,6,Caesar Salad,32,10.0
2025-06-19,3,7,Minestrone Soup,31,9.0
2025-06-19,4,1,Margherita Pizza,36,12.0
2025-06-19,4,2,Pasta Alfredo,42,14.0
2025-06-19,4,3,Lasagna Bolognese,31,16.0
2025-06-19,4,4,Bruschetta,38,8.0
2025-06-19,4,5,Tiramisu,38,7.0
2025-06-19,4,6,Caesar Salad,29,10.0
2025-06-19,4,7,Minestrone Soup,33,9.0
2025-06-19,5,1,Margherita Pizza,36,12.0
2025-06-19,5,2,Pasta Alfredo,44,14.0
2025-06-19,5,3,Lasagna Bolognese,25,16.0
2025-06-19,5,4,Bruschetta,40,8.0
2025-06-19,5,5,Tiramisu,39,7.0
2025-06-19,5,6,Caesar Salad,29,10.0
2025-06-19,5,7,Minestrone Soup,40,9.0
2025-06-20,1,1,Margherita Pizza,41,12.0
2025-06-20,1,2,Pasta Alfredo,48,14.0
2025-06-20,1,3,Lasagna Bolognese,30,16.0
2025-06-20,1,4,Bruschetta,37,8.0
2025-06-20,1,5,Tiramisu,50,7.0
2025-06-20,1,6,Caesar Salad,32,10.0
2025-06-20,1,7,Minestrone Soup,39,9.0
2025-06-20,2,1,Margherita Pizza,45,12.0
2025-06-20,2,2,Pasta Alfredo,46,14.0
2025-06-20,2,3,Lasagna Bolognese,36,16.0
2025-06-20,2,4,Bruschetta,43,8.0
2025-06-20,2,5,Tiramisu,50,7.0
2025-06-20,2,6,Caesar Salad,34,10.0
2025-06-20,2,7,Minestrone Soup,41,9.0
2025-06-20,3,1,Margherita Pizza,41,12.0
2025-06-20,3,2,Pasta Alfredo,54,14.0
2025-06-20,3,3,Lasagna Bolognese,35,16.0
2025-06-20,3,4,Bruschetta,48,8.0
2025-06-20,3,5,Tiramisu,51,7.0
2025-06-20,3,6,Caesar Salad,34,10.0
2025-06-20,3,7,Minestrone Soup,44,9.0
2025-06-20,4,1,Margherita Pizza,46,12.0
2025-06-20,4,2,Pasta Alfredo,58,14.0
2025-06-20,4,3,Lasagna Bolognese,38,16.0
2025-06-20,4,4,Bruschetta,46,8.0
2025-06-20,4,5,Tiramisu,59,7.0
2025-06-20,4,6,Caesar Salad,41,10.0
2025-06-20,4,7,Minestrone Soup,52,9.0
2025-06-20,5,1,Margherita Pizza,53,12.0
2025-06-20,5,2,Pasta Alfredo,54,14.0
2025-06-20,5,3,Lasagna Bolognese,44,16.0
2025-06-20,5,4,Bruschetta,53,8.0
2025-06-20,5,5,Tiramisu,62,7.0
2025-06-20,5,6,Caesar Salad,44,10.0
2025-06-20,5,7,Minestrone Soup,52,9.0
2025-06-21,1,1,Margherita Pizza,39,12.0
2025-06-21,1,2,Pasta Alfredo,45,14.0
2025-06-21,1,3,Lasagna Bolognese,33,16.0
2025-06-21,1,4,Bruschetta,35,8.0
2025-06-21,1,5,Tiramisu,51,7.0
2025-06-21,1,6,Caesar Salad,33,10.0
2025-06-21,1,7,Minestrone Soup,44,9.0
2025-06-21,2,1,Margherita Pizza,39,12.0
2025-06-21,2,2,Pasta Alfredo,53,14.0
2025-06-21,2,3,Lasagna Bolognese,34,16.0
2025-06-21,2,4,Bruschetta,39,8.0
2025-06-21,2,5,Tiramisu,54,7.0
2025-06-21,2,6,Caesar Salad,39,10.0
2025-06-21,2,7,Minestrone Soup,43,9.0
2025-06-21,3,1,Margherita Pizza,45,12.0
2025-06-21,3,2,Pasta Alfredo,53,14.0
2025-06-21,3,3,Lasagna Bolognese,38,16.0
2025-06-21,3,4,Bruschetta,42,8.0
2025-06-21,3,5,Tiramisu,51,7.0
2025-06-21,3,6,Caesar Salad,43,10.0
2025-06-21,3,7,Minestrone Soup,53,9.0
2025-06-21,4,1,Margherita Pizza,51,12.0
2025-06-21,4,2,Pasta Alfredo,56,14.0
2025-06-21,4,3,Lasagna Bolognese,38,16.0
2025-06-21,4,4,Bruschetta,44,8.0
2025-06-21,4,5,Tiramisu,52,7.0
2025-06-21,4,6,Caesar Salad,37,10.0
2025-06-21,4,7,Minestrone Soup,53,9.0
2025-06-21,5,1,Margherita Pizza,54,12.0
2025-06-21,5,2,Pasta Alfredo,59,14.0
2025-06-21,5,3,Lasagna Bolognese,38,16.0
2025-06-21,5,4,Bruschetta,52,8.0
2025-06-21,5,5,Tiramisu,56,7.0
2025-06-21,5,6,Caesar Salad,34,10.0
2025-06-21,5,7,Minestrone Soup,50,9.0
2025-06-22,1,1,Margherita Pizza,32,12.0
2025-06-22,1,2,Pasta Alfredo,38,14.0
2025-06-22,1,3,Lasagna Bolognese,28,16.0
2025-06-22,1,4,Bruschetta,33,8.0
2025-06-22,1,5,Tiramisu,40,7.0
2025-06-22,1,6,Caesar Salad,28,10.0
2025-06-22,1,7,Minestrone Soup,29,9.0
2025-06-22,2,1,Margherita Pizza,41,12.0
2025-06-22,2,2,Pasta Alfredo,39,14.0
2025-06-22,2,3,Lasagna Bolognese,27,16.0
2025-06-22,2,4,Bruschetta,35,8.0
2025-06-22,2,5,Tiramisu,42,7.0
2025-06-22,2,6,Caesar Salad,35,10.0
2025-06-22,2,7,Minestrone Soup,37,9.0
2025-06-22,3,1,Margherita Pizza,40,12.0
2025-06-22,3,2,Pasta Alfredo,45,14.0
2025-06-22,3,3,Lasagna Bolognese,32,16.0
2025-06-22,3,4,Bruschetta,39,8.0
2025-06-22,3,5,Tiramisu,39,7.0
2025-06-22,3,6,Caesar Salad,31,10.0
2025-06-22,3,7,Minestrone Soup,42,9.0
2025-06-22,4,1,Margherita Pizza,52,12.0
2025-06-22,4,2,Pasta Alfredo,43,14.0
2025-06-22,4,3,Lasagna Bolognese,34,16.0
2025-06-22,4,4,Bruschetta,38,8.0
2025-06-22,4,5,Tiramisu,53,7.0
2025-06-22,4,6,Caesar Salad,29,10.0
2025-06-22,4,7,Minestrone Soup,42,9.0
2025-06-22,5,1,Margherita Pizza,37,12.0
2025-06-22,5,2,Pasta Alfredo,48,14.0
2025-06-22,5,3,Lasagna Bolognese,35,16.0
2025-06-22,5,4,Bruschetta,45,8.0
2025-06-22,5,5,Tiramisu,45,7.0
2025-06-22,5,6,Caesar Salad,37,10.0
2025-06-22,5,7,Minestrone Soup,42,9.0
2025-06-23,1,1,Margherita Pizza,26,12.0
2025-06-23,1,2,Pasta Alfredo,33,14.0
2025-06-23,1,3,Lasagna Bolognese,17,16.0
2025-06-23,1,4,Bruschetta,28,8.0
2025-06-23,1,5,Tiramisu,28,7.0
2025-06-23,1,6,Caesar Salad,24,10.0
2025-06-23,1,7,Minestrone Soup,26,9.0
2025-06-23,2,1,Margherita Pizza,26,12.0
2025-06-23,2,2,Pasta Alfredo,29,14.0
2025-06-23,2,3,Lasagna Bolognese,25,16.0
2025-06-23,2,4,Bruschetta,31,8.0
2025-06-23,2,5,Tiramisu,30,7.0
2025-06-23,2,6,Caesar Salad,19,10.0
2025-06-23,2,7,Minestrone Soup,29,9.0
2025-06-23,3,1,Margherita Pizza,24,12.0
2025-06-23,3,2,Pasta Alfredo,29,14.0
2025-06-23,3,3,Lasagna Bolognese,20,16.0
2025-06-23,3,4,Bruschetta,27,8.0
2025-06-23,3,5,Tiramisu,29,7.0
2025-06-23,3,6,Caesar Salad,18,10.0
2025-06-23,3,7,Minestrone Soup,25,9.0
2025-06-23,4,1,Margherita Pizza,31,12.0
2025-06-23,4,2,Pasta Alfredo,31,14.0
2025-06-23,4,3,Lasagna Bolognese,24,16.0
2025-06-23,4,4,Bruschetta,35,8.0
2025-06-23,4,5,Tiramisu,34,7.0
2025-06-23,4,6,Caesar Salad,26,10.0
2025-06-23,4,7,Minestrone Soup,27,9.0
2025-06-23,5,1,Margherita Pizza,37,12.0
2025-06-23,5,2,Pasta Alfredo,34,14.0
2025-06-23,5,3,Lasagna Bolognese,25,16.0
2025-06-23,5,4,Bruschetta,35,8.0
2025-06-23,5,5,Tiramisu,35,7.0
2025-06-23,5,6,Caesar Salad,26,10.0
2025-06-23,5,7,Minestrone Soup,30,9.0
2025-06-24,1,1,Margherita Pizza,29,12.0
2025-06-24,1,2,Pasta Alfredo,36,14.0
2025-06-24,1,3,Lasagna Bolognese,27,16.0
2025-06-24,1,4,Bruschetta,28,8.0
2025-06-24,1,5,Tiramisu,33,7.0
2025-06-24,1,6,Caesar Salad,23,10.0
2025-06-24,1,7,Minestrone Soup,26,9.0
2025-06-24,2,1,Margherita Pizza,27,12.0
2025-06-24,2,2,Pasta Alfredo,38,14.0
2025-06-24,2,3,Lasagna Bolognese,29,16.0
2025-06-24,2,4,Bruschetta,34,8.0
2025-06-24,2,5,Tiramisu,30,7.0
2025-06-24,2,6,Caesar Salad,26,10.0
2025-06-24,2,7,Minestrone Soup,28,9.0
2025-06-24,3,1,Margherita Pizza,34,12.0
2025-06-24,3,2,Pasta Alfredo,37,14.0
2025-06-24,3,3,Lasagna Bolognese,29,16.0
2025-06-24,3,4,Bruschetta,33,8.0
2025-06-24,3,5,Tiramisu,33,7.0
2025-06-24,3,6,Caesar Salad,25,10.0
2025-06-24,3,7,Minestrone Soup,33,9.0
2025-06-24,4,1,Margherita Pizza,35,12.0
2025-06-24,4,2,Pasta Alfredo,36,14.0
2025-06-24,4,3,Lasagna Bolognese,24,16.0
2025-06-24,4,4,Bruschetta,35,8.0
2025-06-24,4,5,Tiramisu,36,7.0
2025-06-24,4,6,Caesar Salad,24,10.0
2025-06-24,4,7,Minestrone Soup,33,9.0
2025-06-24,5,1,Margherita Pizza,35,12.0
2025-06-24,5,2,Pasta Alfredo,40,14.0
2025-06-24,5,3,Lasagna Bolognese,28,16.0
2025-06-24,5,4,Bruschetta,36,8.0
2025-06-24,5,5,Tiramisu,40,7.0
2025-06-24,5,6,Caesar Salad,30,10.0
2025-06-24,5,7,Minestrone Soup,35,9.0
2025-06-25,1,1,Margherita Pizza,30,12.0
2025-06-25,1,2,Pasta Alfredo,38,14.0
2025-06-25,1,3,Lasagna Bolognese,27,16.0
2025-06-25,1,4,Bruschetta,34,8.0
2025-06-25,1,5,Tiramisu,37,7.0
2025-06-25,1,6,Caesar Salad,26,10.0
2025-06-25,1,7,Minestrone Soup,29,9.0
2025-06-25,2,1,Margherita Pizza,30,12.0
2025-06-25,2,2,Pasta Alfredo,34,14.0
2025-06-25,2,3,Lasagna Bolognese,26,16.0
2025-06-25,2,4,Bruschetta,34,8.0
2025-06-25,2,5,Tiramisu,35,7.0
2025-06-25,2,6,Caesar Salad,26,10.0
2025-06-25,2,7,Minestrone Soup,29,9.0
2025-06-25,3,1,Margherita Pizza,34,12.0
2025-06-25,3,2,Pasta Alfredo,37,14.0
2025-06-25,3,3,Lasagna Bolognese,25,16.0
2025-06-25,3,4,Bruschetta,31,8.0
2025-06-25,3,5,Tiramisu,40,7.0
2025-06-25,3,6,Caesar Salad,27,10.0
2025-06-25,3,7,Minestrone Soup,32,9.0
2025-06-25,4,1,Margherita Pizza,35,12.0
2025-06-25,4,2,Pasta Alfredo,39,14.0
2025-06-25,4,3,Lasagna Bolognese,32,16.0
2025-06-25,4,4,Bruschetta,32,8.0
2025-06-25,4,5,Tiramisu,40,7.0
2025-06-25,4,6,Caesar Salad,25,10.0
2025-06-25,4,7,Minestrone Soup,34,9.0
2025-06-25,5,1,Margherita Pizza,31,12.0
2025-06-25,5,2,Pasta Alfredo,45,14.0
2025-06-25,5,3,Lasagna Bolognese,32,16.0
2025-06-25,5,4,Bruschetta,39,8.0
2025-06-25,5,5,Tiramisu,42,7.0
2025-06-25,5,6,Caesar Salad,28,10.0
2025-06-25,5,7,Minestrone Soup,34,9.0
2025-06-26,1,1,Margherita Pizza,35,12.0
2025-06-26,1,2,Pasta Alfredo,39,14.0
2025-06-26,1,3,Lasagna Bolognese,25,16.0
2025-06-26,1,4,Bruschetta,28,8.0
2025-06-26,1,5,Tiramisu,39,7.0
2025-06-26,1,6,Caesar Salad,23,10.0
2025-06-26,1,7,Minestrone Soup,31,9.0
2025-06-26,2,1,Margherita Pizza,36,12.0
2025-06-26,2,2,Pasta Alfredo,34,14.0
2025-06-26,2,3,Lasagna Bolognese,29,16.0
2025-06-26,2,4,Bruschetta,33,8.0
2025-06-26,2,5,Tiramisu,37,7.0
2025-06-26,2,6,Caesar Salad,23,10.0
2025-06-26,2,7,Minestrone Soup,29,9.0
2025-06-26,3,1,Margherita Pizza,34,12.0
2025-06-26,3,2,Pasta Alfredo,34,14.0
2025-06-26,3,3,Lasagna Bolognese,28,16.0
2025-06-26,3,4,Bruschetta,35,8.0
2025-06-26,3,5,Tiramisu,42,7.0
2025-06-26,3,6,Caesar Salad,23,10.0
2025-06-26,3,7,Minestrone Soup,37,9.0
2025-06-26,4,1,Margherita Pizza,40,12.0
2025-06-26,4,2,Pasta Alfredo,42,14.0
2025-06-26,4,3,Lasagna Bolognese,26,16.0
2025-06-26,4,4,Bruschetta,34,8.0
2025-06-26,4,5,Tiramisu,40,7.0
2025-06-26,4,6,Caesar Salad,30,10.0
2025-06-26,4,7,Minestrone Soup,35,9.0
2025-06-26,5,1,Margherita Pizza,37,12.0
2025-06-26,5,2,Pasta Alfredo,42,14.0
2025-06-26,5,3,Lasagna Bolognese,31,16.0
2025-06-26,5,4,Bruschetta,35,8.0
2025-06-26,5,5,Tiramisu,41,7.0
2025-06-26,5,6,Caesar Salad,28,10.0
2025-06-26,5,7,Minestrone Soup,42,9.0
2025-06-27,1,1,Margherita Pizza,45,12.0
2025-06-27,1,2,Pasta Alfredo,49,14.0
2025-06-27,1,3,Lasagna Bolognese,38,16.0
2025-06-27,1,4,Bruschetta,43,8.0
2025-06-27,1,5,Tiramisu,48,7.0
2025-06-27,1,6,Caesar Salad,29,10.0
2025-06-27,1,7,Minestrone Soup,40,9.0
2025-06-27,2,1,Margherita Pizza,42,12.0
2025-06-27,2,2,Pasta Alfredo,46,14.0
2025-06-27,2,3,Lasagna Bolognese,31,16.0
2025-06-27,2,4,Bruschetta,44,8.0
2025-06-27,2,5,Tiramisu,51,7.0
2025-06-27,2,6,Caesar Salad,32,10.0
2025-06-27,2,7,Minestrone Soup,40,9.0
2025-06-27,3,1,Margherita Pizza,48,12.0
2025-06-27,3,2,Pasta Alfredo,49,14.0
2025-06-27,3,3,Lasagna Bolognese,38,16.0
2025-06-27,3,4,Bruschetta,44,8.0
2025-06-27,3,5,Tiramisu,54,7.0
2025-06-27,3,6,Caesar Salad,35,10.0
2025-06-27,3,7,Minestrone Soup,45,9.0
2025-06-27,4,1,Margherita Pizza,47,12.0
2025-06-27,4,2,Pasta Alfredo,55,14.0
2025-06-27,4,3,Lasagna Bolognese,39,16.0
2025-06-27,4,4,Bruschetta,48,8.0
2025-06-27,4,5,Tiramisu,61,7.0
2025-06-27,4,6,Caesar Salad,47,10.0
2025-06-27,4,7,Minestrone Soup,45,9.0
2025-06-27,5,1,Margherita Pizza,42,12.0
2025-06-27,5,2,Pasta Alfredo,59,14.0
2025-06-27,5,3,Lasagna Bolognese,41,16.0
2025-06-27,5,4,Bruschetta,52,8.0
2025-06-27,5,5,Tiramisu,58,7.0
2025-06-27,5,6,Caesar Salad,41,10.0
2025-06-27,5,7,Minestrone Soup,52,9.0
2025-06-28,1,1,Margherita Pizza,44,12.0
2025-06-28,1,2,Pasta Alfredo,43,14.0
2025-06-28,1,3,Lasagna Bolognese,31,16.0
2025-06-28,1,4,Bruschetta,40,8.0
2025-06-28,1,5,Tiramisu,47,7.0
2025-06-28,1,6,Caesar Salad,33,10.0
2025-06-28,1,7,Minestrone Soup,42,9.0
2025-06-28,2,1,Margherita Pizza,46,12.0
2025-06-28,2,2,Pasta Alfredo,55,14.0
2025-06-28,2,3,Lasagna Bolognese,37,16.0
2025-06-28,2,4,Bruschetta,40,8.0
2025-06-28,2,5,Tiramisu,49,7.0
2025-06-28,2,6,Caesar Salad,35,10.0
2025-06-28,2,7,Minestrone Soup,44,9.0
2025-06-28,3,1,Margherita Pizza,46,12.0
2025-06-28,3,2,Pasta Alfredo,58,14.0
2025-06-28,3,3,Lasagna Bolognese,36,16.0
2025-06-28,3,4,Bruschetta,46,8.0
2025-06-28,3,5,Tiramisu,59,7.0
2025-06-28,3,6,Caesar Salad,35,10.0
2025-06-28,3,7,Minestrone Soup,45,9.0
2025-06-28,4,1,Margherita Pizza,44,12.0
2025-06-28,4,2,Pasta Alfredo,55,14.0
2025-06-28,4,3,Lasagna Bolognese,37,16.0
2025-06-28,4,4,Bruschetta,50,8.0
2025-06-28,4,5,Tiramisu,55,7.0
2025-06-28,4,6,Caesar Salad,36,10.0
2025-06-28,4,7,Minestrone Soup,49,9.0
2025-06-28,5,1,Margherita Pizza,49,12.0
2025-06-28,5,2,Pasta Alfredo,60,14.0
2025-06-28,5,3,Lasagna Bolognese,37,16.0
2025-06-28,5,4,Bruschetta,50,8.0
2025-06-28,5,5,Tiramisu,59,7.0
2025-06-28,5,6,Caesar Salad,39,10.0
2025-06-28,5,7,Minestrone Soup,45,9.0
2025-06-29,1,1,Margherita Pizza,34,12.0
2025-06-29,1,2,Pasta Alfredo,44,14.0
2025-06-29,1,3,Lasagna Bolognese,32,16.0
2025-06-29,1,4,Bruschetta,33,8.0
2025-06-29,1,5,Tiramisu,36,7.0
2025-06-29,1,6,Caesar Salad,27,10.0
2025-06-29,1,7,Minestrone Soup,33,9.0
2025-06-29,2,1,Margherita Pizza,38,12.0
2025-06-29,2,2,Pasta Alfredo,42,14.0
2025-06-29,2,3,Lasagna Bolognese,28,16.0
2025-06-29,2,4,Bruschetta,40,8.0
2025-06-29,2,5,Tiramisu,43,7.0
2025-06-29,2,6,Caesar Salad,31,10.0
2025-06-29,2,7,Minestrone Soup,31,9.0
2025-06-29,3,1,Margherita Pizza,31,12.0
2025-06-29,3,2,Pasta Alfredo,40,14.0
2025-06-29,3,3,Lasagna Bolognese,30,16.0
2025-06-29,3,4,Bruschetta,40,8.0
2025-06-29,3,5,Tiramisu,37,7.0
2025-06-29,3,6,Caesar Salad,36,10.0
2025-06-29,3,7,Minestrone Soup,39,9.0
2025-06-29,4,1,Margherita Pizza,44,12.0
2025-06-29,4,2,Pasta Alfredo,44,14.0
2025-06-29,4,3,Lasagna Bolognese,35,16.0
2025-06-29,4,4,Bruschetta,40,8.0
2025-06-29,4,5,Tiramisu,49,7.0
2025-06-29,4,6,Caesar Salad,33,10.0
2025-06-29,4,7,Minestrone Soup,41,9.0
2025-06-29,5,1,Margherita Pizza,45,12.0
2025-06-29,5,2,Pasta Alfredo,47,14.0
2025-06-29,5,3,Lasagna Bolognese,35,16.0
2025-06-29,5,4,Bruschetta,36,8.0
2025-06-29,5,5,Tiramisu,51,7.0
2025-06-29,5,6,Caesar Salad,41,10.0
2025-06-29,5,7,Minestrone Soup,38,9.0
2025-06-30,1,1,Margherita Pizza,25,12.0
2025-06-30,1,2,Pasta Alfredo,32,14.0
2025-06-30,1,3,Lasagna Bolognese,21,16.0
2025-06-30,1,4,Bruschetta,26,8.0
2025-06-30,1,5,Tiramisu,29,7.0
2025-06-30,1,6,Caesar Salad,20,10.0
2025-06-30,1,7,Minestrone Soup,25,9.0
2025-06-30,2,1,Margherita Pizza,27,12.0
2025-06-30,2,2,Pasta Alfredo,28,14.0
2025-06-30,2,3,Lasagna Bolognese,22,16.0
2025-06-30,2,4,Bruschetta,31,8.0
2025-06-30,2,5,Tiramisu,30,7.0
2025-06-30,2,6,Caesar Salad,19,10.0
2025-06-30,2,7,Minestrone Soup,26,9.0
2025-06-30,3,1,Margherita Pizza,26,12.0
2025-06-30,3,2,Pasta Alfredo,29,14.0
2025-06-30,3,3,Lasagna Bolognese,24,16.0
2025-06-30,3,4,Bruschetta,26,8.0
2025-06-30,3,5,Tiramisu,31,7.0
2025-06-30,3,6,Caesar Salad,24,10.0
2025-06-30,3,7,Minestrone Soup,24,9.0
2025-06-30,4,1,Margherita Pizza,24,12.0
2025-06-30,4,2,Pasta Alfredo,36,14.0
2025-06-30,4,3,Lasagna Bolognese,19,16.0
2025-06-30,4,4,Bruschetta,27,8.0
2025-06-30,4,5,Tiramisu,29,7.0
2025-06-30,4,6,Caesar Salad,23,10.0
2025-06-30,4,7,Minestrone Soup,31,9.0
2025-06-30,5,1,Margherita Pizza,31,12.0
2025-06-30,5,2,Pasta Alfredo,43,14.0
2025-06-30,5,3,Lasagna Bolognese,29,16.0
2025-06-30,5,4,Bruschetta,28,8.0
2025-06-30,5,5,Tiramisu,32,7.0
2025-06-30,5,6,Caesar Salad,34,10.0
2025-06-30,5,7,Minestrone Soup,34,9.0
2025-07-01,1,1,Margherita Pizza,30,12.0
2025-07-01,1,2,Pasta Alfredo,33,14.0
2025-07-01,1,3,Lasagna Bolognese,25,16.0
2025-07-01,1,4,Bruschetta,24,8.0
2025-07-01,1,5,Tiramisu,34,7.0
2025-07-01,1,6,Caesar Salad,24,10.0
2025-07-01,1,7,Minestrone Soup,26,9.0
2025-07-01,2,1,Margherita Pizza,28,12.0
2025-07-01,2,2,Pasta Alfredo,40,14.0
2025-07-01,2,3,Lasagna Bolognese,25,16.0
2025-07-01,2,4,Bruschetta,36,8.0
2025-07-01,2,5,Tiramisu,30,7.0
2025-07-01,2,6,Caesar Salad,23,10.0
2025-07-01,2,7,Minestrone Soup,25,9.0
2025-07-01,3,1,Margherita Pizza,28,12.0
2025-07-01,3,2,Pasta Alfredo,34,14.0
2025-07-01,3,3,Lasagna Bolognese,27,16.0
2025-07-01,3,4,Bruschetta,32,8.0
2025-07-01,3,5,Tiramisu,35,7.0
2025-07-01,3,6,Caesar Salad,20,10.0
2025-07-01,3,7,Minestrone Soup,36,9.0
2025-07-01,4,1,Margherita Pizza,32,12.0
2025-07-01,4,2,Pasta Alfredo,35,14.0
2025-07-01,4,3,Lasagna Bolognese,28,16.0
2025-07-01,4,4,Bruschetta,34,8.0
2025-07-01,4,5,Tiramisu,38,7.0
2025-07-01,4,6,Caesar Salad,28,10.0
2025-07-01,4,7,Minestrone Soup,30,9.0
2025-07-01,5,1,Margherita Pizza,37,12.0
2025-07-01,5,2,Pasta Alfredo,37,14.0
2025-07-01,5,3,Lasagna Bolognese,27,16.0
2025-07-01,5,4,Bruschetta,36,8.0
2025-07-01,5,5,Tiramisu,44,7.0
2025-07-01,5,6,Caesar Salad,34,10.0
2025-07-01,5,7,Minestrone Soup,38,9.0
2025-07-02,1,1,Margherita Pizza,28,12.0
2025-07-02,1,2,Pasta Alfredo,29,14.0
2025-07-02,1,3,Lasagna Bolognese,28,16.0
2025-07-02,1,4,Bruschetta,33,8.0
2025-07-02,1,5,Tiramisu,31,7.0
2025-07-02,1,6,Caesar Salad,27,10.0
2025-07-02,1,7,Minestrone Soup,28,9.0
2025-07-02,2,1,Margherita Pizza,35,12.0
2025-07-02,2,2,Pasta Alfredo,33,14.0
2025-07-02,2,3,Lasagna Bolognese,31,16.0
2025-07-02,2,4,Bruschetta,32,8.0
2025-07-02,2,5,Tiramisu,40,7.0
2025-07-02,2,6,Caesar Salad,24,10.0
2025-07-02,2,7,Minestrone Soup,31,9.0
2025-07-02,3,1,Margherita Pizza,29,12.0
2025-07-02,3,2,Pasta Alfredo,39,14.0
2025-07-02,3,3,Lasagna Bolognese,29,16.0
2025-07-02,3,4,Bruschetta,39,8.0
2025-07-02,3,5,Tiramisu,38,7.0
2025-07-02,3,6,Caesar Salad,28,10.0
2025-07-02,3,7,Minestrone Soup,30,9.0
2025-07-02,4,1,Margherita Pizza,35,12.0
2025-07-02,4,2,Pasta Alfredo,37,14.0
2025-07-02,4,3,Lasagna Bolognese,28,16.0
2025-07-02,4,4,Bruschetta,34,8.0
2025-07-02,4,5,Tiramisu,37,7.0
2025-07-02,4,6,Caesar Salad,28,10.0
2025-07-02,4,7,Minestrone Soup,32,9.0
2025-07-02,5,1,Margherita Pizza,33,12.0
2025-07-02,5,2,Pasta Alfredo,43,14.0
2025-07-02,5,3,Lasagna Bolognese,29,16.0
2025-07-02,5,4,Bruschetta,36,8.0
2025-07-02,5,5,Tiramisu,36,7.0
2025-07-02,5,6,Caesar Salad,30,10.0
2025-07-02,5,7,Minestrone Soup,36,9.0
2025-07-03,1,1,Margherita Pizza,27,12.0
2025-07-03,1,2,Pasta Alfredo,40,14.0
2025-07-03,1,3,Lasagna Bolognese,17,16.0
2025-07-03,1,4,Bruschetta,31,8.0
2025-07-03,1,5,Tiramisu,35,7.0
2025-07-03,1,6,Caesar Salad,25,10.0
2025-07-03,1,7,Minestrone Soup,29,9.0
2025-07-03,2,1,Margherita Pizza,32,12.0
2025-07-03,2,2,Pasta Alfredo,38,14.0
2025-07-03,2,3,Lasagna Bolognese,23,16.0
2025-07-03,2,4,Bruschetta,31,8.0
2025-07-03,2,5,Tiramisu,34,7.0
2025-07-03,2,6,Caesar Salad,22,10.0
2025-07-03,2,7,Minestrone Soup,32,9.0
2025-07-03,3,1,Margherita Pizza,30,12.0
2025-07-03,3,2,Pasta Alfredo,32,14.0
2025-07-03,3,3,Lasagna Bolognese,25,16.0
2025-07-03,3,4,Bruschetta,29,8.0
2025-07-03,3,5,Tiramisu,40,7.0
2025-07-03,3,6,Caesar Salad,27,10.0
2025-07-03,3,7,Minestrone Soup,36,9.0
2025-07-03,4,1,Margherita Pizza,31,12.0
2025-07-03,4,2,Pasta Alfredo,41,14.0
2025-07-03,4,3,Lasagna Bolognese,36,16.0
2025-07-03,4,4,Bruschetta,34,8.0
2025-07-03,4,5,Tiramisu,41,7.0
2025-07-03,4,6,Caesar Salad,30,10.0
2025-07-03,4,7,Minestrone Soup,29,9.0
2025-07-03,5,1,Margherita Pizza,36,12.0
2025-07-03,5,2,Pasta Alfredo,41,14.0
2025-07-03,5,3,Lasagna Bolognese,28,16.0
2025-07-03,5,4,Bruschetta,32,8.0
2025-07-03,5,5,Tiramisu,42,7.0
2025-07-03,5,6,Caesar Salad,26,10.0
2025-07-03,5,7,Minestrone Soup,41,9.0
2025-07-04,1,1,Margherita Pizza,39,12.0
2025-07-04,1,2,Pasta Alfredo,41,14.0
2025-07-04,1,3,Lasagna Bolognese,31,16.0
2025-07-04,1,4,Bruschetta,38,8.0
2025-07-04,1,5,Tiramisu,52,7.0
2025-07-04,1,6,Caesar Salad,29,10.0
2025-07-04,1,7,Minestrone Soup,38,9.0
2025-07-04,2,1,Margherita Pizza,39,12.0
2025-07-04,2,2,Pasta Alfredo,49,14.0
2025-07-04,2,3,Lasagna Bolognese,32,16.0
2025-07-04,2,4,Bruschetta,37,8.0
2025-07-04,2,5,Tiramisu,47,7.0
2025-07-04,2,6,Caesar Salad,33,10.0
2025-07-04,2,7,Minestrone Soup,39,9.0
2025-07-04,3,1,Margherita Pizza,41,12.0
2025-07-04,3,2,Pasta Alfredo,53,14.0
2025-07-04,3,3,Lasagna Bolognese,34,16.0
2025-07-04,3,4,Bruschetta,39,8.0
2025-07-04,3,5,Tiramisu,48,7.0
2025-07-04,3,6,Caesar Salad,36,10.0
2025-07-04,3,7,Minestrone Soup,39,9.0
2025-07-04,4,1,Margherita Pizza,49,12.0
2025-07-04,4,2,Pasta Alfredo,55,14.0
2025-07-04,4,3,Lasagna Bolognese,41,16.0
2025-07-04,4,4,Bruschetta,46,8.0
2025-07-04,4,5,Tiramisu,46,7.0
2025-07-04,4,6,Caesar Salad,42,10.0
2025-07-04,4,7,Minestrone Soup,42,9.0
2025-07-04,5,1,Margherita Pizza,44,12.0
2025-07-04,5,2,Pasta Alfredo,55,14.0
2025-07-04,5,3,Lasagna Bolognese,43,16.0
2025-07-04,5,4,Bruschetta,50,8.0
2025-07-04,5,5,Tiramisu,57,7.0
2025-07-04,5,6,Caesar Salad,38,10.0
2025-07-04,5,7,Minestrone Soup,46,9.0
2025-07-05,1,1,Margherita Pizza,40,12.0
2025-07-05,1,2,Pasta Alfredo,44,14.0
2025-07-05,1,3,Lasagna Bolognese,35,16.0
2025-07-05,1,4,Bruschetta,41,8.0
2025-07-05,1,5,Tiramisu,47,7.0
2025-07-05,1,6,Caesar Salad,24,10.0
2025-07-05,1,7,Minestrone Soup,39,9.0
2025-07-05,2,1,Margherita Pizza,40,12.0
2025-07-05,2,2,Pasta Alfredo,48,14.0
2025-07-05,2,3,Lasagna Bolognese,31,16.0
2025-07-05,2,4,Bruschetta,37,8.0
2025-07-05,2,5,Tiramisu,49,7.0
2025-07-05,2,6,Caesar Salad,33,10.0
2025-07-05,2,7,Minestrone Soup,42,9.0
2025-07-05,3,1,Margherita Pizza,41,12.0
2025-07-05,3,2,Pasta Alfredo,54,14.0
2025-07-05,3,3,Lasagna Bolognese,38,16.0
2025-07-05,3,4,Bruschetta,43,8.0
2025-07-05,3,5,Tiramisu,49,7.0
2025-07-05,3,6,Caesar Salad,38,10.0
2025-07-05,3,7,Minestrone Soup,44,9.0
2025-07-05,4,1,Margherita Pizza,45,12.0
2025-07-05,4,2,Pasta Alfredo,55,14.0
2025-07-05,4,3,Lasagna Bolognese,41,16.0
2025-07-05,4,4,Bruschetta,41,8.0
2025-07-05,4,5,Tiramisu,49,7.0
2025-07-05,4,6,Caesar Salad,35,10.0
2025-07-05,4,7,Minestrone Soup,40,9.0
2025-07-05,5,1,Margherita Pizza,46,12.0
2025-07-05,5,2,Pasta Alfredo,56,14.0
2025-07-05,5,3,Lasagna Bolognese,39,16.0
2025-07-05,5,4,Bruschetta,45,8.0
2025-07-05,5,5,Tiramisu,58,7.0
2025-07-05,5,6,Caesar Salad,39,10.0
2025-07-05,5,7,Minestrone Soup,48,9.0
2025-07-06,1,1,Margherita Pizza,36,12.0
2025-07-06,1,2,Pasta Alfredo,38,14.0
2025-07-06,1,3,Lasagna Bolognese,33,16.0
2025-07-06,1,4,Bruschetta,31,8.0
2025-07-06,1,5,Tiramisu,44,7.0
2025-07-06,1,6,Caesar Salad,24,10.0
2025-07-06,1,7,Minestrone Soup,34,9.0
2025-07-06,2,1,Margherita Pizza,33,12.0
2025-07-06,2,2,Pasta Alfredo,44,14.0
2025-07-06,2,3,Lasagna Bolognese,27,16.0
2025-07-06,2,4,Bruschetta,35,8.0
2025-07-06,2,5,Tiramisu,38,7.0
2025-07-06,2,6,Caesar Salad,32,10.0
2025-07-06,2,7,Minestrone Soup,33,9.0
2025-07-06,3,1,Margherita Pizza,41,12.0
2025-07-06,3,2,Pasta Alfredo,39,14.0
2025-07-06,3,3,Lasagna Bolognese,26,16.0
2025-07-06,3,4,Bruschetta,39,8.0
2025-07-06,3,5,Tiramisu,40,7.0
2025-07-06,3,6,Caesar Salad,30,10.0
2025-07-06,3,7,Minestrone Soup,35,9.0
2025-07-06,4,1,Margherita Pizza,34,12.0
2025-07-06,4,2,Pasta Alfredo,44,14.0
2025-07-06,4,3,Lasagna Bolognese,35,16.0
2025-07-06,4,4,Bruschetta,41,8.0
2025-07-06,4,5,Tiramisu,45,7.0
2025-07-06,4,6,Caesar Salad,35,10.0
2025-07-06,4,7,Minestrone Soup,35,9.0
2025-07-06,5,1,Margherita Pizza,39,12.0
2025-07-06,5,2,Pasta Alfredo,47,14.0
2025-07-06,5,3,Lasagna Bolognese,33,16.0
2025-07-06,5,4,Bruschetta,39,8.0
2025-07-06,5,5,Tiramisu,43,7.0
2025-07-06,5,6,Caesar Salad,27,10.0
2025-07-06,5,7,Minestrone Soup,42,9.0
2025-07-07,1,1,Margherita Pizza,25,12.0
2025-07-07,1,2,Pasta Alfredo,31,14.0
2025-07-07,1,3,Lasagna Bolognese,19,16.0
2025-07-07,1,4,Bruschetta,22,8.0
2025-07-07,1,5,Tiramisu,28,7.0
2025-07-07,1,6,Caesar Salad,23,10.0
2025-07-07,1,7,Minestrone Soup,24,9.0
2025-07-07,2,1,Margherita Pizza,28,12.0
2025-07-07,2,2,Pasta Alfredo,27,14.0
2025-07-07,2,3,Lasagna Bolognese,21,16.0
2025-07-07,2,4,Bruschetta,25,8.0
2025-07-07,2,5,Tiramisu,33,7.0
2025-07-07,2,6,Caesar Salad,22,10.0
2025-07-07,2,7,Minestrone Soup,31,9.0
2025-07-07,3,1,Margherita Pizza,23,12.0
2025-07-07,3,2,Pasta Alfredo,32,14.0
2025-07-07,3,3,Lasagna Bolognese,23,16.0
2025-07-07,3,4,Bruschetta,29,8.0
2025-07-07,3,5,Tiramisu,29,7.0
2025-07-07,3,6,Caesar Salad,27,10.0
2025-07-07,3,7,Minestrone Soup,27,9.0
2025-07-07,4,1,Margherita Pizza,25,12.0
2025-07-07,4,2,Pasta Alfredo,33,14.0
2025-07-07,4,3,Lasagna Bolognese,22,16.0
2025-07-07,4,4,Bruschetta,36,8.0
2025-07-07,4,5,Tiramisu,36,7.0
2025-07-07,4,6,Caesar Salad,24,10.0
2025-07-07,4,7,Minestrone Soup,28,9.0
2025-07-07,5,1,Margherita Pizza,32,12.0
2025-07-07,5,2,Pasta Alfredo,37,14.0
2025-07-07,5,3,Lasagna Bolognese,16,16.0
2025-07-07,5,4,Bruschetta,31,8.0
2025-07-07,5,5,Tiramisu,34,7.0
2025-07-07,5,6,Caesar Salad,21,10.0
2025-07-07,5,7,Minestrone Soup,32,9.0
2025-07-08,1,1,Margherita Pizza,35,12.0
2025-07-08,1,2,Pasta Alfredo,35,14.0
2025-07-08,1,3,Lasagna Bolognese,27,16.0
2025-07-08,1,4,Bruschetta,34,8.0
2025-07-08,1,5,Tiramisu,31,7.0
2025-07-08,1,6,Caesar Salad,18,10.0
2025-07-08,1,7,Minestrone Soup,30,9.0
2025-07-08,2,1,Margherita Pizza,29,12.0
2025-07-08,2,2,Pasta Alfredo,31,14.0
2025-07-08,2,3,Lasagna Bolognese,25,16.0
2025-07-08,2,4,Bruschetta,32,8.0
2025-07-08,2,5,Tiramisu,35,7.0
2025-07-08,2,6,Caesar Salad,23,10.0
2025-07-08,2,7,Minestrone Soup,29,9.0
2025-07-08,3,1,Margherita Pizza,31,12.0
2025-07-08,3,2,Pasta Alfredo,31,14.0
2025-07-08,3,3,Lasagna Bolognese,26,16.0
2025-07-08,3,4,Bruschetta,27,8.0
2025-07-08,3,5,Tiramisu,39,7.0
2025-07-08,3,6,Caesar Salad,22,10.0
2025-07-08,3,7,Minestrone Soup,35,9.0
2025-07-08,4,1,Margherita Pizza,32,12.0
2025-07-08,4,2,Pasta Alfredo,37,14.0
2025-07-08,4,3,Lasagna Bolognese,28,16.0
2025-07-08,4,4,Bruschetta,30,8.0
2025-07-08,4,5,Tiramisu,39,7.0
2025-07-08,4,6,Caesar Salad,25,10.0
2025-07-08,4,7,Minestrone Soup,31,9.0
2025-07-08,5,1,Margherita Pizza,36,12.0
2025-07-08,5,2,Pasta Alfredo,37,14.0
2025-07-08,5,3,Lasagna Bolognese,25,16.0
2025-07-08,5,4,Bruschetta,35,8.0
2025-07-08,5,5,Tiramisu,40,7.0
2025-07-08,5,6,Caesar Salad,29,10.0
2025-07-08,5,7,Minestrone Soup,35,9.0
2025-07-09,1,1,Margherita Pizza,29,12.0
2025-07-09,1,2,Pasta Alfredo,35,14.0
2025-07-09,1,3,Lasagna Bolognese,24,16.0
2025-07-09,1,4,Bruschetta,22,8.0
2025-07-09,1,5,Tiramisu,28,7.0
2025-07-09,1,6,Caesar Salad,30,10.0
2025-07-09,1,7,Minestrone Soup,29,9.0
2025-07-09,2,1,Margherita Pizza,33,12.0
2025-07-09,2,2,Pasta Alfredo,34,14.0
2025-07-09,2,3,Lasagna Bolognese,25,16.0
2025-07-09,2,4,Bruschetta,29,8.0
2025-07-09,2,5,Tiramisu,42,7.0
2025-07-09,2,6,Caesar Salad,26,10.0
2025-07-09,2,7,Minestrone Soup,28,9.0
2025-07-09,3,1,Margherita Pizza,27,12.0
2025-07-09,3,2,Pasta Alfredo,43,14.0
2025-07-09,3,3,Lasagna Bolognese,26,16.0
2025-07-09,3,4,Bruschetta,34,8.0
2025-07-09,3,5,Tiramisu,39,7.0
2025-07-09,3,6,Caesar Salad,25,10.0
2025-07-09,3,7,Minestrone Soup,34,9.0
2025-07-09,4,1,Margherita Pizza,31,12.0
2025-07-09,4,2,Pasta Alfredo,36,14.0
2025-07-09,4,3,Lasagna Bolognese,31,16.0
2025-07-09,4,4,Bruschetta,33,8.0
2025-07-09,4,5,Tiramisu,40,7.0
2025-07-09,4,6,Caesar Salad,29,10.0
2025-07-09,4,7,Minestrone Soup,35,9.0
2025-07-09,5,1,Margherita Pizza,30,12.0
2025-07-09,5,2,Pasta Alfredo,38,14.0
2025-07-09,5,3,Lasagna Bolognese,28,16.0
2025-07-09,5,4,Bruschetta,32,8.0
2025-07-09,5,5,Tiramisu,42,7.0
2025-07-09,5,6,Caesar Salad,32,10.0
2025-07-09,5,7,Minestrone Soup,39,9.0
2025-07-10,1,1,Margherita Pizza,27,12.0
2025-07-10,1,2,Pasta Alfredo,34,14.0
2025-07-10,1,3,Lasagna Bolognese,25,16.0
2025-07-10,1,4,Bruschetta,30,8.0
2025-07-10,1,5,Tiramisu,31,7.0
2025-07-10,1,6,Caesar Salad,29,10.0
2025-07-10,1,7,Minestrone Soup,31,9.0
2025-07-10,2,1,Margherita Pizza,33,12.0
2025-07-10,2,2,Pasta Alfredo,39,14.0
2025-07-10,2,3,Lasagna Bolognese,27,16.0
2025-07-10,2,4,Bruschetta,27,8.0
2025-07-10,2,5,Tiramisu,35,7.0
2025-07-10,2,6,Caesar Salad,20,10.0
2025-07-10,2,7,Minestrone Soup,31,9.0
2025-07-10,3,1,Margherita Pizza,31,12.0
2025-07-10,3,2,Pasta Alfredo,37,14.0
2025-07-10,3,3,Lasagna Bolognese,30,16.0
2025-07-10,3,4,Bruschetta,30,8.0
2025-07-10,3,5,Tiramisu,36,7.0
2025-07-10,3,6,Caesar Salad,26,10.0
2025-07-10,3,7,Minestrone Soup,26,9.0
2025-07-10,4,1,Margherita Pizza,32,12.0
2025-07-10,4,2,Pasta Alfredo,31,14.0
2025-07-10,4,3,Lasagna Bolognese,26,16.0
2025-07-10,4,4,Bruschetta,36,8.0
2025-07-10,4,5,Tiramisu,40,7.0
2025-07-10,4,6,Caesar Salad,26,10.0
2025-07-10,4,7,Minestrone Soup,33,9.0
2025-07-10,5,1,Margherita Pizza,31,12.0
2025-07-10,5,2,Pasta Alfredo,40,14.0
2025-07-10,5,3,Lasagna Bolognese,38,16.0
2025-07-10,5,4,Bruschetta,40,8.0
2025-07-10,5,5,Tiramisu,40,7.0
2025-07-10,5,6,Caesar Salad,29,10.0
2025-07-10,5,7,Minestrone Soup,32,9.0
2025-07-11,1,1,Margherita Pizza,36,12.0
2025-07-11,1,2,Pasta Alfredo,46,14.0
2025-07-11,1,3,Lasagna Bolognese,30,16.0
2025-07-11,1,4,Bruschetta,41,8.0
2025-07-11,1,5,Tiramisu,50,7.0
2025-07-11,1,6,Caesar Salad,33,10.0
2025-07-11,1,7,Minestrone Soup,39,9.0
2025-07-11,2,1,Margherita Pizza,35,12.0
2025-07-11,2,2,Pasta Alfredo,49,14.0
2025-07-11,2,3,Lasagna Bolognese,30,16.0
2025-07-11,2,4,Bruschetta,39,8.0
2025-07-11,2,5,Tiramisu,50,7.0
2025-07-11,2,6,Caesar Salad,37,10.0
2025-07-11,2,7,Minestrone Soup,39,9.0
2025-07-11,3,1,Margherita Pizza,41,12.0
2025-07-11,3,2,Pasta Alfredo,48,14.0
2025-07-11,3,3,Lasagna Bolognese,32,16.0
2025-07-11,3,4,Bruschetta,41,8.0
2025-07-11,3,5,Tiramisu,45,7.0
2025-07-11,3,6,Caesar Salad,37,10.0
2025-07-11,3,7,Minestrone Soup,44,9.0
2025-07-11,4,1,Margherita Pizza,46,12.0
2025-07-11,4,2,Pasta Alfredo,49,14.0
2025-07-11,4,3,Lasagna Bolognese,34,16.0
2025-07-11,4,4,Bruschetta,45,8.0
2025-07-11,4,5,Tiramisu,52,7.0
2025-07-11,4,6,Caesar Salad,37,10.0
2025-07-11,4,7,Minestrone Soup,44,9.0
2025-07-11,5,1,Margherita Pizza,52,12.0
2025-07-11,5,2,Pasta Alfredo,56,14.0
2025-07-11,5,3,Lasagna Bolognese,45,16.0
2025-07-11,5,4,Bruschetta,50,8.0
2025-07-11,5,5,Tiramisu,59,7.0
2025-07-11,5,6,Caesar Salad,36,10.0
2025-07-11,5,7,Minestrone Soup,48,9.0
2025-07-12,1,1,Margherita Pizza,37,12.0
2025-07-12,1,2,Pasta Alfredo,40,14.0
2025-07-12,1,3,Lasagna Bolognese,37,16.0
2025-07-12,1,4,Bruschetta,38,8.0
2025-07-12,1,5,Tiramisu,42,7.0
2025-07-12,1,6,Caesar Salad,31,10.0
2025-07-12,1,7,Minestrone Soup,36,9.0
2025-07-12,2,1,Margherita Pizza,38,12.0
2025-07-12,2,2,Pasta Alfredo,47,14.0
2025-07-12,2,3,Lasagna Bolognese,39,16.0
2025-07-12,2,4,Bruschetta,39,8.0
2025-07-12,2,5,Tiramisu,52,7.0
2025-07-12,2,6,Caesar Salad,36,10.0
2025-07-12,2,7,Minestrone Soup,42,9.0
2025-07-12,3,1,Margherita Pizza,45,12.0
2025-07-12,3,2,Pasta Alfredo,50,14.0
2025-07-12,3,3,Lasagna Bolognese,39,16.0
2025-07-12,3,4,Bruschetta,44,8.0
2025-07-12,3,5,Tiramisu,45,7.0
2025-07-12,3,6,Caesar Salad,36,10.0
2025-07-12,3,7,Minestrone Soup,45,9.0
2025-07-12,4,1,Margherita Pizza,44,12.0
2025-07-12,4,2,Pasta Alfredo,52,14.0
2025-07-12,4,3,Lasagna Bolognese,35,16.0
2025-07-12,4,4,Bruschetta,40,8.0
2025-07-12,4,5,Tiramisu,47,7.0
2025-07-12,4,6,Caesar Salad,33,10.0
2025-07-12,4,7,Minestrone Soup,47,9.0
2025-07-12,5,1,Margherita Pizza,39,12.0
2025-07-12,5,2,Pasta Alfredo,52,14.0
2025-07-12,5,3,Lasagna Bolognese,37,16.0
2025-07-12,5,4,Bruschetta,46,8.0
2025-07-12,5,5,Tiramisu,49,7.0
2025-07-12,5,6,Caesar Salad,40,10.0
2025-07-12,5,7,Minestrone Soup,43,9.0
2025-07-13,1,1,Margherita Pizza,36,12.0
2025-07-13,1,2,Pasta Alfredo,36,14.0
2025-07-13,1,3,Lasagna Bolognese,27,16.0
2025-07-13,1,4,Bruschetta,33,8.0
2025-07-13,1,5,Tiramisu,39,7.0
2025-07-13,1,6,Caesar Salad,27,10.0
2025-07-13,1,7,Minestrone Soup,31,9.0
2025-07-13,2,1,Margherita Pizza,36,12.0
2025-07-13,2,2,Pasta Alfredo,42,14.0
2025-07-13,2,3,Lasagna Bolognese,26,16.0
2025-07-13,2,4,Bruschetta,36,8.0
2025-07-13,2,5,Tiramisu,44,7.0
2025-07-13,2,6,Caesar Salad,31,10.0
2025-07-13,2,7,Minestrone Soup,37,9.0
2025-07-13,3,1,Margherita Pizza,37,12.0
2025-07-13,3,2,Pasta Alfredo,39,14.0
2025-07-13,3,3,Lasagna Bolognese,28,16.0
2025-07-13,3,4,Bruschetta,37,8.0
2025-07-13,3,5,Tiramisu,45,7.0
2025-07-13,3,6,Caesar Salad,39,10.0
2025-07-13,3,7,Minestrone Soup,39,9.0
2025-07-13,4,1,Margherita Pizza,34,12.0
2025-07-13,4,2,Pasta Alfredo,42,14.0
2025-07-13,4,3,Lasagna Bolognese,38,16.0
2025-07-13,4,4,Bruschetta,37,8.0
2025-07-13,4,5,Tiramisu,44,7.0
2025-07-13,4,6,Caesar Salad,29,10.0
2025-07-13,4,7,Minestrone Soup,43,9.0
2025-07-13,5,1,Margherita Pizza,41,12.0
2025-07-13,5,2,Pasta Alfredo,44,14.0
2025-07-13,5,3,Lasagna Bolognese,30,16.0
2025-07-13,5,4,Bruschetta,41,8.0
2025-07-13,5,5,Tiramisu,46,7.0
2025-07-13,5,6,Caesar Salad,36,10.0
2025-07-13,5,7,Minestrone Soup,41,9.0
2025-07-14,1,1,Margherita Pizza,23,12.0
2025-07-14,1,2,Pasta Alfredo,27,14.0
2025-07-14,1,3,Lasagna Bolognese,20,16.0
2025-07-14,1,4,Bruschetta,23,8.0
2025-07-14,1,5,Tiramisu,28,7.0
2025-07-14,1,6,Caesar Salad,20,10.0
2025-07-14,1,7,Minestrone Soup,22,9.0
2025-07-14,2,1,Margherita Pizza,27,12.0
2025-07-14,2,2,Pasta Alfredo,29,14.0
2025-07-14,2,3,Lasagna Bolognese,19,16.0
2025-07-14,2,4,Bruschetta,24,8.0
2025-07-14,2,5,Tiramisu,30,7.0
2025-07-14,2,6,Caesar Salad,21,10.0
2025-07-14,2,7,Minestrone Soup,27,9.0
2025-07-14,3,1,Margherita Pizza,29,12.0
2025-07-14,3,2,Pasta Alfredo,35,14.0
2025-07-14,3,3,Lasagna Bolognese,23,16.0
2025-07-14,3,4,Bruschetta,24,8.0
2025-07-14,3,5,Tiramisu,30,7.0
2025-07-14,3,6,Caesar Salad,19,10.0
2025-07-14,3,7,Minestrone Soup,32,9.0
2025-07-14,4,1,Margherita Pizza,34,12.0
2025-07-14,4,2,Pasta Alfredo,35,14.0
2025-07-14,4,3,Lasagna Bolognese,26,16.0
2025-07-14,4,4,Bruschetta,29,8.0
2025-07-14,4,5,Tiramisu,34,7.0
2025-07-14,4,6,Caesar Salad,19,10.0
2025-07-14,4,7,Minestrone Soup,28,9.0
2025-07-14,5,1,Margherita Pizza,27,12.0
2025-07-14,5,2,Pasta Alfredo,35,14.0
2025-07-14,5,3,Lasagna Bolognese,24,16.0
2025-07-14,5,4,Bruschetta,35,8.0
2025-07-14,5,5,Tiramisu,37,7.0
2025-07-14,5,6,Caesar Salad,25,10.0
2025-07-14,5,7,Minestrone Soup,29,9.0
2025-07-15,1,1,Margherita Pizza,34,12.0
2025-07-15,1,2,Pasta Alfredo,33,14.0
2025-07-15,1,3,Lasagna Bolognese,25,16.0
2025-07-15,1,4,Bruschetta,29,8.0
2025-07-15,1,5,Tiramisu,32,7.0
2025-07-15,1,6,Caesar Salad,24,10.0
2025-07-15,1,7,Minestrone Soup,23,9.0
2025-07-15,2,1,Margherita Pizza,25,12.0
2025-07-15,2,2,Pasta Alfredo,36,14.0
2025-07-15,2,3,Lasagna Bolognese,30,16.0
2025-07-15,2,4,Bruschetta,31,8.0
2025-07-15,2,5,Tiramisu,33,7.0
2025-07-15,2,6,Caesar Salad,21,10.0
2025-07-15,2,7,Minestrone Soup,32,9.0
2025-07-15,3,1,Margherita Pizza,30,12.0
2025-07-15,3,2,Pasta Alfredo,39,14.0
2025-07-15,3,3,Lasagna Bolognese,27,16.0
2025-07-15,3,4,Bruschetta,33,8.0
2025-07-15,3,5,Tiramisu,37,7.0
2025-07-15,3,6,Caesar Salad,27,10.0
2025-07-15,3,7,Minestrone Soup,31,9.0
2025-07-15,4,1,Margherita Pizza,31,12.0
2025-07-15,4,2,Pasta Alfredo,36,14.0
2025-07-15,4,3,Lasagna Bolognese,20,16.0
2025-07-15,4,4,Bruschetta,32,8.0
2025-07-15,4,5,Tiramisu,43,7.0
2025-07-15,4,6,Caesar Salad,30,10.0
2025-07-15,4,7,Minestrone Soup,34,9.0
2025-07-15,5,1,Margherita Pizza,32,12.0
2025-07-15,5,2,Pasta Alfredo,43,14.0
2025-07-15,5,3,Lasagna Bolognese,28,16.0
2025-07-15,5,4,Bruschetta,39,8.0
2025-07-15,5,5,Tiramisu,37,7.0
2025-07-15,5,6,Caesar Salad,27,10.0
2025-07-15,5,7,Minestrone Soup,32,9.0
2025-07-16,1,1,Margherita Pizza,24,12.0
2025-07-16,1,2,Pasta Alfredo,30,14.0
2025-07-16,1,3,Lasagna Bolognese,24,16.0
2025-07-16,1,4,Bruschetta,26,8.0
2025-07-16,1,5,Tiramisu,22,7.0
2025-07-16,1,6,Caesar Salad,27,10.0
2025-07-16,1,7,Minestrone Soup,23,9.0
2025-07-16,2,1,Margherita Pizza,32,12.0
2025-07-16,2,2,Pasta Alfredo,35,14.0
2025-07-16,2,3,Lasagna Bolognese,31,16.0
2025-07-16,2,4,Bruschetta,33,8.0
2025-07-16,2,5,Tiramisu,33,7.0
2025-07-16,2,6,Caesar Salad,23,10.0
2025-07-16,2,7,Minestrone Soup,35,9.0
2025-07-16,3,1,Margherita Pizza,27,12.0
2025-07-16,3,2,Pasta Alfredo,37,14.0
2025-07-16,3,3,Lasagna Bolognese,26,16.0
2025-07-16,3,4,Bruschetta,30,8.0
2025-07-16,3,5,Tiramisu,38,7.0
2025-07-16,3,6,Caesar Salad,27,10.0
2025-07-16,3,7,Minestrone Soup,33,9.0
2025-07-16,4,1,Margherita Pizza,33,12.0
2025-07-16,4,2,Pasta Alfredo,40,14.0
2025-07-16,4,3,Lasagna Bolognese,28,16.0
2025-07-16,4,4,Bruschetta,31,8.0
2025-07-16,4,5,Tiramisu,39,7.0
2025-07-16,4,6,Caesar Salad,25,10.0
2025-07-16,4,7,Minestrone Soup,31,9.0
2025-07-16,5,1,Margherita Pizza,33,12.0
2025-07-16,5,2,Pasta Alfredo,40,14.0
2025-07-16,5,3,Lasagna Bolognese,29,16.0
2025-07-16,5,4,Bruschetta,37,8.0
2025-07-16,5,5,Tiramisu,39,7.0
2025-07-16,5,6,Caesar Salad,29,10.0
2025-07-16,5,7,Minestrone Soup,35,9.0
2025-07-17,1,1,Margherita Pizza,27,12.0
2025-07-17,1,2,Pasta Alfredo,33,14.0
2025-07-17,1,3,Lasagna Bolognese,27,16.0
2025-07-17,1,4,Bruschetta,29,8.0
2025-07-17,1,5,Tiramisu,34,7.0
2025-07-17,1,6,Caesar Salad,22,10.0
2025-07-17,1,7,Minestrone Soup,34,9.0
2025-07-17,2,1,Margherita Pizza,28,12.0
2025-07-17,2,2,Pasta Alfredo,30,14.0
2025-07-17,2,3,Lasagna Bolognese,28,16.0
2025-07-17,2,4,Bruschetta,30,8.0
2025-07-17,2,5,Tiramisu,34,7.0
2025-07-17,2,6,Caesar Salad,23,10.0
2025-07-17,2,7,Minestrone Soup,36,9.0
2025-07-17,3,1,Margherita Pizza,33,12.0
2025-07-17,3,2,Pasta Alfredo,38,14.0
2025-07-17,3,3,Lasagna Bolognese,27,16.0
2025-07-17,3,4,Bruschetta,32,8.0
2025-07-17,3,5,Tiramisu,41,7.0
2025-07-17,3,6,Caesar Salad,25,10.0
2025-07-17,3,7,Minestrone Soup,27,9.0
2025-07-17,4,1,Margherita Pizza,36,12.0
2025-07-17,4,2,Pasta Alfredo,40,14.0
2025-07-17,4,3,Lasagna Bolognese,28,16.0
2025-07-17,4,4,Bruschetta,34,8.0
2025-07-17,4,5,Tiramisu,37,7.0
2025-07-17,4,6,Caesar Salad,28,10.0
2025-07-17,4,7,Minestrone Soup,33,9.0
2025-07-17,5,1,Margherita Pizza,33,12.0
2025-07-17,5,2,Pasta Alfredo,44,14.0
2025-07-17,5,3,Lasagna Bolognese,25,16.0
2025-07-17,5,4,Bruschetta,42,8.0
2025-07-17,5,5,Tiramisu,43,7.0
2025-07-17,5,6,Caesar Salad,23,10.0
2025-07-17,5,7,Minestrone Soup,34,9.0
2025-07-18,1,1,Margherita Pizza,38,12.0
2025-07-18,1,2,Pasta Alfredo,46,14.0
2025-07-18,1,3,Lasagna Bolognese,29,16.0
2025-07-18,1,4,Bruschetta,39,8.0
2025-07-18,1,5,Tiramisu,45,7.0
2025-07-18,1,6,Caesar Salad,30,10.0
2025-07-18,1,7,Minestrone Soup,36,9.0
2025-07-18,2,1,Margherita Pizza,43,12.0
2025-07-18,2,2,Pasta Alfredo,42,14.0
2025-07-18,2,3,Lasagna Bolognese,35,16.0
2025-07-18,2,4,Bruschetta,43,8.0
2025-07-18,2,5,Tiramisu,47,7.0
2025-07-18,2,6,Caesar Salad,34,10.0
2025-07-18,2,7,Minestrone Soup,44,9.0
2025-07-18,3,1,Margherita Pizza,40,12.0
2025-07-18,3,2,Pasta Alfredo,48,14.0
2025-07-18,3,3,Lasagna Bolognese,34,16.0
2025-07-18,3,4,Bruschetta,46,8.0
2025-07-18,3,5,Tiramisu,53,7.0
2025-07-18,3,6,Caesar Salad,31,10.0
2025-07-18,3,7,Minestrone Soup,46,9.0
2025-07-18,4,1,Margherita Pizza,47,12.0
2025-07-18,4,2,Pasta Alfredo,57,14.0
2025-07-18,4,3,Lasagna Bolognese,38,16.0
2025-07-18,4,4,Bruschetta,44,8.0
2025-07-18,4,5,Tiramisu,55,7.0
2025-07-18,4,6,Caesar Salad,39,10.0
2025-07-18,4,7,Minestrone Soup,51,9.0
2025-07-18,5,1,Margherita Pizza,49,12.0
2025-07-18,5,2,Pasta Alfredo,55,14.0
2025-07-18,5,3,Lasagna Bolognese,35,16.0
2025-07-18,5,4,Bruschetta,45,8.0
2025-07-18,5,5,Tiramisu,50,7.0
2025-07-18,5,6,Caesar Salad,38,10.0
2025-07-18,5,7,Minestrone Soup,49,9.0
2025-07-19,1,1,Margherita Pizza,38,12.0
2025-07-19,1,2,Pasta Alfredo,48,14.0
2025-07-19,1,3,Lasagna Bolognese,33,16.0
2025-07-19,1,4,Bruschetta,37,8.0
2025-07-19,1,5,Tiramisu,45,7.0
2025-07-19,1,6,Caesar Salad,33,10.0
2025-07-19,1,7,Minestrone Soup,39,9.0
2025-07-19,2,1,Margherita Pizza,41,12.0
2025-07-19,2,2,Pasta Alfredo,45,14.0
2025-07-19,2,3,Lasagna Bolognese,32,16.0
2025-07-19,2,4,Bruschetta,47,8.0
2025-07-19,2,5,Tiramisu,51,7.0
2025-07-19,2,6,Caesar Salad,29,10.0
2025-07-19,2,7,Minestrone Soup,33,9.0
2025-07-19,3,1,Margherita Pizza,43,12.0
2025-07-19,3,2,Pasta Alfredo,52,14.0
2025-07-19,3,3,Lasagna Bolognese,34,16.0
2025-07-19,3,4,Bruschetta,46,8.0
2025-07-19,3,5,Tiramisu,50,7.0
2025-07-19,3,6,Caesar Salad,35,10.0
2025-07-19,3,7,Minestrone Soup,45,9.0
2025-07-19,4,1,Margherita Pizza,43,12.0
2025-07-19,4,2,Pasta Alfredo,51,14.0
2025-07-19,4,3,Lasagna Bolognese,39,16.0
2025-07-19,4,4,Bruschetta,44,8.0
2025-07-19,4,5,Tiramisu,58,7.0
2025-07-19,4,6,Caesar Salad,39,10.0
2025-07-19,4,7,Minestrone Soup,46,9.0
2025-07-19,5,1,Margherita Pizza,46,12.0
2025-07-19,5,2,Pasta Alfredo,57,14.0
2025-07-19,5,3,Lasagna Bolognese,38,16.0
2025-07-19,5,4,Bruschetta,47,8.0
2025-07-19,5,5,Tiramisu,52,7.0
2025-07-19,5,6,Caesar Salad,42,10.0
2025-07-19,5,7,Minestrone Soup,47,9.0
2025-07-20,1,1,Margherita Pizza,39,12.0
2025-07-20,1,2,Pasta Alfredo,45,14.0
2025-07-20,1,3,Lasagna Bolognese,30,16.0
2025-07-20,1,4,Bruschetta,33,8.0
2025-07-20,1,5,Tiramisu,35,7.0
2025-07-20,1,6,Caesar Salad,30,10.0
2025-07-20,1,7,Minestrone Soup,33,9.0
2025-07-20,2,1,Margherita Pizza,36,12.0
2025-07-20,2,2,Pasta Alfredo,45,14.0
2025-07-20,2,3,Lasagna Bolognese,26,16.0
2025-07-20,2,4,Bruschetta,32,8.0
2025-07-20,2,5,Tiramisu,40,7.0
2025-07-20,2,6,Caesar Salad,31,10.0
2025-07-20,2,7,Minestrone Soup,36,9.0
2025-07-20,3,1,Margherita Pizza,34,12.0
2025-07-20,3,2,Pasta Alfredo,45,14.0
2025-07-20,3,3,Lasagna Bolognese,27,16.0
2025-07-20,3,4,Bruschetta,34,8.0
2025-07-20,3,5,Tiramisu,42,7.0
2025-07-20,3,6,Caesar Salad,29,10.0
2025-07-20,3,7,Minestrone Soup,39,9.0
2025-07-20,4,1,Margherita Pizza,39,12.0
2025-07-20,4,2,Pasta Alfredo,50,14.0
2025-07-20,4,3,Lasagna Bolognese,31,16.0
2025-07-20,4,4,Bruschetta,38,8.0
2025-07-20,4,5,Tiramisu,48,7.0
2025-07-20,4,6,Caesar Salad,31,10.0
2025-07-20,4,7,Minestrone Soup,42,9.0
2025-07-20,5,1,Margherita Pizza,41,12.0
2025-07-20,5,2,Pasta Alfredo,39,14.0
2025-07-20,5,3,Lasagna Bolognese,37,16.0
2025-07-20,5,4,Bruschetta,42,8.0
2025-07-20,5,5,Tiramisu,49,7.0
2025-07-20,5,6,Caesar Salad,27,10.0
2025-07-20,5,7,Minestrone Soup,38,9.0
2025-07-21,1,1,Margherita Pizza,22,12.0
2025-07-21,1,2,Pasta Alfredo,26,14.0
2025-07-21,1,3,Lasagna Bolognese,25,16.0
2025-07-21,1,4,Bruschetta,24,8.0
2025-07-21,1,5,Tiramisu,28,7.0
2025-07-21,1,6,Caesar Salad,22,10.0
2025-07-21,1,7,Minestrone Soup,26,9.0
2025-07-21,2,1,Margherita Pizza,15,12.0
2025-07-21,2,2,Pasta Alfredo,28,14.0
2025-07-21,2,3,Lasagna Bolognese,17,16.0
2025-07-21,2,4,Bruschetta,27,8.0
2025-07-21,2,5,Tiramisu,29,7.0
2025-07-21,2,6,Caesar Salad,21,10.0
2025-07-21,2,7,Minestrone Soup,19,9.0
2025-07-21,3,1,Margherita Pizza,26,12.0
2025-07-21,3,2,Pasta Alfredo,35,14.0
2025-07-21,3,3,Lasagna Bolognese,27,16.0
2025-07-21,3,4,Bruschetta,29,8.0
2025-07-21,3,5,Tiramisu,27,7.0
2025-07-21,3,6,Caesar Salad,26,10.0
2025-07-21,3,7,Minestrone Soup,29,9.0
2025-07-21,4,1,Margherita Pizza,28,12.0
2025-07-21,4,2,Pasta Alfredo,27,14.0
2025-07-21,4,3,Lasagna Bolognese,26,16.0
2025-07-21,4,4,Bruschetta,26,8.0
2025-07-21,4,5,Tiramisu,34,7.0
2025-07-21,4,6,Caesar Salad,24,10.0
2025-07-21,4,7,Minestrone Soup,33,9.0
2025-07-21,5,1,Margherita Pizza,29,12.0
2025-07-21,5,2,Pasta Alfredo,34,14.0
2025-07-21,5,3,Lasagna Bolognese,29,16.0
2025-07-21,5,4,Bruschetta,27,8.0
2025-07-21,5,5,Tiramisu,37,7.0
2025-07-21,5,6,Caesar Salad,24,10.0
2025-07-21,5,7,Minestrone Soup,26,9.0
2025-07-22,1,1,Margherita Pizza,29,12.0
2025-07-22,1,2,Pasta Alfredo,35,14.0
2025-07-22,1,3,Lasagna Bolognese,28,16.0
2025-07-22,1,4,Bruschetta,33,8.0
2025-07-22,1,5,Tiramisu,32,7.0
2025-07-22,1,6,Caesar Salad,21,10.0
2025-07-22,1,7,Minestrone Soup,28,9.0
2025-07-22,2,1,Margherita Pizza,26,12.0
2025-07-22,2,2,Pasta Alfredo,34,14.0
2025-07-22,2,3,Lasagna Bolognese,24,16.0
2025-07-22,2,4,Bruschetta,32,8.0
2025-07-22,2,5,Tiramisu,28,7.0
2025-07-22,2,6,Caesar Salad,23,10.0
2025-07-22,2,7,Minestrone Soup,28,9.0
2025-07-22,3,1,Margherita Pizza,35,12.0
2025-07-22,3,2,Pasta Alfredo,33,14.0
2025-07-22,3,3,Lasagna Bolognese,27,16.0
2025-07-22,3,4,Bruschetta,31,8.0
2025-07-22,3,5,Tiramisu,40,7.0
2025-07-22,3,6,Caesar Salad,28,10.0
2025-07-22,3,7,Minestrone Soup,32,9.0
2025-07-22,4,1,Margherita Pizza,31,12.0
2025-07-22,4,2,Pasta Alfredo,33,14.0
2025-07-22,4,3,Lasagna Bolognese,28,16.0
2025-07-22,4,4,Bruschetta,35,8.0
2025-07-22,4,5,Tiramisu,34,7.0
2025-07-22,4,6,Caesar Salad,24,10.0
2025-07-22,4,7,Minestrone Soup,34,9.0
2025-07-22,5,1,Margherita Pizza,36,12.0
2025-07-22,5,2,Pasta Alfredo,37,14.0
2025-07-22,5,3,Lasagna Bolognese,27,16.0
2025-07-22,5,4,Bruschetta,29,8.0
2025-07-22,5,5,Tiramisu,44,7.0
2025-07-22,5,6,Caesar Salad,25,10.0
2025-07-22,5,7,Minestrone Soup,36,9.0
2025-07-23,1,1,Margherita Pizza,28,12.0
2025-07-23,1,2,Pasta Alfredo,37,14.0
2025-07-23,1,3,Lasagna Bolognese,21,16.0
2025-07-23,1,4,Bruschetta,29,8.0
2025-07-23,1,5,Tiramisu,28,7.0
2025-07-23,1,6,Caesar Salad,18,10.0
2025-07-23,1,7,Minestrone Soup,30,9.0
2025-07-23,2,1,Margherita Pizza,25,12.0
2025-07-23,2,2,Pasta Alfredo,34,14.0
2025-07-23,2,3,Lasagna Bolognese,28,16.0
2025-07-23,2,4,Bruschetta,32,8.0
2025-07-23,2,5,Tiramisu,33,7.0
2025-07-23,2,6,Caesar Salad,20,10.0
2025-07-23,2,7,Minestrone Soup,32,9.0
2025-07-23,3,1,Margherita Pizza,36,12.0
2025-07-23,3,2,Pasta Alfredo,35,14.0
2025-07-23,3,3,Lasagna Bolognese,24,16.0
2025-07-23,3,4,Bruschetta,30,8.0
2025-07-23,3,5,Tiramisu,38,7.0
2025-07-23,3,6,Caesar Salad,30,10.0
2025-07-23,3,7,Minestrone Soup,28,9.0
2025-07-23,4,1,Margherita Pizza,29,12.0
2025-07-23,4,2,Pasta Alfredo,46,14.0
2025-07-23,4,3,Lasagna Bolognese,27,16.0
2025-07-23,4,4,Bruschetta,34,8.0
2025-07-23,4,5,Tiramisu,36,7.0
2025-07-23,4,6,Caesar Salad,29,10.0
2025-07-23,4,7,Minestrone Soup,36,9.0
2025-07-23,5,1,Margherita Pizza,35,12.0
2025-07-23,5,2,Pasta Alfredo,45,14.0
2025-07-23,5,3,Lasagna Bolognese,28,16.0
2025-07-23,5,4,Bruschetta,34,8.0
2025-07-23,5,5,Tiramisu,41,7.0
2025-07-23,5,6,Caesar Salad,30,10.0
2025-07-23,5,7,Minestrone Soup,35,9.0
2025-07-24,1,1,Margherita Pizza,25,12.0
2025-07-24,1,2,Pasta Alfredo,34,14.0
2025-07-24,1,3,Lasagna Bolognese,23,16.0
2025-07-24,1,4,Bruschetta,27,8.0
2025-07-24,1,5,Tiramisu,33,7.0
2025-07-24,1,6,Caesar Salad,21,10.0
2025-07-24,1,7,Minestrone Soup,25,9.0
2025-07-24,2,1,Margherita Pizza,22,12.0
2025-07-24,2,2,Pasta Alfredo,40,14.0
2025-07-24,2,3,Lasagna Bolognese,27,16.0
2025-07-24,2,4,Bruschetta,30,8.0
2025-07-24,2,5,Tiramisu,33,7.0
2025-07-24,2,6,Caesar Salad,16,10.0
2025-07-24,2,7,Minestrone Soup,28,9.0
2025-07-24,3,1,Margherita Pizza,34,12.0
2025-07-24,3,2,Pasta Alfredo,40,14.0
2025-07-24,3,3,Lasagna Bolognese,28,16.0
2025-07-24,3,4,Bruschetta,32,8.0
2025-07-24,3,5,Tiramisu,41,7.0
2025-07-24,3,6,Caesar Salad,25,10.0
2025-07-24,3,7,Minestrone Soup,35,9.0
2025-07-24,4,1,Margherita Pizza,32,12.0
2025-07-24,4,2,Pasta Alfredo,36,14.0
2025-07-24,4,3,Lasagna Bolognese,24,16.0
2025-07-24,4,4,Bruschetta,30,8.0
2025-07-24,4,5,Tiramisu,40,7.0
2025-07-24,4,6,Caesar Salad,25,10.0
2025-07-24,4,7,Minestrone Soup,30,9.0
2025-07-24,5,1,Margherita Pizza,37,12.0
2025-07-24,5,2,Pasta Alfredo,41,14.0
2025-07-24,5,3,Lasagna Bolognese,32,16.0
2025-07-24,5,4,Bruschetta,36,8.0
2025-07-24,5,5,Tiramisu,38,7.0
2025-07-24,5,6,Caesar Salad,29,10.0
2025-07-24,5,7,Minestrone Soup,35,9.0
2025-07-25,1,1,Margherita Pizza,36,12.0
2025-07-25,1,2,Pasta Alfredo,42,14.0
2025-07-25,1,3,Lasagna Bolognese,30,16.0
2025-07-25,1,4,Bruschetta,45,8.0
2025-07-25,1,5,Tiramisu,44,7.0
2025-07-25,1,6,Caesar Salad,36,10.0
2025-07-25,1,7,Minestrone Soup,37,9.0
2025-07-25,2,1,Margherita Pizza,43,12.0
2025-07-25,2,2,Pasta Alfredo,50,14.0
2025-07-25,2,3,Lasagna Bolognese,37,16.0
2025-07-25,2,4,Bruschetta,42,8.0
2025-07-25,2,5,Tiramisu,51,7.0
2025-07-25,2,6,Caesar Salad,35,10.0
2025-07-25,2,7,Minestrone Soup,46,9.0
2025-07-25,3,1,Margherita Pizza,38,12.0
2025-07-25,3,2,Pasta Alfredo,51,14.0
2025-07-25,3,3,Lasagna Bolognese,36,16.0
2025-07-25,3,4,Bruschetta,40,8.0
2025-07-25,3,5,Tiramisu,51,7.0
2025-07-25,3,6,Caesar Salad,31,10.0
2025-07-25,3,7,Minestrone Soup,41,9.0
2025-07-25,4,1,Margherita Pizza,39,12.0
2025-07-25,4,2,Pasta Alfredo,57,14.0
2025-07-25,4,3,Lasagna Bolognese,36,16.0
2025-07-25,4,4,Bruschetta,51,8.0
2025-07-25,4,5,Tiramisu,54,7.0
2025-07-25,4,6,Caesar Salad,38,10.0
2025-07-25,4,7,Minestrone Soup,43,9.0
2025-07-25,5,1,Margherita Pizza,43,12.0
2025-07-25,5,2,Pasta Alfredo,56,14.0
2025-07-25,5,3,Lasagna Bolognese,39,16.0
2025-07-25,5,4,Bruschetta,43,8.0
2025-07-25,5,5,Tiramisu,50,7.0
2025-07-25,5,6,Caesar Salad,36,10.0
2025-07-25,5,7,Minestrone Soup,52,9.0
2025-07-26,1,1,Margherita Pizza,45,12.0
2025-07-26,1,2,Pasta Alfredo,46,14.0
2025-07-26,1,3,Lasagna Bolognese,33,16.0
2025-07-26,1,4,Bruschetta,37,8.0
2025-07-26,1,5,Tiramisu,42,7.0
2025-07-26,1,6,Caesar Salad,36,10.0
2025-07-26,1,7,Minestrone Soup,44,9.0
2025-07-26,2,1,Margherita Pizza,38,12.0
2025-07-26,2,2,Pasta Alfredo,47,14.0
2025-07-26,2,3,Lasagna Bolognese,32,16.0
2025-07-26,2,4,Bruschetta,39,8.0
2025-07-26,2,5,Tiramisu,51,7.0
2025-07-26,2,6,Caesar Salad,30,10.0
2025-07-26,2,7,Minestrone Soup,42,9.0
2025-07-26,3,1,Margherita Pizza,45,12.0
2025-07-26,3,2,Pasta Alfredo,49,14.0
2025-07-26,3,3,Lasagna Bolognese,38,16.0
2025-07-26,3,4,Bruschetta,43,8.0
2025-07-26,3,5,Tiramisu,53,7.0
2025-07-26,3,6,Caesar Salad,31,10.0
2025-07-26,3,7,Minestrone Soup,41,9.0
2025-07-26,4,1,Margherita Pizza,44,12.0
2025-07-26,4,2,Pasta Alfredo,44,14.0
2025-07-26,4,3,Lasagna Bolognese,34,16.0
2025-07-26,4,4,Bruschetta,42,8.0
2025-07-26,4,5,Tiramisu,55,7.0
2025-07-26,4,6,Caesar Salad,35,10.0
2025-07-26,4,7,Minestrone Soup,42,9.0
2025-07-26,5,1,Margherita Pizza,49,12.0
2025-07-26,5,2,Pasta Alfredo,49,14.0
2025-07-26,5,3,Lasagna Bolognese,33,16.0
2025-07-26,5,4,Bruschetta,45,8.0
2025-07-26,5,5,Tiramisu,50,7.0
2025-07-26,5,6,Caesar Salad,35,10.0
2025-07-26,5,7,Minestrone Soup,48,9.0
2025-07-27,1,1,Margherita Pizza,35,12.0
2025-07-27,1,2,Pasta Alfredo,41,14.0
2025-07-27,1,3,Lasagna Bolognese,31,16.0
2025-07-27,1,4,Bruschetta,36,8.0
2025-07-27,1,5,Tiramisu,32,7.0
2025-07-27,1,6,Caesar Salad,29,10.0
2025-07-27,1,7,Minestrone Soup,31,9.0
2025-07-27,2,1,Margherita Pizza,32,12.0
2025-07-27,2,2,Pasta Alfredo,42,14.0
2025-07-27,2,3,Lasagna Bolognese,24,16.0
2025-07-27,2,4,Bruschetta,29,8.0
2025-07-27,2,5,Tiramisu,42,7.0
2025-07-27,2,6,Caesar Salad,30,10.0
2025-07-27,2,7,Minestrone Soup,35,9.0
2025-07-27,3,1,Margherita Pizza,34,12.0
2025-07-27,3,2,Pasta Alfredo,44,14.0
2025-07-27,3,3,Lasagna Bolognese,32,16.0
2025-07-27,3,4,Bruschetta,36,8.0
2025-07-27,3,5,Tiramisu,39,7.0
2025-07-27,3,6,Caesar Salad,29,10.0
2025-07-27,3,7,Minestrone Soup,39,9.0
2025-07-27,4,1,Margherita Pizza,42,12.0
2025-07-27,4,2,Pasta Alfredo,43,14.0
2025-07-27,4,3,Lasagna Bolognese,31,16.0
2025-07-27,4,4,Bruschetta,37,8.0
2025-07-27,4,5,Tiramisu,45,7.0
2025-07-27,4,6,Caesar Salad,30,10.0
2025-07-27,4,7,Minestrone Soup,29,9.0
2025-07-27,5,1,Margherita Pizza,43,12.0
2025-07-27,5,2,Pasta Alfredo,52,14.0
2025-07-27,5,3,Lasagna Bolognese,31,16.0
2025-07-27,5,4,Bruschetta,36,8.0
2025-07-27,5,5,Tiramisu,46,7.0
2025-07-27,5,6,Caesar Salad,32,10.0
2025-07-27,5,7,Minestrone Soup,43,9.0
2025-07-28,1,1,Margherita Pizza,24,12.0
2025-07-28,1,2,Pasta Alfredo,26,14.0
2025-07-28,1,3,Lasagna Bolognese,16,16.0
2025-07-28,1,4,Bruschetta,27,8.0
2025-07-28,1,5,Tiramisu,30,7.0
2025-07-28,1,6,Caesar Salad,23,10.0
2025-07-28,1,7,Minestrone Soup,21,9.0
2025-07-28,2,1,Margherita Pizza,31,12.0
2025-07-28,2,2,Pasta Alfredo,25,14.0
2025-07-28,2,3,Lasagna Bolognese,23,16.0
2025-07-28,2,4,Bruschetta,20,8.0
2025-07-28,2,5,Tiramisu,27,7.0
2025-07-28,2,6,Caesar Salad,26,10.0
2025-07-28,2,7,Minestrone Soup,28,9.0
2025-07-28,3,1,Margherita Pizza,25,12.0
2025-07-28,3,2,Pasta Alfredo,30,14.0
2025-07-28,3,3,Lasagna Bolognese,23,16.0
2025-07-28,3,4,Bruschetta,28,8.0
2025-07-28,3,5,Tiramisu,35,7.0
2025-07-28,3,6,Caesar Salad,21,10.0
2025-07-28,3,7,Minestrone Soup,22,9.0
2025-07-28,4,1,Margherita Pizza,29,12.0
2025-07-28,4,2,Pasta Alfredo,31,14.0
2025-07-28,4,3,Lasagna Bolognese,19,16.0
2025-07-28,4,4,Bruschetta,29,8.0
2025-07-28,4,5,Tiramisu,32,7.0
2025-07-28,4,6,Caesar Salad,24,10.0
2025-07-28,4,7,Minestrone Soup,25,9.0
2025-07-28,5,1,Margherita Pizza,31,12.0
2025-07-28,5,2,Pasta Alfredo,30,14.0
2025-07-28,5,3,Lasagna Bolognese,22,16.0
2025-07-28,5,4,Bruschetta,29,8.0
2025-07-28,5,5,Tiramisu,39,7.0
2025-07-28,5,6,Caesar Salad,27,10.0
2025-07-28,5,7,Minestrone Soup,33,9.0
2025-07-29,1,1,Margherita Pizza,33,12.0
2025-07-29,1,2,Pasta Alfredo,44,14.0
2025-07-29,1,3,Lasagna Bolognese,24,16.0
2025-07-29,1,4,Bruschetta,33,8.0
2025-07-29,1,5,Tiramisu,36,7.0
2025-07-29,1,6,Caesar Salad,27,10.0
2025-07-29,1,7,Minestrone Soup,34,9.0
2025-07-29,2,1,Margherita Pizza,29,12.0
2025-07-29,2,2,Pasta Alfredo,34,14.0
2025-07-29,2,3,Lasagna Bolognese,26,16.0
2025-07-29,2,4,Bruschetta,29,8.0
2025-07-29,2,5,Tiramisu,36,7.0
2025-07-29,2,6,Caesar Salad,30,10.0
2025-07-29,2,7,Minestrone Soup,29,9.0
2025-07-29,3,1,Margherita Pizza,31,12.0
2025-07-29,3,2,Pasta Alfredo,37,14.0
2025-07-29,3,3,Lasagna Bolognese,26,16.0
2025-07-29,3,4,Bruschetta,26,8.0
2025-07-29,3,5,Tiramisu,35,7.0
2025-07-29,3,6,Caesar Salad,28,10.0
2025-07-29,3,7,Minestrone Soup,36,9.0
2025-07-29,4,1,Margherita Pizza,30,12.0
2025-07-29,4,2,Pasta Alfredo,35,14.0
2025-07-29,4,3,Lasagna Bolognese,28,16.0
2025-07-29,4,4,Bruschetta,27,8.0
2025-07-29,4,5,Tiramisu,37,7.0
2025-07-29,4,6,Caesar Salad,22,10.0
2025-07-29,4,7,Minestrone Soup,37,9.0
2025-07-29,5,1,Margherita Pizza,32,12.0
2025-07-29,5,2,Pasta Alfredo,45,14.0
2025-07-29,5,3,Lasagna Bolognese,32,16.0
2025-07-29,5,4,Bruschetta,33,8.0
2025-07-29,5,5,Tiramisu,37,7.0
2025-07-29,5,6,Caesar Salad,28,10.0
2025-07-29,5,7,Minestrone Soup,34,9.0
2025-07-30,1,1,Margherita Pizza,30,12.0
2025-07-30,1,2,Pasta Alfredo,31,14.0
2025-07-30,1,3,Lasagna Bolognese,26,16.0
2025-07-30,1,4,Bruschetta,29,8.0
2025-07-30,1,5,Tiramisu,32,7.0
2025-07-30,1,6,Caesar Salad,22,10.0
2025-07-30,1,7,Minestrone Soup,28,9.0
2025-07-30,2,1,Margherita Pizza,28,12.0
2025-07-30,2,2,Pasta Alfredo,35,14.0
2025-07-30,2,3,Lasagna Bolognese,25,16.0
2025-07-30,2,4,Bruschetta,31,8.0
2025-07-30,2,5,Tiramisu,40,7.0
2025-07-30,2,6,Caesar Salad,25,10.0
2025-07-30,2,7,Minestrone Soup,33,9.0
2025-07-30,3,1,Margherita Pizza,32,12.0
2025-07-30,3,2,Pasta Alfredo,36,14.0
2025-07-30,3,3,Lasagna Bolognese,26,16.0
2025-07-30,3,4,Bruschetta,31,8.0
2025-07-30,3,5,Tiramisu,38,7.0
2025-07-30,3,6,Caesar Salad,23,10.0
2025-07-30,3,7,Minestrone Soup,27,9.0
2025-07-30,4,1,Margherita Pizza,35,12.0
2025-07-30,4,2,Pasta Alfredo,41,14.0
2025-07-30,4,3,Lasagna Bolognese,30,16.0
2025-07-30,4,4,Bruschetta,33,8.0
2025-07-30,4,5,Tiramisu,41,7.0
2025-07-30,4,6,Caesar Salad,30,10.0
2025-07-30,4,7,Minestrone Soup,35,9.0
2025-07-30,5,1,Margherita Pizza,32,12.0
2025-07-30,5,2,Pasta Alfredo,37,14.0
2025-07-30,5,3,Lasagna Bolognese,28,16.0
2025-07-30,5,4,Bruschetta,34,8.0
2025-07-30,5,5,Tiramisu,40,7.0
2025-07-30,5,6,Caesar Salad,23,10.0
2025-07-30,5,7,Minestrone Soup,40,9.0
2025-07-31,1,1,Margherita Pizza,28,12.0
2025-07-31,1,2,Pasta Alfredo,34,14.0
2025-07-31,1,3,Lasagna Bolognese,27,16.0
2025-07-31,1,4,Bruschetta,21,8.0
2025-07-31,1,5,Tiramisu,32,7.0
2025-07-31,1,6,Caesar Salad,23,10.0
2025-07-31,1,7,Minestrone Soup,27,9.0
2025-07-31,2,1,Margherita Pizza,29,12.0
2025-07-31,2,2,Pasta Alfredo,39,14.0
2025-07-31,2,3,Lasagna Bolognese,27,16.0
2025-07-31,2,4,Bruschetta,33,8.0
2025-07-31,2,5,Tiramisu,35,7.0
2025-07-31,2,6,Caesar Salad,21,10.0
2025-07-31,2,7,Minestrone Soup,24,9.0
2025-07-31,3,1,Margherita Pizza,27,12.0
2025-07-31,3,2,Pasta Alfredo,38,14.0
2025-07-31,3,3,Lasagna Bolognese,26,16.0
2025-07-31,3,4,Bruschetta,31,8.0
2025-07-31,3,5,Tiramisu,36,7.0
2025-07-31,3,6,Caesar Salad,32,10.0
2025-07-31,3,7,Minestrone Soup,29,9.0
2025-07-31,4,1,Margherita Pizza,36,12.0
2025-07-31,4,2,Pasta Alfredo,39,14.0
2025-07-31,4,3,Lasagna Bolognese,27,16.0
2025-07-31,4,4,Bruschetta,37,8.0
2025-07-31,4,5,Tiramisu,43,7.0
2025-07-31,4,6,Caesar Salad,27,10.0
2025-07-31,4,7,Minestrone Soup,35,9.0
2025-07-31,5,1,Margherita Pizza,36,12.0
2025-07-31,5,2,Pasta Alfredo,40,14.0
2025-07-31,5,3,Lasagna Bolognese,29,16.0
2025-07-31,5,4,Bruschetta,32,8.0
2025-07-31,5,5,Tiramisu,39,7.0
2025-07-31,5,6,Caesar Salad,27,10.0
2025-07-31,5,7,Minestrone Soup,37,9.0
2025-08-01,1,1,Margherita Pizza,36,12.0
2025-08-01,1,2,Pasta Alfredo,39,14.0
2025-08-01,1,3,Lasagna Bolognese,28,16.0
2025-08-01,1,4,Bruschetta,27,8.0
2025-08-01,1,5,Tiramisu,41,7.0
2025-08-01,1,6,Caesar Salad,31,10.0
2025-08-01,1,7,Minestrone Soup,36,9.0
2025-08-01,2,1,Margherita Pizza,44,12.0
2025-08-01,2,2,Pasta Alfredo,47,14.0
2025-08-01,2,3,Lasagna Bolognese,34,16.0
2025-08-01,2,4,Bruschetta,34,8.0
2025-08-01,2,5,Tiramisu,44,7.0
2025-08-01,2,6,Caesar Salad,31,10.0
2025-08-01,2,7,Minestrone Soup,36,9.0
2025-08-01,3,1,Margherita Pizza,38,12.0
2025-08-01,3,2,Pasta Alfredo,42,14.0
2025-08-01,3,3,Lasagna Bolognese,30,16.0
2025-08-01,3,4,Bruschetta,43,8.0
2025-08-01,3,5,Tiramisu,47,7.0
2025-08-01,3,6,Caesar Salad,32,10.0
2025-08-01,3,7,Minestrone Soup,40,9.0
2025-08-01,4,1,Margherita Pizza,46,12.0
2025-08-01,4,2,Pasta Alfredo,49,14.0
2025-08-01,4,3,Lasagna Bolognese,37,16.0
2025-08-01,4,4,Bruschetta,40,8.0
2025-08-01,4,5,Tiramisu,48,7.0
2025-08-01,4,6,Caesar Salad,36,10.0
2025-08-01,4,7,Minestrone Soup,48,9.0
2025-08-01,5,1,Margherita Pizza,49,12.0
2025-08-01,5,2,Pasta Alfredo,53,14.0
2025-08-01,5,3,Lasagna Bolognese,37,16.0
2025-08-01,5,4,Bruschetta,48,8.0
2025-08-01,5,5,Tiramisu,54,7.0
2025-08-01,5,6,Caesar Salad,30,10.0
2025-08-01,5,7,Minestrone Soup,41,9.0
2025-08-02,1,1,Margherita Pizza,38,12.0
2025-08-02,1,2,Pasta Alfredo,37,14.0
2025-08-02,1,3,Lasagna Bolognese,28,16.0
2025-08-02,1,4,Bruschetta,34,8.0
2025-08-02,1,5,Tiramisu,42,7.0
2025-08-02,1,6,Caesar Salad,30,10.0
2025-08-02,1,7,Minestrone Soup,36,9.0
2025-08-02,2,1,Margherita Pizza,41,12.0
2025-08-02,2,2,Pasta Alfredo,44,14.0
2025-08-02,2,3,Lasagna Bolognese,31,16.0
2025-08-02,2,4,Bruschetta,34,8.0
2025-08-02,2,5,Tiramisu,48,7.0
2025-08-02,2,6,Caesar Salad,30,10.0
2025-08-02,2,7,Minestrone Soup,35,9.0
2025-08-02,3,1,Margherita Pizza,41,12.0
2025-08-02,3,2,Pasta Alfredo,45,14.0
2025-08-02,3,3,Lasagna Bolognese,32,16.0
2025-08-02,3,4,Bruschetta,41,8.0
2025-08-02,3,5,Tiramisu,46,7.0
2025-08-02,3,6,Caesar Salad,41,10.0
2025-08-02,3,7,Minestrone Soup,40,9.0
2025-08-02,4,1,Margherita Pizza,44,12.0
2025-08-02,4,2,Pasta Alfredo,44,14.0
2025-08-02,4,3,Lasagna Bolognese,33,16.0
2025-08-02,4,4,Bruschetta,39,8.0
2025-08-02,4,5,Tiramisu,47,7.0
2025-08-02,4,6,Caesar Salad,37,10.0
2025-08-02,4,7,Minestrone Soup,45,9.0
2025-08-02,5,1,Margherita Pizza,45,12.0
2025-08-02,5,2,Pasta Alfredo,51,14.0
2025-08-02,5,3,Lasagna Bolognese,35,16.0
2025-08-02,5,4,Bruschetta,48,8.0
2025-08-02,5,5,Tiramisu,58,7.0
2025-08-02,5,6,Caesar Salad,37,10.0
2025-08-02,5,7,Minestrone Soup,47,9.0
2025-08-03,1,1,Margherita Pizza,32,12.0
2025-08-03,1,2,Pasta Alfredo,39,14.0
2025-08-03,1,3,Lasagna Bolognese,22,16.0
2025-08-03,1,4,Bruschetta,30,8.0
2025-08-03,1,5,Tiramisu,38,7.0
2025-08-03,1,6,Caesar Salad,30,10.0
2025-08-03,1,7,Minestrone Soup,29,9.0
2025-08-03,2,1,Margherita Pizza,27,12.0
2025-08-03,2,2,Pasta Alfredo,37,14.0
2025-08-03,2,3,Lasagna Bolognese,30,16.0
2025-08-03,2,4,Bruschetta,28,8.0
2025-08-03,2,5,Tiramisu,35,7.0
2025-08-03,2,6,Caesar Salad,28,10.0
2025-08-03,2,7,Minestrone Soup,32,9.0
2025-08-03,3,1,Margherita Pizza,36,12.0
2025-08-03,3,2,Pasta Alfredo,36,14.0
2025-08-03,3,3,Lasagna Bolognese,28,16.0
2025-08-03,3,4,Bruschetta,38,8.0
2025-08-03,3,5,Tiramisu,37,7.0
2025-08-03,3,6,Caesar Salad,33,10.0
2025-08-03,3,7,Minestrone Soup,31,9.0
2025-08-03,4,1,Margherita Pizza,39,12.0
2025-08-03,4,2,Pasta Alfredo,41,14.0
2025-08-03,4,3,Lasagna Bolognese,27,16.0
2025-08-03,4,4,Bruschetta,35,8.0
2025-08-03,4,5,Tiramisu,44,7.0
2025-08-03,4,6,Caesar Salad,30,10.0
2025-08-03,4,7,Minestrone Soup,39,9.0
2025-08-03,5,1,Margherita Pizza,42,12.0
2025-08-03,5,2,Pasta Alfredo,40,14.0
2025-08-03,5,3,Lasagna Bolognese,28,16.0
2025-08-03,5,4,Bruschetta,34,8.0
2025-08-03,5,5,Tiramisu,41,7.0
2025-08-03,5,6,Caesar Salad,35,10.0
2025-08-03,5,7,Minestrone Soup,39,9.0
2025-08-04,1,1,Margherita Pizza,21,12.0
2025-08-04,1,2,Pasta Alfredo,27,14.0
2025-08-04,1,3,Lasagna Bolognese,23,16.0
2025-08-04,1,4,Bruschetta,29,8.0
2025-08-04,1,5,Tiramisu,28,7.0
2025-08-04,1,6,Caesar Salad,11,10.0
2025-08-04,1,7,Minestrone Soup,24,9.0
2025-08-04,2,1,Margherita Pizza,27,12.0
2025-08-04,2,2,Pasta Alfredo,29,14.0
2025-08-04,2,3,Lasagna Bolognese,22,16.0
2025-08-04,2,4,Bruschetta,25,8.0
2025-08-04,2,5,Tiramisu,25,7.0
2025-08-04,2,6,Caesar Salad,18,10.0
2025-08-04,2,7,Minestrone Soup,23,9.0
2025-08-04,3,1,Margherita Pizza,29,12.0
2025-08-04,3,2,Pasta Alfredo,27,14.0
2025-08-04,3,3,Lasagna Bolognese,23,16.0
2025-08-04,3,4,Bruschetta,26,8.0
2025-08-04,3,5,Tiramisu,34,7.0
2025-08-04,3,6,Caesar Salad,21,10.0
2025-08-04,3,7,Minestrone Soup,20,9.0
2025-08-04,4,1,Margherita Pizza,29,12.0
2025-08-04,4,2,Pasta Alfredo,38,14.0
2025-08-04,4,3,Lasagna Bolognese,24,16.0
2025-08-04,4,4,Bruschetta,24,8.0
2025-08-04,4,5,Tiramisu,28,7.0
2025-08-04,4,6,Caesar Salad,19,10.0
2025-08-04,4,7,Minestrone Soup,33,9.0
2025-08-04,5,1,Margherita Pizza,27,12.0
2025-08-04,5,2,Pasta Alfredo,31,14.0
2025-08-04,5,3,Lasagna Bolognese,23,16.0
2025-08-04,5,4,Bruschetta,27,8.0
2025-08-04,5,5,Tiramisu,37,7.0
2025-08-04,5,6,Caesar Salad,20,10.0
2025-08-04,5,7,Minestrone Soup,31,9.0
2025-08-05,1,1,Margherita Pizza,27,12.0
2025-08-05,1,2,Pasta Alfredo,35,14.0
2025-08-05,1,3,Lasagna Bolognese,27,16.0
2025-08-05,1,4,Bruschetta,27,8.0
2025-08-05,1,5,Tiramisu,31,7.0
2025-08-05,1,6,Caesar Salad,23,10.0
2025-08-05,1,7,Minestrone Soup,27,9.0
2025-08-05,2,1,Margherita Pizza,24,12.0
2025-08-05,2,2,Pasta Alfredo,38,14.0
2025-08-05,2,3,Lasagna Bolognese,24,16.0
2025-08-05,2,4,Bruschetta,25,8.0
2025-08-05,2,5,Tiramisu,27,7.0
2025-08-05,2,6,Caesar Salad,17,10.0
2025-08-05,2,7,Minestrone Soup,31,9.0
2025-08-05,3,1,Margherita Pizza,28,12.0
2025-08-05,3,2,Pasta Alfredo,34,14.0
2025-08-05,3,3,Lasagna Bolognese,26,16.0
2025-08-05,3,4,Bruschetta,28,8.0
2025-08-05,3,5,Tiramisu,37,7.0
2025-08-05,3,6,Caesar Salad,25,10.0
2025-08-05,3,7,Minestrone Soup,30,9.0
2025-08-05,4,1,Margherita Pizza,27,12.0
2025-08-05,4,2,Pasta Alfredo,34,14.0
2025-08-05,4,3,Lasagna Bolognese,28,16.0
2025-08-05,4,4,Bruschetta,29,8.0
2025-08-05,4,5,Tiramisu,40,7.0
2025-08-05,4,6,Caesar Salad,33,10.0
2025-08-05,4,7,Minestrone Soup,33,9.0
2025-08-05,5,1,Margherita Pizza,37,12.0
2025-08-05,5,2,Pasta Alfredo,40,14.0
2025-08-05,5,3,Lasagna Bolognese,26,16.0
2025-08-05,5,4,Bruschetta,33,8.0
2025-08-05,5,5,Tiramisu,44,7.0
2025-08-05,5,6,Caesar Salad,26,10.0
2025-08-05,5,7,Minestrone Soup,30,9.0
2025-08-06,1,1,Margherita Pizza,24,12.0
2025-08-06,1,2,Pasta Alfredo,31,14.0
2025-08-06,1,3,Lasagna Bolognese,20,16.0
2025-08-06,1,4,Bruschetta,32,8.0
2025-08-06,1,5,Tiramisu,32,7.0
2025-08-06,1,6,Caesar Salad,25,10.0
2025-08-06,1,7,Minestrone Soup,26,9.0
2025-08-06,2,1,Margherita Pizza,25,12.0
2025-08-06,2,2,Pasta Alfredo,29,14.0
2025-08-06,2,3,Lasagna Bolognese,21,16.0
2025-08-06,2,4,Bruschetta,30,8.0
2025-08-06,2,5,Tiramisu,35,7.0
2025-08-06,2,6,Caesar Salad,26,10.0
2025-08-06,2,7,Minestrone Soup,24,9.0
2025-08-06,3,1,Margherita Pizza,30,12.0
2025-08-06,3,2,Pasta Alfredo,32,14.0
2025-08-06,3,3,Lasagna Bolognese,26,16.0
2025-08-06,3,4,Bruschetta,31,8.0
2025-08-06,3,5,Tiramisu,31,7.0
2025-08-06,3,6,Caesar Salad,28,10.0
2025-08-06,3,7,Minestrone Soup,37,9.0
2025-08-06,4,1,Margherita Pizza,34,12.0
2025-08-06,4,2,Pasta Alfredo,36,14.0
2025-08-06,4,3,Lasagna Bolognese,25,16.0
2025-08-06,4,4,Bruschetta,31,8.0
2025-08-06,4,5,Tiramisu,34,7.0
2025-08-06,4,6,Caesar Salad,27,10.0
2025-08-06,4,7,Minestrone Soup,28,9.0
2025-08-06,5,1,Margherita Pizza,27,12.0
2025-08-06,5,2,Pasta Alfredo,39,14.0
2025-08-06,5,3,Lasagna Bolognese,27,16.0
2025-08-06,5,4,Bruschetta,31,8.0
2025-08-06,5,5,Tiramisu,34,7.0
2025-08-06,5,6,Caesar Salad,28,10.0
2025-08-06,5,7,Minestrone Soup,30,9.0
2025-08-07,1,1,Margherita Pizza,27,12.0
2025-08-07,1,2,Pasta Alfredo,37,14.0
2025-08-07,1,3,Lasagna Bolognese,25,16.0
2025-08-07,1,4,Bruschetta,23,8.0
2025-08-07,1,5,Tiramisu,28,7.0
2025-08-07,1,6,Caesar Salad,23,10.0
2025-08-07,1,7,Minestrone Soup,23,9.0
2025-08-07,2,1,Margherita Pizza,22,12.0
2025-08-07,2,2,Pasta Alfredo,35,14.0
2025-08-07,2,3,Lasagna Bolognese,25,16.0
2025-08-07,2,4,Bruschetta,30,8.0
2025-08-07,2,5,Tiramisu,34,7.0
2025-08-07,2,6,Caesar Salad,24,10.0
2025-08-07,2,7,Minestrone Soup,27,9.0
2025-08-07,3,1,Margherita Pizza,31,12.0
2025-08-07,3,2,Pasta Alfredo,40,14.0
2025-08-07,3,3,Lasagna Bolognese,23,16.0
2025-08-07,3,4,Bruschetta,27,8.0
2025-08-07,3,5,Tiramisu,32,7.0
2025-08-07,3,6,Caesar Salad,22,10.0
2025-08-07,3,7,Minestrone Soup,31,9.0
2025-08-07,4,1,Margherita Pizza,25,12.0
2025-08-07,4,2,Pasta Alfredo,38,14.0
2025-08-07,4,3,Lasagna Bolognese,28,16.0
2025-08-07,4,4,Bruschetta,26,8.0
2025-08-07,4,5,Tiramisu,34,7.0
2025-08-07,4,6,Caesar Salad,26,10.0
2025-08-07,4,7,Minestrone Soup,31,9.0
2025-08-07,5,1,Margherita Pizza,34,12.0
2025-08-07,5,2,Pasta Alfredo,38,14.0
2025-08-07,5,3,Lasagna Bolognese,31,16.0
2025-08-07,5,4,Bruschetta,32,8.0
2025-08-07,5,5,Tiramisu,35,7.0
2025-08-07,5,6,Caesar Salad,24,10.0
2025-08-07,5,7,Minestrone Soup,35,9.0
2025-08-08,1,1,Margherita Pizza,37,12.0
2025-08-08,1,2,Pasta Alfredo,45,14.0
2025-08-08,1,3,Lasagna Bolognese,32,16.0
2025-08-08,1,4,Bruschetta,30,8.0
2025-08-08,1,5,Tiramisu,39,7.0
2025-08-08,1,6,Caesar Salad,27,10.0
2025-08-08,1,7,Minestrone Soup,34,9.0
2025-08-08,2,1,Margherita Pizza,37,12.0
2025-08-08,2,2,Pasta Alfredo,48,14.0
2025-08-08,2,3,Lasagna Bolognese,36,16.0
2025-08-08,2,4,Bruschetta,38,8.0
2025-08-08,2,5,Tiramisu,44,7.0
2025-08-08,2,6,Caesar Salad,30,10.0
2025-08-08,2,7,Minestrone Soup,39,9.0
2025-08-08,3,1,Margherita Pizza,41,12.0
2025-08-08,3,2,Pasta Alfredo,50,14.0
2025-08-08,3,3,Lasagna Bolognese,36,16.0
2025-08-08,3,4,Bruschetta,33,8.0
2025-08-08,3,5,Tiramisu,47,7.0
2025-08-08,3,6,Caesar Salad,38,10.0
2025-08-08,3,7,Minestrone Soup,39,9.0
2025-08-08,4,1,Margherita Pizza,46,12.0
2025-08-08,4,2,Pasta Alfredo,48,14.0
2025-08-08,4,3,Lasagna Bolognese,36,16.0
2025-08-08,4,4,Bruschetta,39,8.0
2025-08-08,4,5,Tiramisu,46,7.0
2025-08-08,4,6,Caesar Salad,37,10.0
2025-08-08,4,7,Minestrone Soup,45,9.0
2025-08-08,5,1,Margherita Pizza,44,12.0
2025-08-08,5,2,Pasta Alfredo,48,14.0
2025-08-08,5,3,Lasagna Bolognese,37,16.0
2025-08-08,5,4,Bruschetta,48,8.0
2025-08-08,5,5,Tiramisu,57,7.0
2025-08-08,5,6,Caesar Salad,36,10.0
2025-08-08,5,7,Minestrone Soup,39,9.0
2025-08-09,1,1,Margherita Pizza,39,12.0
2025-08-09,1,2,Pasta Alfredo,42,14.0
2025-08-09,1,3,Lasagna Bolognese,33,16.0
2025-08-09,1,4,Bruschetta,37,8.0
2025-08-09,1,5,Tiramisu,40,7.0
2025-08-09,1,6,Caesar Salad,31,10.0
2025-08-09,1,7,Minestrone Soup,40,9.0
2025-08-09,2,1,Margherita Pizza,38,12.0
2025-08-09,2,2,Pasta Alfredo,42,14.0
2025-08-09,2,3,Lasagna Bolognese,27,16.0
2025-08-09,2,4,Bruschetta,36,8.0
2025-08-09,2,5,Tiramisu,44,7.0
2025-08-09,2,6,Caesar Salad,35,10.0
2025-08-09,2,7,Minestrone Soup,35,9.0
2025-08-09,3,1,Margherita Pizza,45,12.0
2025-08-09,3,2,Pasta Alfredo,43,14.0
2025-08-09,3,3,Lasagna Bolognese,41,16.0
2025-08-09,3,4,Bruschetta,46,8.0
2025-08-09,3,5,Tiramisu,48,7.0
2025-08-09,3,6,Caesar Salad,29,10.0
2025-08-09,3,7,Minestrone Soup,40,9.0
2025-08-09,4,1,Margherita Pizza,41,12.0
2025-08-09,4,2,Pasta Alfredo,46,14.0
2025-08-09,4,3,Lasagna Bolognese,36,16.0
2025-08-09,4,4,Bruschetta,40,8.0
2025-08-09,4,5,Tiramisu,47,7.0
2025-08-09,4,6,Caesar Salad,35,10.0
2025-08-09,4,7,Minestrone Soup,41,9.0
2025-08-09,5,1,Margherita Pizza,50,12.0
2025-08-09,5,2,Pasta Alfredo,50,14.0
2025-08-09,5,3,Lasagna Bolognese,38,16.0
2025-08-09,5,4,Bruschetta,45,8.0
2025-08-09,5,5,Tiramisu,53,7.0
2025-08-09,5,6,Caesar Salad,38,10.0
2025-08-09,5,7,Minestrone Soup,47,9.0
2025-08-10,1,1,Margherita Pizza,32,12.0
2025-08-10,1,2,Pasta Alfredo,37,14.0
2025-08-10,1,3,Lasagna Bolognese,26,16.0
2025-08-10,1,4,Bruschetta,31,8.0
2025-08-10,1,5,Tiramisu,34,7.0
2025-08-10,1,6,Caesar Salad,26,10.0
2025-08-10,1,7,Minestrone Soup,32,9.0
2025-08-10,2,1,Margherita Pizza,34,12.0
2025-08-10,2,2,Pasta Alfredo,39,14.0
2025-08-10,2,3,Lasagna Bolognese,27,16.0
2025-08-10,2,4,Bruschetta,33,8.0
2025-08-10,2,5,Tiramisu,37,7.0
2025-08-10,2,6,Caesar Salad,28,10.0
2025-08-10,2,7,Minestrone Soup,32,9.0
2025-08-10,3,1,Margherita Pizza,35,12.0
2025-08-10,3,2,Pasta Alfredo,43,14.0
2025-08-10,3,3,Lasagna Bolognese,27,16.0
2025-08-10,3,4,Bruschetta,36,8.0
2025-08-10,3,5,Tiramisu,40,7.0
2025-08-10,3,6,Caesar Salad,35,10.0
2025-08-10,3,7,Minestrone Soup,34,9.0
2025-08-10,4,1,Margherita Pizza,38,12.0
2025-08-10,4,2,Pasta Alfredo,42,14.0
2025-08-10,4,3,Lasagna Bolognese,26,16.0
2025-08-10,4,4,Bruschetta,34,8.0
2025-08-10,4,5,Tiramisu,45,7.0
2025-08-10,4,6,Caesar Salad,29,10.0
2025-08-10,4,7,Minestrone Soup,29,9.0
2025-08-10,5,1,Margherita Pizza,38,12.0
2025-08-10,5,2,Pasta Alfredo,41,14.0
2025-08-10,5,3,Lasagna Bolognese,32,16.0
2025-08-10,5,4,Bruschetta,42,8.0
2025-08-10,5,5,Tiramisu,46,7.0
2025-08-10,5,6,Caesar Salad,36,10.0
2025-08-10,5,7,Minestrone Soup,36,9.0
2025-08-11,1,1,Margherita Pizza,23,12.0
2025-08-11,1,2,Pasta Alfredo,24,14.0
2025-08-11,1,3,Lasagna Bolognese,17,16.0
2025-08-11,1,4,Bruschetta,20,8.0
2025-08-11,1,5,Tiramisu,23,7.0
2025-08-11,1,6,Caesar Salad,23,10.0
2025-08-11,1,7,Minestrone Soup,17,9.0
2025-08-11,2,1,Margherita Pizza,28,12.0
2025-08-11,2,2,Pasta Alfredo,32,14.0
2025-08-11,2,3,Lasagna Bolognese,22,16.0
2025-08-11,2,4,Bruschetta,21,8.0
2025-08-11,2,5,Tiramisu,24,7.0
2025-08-11,2,6,Caesar Salad,19,10.0
2025-08-11,2,7,Minestrone Soup,26,9.0
2025-08-11,3,1,Margherita Pizza,25,12.0
2025-08-11,3,2,Pasta Alfredo,27,14.0
2025-08-11,3,3,Lasagna Bolognese,25,16.0
2025-08-11,3,4,Bruschetta,30,8.0
2025-08-11,3,5,Tiramisu,29,7.0
2025-08-11,3,6,Caesar Salad,22,10.0
2025-08-11,3,7,Minestrone Soup,21,9.0
2025-08-11,4,1,Margherita Pizza,25,12.0
2025-08-11,4,2,Pasta Alfredo,33,14.0
2025-08-11,4,3,Lasagna Bolognese,23,16.0
2025-08-11,4,4,Bruschetta,25,8.0
2025-08-11,4,5,Tiramisu,30,7.0
2025-08-11,4,6,Caesar Salad,21,10.0
2025-08-11,4,7,Minestrone Soup,26,9.0
2025-08-11,5,1,Margherita Pizza,29,12.0
2025-08-11,5,2,Pasta Alfredo,27,14.0
2025-08-11,5,3,Lasagna Bolognese,23,16.0
2025-08-11,5,4,Bruschetta,29,8.0
2025-08-11,5,5,Tiramisu,31,7.0
2025-08-11,5,6,Caesar Salad,22,10.0
2025-08-11,5,7,Minestrone Soup,27,9.0
2025-08-12,1,1,Margherita Pizza,26,12.0
2025-08-12,1,2,Pasta Alfredo,32,14.0
2025-08-12,1,3,Lasagna Bolognese,23,16.0
2025-08-12,1,4,Bruschetta,21,8.0
2025-08-12,1,5,Tiramisu,34,7.0
2025-08-12,1,6,Caesar Salad,22,10.0
2025-08-12,1,7,Minestrone Soup,33,9.0
2025-08-12,2,1,Margherita Pizza,25,12.0
2025-08-12,2,2,Pasta Alfredo,31,14.0
2025-08-12,2,3,Lasagna Bolognese,23,16.0
2025-08-12,2,4,Bruschetta,30,8.0
2025-08-12,2,5,Tiramisu,27,7.0
2025-08-12,2,6,Caesar Salad,21,10.0
2025-08-12,2,7,Minestrone Soup,30,9.0
2025-08-12,3,1,Margherita Pizza,27,12.0
2025-08-12,3,2,Pasta Alfredo,39,14.0
2025-08-12,3,3,Lasagna Bolognese,24,16.0
2025-08-12,3,4,Bruschetta,27,8.0
2025-08-12,3,5,Tiramisu,37,7.0
2025-08-12,3,6,Caesar Salad,30,10.0
2025-08-12,3,7,Minestrone Soup,31,9.0
2025-08-12,4,1,Margherita Pizza,35,12.0
2025-08-12,4,2,Pasta Alfredo,42,14.0
2025-08-12,4,3,Lasagna Bolognese,23,16.0
2025-08-12,4,4,Bruschetta,34,8.0
2025-08-12,4,5,Tiramisu,32,7.0
2025-08-12,4,6,Caesar Salad,27,10.0
2025-08-12,4,7,Minestrone Soup,31,9.0
2025-08-12,5,1,Margherita Pizza,37,12.0
2025-08-12,5,2,Pasta Alfredo,42,14.0
2025-08-12,5,3,Lasagna Bolognese,29,16.0
2025-08-12,5,4,Bruschetta,34,8.0
2025-08-12,5,5,Tiramisu,40,7.0
2025-08-12,5,6,Caesar Salad,27,10.0
2025-08-12,5,7,Minestrone Soup,33,9.0
2025-08-13,1,1,Margherita Pizza,31,12.0
2025-08-13,1,2,Pasta Alfredo,36,14.0
2025-08-13,1,3,Lasagna Bolognese,22,16.0
2025-08-13,1,4,Bruschetta,28,8.0
2025-08-13,1,5,Tiramisu,32,7.0
2025-08-13,1,6,Caesar Salad,18,10.0
2025-08-13,1,7,Minestrone Soup,26,9.0
2025-08-13,2,1,Margherita Pizza,33,12.0
2025-08-13,2,2,Pasta Alfredo,31,14.0
2025-08-13,2,3,Lasagna Bolognese,30,16.0
2025-08-13,2,4,Bruschetta,32,8.0
2025-08-13,2,5,Tiramisu,34,7.0
2025-08-13,2,6,Caesar Salad,25,10.0
2025-08-13,2,7,Minestrone Soup,26,9.0
2025-08-13,3,1,Margherita Pizza,29,12.0
2025-08-13,3,2,Pasta Alfredo,39,14.0
2025-08-13,3,3,Lasagna Bolognese,23,16.0
2025-08-13,3,4,Bruschetta,33,8.0
2025-08-13,3,5,Tiramisu,31,7.0
2025-08-13,3,6,Caesar Salad,21,10.0
2025-08-13,3,7,Minestrone Soup,36,9.0
2025-08-13,4,1,Margherita Pizza,31,12.0
2025-08-13,4,2,Pasta Alfredo,35,14.0
2025-08-13,4,3,Lasagna Bolognese,30,16.0
2025-08-13,4,4,Bruschetta,35,8.0
2025-08-13,4,5,Tiramisu,39,7.0
2025-08-13,4,6,Caesar Salad,24,10.0
2025-08-13,4,7,Minestrone Soup,30,9.0
2025-08-13,5,1,Margherita Pizza,34,12.0
2025-08-13,5,2,Pasta Alfredo,40,14.0
2025-08-13,5,3,Lasagna Bolognese,26,16.0
2025-08-13,5,4,Bruschetta,33,8.0
2025-08-13,5,5,Tiramisu,39,7.0
2025-08-13,5,6,Caesar Salad,31,10.0
2025-08-13,5,7,Minestrone Soup,35,9.0
2025-08-14,1,1,Margherita Pizza,23,12.0
2025-08-14,1,2,Pasta Alfredo,31,14.0
2025-08-14,1,3,Lasagna Bolognese,20,16.0
2025-08-14,1,4,Bruschetta,29,8.0
2025-08-14,1,5,Tiramisu,34,7.0
2025-08-14,1,6,Caesar Salad,23,10.0
2025-08-14,1,7,Minestrone Soup,26,9.0
2025-08-14,2,1,Margherita Pizza,29,12.0
2025-08-14,2,2,Pasta Alfredo,34,14.0
2025-08-14,2,3,Lasagna Bolognese,22,16.0
2025-08-14,2,4,Bruschetta,25,8.0
2025-08-14,2,5,Tiramisu,27,7.0
2025-08-14,2,6,Caesar Salad,28,10.0
2025-08-14,2,7,Minestrone Soup,30,9.0
2025-08-14,3,1,Margherita Pizza,31,12.0
2025-08-14,3,2,Pasta Alfredo,39,14.0
2025-08-14,3,3,Lasagna Bolognese,21,16.0
2025-08-14,3,4,Bruschetta,25,8.0
2025-08-14,3,5,Tiramisu,36,7.0
2025-08-14,3,6,Caesar Salad,26,10.0
2025-08-14,3,7,Minestrone Soup,25,9.0
2025-08-14,4,1,Margherita Pizza,32,12.0
2025-08-14,4,2,Pasta Alfredo,35,14.0
2025-08-14,4,3,Lasagna Bolognese,24,16.0
2025-08-14,4,4,Bruschetta,30,8.0
2025-08-14,4,5,Tiramisu,29,7.0
2025-08-14,4,6,Caesar Salad,24,10.0
2025-08-14,4,7,Minestrone Soup,29,9.0
2025-08-14,5,1,Margherita Pizza,34,12.0
2025-08-14,5,2,Pasta Alfredo,38,14.0
2025-08-14,5,3,Lasagna Bolognese,29,16.0
2025-08-14,5,4,Bruschetta,25,8.0
2025-08-14,5,5,Tiramisu,36,7.0
2025-08-14,5,6,Caesar Salad,29,10.0
2025-08-14,5,7,Minestrone Soup,32,9.0
2025-08-15,1,1,Margherita Pizza,39,12.0
2025-08-15,1,2,Pasta Alfredo,37,14.0
2025-08-15,1,3,Lasagna Bolognese,33,16.0
2025-08-15,1,4,Bruschetta,35,8.0
2025-08-15,1,5,Tiramisu,40,7.0
2025-08-15,1,6,Caesar Salad,33,10.0
2025-08-15,1,7,Minestrone Soup,40,9.0
2025-08-15,2,1,Margherita Pizza,42,12.0
2025-08-15,2,2,Pasta Alfredo,51,14.0
2025-08-15,2,3,Lasagna Bolognese,36,16.0
2025-08-15,2,4,Bruschetta,36,8.0
2025-08-15,2,5,Tiramisu,45,7.0
2025-08-15,2,6,Caesar Salad,31,10.0
2025-08-15,2,7,Minestrone Soup,45,9.0
2025-08-15,3,1,Margherita Pizza,44,12.0
2025-08-15,3,2,Pasta Alfredo,47,14.0
2025-08-15,3,3,Lasagna Bolognese,36,16.0
2025-08-15,3,4,Bruschetta,37,8.0
2025-08-15,3,5,Tiramisu,48,7.0
2025-08-15,3,6,Caesar Salad,31,10.0
2025-08-15,3,7,Minestrone Soup,35,9.0
2025-08-15,4,1,Margherita Pizza,45,12.0
2025-08-15,4,2,Pasta Alfredo,52,14.0
2025-08-15,4,3,Lasagna Bolognese,37,16.0
2025-08-15,4,4,Bruschetta,42,8.0
2025-08-15,4,5,Tiramisu,46,7.0
2025-08-15,4,6,Caesar Salad,32,10.0
2025-08-15,4,7,Minestrone Soup,39,9.0
2025-08-15,5,1,Margherita Pizza,44,12.0
2025-08-15,5,2,Pasta Alfredo,55,14.0
2025-08-15,5,3,Lasagna Bolognese,40,16.0
2025-08-15,5,4,Bruschetta,39,8.0
2025-08-15,5,5,Tiramisu,50,7.0
2025-08-15,5,6,Caesar Salad,35,10.0
2025-08-15,5,7,Minestrone Soup,37,9.0
2025-08-16,1,1,Margherita Pizza,38,12.0
2025-08-16,1,2,Pasta Alfredo,42,14.0
2025-08-16,1,3,Lasagna Bolognese,30,16.0
2025-08-16,1,4,Bruschetta,41,8.0
2025-08-16,1,5,Tiramisu,43,7.0
2025-08-16,1,6,Caesar Salad,29,10.0
2025-08-16,1,7,Minestrone Soup,38,9.0
2025-08-16,2,1,Margherita Pizza,42,12.0
2025-08-16,2,2,Pasta Alfredo,46,14.0
2025-08-16,2,3,Lasagna Bolognese,34,16.0
2025-08-16,2,4,Bruschetta,38,8.0
2025-08-16,2,5,Tiramisu,45,7.0
2025-08-16,2,6,Caesar Salad,32,10.0
2025-08-16,2,7,Minestrone Soup,36,9.0
2025-08-16,3,1,Margherita Pizza,39,12.0
2025-08-16,3,2,Pasta Alfredo,51,14.0
2025-08-16,3,3,Lasagna Bolognese,40,16.0
2025-08-16,3,4,Bruschetta,45,8.0
2025-08-16,3,5,Tiramisu,43,7.0
2025-08-16,3,6,Caesar Salad,29,10.0
2025-08-16,3,7,Minestrone Soup,37,9.0
2025-08-16,4,1,Margherita Pizza,43,12.0
2025-08-16,4,2,Pasta Alfredo,41,14.0
2025-08-16,4,3,Lasagna Bolognese,34,16.0
2025-08-16,4,4,Bruschetta,47,8.0
2025-08-16,4,5,Tiramisu,52,7.0
2025-08-16,4,6,Caesar Salad,34,10.0
2025-08-16,4,7,Minestrone Soup,41,9.0
2025-08-16,5,1,Margherita Pizza,46,12.0
2025-08-16,5,2,Pasta Alfredo,54,14.0
2025-08-16,5,3,Lasagna Bolognese,35,16.0
2025-08-16,5,4,Bruschetta,44,8.0
2025-08-16,5,5,Tiramisu,50,7.0
2025-08-16,5,6,Caesar Salad,33,10.0
2025-08-16,5,7,Minestrone Soup,44,9.0
2025-08-17,1,1,Margherita Pizza,30,12.0
2025-08-17,1,2,Pasta Alfredo,33,14.0
2025-08-17,1,3,Lasagna Bolognese,28,16.0
2025-08-17,1,4,Bruschetta,33,8.0
2025-08-17,1,5,Tiramisu,38,7.0
2025-08-17,1,6,Caesar Salad,24,10.0
2025-08-17,1,7,Minestrone Soup,25,9.0
2025-08-17,2,1,Margherita Pizza,34,12.0
2025-08-17,2,2,Pasta Alfredo,36,14.0
2025-08-17,2,3,Lasagna Bolognese,25,16.0
2025-08-17,2,4,Bruschetta,29,8.0
2025-08-17,2,5,Tiramisu,37,7.0
2025-08-17,2,6,Caesar Salad,32,10.0
2025-08-17,2,7,Minestrone Soup,31,9.0
2025-08-17,3,1,Margherita Pizza,31,12.0
2025-08-17,3,2,Pasta Alfredo,42,14.0
2025-08-17,3,3,Lasagna Bolognese,29,16.0
2025-08-17,3,4,Bruschetta,28,8.0
2025-08-17,3,5,Tiramisu,42,7.0
2025-08-17,3,6,Caesar Salad,35,10.0
2025-08-17,3,7,Minestrone Soup,27,9.0
2025-08-17,4,1,Margherita Pizza,32,12.0
2025-08-17,4,2,Pasta Alfredo,34,14.0
2025-08-17,4,3,Lasagna Bolognese,30,16.0
2025-08-17,4,4,Bruschetta,39,8.0
2025-08-17,4,5,Tiramisu,42,7.0
2025-08-17,4,6,Caesar Salad,34,10.0
2025-08-17,4,7,Minestrone Soup,39,9.0
2025-08-17,5,1,Margherita Pizza,43,12.0
2025-08-17,5,2,Pasta Alfredo,47,14.0
2025-08-17,5,3,Lasagna Bolognese,30,16.0
2025-08-17,5,4,Bruschetta,38,8.0
2025-08-17,5,5,Tiramisu,41,7.0
2025-08-17,5,6,Caesar Salad,31,10.0
2025-08-17,5,7,Minestrone Soup,38,9.0
2025-08-18,1,1,Margherita Pizza,23,12.0
2025-08-18,1,2,Pasta Alfredo,31,14.0
2025-08-18,1,3,Lasagna Bolognese,18,16.0
2025-08-18,1,4,Bruschetta,20,8.0
2025-08-18,1,5,Tiramisu,24,7.0
2025-08-18,1,6,Caesar Salad,21,10.0
2025-08-18,1,7,Minestrone Soup,19,9.0
2025-08-18,2,1,Margherita Pizza,24,12.0
2025-08-18,2,2,Pasta Alfredo,32,14.0
2025-08-18,2,3,Lasagna Bolognese,21,16.0
2025-08-18,2,4,Bruschetta,24,8.0
2025-08-18,2,5,Tiramisu,28,7.0
2025-08-18,2,6,Caesar Salad,17,10.0
2025-08-18,2,7,Minestrone Soup,22,9.0
2025-08-18,3,1,Margherita Pizza,25,12.0
2025-08-18,3,2,Pasta Alfredo,30,14.0
2025-08-18,3,3,Lasagna Bolognese,24,16.0
2025-08-18,3,4,Bruschetta,26,8.0
2025-08-18,3,5,Tiramisu,34,7.0
2025-08-18,3,6,Caesar Salad,26,10.0
2025-08-18,3,7,Minestrone Soup,28,9.0
2025-08-18,4,1,Margherita Pizza,30,12.0
2025-08-18,4,2,Pasta Alfredo,28,14.0
2025-08-18,4,3,Lasagna Bolognese,19,16.0
2025-08-18,4,4,Bruschetta,28,8.0
2025-08-18,4,5,Tiramisu,27,7.0
2025-08-18,4,6,Caesar Salad,21,10.0
2025-08-18,4,7,Minestrone Soup,29,9.0
2025-08-18,5,1,Margherita Pizza,32,12.0
2025-08-18,5,2,Pasta Alfredo,32,14.0
2025-08-18,5,3,Lasagna Bolognese,21,16.0
2025-08-18,5,4,Bruschetta,29,8.0
2025-08-18,5,5,Tiramisu,29,7.0
2025-08-18,5,6,Caesar Salad,23,10.0
2025-08-18,5,7,Minestrone Soup,28,9.0
2025-08-19,1,1,Margherita Pizza,27,12.0
2025-08-19,1,2,Pasta Alfredo,32,14.0
2025-08-19,1,3,Lasagna Bolognese,20,16.0
2025-08-19,1,4,Bruschetta,25,8.0
2025-08-19,1,5,Tiramisu,29,7.0
2025-08-19,1,6,Caesar Salad,18,10.0
2025-08-19,1,7,Minestrone Soup,28,9.0
2025-08-19,2,1,Margherita Pizza,31,12.0
2025-08-19,2,2,Pasta Alfredo,36,14.0
2025-08-19,2,3,Lasagna Bolognese,23,16.0
2025-08-19,2,4,Bruschetta,26,8.0
2025-08-19,2,5,Tiramisu,35,7.0
2025-08-19,2,6,Caesar Salad,26,10.0
2025-08-19,2,7,Minestrone Soup,29,9.0
2025-08-19,3,1,Margherita Pizza,35,12.0
2025-08-19,3,2,Pasta Alfredo,35,14.0
2025-08-19,3,3,Lasagna Bolognese,24,16.0
2025-08-19,3,4,Bruschetta,29,8.0
2025-08-19,3,5,Tiramisu,30,7.0
2025-08-19,3,6,Caesar Salad,27,10.0
2025-08-19,3,7,Minestrone Soup,30,9.0
2025-08-19,4,1,Margherita Pizza,33,12.0
2025-08-19,4,2,Pasta Alfredo,42,14.0
2025-08-19,4,3,Lasagna Bolognese,25,16.0
2025-08-19,4,4,Bruschetta,24,8.0
2025-08-19,4,5,Tiramisu,38,7.0
2025-08-19,4,6,Caesar Salad,27,10.0
2025-08-19,4,7,Minestrone Soup,29,9.0
2025-08-19,5,1,Margherita Pizza,34,12.0
2025-08-19,5,2,Pasta Alfredo,41,14.0
2025-08-19,5,3,Lasagna Bolognese,24,16.0
2025-08-19,5,4,Bruschetta,32,8.0
2025-08-19,5,5,Tiramisu,43,7.0
2025-08-19,5,6,Caesar Salad,25,10.0
2025-08-19,5,7,Minestrone Soup,33,9.0
2025-08-20,1,1,Margherita Pizza,19,12.0
2025-08-20,1,2,Pasta Alfredo,27,14.0
2025-08-20,1,3,Lasagna Bolognese,23,16.0
2025-08-20,1,4,Bruschetta,31,8.0
2025-08-20,1,5,Tiramisu,28,7.0
2025-08-20,1,6,Caesar Salad,23,10.0
2025-08-20,1,7,Minestrone Soup,26,9.0
2025-08-20,2,1,Margherita Pizza,31,12.0
2025-08-20,2,2,Pasta Alfredo,30,14.0
2025-08-20,2,3,Lasagna Bolognese,25,16.0
2025-08-20,2,4,Bruschetta,27,8.0
2025-08-20,2,5,Tiramisu,34,7.0
2025-08-20,2,6,Caesar Salad,24,10.0
2025-08-20,2,7,Minestrone Soup,28,9.0
2025-08-20,3,1,Margherita Pizza,31,12.0
2025-08-20,3,2,Pasta Alfredo,35,14.0
2025-08-20,3,3,Lasagna Bolognese,25,16.0
2025-08-20,3,4,Bruschetta,29,8.0
2025-08-20,3,5,Tiramisu,35,7.0
2025-08-20,3,6,Caesar Salad,26,10.0
2025-08-20,3,7,Minestrone Soup,27,9.0
2025-08-20,4,1,Margherita Pizza,30,12.0
2025-08-20,4,2,Pasta Alfredo,33,14.0
2025-08-20,4,3,Lasagna Bolognese,26,16.0
2025-08-20,4,4,Bruschetta,30,8.0
2025-08-20,4,5,Tiramisu,39,7.0
2025-08-20,4,6,Caesar Salad,28,10.0
2025-08-20,4,7,Minestrone Soup,29,9.0
2025-08-20,5,1,Margherita Pizza,33,12.0
2025-08-20,5,2,Pasta Alfredo,40,14.0
2025-08-20,5,3,Lasagna Bolognese,27,16.0
2025-08-20,5,4,Bruschetta,31,8.0
2025-08-20,5,5,Tiramisu,35,7.0
2025-08-20,5,6,Caesar Salad,30,10.0
2025-08-20,5,7,Minestrone Soup,35,9.0
2025-08-21,1,1,Margherita Pizza,26,12.0
2025-08-21,1,2,Pasta Alfredo,34,14.0
2025-08-21,1,3,Lasagna Bolognese,14,16.0
2025-08-21,1,4,Bruschetta,31,8.0
2025-08-21,1,5,Tiramisu,31,7.0
2025-08-21,1,6,Caesar Salad,23,10.0
2025-08-21,1,7,Minestrone Soup,26,9.0
2025-08-21,2,1,Margherita Pizza,33,12.0
2025-08-21,2,2,Pasta Alfredo,30,14.0
2025-08-21,2,3,Lasagna Bolognese,28,16.0
2025-08-21,2,4,Bruschetta,30,8.0
2025-08-21,2,5,Tiramisu,35,7.0
2025-08-21,2,6,Caesar Salad,23,10.0
2025-08-21,2,7,Minestrone Soup,25,9.0
2025-08-21,3,1,Margherita Pizza,33,12.0
2025-08-21,3,2,Pasta Alfredo,36,14.0
2025-08-21,3,3,Lasagna Bolognese,29,16.0
2025-08-21,3,4,Bruschetta,29,8.0
2025-08-21,3,5,Tiramisu,34,7.0
2025-08-21,3,6,Caesar Salad,29,10.0
2025-08-21,3,7,Minestrone Soup,36,9.0
2025-08-21,4,1,Margherita Pizza,31,12.0
2025-08-21,4,2,Pasta Alfredo,34,14.0
2025-08-21,4,3,Lasagna Bolognese,29,16.0
2025-08-21,4,4,Bruschetta,31,8.0
2025-08-21,4,5,Tiramisu,38,7.0
2025-08-21,4,6,Caesar Salad,25,10.0
2025-08-21,4,7,Minestrone Soup,36,9.0
2025-08-21,5,1,Margherita Pizza,31,12.0
2025-08-21,5,2,Pasta Alfredo,40,14.0
2025-08-21,5,3,Lasagna Bolognese,26,16.0
2025-08-21,5,4,Bruschetta,32,8.0
2025-08-21,5,5,Tiramisu,37,7.0
2025-08-21,5,6,Caesar Salad,30,10.0
2025-08-21,5,7,Minestrone Soup,36,9.0
2025-08-22,1,1,Margherita Pizza,38,12.0
2025-08-22,1,2,Pasta Alfredo,42,14.0
2025-08-22,1,3,Lasagna Bolognese,31,16.0
2025-08-22,1,4,Bruschetta,39,8.0
2025-08-22,1,5,Tiramisu,45,7.0
2025-08-22,1,6,Caesar Salad,22,10.0
2025-08-22,1,7,Minestrone Soup,36,9.0
2025-08-22,2,1,Margherita Pizza,38,12.0
2025-08-22,2,2,Pasta Alfredo,47,14.0
2025-08-22,2,3,Lasagna Bolognese,32,16.0
2025-08-22,2,4,Bruschetta,41,8.0
2025-08-22,2,5,Tiramisu,42,7.0
2025-08-22,2,6,Caesar Salad,33,10.0
2025-08-22,2,7,Minestrone Soup,41,9.0
2025-08-22,3,1,Margherita Pizza,36,12.0
2025-08-22,3,2,Pasta Alfredo,55,14.0
2025-08-22,3,3,Lasagna Bolognese,37,16.0
2025-08-22,3,4,Bruschetta,40,8.0
2025-08-22,3,5,Tiramisu,45,7.0
2025-08-22,3,6,Caesar Salad,33,10.0
2025-08-22,3,7,Minestrone Soup,41,9.0
2025-08-22,4,1,Margherita Pizza,44,12.0
2025-08-22,4,2,Pasta Alfredo,54,14.0
2025-08-22,4,3,Lasagna Bolognese,34,16.0
2025-08-22,4,4,Bruschetta,44,8.0
2025-08-22,4,5,Tiramisu,45,7.0
2025-08-22,4,6,Caesar Salad,34,10.0
2025-08-22,4,7,Minestrone Soup,43,9.0
2025-08-22,5,1,Margherita Pizza,46,12.0
2025-08-22,5,2,Pasta Alfredo,49,14.0
2025-08-22,5,3,Lasagna Bolognese,36,16.0
2025-08-22,5,4,Bruschetta,49,8.0
2025-08-22,5,5,Tiramisu,55,7.0
2025-08-22,5,6,Caesar Salad,37,10.0
2025-08-22,5,7,Minestrone Soup,38,9.0
2025-08-23,1,1,Margherita Pizza,44,12.0
2025-08-23,1,2,Pasta Alfredo,43,14.0
2025-08-23,1,3,Lasagna Bolognese,30,16.0
2025-08-23,1,4,Bruschetta,35,8.0
2025-08-23,1,5,Tiramisu,44,7.0
2025-08-23,1,6,Caesar Salad,32,10.0
2025-08-23,1,7,Minestrone Soup,39,9.0
2025-08-23,2,1,Margherita Pizza,36,12.0
2025-08-23,2,2,Pasta Alfredo,44,14.0
2025-08-23,2,3,Lasagna Bolognese,38,16.0
2025-08-23,2,4,Bruschetta,39,8.0
2025-08-23,2,5,Tiramisu,44,7.0
2025-08-23,2,6,Caesar Salad,29,10.0
2025-08-23,2,7,Minestrone Soup,40,9.0
2025-08-23,3,1,Margherita Pizza,43,12.0
2025-08-23,3,2,Pasta Alfredo,50,14.0
2025-08-23,3,3,Lasagna Bolognese,33,16.0
2025-08-23,3,4,Bruschetta,41,8.0
2025-08-23,3,5,Tiramisu,52,7.0
2025-08-23,3,6,Caesar Salad,37,10.0
2025-08-23,3,7,Minestrone Soup,38,9.0
2025-08-23,4,1,Margherita Pizza,35,12.0
2025-08-23,4,2,Pasta Alfredo,50,14.0
2025-08-23,4,3,Lasagna Bolognese,38,16.0
2025-08-23,4,4,Bruschetta,39,8.0
2025-08-23,4,5,Tiramisu,49,7.0
2025-08-23,4,6,Caesar Salad,34,10.0
2025-08-23,4,7,Minestrone Soup,43,9.0
2025-08-23,5,1,Margherita Pizza,43,12.0
2025-08-23,5,2,Pasta Alfredo,55,14.0
2025-08-23,5,3,Lasagna Bolognese,37,16.0
2025-08-23,5,4,Bruschetta,42,8.0
2025-08-23,5,5,Tiramisu,54,7.0
2025-08-23,5,6,Caesar Salad,33,10.0
2025-08-23,5,7,Minestrone Soup,48,9.0
2025-08-24,1,1,Margherita Pizza,34,12.0
2025-08-24,1,2,Pasta Alfredo,40,14.0
2025-08-24,1,3,Lasagna Bolognese,25,16.0
2025-08-24,1,4,Bruschetta,30,8.0
2025-08-24,1,5,Tiramisu,37,7.0
2025-08-24,1,6,Caesar Salad,26,10.0
2025-08-24,1,7,Minestrone Soup,29,9.0
2025-08-24,2,1,Margherita Pizza,31,12.0
2025-08-24,2,2,Pasta Alfredo,37,14.0
2025-08-24,2,3,Lasagna Bolognese,24,16.0
2025-08-24,2,4,Bruschetta,35,8.0
2025-08-24,2,5,Tiramisu,38,7.0
2025-08-24,2,6,Caesar Salad,26,10.0
2025-08-24,2,7,Minestrone Soup,29,9.0
2025-08-24,3,1,Margherita Pizza,31,12.0
2025-08-24,3,2,Pasta Alfredo,46,14.0
2025-08-24,3,3,Lasagna Bolognese,27,16.0
2025-08-24,3,4,Bruschetta,36,8.0
2025-08-24,3,5,Tiramisu,41,7.0
2025-08-24,3,6,Caesar Salad,20,10.0
2025-08-24,3,7,Minestrone Soup,40,9.0
2025-08-24,4,1,Margherita Pizza,38,12.0
2025-08-24,4,2,Pasta Alfredo,40,14.0
2025-08-24,4,3,Lasagna Bolognese,30,16.0
2025-08-24,4,4,Bruschetta,33,8.0
2025-08-24,4,5,Tiramisu,48,7.0
2025-08-24,4,6,Caesar Salad,27,10.0
2025-08-24,4,7,Minestrone Soup,34,9.0
2025-08-24,5,1,Margherita Pizza,36,12.0
2025-08-24,5,2,Pasta Alfredo,44,14.0
2025-08-24,5,3,Lasagna Bolognese,36,16.0
2025-08-24,5,4,Bruschetta,43,8.0
2025-08-24,5,5,Tiramisu,43,7.0
2025-08-24,5,6,Caesar Salad,33,10.0
2025-08-24,5,7,Minestrone Soup,38,9.0
2025-08-25,1,1,Margherita Pizza,20,12.0
2025-08-25,1,2,Pasta Alfredo,34,14.0
2025-08-25,1,3,Lasagna Bolognese,23,16.0
2025-08-25,1,4,Bruschetta,24,8.0
2025-08-25,1,5,Tiramisu,32,7.0
2025-08-25,1,6,Caesar Salad,23,10.0
2025-08-25,1,7,Minestrone Soup,23,9.0
2025-08-25,2,1,Margherita Pizza,25,12.0
2025-08-25,2,2,Pasta Alfredo,33,14.0
2025-08-25,2,3,Lasagna Bolognese,17,16.0
2025-08-25,2,4,Bruschetta,29,8.0
2025-08-25,2,5,Tiramisu,28,7.0
2025-08-25,2,6,Caesar Salad,25,10.0
2025-08-25,2,7,Minestrone Soup,24,9.0
2025-08-25,3,1,Margherita Pizza,26,12.0
2025-08-25,3,2,Pasta Alfredo,30,14.0
2025-08-25,3,3,Lasagna Bolognese,20,16.0
2025-08-25,3,4,Bruschetta,25,8.0
2025-08-25,3,5,Tiramisu,34,7.0
2025-08-25,3,6,Caesar Salad,14,10.0
2025-08-25,3,7,Minestrone Soup,22,9.0
2025-08-25,4,1,Margherita Pizza,24,12.0
2025-08-25,4,2,Pasta Alfredo,28,14.0
2025-08-25,4,3,Lasagna Bolognese,27,16.0
2025-08-25,4,4,Bruschetta,30,8.0
2025-08-25,4,5,Tiramisu,33,7.0
2025-08-25,4,6,Caesar Salad,20,10.0
2025-08-25,4,7,Minestrone Soup,31,9.0
2025-08-25,5,1,Margherita Pizza,23,12.0
2025-08-25,5,2,Pasta Alfredo,39,14.0
2025-08-25,5,3,Lasagna Bolognese,21,16.0
2025-08-25,5,4,Bruschetta,27,8.0
2025-08-25,5,5,Tiramisu,31,7.0
2025-08-25,5,6,Caesar Salad,20,10.0
2025-08-25,5,7,Minestrone Soup,34,9.0
2025-08-26,1,1,Margherita Pizza,29,12.0
2025-08-26,1,2,Pasta Alfredo,35,14.0
2025-08-26,1,3,Lasagna Bolognese,19,16.0
2025-08-26,1,4,Bruschetta,28,8.0
2025-08-26,1,5,Tiramisu,33,7.0
2025-08-26,1,6,Caesar Salad,23,10.0
2025-08-26,1,7,Minestrone Soup,24,9.0
2025-08-26,2,1,Margherita Pizza,32,12.0
2025-08-26,2,2,Pasta Alfredo,34,14.0
2025-08-26,2,3,Lasagna Bolognese,21,16.0
2025-08-26,2,4,Bruschetta,23,8.0
2025-08-26,2,5,Tiramisu,35,7.0
2025-08-26,2,6,Caesar Salad,31,10.0
2025-08-26,2,7,Minestrone Soup,25,9.0
2025-08-26,3,1,Margherita Pizza,30,12.0
2025-08-26,3,2,Pasta Alfredo,38,14.0
2025-08-26,3,3,Lasagna Bolognese,21,16.0
2025-08-26,3,4,Bruschetta,28,8.0
2025-08-26,3,5,Tiramisu,32,7.0
2025-08-26,3,6,Caesar Salad,28,10.0
2025-08-26,3,7,Minestrone Soup,34,9.0
2025-08-26,4,1,Margherita Pizza,32,12.0
2025-08-26,4,2,Pasta Alfredo,34,14.0
2025-08-26,4,3,Lasagna Bolognese,25,16.0
2025-08-26,4,4,Bruschetta,29,8.0
2025-08-26,4,5,Tiramisu,34,7.0
2025-08-26,4,6,Caesar Salad,26,10.0
2025-08-26,4,7,Minestrone Soup,33,9.0
2025-08-26,5,1,Margherita Pizza,34,12.0
2025-08-26,5,2,Pasta Alfredo,38,14.0
2025-08-26,5,3,Lasagna Bolognese,27,16.0
2025-08-26,5,4,Bruschetta,33,8.0
2025-08-26,5,5,Tiramisu,34,7.0
2025-08-26,5,6,Caesar Salad,28,10.0
2025-08-26,5,7,Minestrone Soup,31,9.0
2025-08-27,1,1,Margherita Pizza,23,12.0
2025-08-27,1,2,Pasta Alfredo,33,14.0
2025-08-27,1,3,Lasagna Bolognese,21,16.0
2025-08-27,1,4,Bruschetta,28,8.0
2025-08-27,1,5,Tiramisu,34,7.0
2025-08-27,1,6,Caesar Salad,20,10.0
2025-08-27,1,7,Minestrone Soup,27,9.0
2025-08-27,2,1,Margherita Pizza,23,12.0
2025-08-27,2,2,Pasta Alfredo,38,14.0
2025-08-27,2,3,Lasagna Bolognese,20,16.0
2025-08-27,2,4,Bruschetta,27,8.0
2025-08-27,2,5,Tiramisu,37,7.0
2025-08-27,2,6,Caesar Salad,23,10.0
2025-08-27,2,7,Minestrone Soup,25,9.0
2025-08-27,3,1,Margherita Pizza,32,12.0
2025-08-27,3,2,Pasta Alfredo,37,14.0
2025-08-27,3,3,Lasagna Bolognese,23,16.0
2025-08-27,3,4,Bruschetta,28,8.0
2025-08-27,3,5,Tiramisu,34,7.0
2025-08-27,3,6,Caesar Salad,24,10.0
2025-08-27,3,7,Minestrone Soup,24,9.0
2025-08-27,4,1,Margherita Pizza,31,12.0
2025-08-27,4,2,Pasta Alfredo,42,14.0
2025-08-27,4,3,Lasagna Bolognese,23,16.0
2025-08-27,4,4,Bruschetta,30,8.0
2025-08-27,4,5,Tiramisu,33,7.0
2025-08-27,4,6,Caesar Salad,28,10.0
2025-08-27,4,7,Minestrone Soup,35,9.0
2025-08-27,5,1,Margherita Pizza,36,12.0
2025-08-27,5,2,Pasta Alfredo,34,14.0
2025-08-27,5,3,Lasagna Bolognese,29,16.0
2025-08-27,5,4,Bruschetta,37,8.0
2025-08-27,5,5,Tiramisu,40,7.0
2025-08-27,5,6,Caesar Salad,29,10.0
2025-08-27,5,7,Minestrone Soup,31,9.0
2025-08-28,1,1,Margherita Pizza,28,12.0
2025-08-28,1,2,Pasta Alfredo,35,14.0
2025-08-28,1,3,Lasagna Bolognese,24,16.0
2025-08-28,1,4,Bruschetta,23,8.0
2025-08-28,1,5,Tiramisu,30,7.0
2025-08-28,1,6,Caesar Salad,26,10.0
2025-08-28,1,7,Minestrone Soup,28,9.0
2025-08-28,2,1,Margherita Pizza,29,12.0
2025-08-28,2,2,Pasta Alfredo,32,14.0
2025-08-28,2,3,Lasagna Bolognese,27,16.0
2025-08-28,2,4,Bruschetta,33,8.0
2025-08-28,2,5,Tiramisu,37,7.0
2025-08-28,2,6,Caesar Salad,28,10.0
2025-08-28,2,7,Minestrone Soup,27,9.0
2025-08-28,3,1,Margherita Pizza,28,12.0
2025-08-28,3,2,Pasta Alfredo,34,14.0
2025-08-28,3,3,Lasagna Bolognese,25,16.0
2025-08-28,3,4,Bruschetta,34,8.0
2025-08-28,3,5,Tiramisu,38,7.0
2025-08-28,3,6,Caesar Salad,27,10.0
2025-08-28,3,7,Minestrone Soup,26,9.0
2025-08-28,4,1,Margherita Pizza,26,12.0
2025-08-28,4,2,Pasta Alfredo,37,14.0
2025-08-28,4,3,Lasagna Bolognese,29,16.0
2025-08-28,4,4,Bruschetta,31,8.0
2025-08-28,4,5,Tiramisu,42,7.0
2025-08-28,4,6,Caesar Salad,23,10.0
2025-08-28,4,7,Minestrone Soup,28,9.0
2025-08-28,5,1,Margherita Pizza,31,12.0
2025-08-28,5,2,Pasta Alfredo,36,14.0
2025-08-28,5,3,Lasagna Bolognese,29,16.0
2025-08-28,5,4,Bruschetta,32,8.0
2025-08-28,5,5,Tiramisu,34,7.0
2025-08-28,5,6,Caesar Salad,30,10.0
2025-08-28,5,7,Minestrone Soup,27,9.0
2025-08-29,1,1,Margherita Pizza,33,12.0
2025-08-29,1,2,Pasta Alfredo,38,14.0
2025-08-29,1,3,Lasagna Bolognese,31,16.0
2025-08-29,1,4,Bruschetta,37,8.0
2025-08-29,1,5,Tiramisu,48,7.0
2025-08-29,1,6,Caesar Salad,33,10.0
2025-08-29,1,7,Minestrone Soup,41,9.0
2025-08-29,2,1,Margherita Pizza,39,12.0
2025-08-29,2,2,Pasta Alfredo,42,14.0
2025-08-29,2,3,Lasagna Bolognese,32,16.0
2025-08-29,2,4,Bruschetta,40,8.0
2025-08-29,2,5,Tiramisu,47,7.0
2025-08-29,2,6,Caesar Salad,31,10.0
2025-08-29,2,7,Minestrone Soup,40,9.0
2025-08-29,3,1,Margherita Pizza,38,12.0
2025-08-29,3,2,Pasta Alfredo,44,14.0
2025-08-29,3,3,Lasagna Bolognese,30,16.0
2025-08-29,3,4,Bruschetta,40,8.0
2025-08-29,3,5,Tiramisu,44,7.0
2025-08-29,3,6,Caesar Salad,32,10.0
2025-08-29,3,7,Minestrone Soup,43,9.0
2025-08-29,4,1,Margherita Pizza,39,12.0
2025-08-29,4,2,Pasta Alfredo,48,14.0
2025-08-29,4,3,Lasagna Bolognese,35,16.0
2025-08-29,4,4,Bruschetta,43,8.0
2025-08-29,4,5,Tiramisu,48,7.0
2025-08-29,4,6,Caesar Salad,38,10.0
2025-08-29,4,7,Minestrone Soup,44,9.0
2025-08-29,5,1,Margherita Pizza,48,12.0
2025-08-29,5,2,Pasta Alfredo,51,14.0
2025-08-29,5,3,Lasagna Bolognese,35,16.0
2025-08-29,5,4,Bruschetta,42,8.0
2025-08-29,5,5,Tiramisu,53,7.0
2025-08-29,5,6,Caesar Salad,36,10.0
2025-08-29,5,7,Minestrone Soup,43,9.0
2025-08-30,1,1,Margherita Pizza,35,12.0
2025-08-30,1,2,Pasta Alfredo,41,14.0
2025-08-30,1,3,Lasagna Bolognese,31,16.0
2025-08-30,1,4,Bruschetta,32,8.0
2025-08-30,1,5,Tiramisu,44,7.0
2025-08-30,1,6,Caesar Salad,32,10.0
2025-08-30,1,7,Minestrone Soup,35,9.0
2025-08-30,2,1,Margherita Pizza,44,12.0
2025-08-30,2,2,Pasta Alfredo,45,14.0
2025-08-30,2,3,Lasagna Bolognese,27,16.0
2025-08-30,2,4,Bruschetta,38,8.0
2025-08-30,2,5,Tiramisu,45,7.0
2025-08-30,2,6,Caesar Salad,33,10.0
2025-08-30,2,7,Minestrone Soup,38,9.0
2025-08-30,3,1,Margherita Pizza,37,12.0
2025-08-30,3,2,Pasta Alfredo,44,14.0
2025-08-30,3,3,Lasagna Bolognese,32,16.0
2025-08-30,3,4,Bruschetta,39,8.0
2025-08-30,3,5,Tiramisu,44,7.0
2025-08-30,3,6,Caesar Salad,31,10.0
2025-08-30,3,7,Minestrone Soup,42,9.0
2025-08-30,4,1,Margherita Pizza,47,12.0
2025-08-30,4,2,Pasta Alfredo,52,14.0
2025-08-30,4,3,Lasagna Bolognese,39,16.0
2025-08-30,4,4,Bruschetta,45,8.0
2025-08-30,4,5,Tiramisu,52,7.0
2025-08-30,4,6,Caesar Salad,34,10.0
2025-08-30,4,7,Minestrone Soup,43,9.0
2025-08-30,5,1,Margherita Pizza,43,12.0
2025-08-30,5,2,Pasta Alfredo,51,14.0
2025-08-30,5,3,Lasagna Bolognese,37,16.0
2025-08-30,5,4,Bruschetta,46,8.0
2025-08-30,5,5,Tiramisu,53,7.0
2025-08-30,5,6,Caesar Salad,36,10.0
2025-08-30,5,7,Minestrone Soup,44,9.0
2025-08-31,1,1,Margherita Pizza,32,12.0
2025-08-31,1,2,Pasta Alfredo,38,14.0
2025-08-31,1,3,Lasagna Bolognese,21,16.0
2025-08-31,1,4,Bruschetta,28,8.0
2025-08-31,1,5,Tiramisu,40,7.0
2025-08-31,1,6,Caesar Salad,26,10.0
2025-08-31,1,7,Minestrone Soup,30,9.0
2025-08-31,2,1,Margherita Pizza,32,12.0
2025-08-31,2,2,Pasta Alfredo,37,14.0
2025-08-31,2,3,Lasagna Bolognese,29,16.0
2025-08-31,2,4,Bruschetta,29,8.0
2025-08-31,2,5,Tiramisu,38,7.0
2025-08-31,2,6,Caesar Salad,28,10.0
2025-08-31,2,7,Minestrone Soup,34,9.0
2025-08-31,3,1,Margherita Pizza,35,12.0
2025-08-31,3,2,Pasta Alfredo,42,14.0
2025-08-31,3,3,Lasagna Bolognese,27,16.0
2025-08-31,3,4,Bruschetta,32,8.0
2025-08-31,3,5,Tiramisu,48,7.0
2025-08-31,3,6,Caesar Salad,28,10.0
2025-08-31,3,7,Minestrone Soup,34,9.0
2025-08-31,4,1,Margherita Pizza,38,12.0
2025-08-31,4,2,Pasta Alfredo,47,14.0
2025-08-31,4,3,Lasagna Bolognese,28,16.0
2025-08-31,4,4,Bruschetta,33,8.0
2025-08-31,4,5,Tiramisu,38,7.0
2025-08-31,4,6,Caesar Salad,35,10.0
2025-08-31,4,7,Minestrone Soup,33,9.0
2025-08-31,5,1,Margherita Pizza,38,12.0
2025-08-31,5,2,Pasta Alfredo,41,14.0
2025-08-31,5,3,Lasagna Bolognese,27,16.0
2025-08-31,5,4,Bruschetta,37,8.0
2025-08-31,5,5,Tiramisu,41,7.0
2025-08-31,5,6,Caesar Salad,29,10.0
2025-08-31,5,7,Minestrone Soup,44,9.0
2025-09-01,1,1,Margherita Pizza,23,12.0
2025-09-01,1,2,Pasta Alfredo,29,14.0
2025-09-01,1,3,Lasagna Bolognese,21,16.0
2025-09-01,1,4,Bruschetta,22,8.0
2025-09-01,1,5,Tiramisu,24,7.0
2025-09-01,1,6,Caesar Salad,19,10.0
2025-09-01,1,7,Minestrone Soup,23,9.0
2025-09-01,2,1,Margherita Pizza,22,12.0
2025-09-01,2,2,Pasta Alfredo,28,14.0
2025-09-01,2,3,Lasagna Bolognese,17,16.0
2025-09-01,2,4,Bruschetta,23,8.0
2025-09-01,2,5,Tiramisu,26,7.0
2025-09-01,2,6,Caesar Salad,16,10.0
2025-09-01,2,7,Minestrone Soup,16,9.0
2025-09-01,3,1,Margherita Pizza,22,12.0
2025-09-01,3,2,Pasta Alfredo,34,14.0
2025-09-01,3,3,Lasagna Bolognese,19,16.0
2025-09-01,3,4,Bruschetta,27,8.0
2025-09-01,3,5,Tiramisu,22,7.0
2025-09-01,3,6,Caesar Salad,17,10.0
2025-09-01,3,7,Minestrone Soup,20,9.0
2025-09-01,4,1,Margherita Pizza,25,12.0
2025-09-01,4,2,Pasta Alfredo,37,14.0
2025-09-01,4,3,Lasagna Bolognese,23,16.0
2025-09-01,4,4,Bruschetta,31,8.0
2025-09-01,4,5,Tiramisu,29,7.0
2025-09-01,4,6,Caesar Salad,25,10.0
2025-09-01,4,7,Minestrone Soup,32,9.0
2025-09-01,5,1,Margherita Pizza,26,12.0
2025-09-01,5,2,Pasta Alfredo,30,14.0
2025-09-01,5,3,Lasagna Bolognese,18,16.0
2025-09-01,5,4,Bruschetta,26,8.0
2025-09-01,5,5,Tiramisu,31,7.0
2025-09-01,5,6,Caesar Salad,28,10.0
2025-09-01,5,7,Minestrone Soup,23,9.0
2025-09-02,1,1,Margherita Pizza,26,12.0
2025-09-02,1,2,Pasta Alfredo,25,14.0
2025-09-02,1,3,Lasagna Bolognese,20,16.0
2025-09-02,1,4,Bruschetta,27,8.0
2025-09-02,1,5,Tiramisu,32,7.0
2025-09-02,1,6,Caesar Salad,23,10.0
2025-09-02,1,7,Minestrone Soup,27,9.0
2025-09-02,2,1,Margherita Pizza,29,12.0
2025-09-02,2,2,Pasta Alfredo,32,14.0
2025-09-02,2,3,Lasagna Bolognese,20,16.0
2025-09-02,2,4,Bruschetta,22,8.0
2025-09-02,2,5,Tiramisu,30,7.0
2025-09-02,2,6,Caesar Salad,22,10.0
2025-09-02,2,7,Minestrone Soup,31,9.0
2025-09-02,3,1,Margherita Pizza,28,12.0
2025-09-02,3,2,Pasta Alfredo,33,14.0
2025-09-02,3,3,Lasagna Bolognese,25,16.0
2025-09-02,3,4,Bruschetta,28,8.0
2025-09-02,3,5,Tiramisu,36,7.0
2025-09-02,3,6,Caesar Salad,30,10.0
2025-09-02,3,7,Minestrone Soup,35,9.0
2025-09-02,4,1,Margherita Pizza,30,12.0
2025-09-02,4,2,Pasta Alfredo,36,14.0
2025-09-02,4,3,Lasagna Bolognese,30,16.0
2025-09-02,4,4,Bruschetta,30,8.0
2025-09-02,4,5,Tiramisu,37,7.0
2025-09-02,4,6,Caesar Salad,22,10.0
2025-09-02,4,7,Minestrone Soup,29,9.0
2025-09-02,5,1,Margherita Pizza,35,12.0
2025-09-02,5,2,Pasta Alfredo,35,14.0
2025-09-02,5,3,Lasagna Bolognese,26,16.0
2025-09-02,5,4,Bruschetta,27,8.0
2025-09-02,5,5,Tiramisu,43,7.0
2025-09-02,5,6,Caesar Salad,30,10.0
2025-09-02,5,7,Minestrone Soup,32,9.0
2025-09-03,1,1,Margherita Pizza,28,12.0
2025-09-03,1,2,Pasta Alfredo,32,14.0
2025-09-03,1,3,Lasagna Bolognese,26,16.0
2025-09-03,1,4,Bruschetta,24,8.0
2025-09-03,1,5,Tiramisu,33,7.0
2025-09-03,1,6,Caesar Salad,25,10.0
2025-09-03,1,7,Minestrone Soup,30,9.0
2025-09-03,2,1,Margherita Pizza,21,12.0
2025-09-03,2,2,Pasta Alfredo,30,14.0
2025-09-03,2,3,Lasagna Bolognese,20,16.0
2025-09-03,2,4,Bruschetta,28,8.0
2025-09-03,2,5,Tiramisu,26,7.0
2025-09-03,2,6,Caesar Salad,17,10.0
2025-09-03,2,7,Minestrone Soup,34,9.0
2025-09-03,3,1,Margherita Pizza,31,12.0
2025-09-03,3,2,Pasta Alfredo,34,14.0
2025-09-03,3,3,Lasagna Bolognese,25,16.0
2025-09-03,3,4,Bruschetta,29,8.0
2025-09-03,3,5,Tiramisu,37,7.0
2025-09-03,3,6,Caesar Salad,22,10.0
2025-09-03,3,7,Minestrone Soup,29,9.0
2025-09-03,4,1,Margherita Pizza,31,12.0
2025-09-03,4,2,Pasta Alfredo,32,14.0
2025-09-03,4,3,Lasagna Bolognese,29,16.0
2025-09-03,4,4,Bruschetta,29,8.0
2025-09-03,4,5,Tiramisu,38,7.0
2025-09-03,4,6,Caesar Salad,25,10.0
2025-09-03,4,7,Minestrone Soup,35,9.0
2025-09-03,5,1,Margherita Pizza,28,12.0
2025-09-03,5,2,Pasta Alfredo,34,14.0
2025-09-03,5,3,Lasagna Bolognese,24,16.0
2025-09-03,5,4,Bruschetta,32,8.0
2025-09-03,5,5,Tiramisu,41,7.0
2025-09-03,5,6,Caesar Salad,31,10.0
2025-09-03,5,7,Minestrone Soup,25,9.0
2025-09-04,1,1,Margherita Pizza,27,12.0
2025-09-04,1,2,Pasta Alfredo,21,14.0
2025-09-04,1,3,Lasagna Bolognese,24,16.0
2025-09-04,1,4,Bruschetta,29,8.0
2025-09-04,1,5,Tiramisu,30,7.0
2025-09-04,1,6,Caesar Salad,22,10.0
2025-09-04,1,7,Minestrone Soup,26,9.0
2025-09-04,2,1,Margherita Pizza,25,12.0
2025-09-04,2,2,Pasta Alfredo,33,14.0
2025-09-04,2,3,Lasagna Bolognese,22,16.0
2025-09-04,2,4,Bruschetta,30,8.0
2025-09-04,2,5,Tiramisu,32,7.0
2025-09-04,2,6,Caesar Salad,20,10.0
2025-09-04,2,7,Minestrone Soup,23,9.0
2025-09-04,3,1,Margherita Pizza,23,12.0
2025-09-04,3,2,Pasta Alfredo,38,14.0
2025-09-04,3,3,Lasagna Bolognese,23,16.0
2025-09-04,3,4,Bruschetta,30,8.0
2025-09-04,3,5,Tiramisu,39,7.0
2025-09-04,3,6,Caesar Salad,22,10.0
2025-09-04,3,7,Minestrone Soup,27,9.0
2025-09-04,4,1,Margherita Pizza,30,12.0
2025-09-04,4,2,Pasta Alfredo,35,14.0
2025-09-04,4,3,Lasagna Bolognese,31,16.0
2025-09-04,4,4,Bruschetta,35,8.0
2025-09-04,4,5,Tiramisu,37,7.0
2025-09-04,4,6,Caesar Salad,29,10.0
2025-09-04,4,7,Minestrone Soup,30,9.0
2025-09-04,5,1,Margherita Pizza,32,12.0
2025-09-04,5,2,Pasta Alfredo,36,14.0
2025-09-04,5,3,Lasagna Bolognese,22,16.0
2025-09-04,5,4,Bruschetta,35,8.0
2025-09-04,5,5,Tiramisu,38,7.0
2025-09-04,5,6,Caesar Salad,26,10.0
2025-09-04,5,7,Minestrone Soup,32,9.0
2025-09-05,1,1,Margherita Pizza,31,12.0
2025-09-05,1,2,Pasta Alfredo,38,14.0
2025-09-05,1,3,Lasagna Bolognese,30,16.0
2025-09-05,1,4,Bruschetta,34,8.0
2025-09-05,1,5,Tiramisu,40,7.0
2025-09-05,1,6,Caesar Salad,29,10.0
2025-09-05,1,7,Minestrone Soup,33,9.0
2025-09-05,2,1,Margherita Pizza,34,12.0
2025-09-05,2,2,Pasta Alfredo,38,14.0
2025-09-05,2,3,Lasagna Bolognese,30,16.0
2025-09-05,2,4,Bruschetta,39,8.0
2025-09-05,2,5,Tiramisu,38,7.0
2025-09-05,2,6,Caesar Salad,31,10.0
2025-09-05,2,7,Minestrone Soup,38,9.0
2025-09-05,3,1,Margherita Pizza,36,12.0
2025-09-05,3,2,Pasta Alfredo,50,14.0
2025-09-05,3,3,Lasagna Bolognese,31,16.0
2025-09-05,3,4,Bruschetta,39,8.0
2025-09-05,3,5,Tiramisu,45,7.0
2025-09-05,3,6,Caesar Salad,27,10.0
2025-09-05,3,7,Minestrone Soup,42,9.0
2025-09-05,4,1,Margherita Pizza,38,12.0
2025-09-05,4,2,Pasta Alfredo,47,14.0
2025-09-05,4,3,Lasagna Bolognese,36,16.0
2025-09-05,4,4,Bruschetta,45,8.0
2025-09-05,4,5,Tiramisu,44,7.0
2025-09-05,4,6,Caesar Salad,33,10.0
2025-09-05,4,7,Minestrone Soup,45,9.0
2025-09-05,5,1,Margherita Pizza,44,12.0
2025-09-05,5,2,Pasta Alfredo,52,14.0
2025-09-05,5,3,Lasagna Bolognese,32,16.0
2025-09-05,5,4,Bruschetta,41,8.0
2025-09-05,5,5,Tiramisu,49,7.0
2025-09-05,5,6,Caesar Salad,33,10.0
2025-09-05,5,7,Minestrone Soup,38,9.0
2025-09-06,1,1,Margherita Pizza,34,12.0
2025-09-06,1,2,Pasta Alfredo,45,14.0
2025-09-06,1,3,Lasagna Bolognese,29,16.0
2025-09-06,1,4,Bruschetta,39,8.0
2025-09-06,1,5,Tiramisu,42,7.0
2025-09-06,1,6,Caesar Salad,27,10.0
2025-09-06,1,7,Minestrone Soup,39,9.0
2025-09-06,2,1,Margherita Pizza,38,12.0
2025-09-06,2,2,Pasta Alfredo,46,14.0
2025-09-06,2,3,Lasagna Bolognese,28,16.0
2025-09-06,2,4,Bruschetta,40,8.0
2025-09-06,2,5,Tiramisu,46,7.0
2025-09-06,2,6,Caesar Salad,32,10.0
2025-09-06,2,7,Minestrone Soup,35,9.0
2025-09-06,3,1,Margherita Pizza,39,12.0
2025-09-06,3,2,Pasta Alfredo,47,14.0
2025-09-06,3,3,Lasagna Bolognese,33,16.0
2025-09-06,3,4,Bruschetta,41,8.0
2025-09-06,3,5,Tiramisu,48,7.0
2025-09-06,3,6,Caesar Salad,30,10.0
2025-09-06,3,7,Minestrone Soup,35,9.0
2025-09-06,4,1,Margherita Pizza,41,12.0
2025-09-06,4,2,Pasta Alfredo,46,14.0
2025-09-06,4,3,Lasagna Bolognese,36,16.0
2025-09-06,4,4,Bruschetta,37,8.0
2025-09-06,4,5,Tiramisu,51,7.0
2025-09-06,4,6,Caesar Salad,38,10.0
2025-09-06,4,7,Minestrone Soup,41,9.0
2025-09-06,5,1,Margherita Pizza,43,12.0
2025-09-06,5,2,Pasta Alfredo,47,14.0
2025-09-06,5,3,Lasagna Bolognese,34,16.0
2025-09-06,5,4,Bruschetta,41,8.0
2025-09-06,5,5,Tiramisu,54,7.0
2025-09-06,5,6,Caesar Salad,35,10.0
2025-09-06,5,7,Minestrone Soup,39,9.0
2025-09-07,1,1,Margherita Pizza,31,12.0
2025-09-07,1,2,Pasta Alfredo,37,14.0
2025-09-07,1,3,Lasagna Bolognese,25,16.0
2025-09-07,1,4,Bruschetta,34,8.0
2025-09-07,1,5,Tiramisu,37,7.0
2025-09-07,1,6,Caesar Salad,22,10.0
2025-09-07,1,7,Minestrone Soup,28,9.0
2025-09-07,2,1,Margherita Pizza,32,12.0
2025-09-07,2,2,Pasta Alfredo,32,14.0
2025-09-07,2,3,Lasagna Bolognese,27,16.0
2025-09-07,2,4,Bruschetta,26,8.0
2025-09-07,2,5,Tiramisu,40,7.0
2025-09-07,2,6,Caesar Salad,29,10.0
2025-09-07,2,7,Minestrone Soup,33,9.0
2025-09-07,3,1,Margherita Pizza,31,12.0
2025-09-07,3,2,Pasta Alfredo,39,14.0
2025-09-07,3,3,Lasagna Bolognese,26,16.0
2025-09-07,3,4,Bruschetta,30,8.0
2025-09-07,3,5,Tiramisu,38,7.0
2025-09-07,3,6,Caesar Salad,30,10.0
2025-09-07,3,7,Minestrone Soup,33,9.0
2025-09-07,4,1,Margherita Pizza,39,12.0
2025-09-07,4,2,Pasta Alfredo,43,14.0
2025-09-07,4,3,Lasagna Bolognese,31,16.0
2025-09-07,4,4,Bruschetta,30,8.0
2025-09-07,4,5,Tiramisu,40,7.0
2025-09-07,4,6,Caesar Salad,26,10.0
2025-09-07,4,7,Minestrone Soup,34,9.0
2025-09-07,5,1,Margherita Pizza,34,12.0
2025-09-07,5,2,Pasta Alfredo,41,14.0
2025-09-07,5,3,Lasagna Bolognese,33,16.0
2025-09-07,5,4,Bruschetta,38,8.0
2025-09-07,5,5,Tiramisu,45,7.0
2025-09-07,5,6,Caesar Salad,25,10.0
2025-09-07,5,7,Minestrone Soup,36,9.0
2025-09-08,1,1,Margherita Pizza,25,12.0
2025-09-08,1,2,Pasta Alfredo,30,14.0
2025-09-08,1,3,Lasagna Bolognese,14,16.0
2025-09-08,1,4,Bruschetta,21,8.0
2025-09-08,1,5,Tiramisu,29,7.0
2025-09-08,1,6,Caesar Salad,18,10.0
2025-09-08,1,7,Minestrone Soup,19,9.0
2025-09-08,2,1,Margherita Pizza,19,12.0
2025-09-08,2,2,Pasta Alfredo,24,14.0
2025-09-08,2,3,Lasagna Bolognese,14,16.0
2025-09-08,2,4,Bruschetta,23,8.0
2025-09-08,2,5,Tiramisu,30,7.0
2025-09-08,2,6,Caesar Salad,16,10.0
2025-09-08,2,7,Minestrone Soup,24,9.0
2025-09-08,3,1,Margherita Pizza,27,12.0
2025-09-08,3,2,Pasta Alfredo,29,14.0
2025-09-08,3,3,Lasagna Bolognese,16,16.0
2025-09-08,3,4,Bruschetta,26,8.0
2025-09-08,3,5,Tiramisu,28,7.0
2025-09-08,3,6,Caesar Salad,20,10.0
2025-09-08,3,7,Minestrone Soup,23,9.0
2025-09-08,4,1,Margherita Pizza,26,12.0
2025-09-08,4,2,Pasta Alfredo,31,14.0
2025-09-08,4,3,Lasagna Bolognese,29,16.0
2025-09-08,4,4,Bruschetta,26,8.0
2025-09-08,4,5,Tiramisu,34,7.0
2025-09-08,4,6,Caesar Salad,22,10.0
2025-09-08,4,7,Minestrone Soup,25,9.0
2025-09-08,5,1,Margherita Pizza,27,12.0
2025-09-08,5,2,Pasta Alfredo,28,14.0
2025-09-08,5,3,Lasagna Bolognese,23,16.0
2025-09-08,5,4,Bruschetta,21,8.0
2025-09-08,5,5,Tiramisu,29,7.0
2025-09-08,5,6,Caesar Salad,23,10.0
2025-09-08,5,7,Minestrone Soup,30,9.0
2025-09-09,1,1,Margherita Pizza,30,12.0
2025-09-09,1,2,Pasta Alfredo,30,14.0
2025-09-09,1,3,Lasagna Bolognese,22,16.0
2025-09-09,1,4,Bruschetta,29,8.0
2025-09-09,1,5,Tiramisu,26,7.0
2025-09-09,1,6,Caesar Salad,23,10.0
2025-09-09,1,7,Minestrone Soup,24,9.0
2025-09-09,2,1,Margherita Pizza,27,12.0
2025-09-09,2,2,Pasta Alfredo,31,14.0
2025-09-09,2,3,Lasagna Bolognese,24,16.0
2025-09-09,2,4,Bruschetta,29,8.0
2025-09-09,2,5,Tiramisu,35,7.0
2025-09-09,2,6,Caesar Salad,24,10.0
2025-09-09,2,7,Minestrone Soup,28,9.0
2025-09-09,3,1,Margherita Pizza,34,12.0
2025-09-09,3,2,Pasta Alfredo,29,14.0
2025-09-09,3,3,Lasagna Bolognese,29,16.0
2025-09-09,3,4,Bruschetta,28,8.0
2025-09-09,3,5,Tiramisu,35,7.0
2025-09-09,3,6,Caesar Salad,23,10.0
2025-09-09,3,7,Minestrone Soup,27,9.0
2025-09-09,4,1,Margherita Pizza,32,12.0
2025-09-09,4,2,Pasta Alfredo,38,14.0
2025-09-09,4,3,Lasagna Bolognese,27,16.0
2025-09-09,4,4,Bruschetta,29,8.0
2025-09-09,4,5,Tiramisu,46,7.0
2025-09-09,4,6,Caesar Salad,29,10.0
2025-09-09,4,7,Minestrone Soup,33,9.0
2025-09-09,5,1,Margherita Pizza,30,12.0
2025-09-09,5,2,Pasta Alfredo,35,14.0
2025-09-09,5,3,Lasagna Bolognese,25,16.0
2025-09-09,5,4,Bruschetta,35,8.0
2025-09-09,5,5,Tiramisu,34,7.0
2025-09-09,5,6,Caesar Salad,23,10.0
2025-09-09,5,7,Minestrone Soup,33,9.0
2025-09-10,1,1,Margherita Pizza,27,12.0
2025-09-10,1,2,Pasta Alfredo,28,14.0
2025-09-10,1,3,Lasagna Bolognese,18,16.0
2025-09-10,1,4,Bruschetta,30,8.0
2025-09-10,1,5,Tiramisu,31,7.0
2025-09-10,1,6,Caesar Salad,18,10.0
2025-09-10,1,7,Minestrone Soup,22,9.0
2025-09-10,2,1,Margherita Pizza,26,12.0
2025-09-10,2,2,Pasta Alfredo,34,14.0
2025-09-10,2,3,Lasagna Bolognese,25,16.0
2025-09-10,2,4,Bruschetta,31,8.0
2025-09-10,2,5,Tiramisu,27,7.0
2025-09-10,2,6,Caesar Salad,24,10.0
2025-09-10,2,7,Minestrone Soup,32,9.0
2025-09-10,3,1,Margherita Pizza,33,12.0
2025-09-10,3,2,Pasta Alfredo,35,14.0
2025-09-10,3,3,Lasagna Bolognese,31,16.0
2025-09-10,3,4,Bruschetta,31,8.0
2025-09-10,3,5,Tiramisu,37,7.0
2025-09-10,3,6,Caesar Salad,24,10.0
2025-09-10,3,7,Minestrone Soup,26,9.0
2025-09-10,4,1,Margherita Pizza,28,12.0
2025-09-10,4,2,Pasta Alfredo,36,14.0
2025-09-10,4,3,Lasagna Bolognese,24,16.0
2025-09-10,4,4,Bruschetta,25,8.0
2025-09-10,4,5,Tiramisu,32,7.0
2025-09-10,4,6,Caesar Salad,24,10.0
2025-09-10,4,7,Minestrone Soup,32,9.0
2025-09-10,5,1,Margherita Pizza,31,12.0
2025-09-10,5,2,Pasta Alfredo,37,14.0
2025-09-10,5,3,Lasagna Bolognese,23,16.0
2025-09-10,5,4,Bruschetta,32,8.0
2025-09-10,5,5,Tiramisu,41,7.0
2025-09-10,5,6,Caesar Salad,27,10.0
2025-09-10,5,7,Minestrone Soup,27,9.0
2025-09-11,1,1,Margherita Pizza,22,12.0
2025-09-11,1,2,Pasta Alfredo,32,14.0
2025-09-11,1,3,Lasagna Bolognese,21,16.0
2025-09-11,1,4,Bruschetta,26,8.0
2025-09-11,1,5,Tiramisu,29,7.0
2025-09-11,1,6,Caesar Salad,23,10.0
2025-09-11,1,7,Minestrone Soup,25,9.0
2025-09-11,2,1,Margherita Pizza,27,12.0
2025-09-11,2,2,Pasta Alfredo,29,14.0
2025-09-11,2,3,Lasagna Bolognese,26,16.0
2025-09-11,2,4,Bruschetta,27,8.0
2025-09-11,2,5,Tiramisu,34,7.0
2025-09-11,2,6,Caesar Salad,19,10.0
2025-09-11,2,7,Minestrone Soup,33,9.0
2025-09-11,3,1,Margherita Pizza,33,12.0
2025-09-11,3,2,Pasta Alfredo,28,14.0
2025-09-11,3,3,Lasagna Bolognese,22,16.0
2025-09-11,3,4,Bruschetta,30,8.0
2025-09-11,3,5,Tiramisu,30,7.0
2025-09-11,3,6,Caesar Salad,24,10.0
2025-09-11,3,7,Minestrone Soup,30,9.0
2025-09-11,4,1,Margherita Pizza,30,12.0
2025-09-11,4,2,Pasta Alfredo,37,14.0
2025-09-11,4,3,Lasagna Bolognese,23,16.0
2025-09-11,4,4,Bruschetta,23,8.0
2025-09-11,4,5,Tiramisu,38,7.0
2025-09-11,4,6,Caesar Salad,28,10.0
2025-09-11,4,7,Minestrone Soup,38,9.0
2025-09-11,5,1,Margherita Pizza,25,12.0
2025-09-11,5,2,Pasta Alfredo,39,14.0
2025-09-11,5,3,Lasagna Bolognese,20,16.0
2025-09-11,5,4,Bruschetta,37,8.0
2025-09-11,5,5,Tiramisu,38,7.0
2025-09-11,5,6,Caesar Salad,23,10.0
2025-09-11,5,7,Minestrone Soup,34,9.0
2025-09-12,1,1,Margherita Pizza,33,12.0
2025-09-12,1,2,Pasta Alfredo,42,14.0
2025-09-12,1,3,Lasagna Bolognese,30,16.0
2025-09-12,1,4,Bruschetta,40,8.0
2025-09-12,1,5,Tiramisu,46,7.0
2025-09-12,1,6,Caesar Salad,27,10.0
2025-09-12,1,7,Minestrone Soup,38,9.0
2025-09-12,2,1,Margherita Pizza,38,12.0
2025-09-12,2,2,Pasta Alfredo,39,14.0
2025-09-12,2,3,Lasagna Bolognese,29,16.0
2025-09-12,2,4,Bruschetta,44,8.0
2025-09-12,2,5,Tiramisu,44,7.0
2025-09-12,2,6,Caesar Salad,34,10.0
2025-09-12,2,7,Minestrone Soup,36,9.0
2025-09-12,3,1,Margherita Pizza,37,12.0
2025-09-12,3,2,Pasta Alfredo,45,14.0
2025-09-12,3,3,Lasagna Bolognese,32,16.0
2025-09-12,3,4,Bruschetta,34,8.0
2025-09-12,3,5,Tiramisu,42,7.0
2025-09-12,3,6,Caesar Salad,34,10.0
2025-09-12,3,7,Minestrone Soup,38,9.0
2025-09-12,4,1,Margherita Pizza,41,12.0
2025-09-12,4,2,Pasta Alfredo,48,14.0
2025-09-12,4,3,Lasagna Bolognese,35,16.0
2025-09-12,4,4,Bruschetta,44,8.0
2025-09-12,4,5,Tiramisu,44,7.0
2025-09-12,4,6,Caesar Salad,36,10.0
2025-09-12,4,7,Minestrone Soup,43,9.0
2025-09-12,5,1,Margherita Pizza,45,12.0
2025-09-12,5,2,Pasta Alfredo,45,14.0
2025-09-12,5,3,Lasagna Bolognese,36,16.0
2025-09-12,5,4,Bruschetta,48,8.0
2025-09-12,5,5,Tiramisu,49,7.0
2025-09-12,5,6,Caesar Salad,37,10.0
2025-09-12,5,7,Minestrone Soup,45,9.0
2025-09-13,1,1,Margherita Pizza,32,12.0
2025-09-13,1,2,Pasta Alfredo,47,14.0
2025-09-13,1,3,Lasagna Bolognese,31,16.0
2025-09-13,1,4,Bruschetta,37,8.0
2025-09-13,1,5,Tiramisu,36,7.0
2025-09-13,1,6,Caesar Salad,32,10.0
2025-09-13,1,7,Minestrone Soup,37,9.0
2025-09-13,2,1,Margherita Pizza,42,12.0
2025-09-13,2,2,Pasta Alfredo,42,14.0
2025-09-13,2,3,Lasagna Bolognese,28,16.0
2025-09-13,2,4,Bruschetta,35,8.0
2025-09-13,2,5,Tiramisu,42,7.0
2025-09-13,2,6,Caesar Salad,27,10.0
2025-09-13,2,7,Minestrone Soup,41,9.0
2025-09-13,3,1,Margherita Pizza,43,12.0
2025-09-13,3,2,Pasta Alfredo,45,14.0
2025-09-13,3,3,Lasagna Bolognese,31,16.0
2025-09-13,3,4,Bruschetta,33,8.0
2025-09-13,3,5,Tiramisu,47,7.0
2025-09-13,3,6,Caesar Salad,37,10.0
2025-09-13,3,7,Minestrone Soup,37,9.0
2025-09-13,4,1,Margherita Pizza,40,12.0
2025-09-13,4,2,Pasta Alfredo,49,14.0
2025-09-13,4,3,Lasagna Bolognese,39,16.0
2025-09-13,4,4,Bruschetta,41,8.0
2025-09-13,4,5,Tiramisu,48,7.0
2025-09-13,4,6,Caesar Salad,34,10.0
2025-09-13,4,7,Minestrone Soup,36,9.0
2025-09-13,5,1,Margherita Pizza,38,12.0
2025-09-13,5,2,Pasta Alfredo,47,14.0
2025-09-13,5,3,Lasagna Bolognese,38,16.0
2025-09-13,5,4,Bruschetta,42,8.0
2025-09-13,5,5,Tiramisu,48,7.0
2025-09-13,5,6,Caesar Salad,34,10.0
2025-09-13,5,7,Minestrone Soup,42,9.0
2025-09-14,1,1,Margherita Pizza,35,12.0
2025-09-14,1,2,Pasta Alfredo,34,14.0
2025-09-14,1,3,Lasagna Bolognese,23,16.0
2025-09-14,1,4,Bruschetta,30,8.0
2025-09-14,1,5,Tiramisu,40,7.0
2025-09-14,1,6,Caesar Salad,23,10.0
2025-09-14,1,7,Minestrone Soup,26,9.0
2025-09-14,2,1,Margherita Pizza,30,12.0
2025-09-14,2,2,Pasta Alfredo,37,14.0
2025-09-14,2,3,Lasagna Bolognese,28,16.0
2025-09-14,2,4,Bruschetta,35,8.0
2025-09-14,2,5,Tiramisu,34,7.0
2025-09-14,2,6,Caesar Salad,23,10.0
2025-09-14,2,7,Minestrone Soup,31,9.0
2025-09-14,3,1,Margherita Pizza,35,12.0
2025-09-14,3,2,Pasta Alfredo,35,14.0
2025-09-14,3,3,Lasagna Bolognese,26,16.0
2025-09-14,3,4,Bruschetta,31,8.0
2025-09-14,3,5,Tiramisu,41,7.0
2025-09-14,3,6,Caesar Salad,29,10.0
2025-09-14,3,7,Minestrone Soup,36,9.0
2025-09-14,4,1,Margherita Pizza,39,12.0
2025-09-14,4,2,Pasta Alfredo,40,14.0
2025-09-14,4,3,Lasagna Bolognese,25,16.0
2025-09-14,4,4,Bruschetta,31,8.0
2025-09-14,4,5,Tiramisu,35,7.0
2025-09-14,4,6,Caesar Salad,28,10.0
2025-09-14,4,7,Minestrone Soup,34,9.0
2025-09-14,5,1,Margherita Pizza,39,12.0
2025-09-14,5,2,Pasta Alfredo,42,14.0
2025-09-14,5,3,Lasagna Bolognese,29,16.0
2025-09-14,5,4,Bruschetta,36,8.0
2025-09-14,5,5,Tiramisu,39,7.0
2025-09-14,5,6,Caesar Salad,33,10.0
2025-09-14,5,7,Minestrone Soup,34,9.0
2025-09-15,1,1,Margherita Pizza,19,12.0
2025-09-15,1,2,Pasta Alfredo,28,14.0
2025-09-15,1,3,Lasagna Bolognese,20,16.0
2025-09-15,1,4,Bruschetta,17,8.0
2025-09-15,1,5,Tiramisu,28,7.0
2025-09-15,1,6,Caesar Salad,16,10.0
2025-09-15,1,7,Minestrone Soup,21,9.0
2025-09-15,2,1,Margherita Pizza,24,12.0
2025-09-15,2,2,Pasta Alfredo,29,14.0
2025-09-15,2,3,Lasagna Bolognese,21,16.0
2025-09-15,2,4,Bruschetta,23,8.0
2025-09-15,2,5,Tiramisu,26,7.0
2025-09-15,2,6,Caesar Salad,21,10.0
2025-09-15,2,7,Minestrone Soup,23,9.0
2025-09-15,3,1,Margherita Pizza,30,12.0
2025-09-15,3,2,Pasta Alfredo,30,14.0
2025-09-15,3,3,Lasagna Bolognese,18,16.0
2025-09-15,3,4,Bruschetta,23,8.0
2025-09-15,3,5,Tiramisu,29,7.0
2025-09-15,3,6,Caesar Salad,24,10.0
2025-09-15,3,7,Minestrone Soup,29,9.0
2025-09-15,4,1,Margherita Pizza,24,12.0
2025-09-15,4,2,Pasta Alfredo,27,14.0
2025-09-15,4,3,Lasagna Bolognese,18,16.0
2025-09-15,4,4,Bruschetta,26,8.0
2025-09-15,4,5,Tiramisu,37,7.0
2025-09-15,4,6,Caesar Salad,23,10.0
2025-09-15,4,7,Minestrone Soup,21,9.0
2025-09-15,5,1,Margherita Pizza,25,12.0
2025-09-15,5,2,Pasta Alfredo,29,14.0
2025-09-15,5,3,Lasagna Bolognese,20,16.0
2025-09-15,5,4,Bruschetta,26,8.0
2025-09-15,5,5,Tiramisu,32,7.0
2025-09-15,5,6,Caesar Salad,24,10.0
2025-09-15,5,7,Minestrone Soup,30,9.0
2025-09-16,1,1,Margherita Pizza,28,12.0
2025-09-16,1,2,Pasta Alfredo,25,14.0
2025-09-16,1,3,Lasagna Bolognese,19,16.0
2025-09-16,1,4,Bruschetta,26,8.0
2025-09-16,1,5,Tiramisu,31,7.0
2025-09-16,1,6,Caesar Salad,24,10.0
2025-09-16,1,7,Minestrone Soup,26,9.0
2025-09-16,2,1,Margherita Pizza,28,12.0
2025-09-16,2,2,Pasta Alfredo,33,14.0
2025-09-16,2,3,Lasagna Bolognese,22,16.0
2025-09-16,2,4,Bruschetta,28,8.0
2025-09-16,2,5,Tiramisu,35,7.0
2025-09-16,2,6,Caesar Salad,23,10.0
2025-09-16,2,7,Minestrone Soup,27,9.0
2025-09-16,3,1,Margherita Pizza,29,12.0
2025-09-16,3,2,Pasta Alfredo,37,14.0
2025-09-16,3,3,Lasagna Bolognese,21,16.0
2025-09-16,3,4,Bruschetta,34,8.0
2025-09-16,3,5,Tiramisu,30,7.0
2025-09-16,3,6,Caesar Salad,22,10.0
2025-09-16,3,7,Minestrone Soup,31,9.0
2025-09-16,4,1,Margherita Pizza,33,12.0
2025-09-16,4,2,Pasta Alfredo,31,14.0
2025-09-16,4,3,Lasagna Bolognese,22,16.0
2025-09-16,4,4,Bruschetta,31,8.0
2025-09-16,4,5,Tiramisu,42,7.0
2025-09-16,4,6,Caesar Salad,29,10.0
2025-09-16,4,7,Minestrone Soup,29,9.0
2025-09-16,5,1,Margherita Pizza,24,12.0
2025-09-16,5,2,Pasta Alfredo,37,14.0
2025-09-16,5,3,Lasagna Bolognese,27,16.0
2025-09-16,5,4,Bruschetta,30,8.0
2025-09-16,5,5,Tiramisu,34,7.0
2025-09-16,5,6,Caesar Salad,27,10.0
2025-09-16,5,7,Minestrone Soup,29,9.0
2025-09-17,1,1,Margherita Pizza,32,12.0
2025-09-17,1,2,Pasta Alfredo,35,14.0
2025-09-17,1,3,Lasagna Bolognese,24,16.0
2025-09-17,1,4,Bruschetta,26,8.0
2025-09-17,1,5,Tiramisu,28,7.0
2025-09-17,1,6,Caesar Salad,22,10.0
2025-09-17,1,7,Minestrone Soup,31,9.0
2025-09-17,2,1,Margherita Pizza,30,12.0
2025-09-17,2,2,Pasta Alfredo,33,14.0
2025-09-17,2,3,Lasagna Bolognese,26,16.0
2025-09-17,2,4,Bruschetta,29,8.0
2025-09-17,2,5,Tiramisu,33,7.0
2025-09-17,2,6,Caesar Salad,26,10.0
2025-09-17,2,7,Minestrone Soup,29,9.0
2025-09-17,3,1,Margherita Pizza,31,12.0
2025-09-17,3,2,Pasta Alfredo,34,14.0
2025-09-17,3,3,Lasagna Bolognese,23,16.0
2025-09-17,3,4,Bruschetta,27,8.0
2025-09-17,3,5,Tiramisu,32,7.0
2025-09-17,3,6,Caesar Salad,19,10.0
2025-09-17,3,7,Minestrone Soup,26,9.0
2025-09-17,4,1,Margherita Pizza,27,12.0
2025-09-17,4,2,Pasta Alfredo,34,14.0
2025-09-17,4,3,Lasagna Bolognese,30,16.0
2025-09-17,4,4,Bruschetta,30,8.0
2025-09-17,4,5,Tiramisu,36,7.0
2025-09-17,4,6,Caesar Salad,26,10.0
2025-09-17,4,7,Minestrone Soup,35,9.0
2025-09-17,5,1,Margherita Pizza,30,12.0
2025-09-17,5,2,Pasta Alfredo,36,14.0
2025-09-17,5,3,Lasagna Bolognese,26,16.0
2025-09-17,5,4,Bruschetta,35,8.0
2025-09-17,5,5,Tiramisu,41,7.0
2025-09-17,5,6,Caesar Salad,28,10.0
2025-09-17,5,7,Minestrone Soup,35,9.0
2025-09-18,1,1,Margherita Pizza,27,12.0
2025-09-18,1,2,Pasta Alfredo,30,14.0
2025-09-18,1,3,Lasagna Bolognese,25,16.0
2025-09-18,1,4,Bruschetta,27,8.0
2025-09-18,1,5,Tiramisu,28,7.0
2025-09-18,1,6,Caesar Salad,25,10.0
2025-09-18,1,7,Minestrone Soup,25,9.0
2025-09-18,2,1,Margherita Pizza,26,12.0
2025-09-18,2,2,Pasta Alfredo,35,14.0
2025-09-18,2,3,Lasagna Bolognese,23,16.0
2025-09-18,2,4,Bruschetta,29,8.0
2025-09-18,2,5,Tiramisu,34,7.0
2025-09-18,2,6,Caesar Salad,20,10.0
2025-09-18,2,7,Minestrone Soup,29,9.0
2025-09-18,3,1,Margherita Pizza,33,12.0
2025-09-18,3,2,Pasta Alfredo,31,14.0
2025-09-18,3,3,Lasagna Bolognese,25,16.0
2025-09-18,3,4,Bruschetta,26,8.0
2025-09-18,3,5,Tiramisu,37,7.0
2025-09-18,3,6,Caesar Salad,27,10.0
2025-09-18,3,7,Minestrone Soup,28,9.0
2025-09-18,4,1,Margherita Pizza,37,12.0
2025-09-18,4,2,Pasta Alfredo,38,14.0
2025-09-18,4,3,Lasagna Bolognese,27,16.0
2025-09-18,4,4,Bruschetta,32,8.0
2025-09-18,4,5,Tiramisu,38,7.0
2025-09-18,4,6,Caesar Salad,22,10.0
2025-09-18,4,7,Minestrone Soup,31,9.0
2025-09-18,5,1,Margherita Pizza,33,12.0
2025-09-18,5,2,Pasta Alfredo,36,14.0
2025-09-18,5,3,Lasagna Bolognese,28,16.0
2025-09-18,5,4,Bruschetta,35,8.0
2025-09-18,5,5,Tiramisu,35,7.0
2025-09-18,5,6,Caesar Salad,26,10.0
2025-09-18,5,7,Minestrone Soup,29,9.0
2025-09-19,1,1,Margherita Pizza,30,12.0
2025-09-19,1,2,Pasta Alfredo,43,14.0
2025-09-19,1,3,Lasagna Bolognese,29,16.0
2025-09-19,1,4,Bruschetta,35,8.0
2025-09-19,1,5,Tiramisu,38,7.0
2025-09-19,1,6,Caesar Salad,29,10.0
2025-09-19,1,7,Minestrone Soup,38,9.0
2025-09-19,2,1,Margherita Pizza,37,12.0
2025-09-19,2,2,Pasta Alfredo,43,14.0
2025-09-19,2,3,Lasagna Bolognese,31,16.0
2025-09-19,2,4,Bruschetta,33,8.0
2025-09-19,2,5,Tiramisu,45,7.0
2025-09-19,2,6,Caesar Salad,27,10.0
2025-09-19,2,7,Minestrone Soup,34,9.0
2025-09-19,3,1,Margherita Pizza,36,12.0
2025-09-19,3,2,Pasta Alfredo,45,14.0
2025-09-19,3,3,Lasagna Bolognese,31,16.0
2025-09-19,3,4,Bruschetta,39,8.0
2025-09-19,3,5,Tiramisu,43,7.0
2025-09-19,3,6,Caesar Salad,35,10.0
2025-09-19,3,7,Minestrone Soup,41,9.0
2025-09-19,4,1,Margherita Pizza,40,12.0
2025-09-19,4,2,Pasta Alfredo,46,14.0
2025-09-19,4,3,Lasagna Bolognese,32,16.0
2025-09-19,4,4,Bruschetta,40,8.0
2025-09-19,4,5,Tiramisu,43,7.0
2025-09-19,4,6,Caesar Salad,31,10.0
2025-09-19,4,7,Minestrone Soup,43,9.0
2025-09-19,5,1,Margherita Pizza,43,12.0
2025-09-19,5,2,Pasta Alfredo,55,14.0
2025-09-19,5,3,Lasagna Bolognese,35,16.0
2025-09-19,5,4,Bruschetta,41,8.0
2025-09-19,5,5,Tiramisu,48,7.0
2025-09-19,5,6,Caesar Salad,34,10.0
2025-09-19,5,7,Minestrone Soup,41,9.0
2025-09-20,1,1,Margherita Pizza,36,12.0
2025-09-20,1,2,Pasta Alfredo,41,14.0
2025-09-20,1,3,Lasagna Bolognese,28,16.0
2025-09-20,1,4,Bruschetta,39,8.0
2025-09-20,1,5,Tiramisu,47,7.0
2025-09-20,1,6,Caesar Salad,33,10.0
2025-09-20,1,7,Minestrone Soup,37,9.0
2025-09-20,2,1,Margherita Pizza,39,12.0
2025-09-20,2,2,Pasta Alfredo,49,14.0
2025-09-20,2,3,Lasagna Bolognese,33,16.0
2025-09-20,2,4,Bruschetta,35,8.0
2025-09-20,2,5,Tiramisu,44,7.0
2025-09-20,2,6,Caesar Salad,33,10.0
2025-09-20,2,7,Minestrone Soup,34,9.0
2025-09-20,3,1,Margherita Pizza,38,12.0
2025-09-20,3,2,Pasta Alfredo,49,14.0
2025-09-20,3,3,Lasagna Bolognese,27,16.0
2025-09-20,3,4,Bruschetta,35,8.0
2025-09-20,3,5,Tiramisu,45,7.0
2025-09-20,3,6,Caesar Salad,33,10.0
2025-09-20,3,7,Minestrone Soup,35,9.0
2025-09-20,4,1,Margherita Pizza,40,12.0
2025-09-20,4,2,Pasta Alfredo,51,14.0
2025-09-20,4,3,Lasagna Bolognese,34,16.0
2025-09-20,4,4,Bruschetta,44,8.0
2025-09-20,4,5,Tiramisu,46,7.0
2025-09-20,4,6,Caesar Salad,31,10.0
2025-09-20,4,7,Minestrone Soup,43,9.0
2025-09-20,5,1,Margherita Pizza,44,12.0
2025-09-20,5,2,Pasta Alfredo,46,14.0
2025-09-20,5,3,Lasagna Bolognese,33,16.0
2025-09-20,5,4,Bruschetta,47,8.0
2025-09-20,5,5,Tiramisu,47,7.0
2025-09-20,5,6,Caesar Salad,38,10.0
2025-09-20,5,7,Minestrone Soup,41,9.0
2025-09-21,1,1,Margherita Pizza,30,12.0
2025-09-21,1,2,Pasta Alfredo,36,14.0
2025-09-21,1,3,Lasagna Bolognese,19,16.0
2025-09-21,1,4,Bruschetta,26,8.0
2025-09-21,1,5,Tiramisu,35,7.0
2025-09-21,1,6,Caesar Salad,23,10.0
2025-09-21,1,7,Minestrone Soup,33,9.0
2025-09-21,2,1,Margherita Pizza,27,12.0
2025-09-21,2,2,Pasta Alfredo,38,14.0
2025-09-21,2,3,Lasagna Bolognese,22,16.0
2025-09-21,2,4,Bruschetta,30,8.0
2025-09-21,2,5,Tiramisu,34,7.0
2025-09-21,2,6,Caesar Salad,32,10.0
2025-09-21,2,7,Minestrone Soup,27,9.0
2025-09-21,3,1,Margherita Pizza,33,12.0
2025-09-21,3,2,Pasta Alfredo,33,14.0
2025-09-21,3,3,Lasagna Bolognese,32,16.0
2025-09-21,3,4,Bruschetta,34,8.0
2025-09-21,3,5,Tiramisu,39,7.0
2025-09-21,3,6,Caesar Salad,32,10.0
2025-09-21,3,7,Minestrone Soup,34,9.0
2025-09-21,4,1,Margherita Pizza,35,12.0
2025-09-21,4,2,Pasta Alfredo,41,14.0
2025-09-21,4,3,Lasagna Bolognese,31,16.0
2025-09-21,4,4,Bruschetta,33,8.0
2025-09-21,4,5,Tiramisu,40,7.0
2025-09-21,4,6,Caesar Salad,31,10.0
2025-09-21,4,7,Minestrone Soup,35,9.0
2025-09-21,5,1,Margherita Pizza,36,12.0
2025-09-21,5,2,Pasta Alfredo,38,14.0
2025-09-21,5,3,Lasagna Bolognese,35,16.0
2025-09-21,5,4,Bruschetta,34,8.0
2025-09-21,5,5,Tiramisu,45,7.0
2025-09-21,5,6,Caesar Salad,31,10.0
2025-09-21,5,7,Minestrone Soup,32,9.0
2025-09-22,1,1,Margherita Pizza,26,12.0
2025-09-22,1,2,Pasta Alfredo,27,14.0
2025-09-22,1,3,Lasagna Bolognese,22,16.0
2025-09-22,1,4,Bruschetta,22,8.0
2025-09-22,1,5,Tiramisu,28,7.0
2025-09-22,1,6,Caesar Salad,13,10.0
2025-09-22,1,7,Minestrone Soup,21,9.0
2025-09-22,2,1,Margherita Pizza,19,12.0
2025-09-22,2,2,Pasta Alfredo,26,14.0
2025-09-22,2,3,Lasagna Bolognese,21,16.0
2025-09-22,2,4,Bruschetta,21,8.0
2025-09-22,2,5,Tiramisu,30,7.0
2025-09-22,2,6,Caesar Salad,17,10.0
2025-09-22,2,7,Minestrone Soup,26,9.0
2025-09-22,3,1,Margherita Pizza,28,12.0
2025-09-22,3,2,Pasta Alfredo,32,14.0
2025-09-22,3,3,Lasagna Bolognese,19,16.0
2025-09-22,3,4,Bruschetta,18,8.0
2025-09-22,3,5,Tiramisu,30,7.0
2025-09-22,3,6,Caesar Salad,20,10.0
2025-09-22,3,7,Minestrone Soup,22,9.0
2025-09-22,4,1,Margherita Pizza,24,12.0
2025-09-22,4,2,Pasta Alfredo,34,14.0
2025-09-22,4,3,Lasagna Bolognese,18,16.0
2025-09-22,4,4,Bruschetta,27,8.0
2025-09-22,4,5,Tiramisu,31,7.0
2025-09-22,4,6,Caesar Salad,20,10.0
2025-09-22,4,7,Minestrone Soup,28,9.0
2025-09-22,5,1,Margherita Pizza,32,12.0
2025-09-22,5,2,Pasta Alfredo,30,14.0
2025-09-22,5,3,Lasagna Bolognese,22,16.0
2025-09-22,5,4,Bruschetta,29,8.0
2025-09-22,5,5,Tiramisu,34,7.0
2025-09-22,5,6,Caesar Salad,22,10.0
2025-09-22,5,7,Minestrone Soup,26,9.0
2025-09-23,1,1,Margherita Pizza,19,12.0
2025-09-23,1,2,Pasta Alfredo,28,14.0
2025-09-23,1,3,Lasagna Bolognese,18,16.0
2025-09-23,1,4,Bruschetta,28,8.0
2025-09-23,1,5,Tiramisu,30,7.0
2025-09-23,1,6,Caesar Salad,21,10.0
2025-09-23,1,7,Minestrone Soup,26,9.0
2025-09-23,2,1,Margherita Pizza,25,12.0
2025-09-23,2,2,Pasta Alfredo,37,14.0
2025-09-23,2,3,Lasagna Bolognese,27,16.0
2025-09-23,2,4,Bruschetta,32,8.0
2025-09-23,2,5,Tiramisu,34,7.0
2025-09-23,2,6,Caesar Salad,23,10.0
2025-09-23,2,7,Minestrone Soup,32,9.0
2025-09-23,3,1,Margherita Pizza,27,12.0
2025-09-23,3,2,Pasta Alfredo,31,14.0
2025-09-23,3,3,Lasagna Bolognese,22,16.0
2025-09-23,3,4,Bruschetta,30,8.0
2025-09-23,3,5,Tiramisu,31,7.0
2025-09-23,3,6,Caesar Salad,24,10.0
2025-09-23,3,7,Minestrone Soup,24,9.0
2025-09-23,4,1,Margherita Pizza,32,12.0
2025-09-23,4,2,Pasta Alfredo,31,14.0
2025-09-23,4,3,Lasagna Bolognese,22,16.0
2025-09-23,4,4,Bruschetta,34,8.0
2025-09-23,4,5,Tiramisu,39,7.0
2025-09-23,4,6,Caesar Salad,26,10.0
2025-09-23,4,7,Minestrone Soup,31,9.0
2025-09-23,5,1,Margherita Pizza,30,12.0
2025-09-23,5,2,Pasta Alfredo,34,14.0
2025-09-23,5,3,Lasagna Bolognese,25,16.0
2025-09-23,5,4,Bruschetta,27,8.0
2025-09-23,5,5,Tiramisu,38,7.0
2025-09-23,5,6,Caesar Salad,26,10.0
2025-09-23,5,7,Minestrone Soup,29,9.0
2025-09-24,1,1,Margherita Pizza,31,12.0
2025-09-24,1,2,Pasta Alfredo,32,14.0
2025-09-24,1,3,Lasagna Bolognese,24,16.0
2025-09-24,1,4,Bruschetta,25,8.0
2025-09-24,1,5,Tiramisu,30,7.0
2025-09-24,1,6,Caesar Salad,24,10.0
2025-09-24,1,7,Minestrone Soup,26,9.0
2025-09-24,2,1,Margherita Pizza,32,12.0
2025-09-24,2,2,Pasta Alfredo,31,14.0
2025-09-24,2,3,Lasagna Bolognese,21,16.0
2025-09-24,2,4,Bruschetta,29,8.0
2025-09-24,2,5,Tiramisu,28,7.0
2025-09-24,2,6,Caesar Salad,26,10.0
2025-09-24,2,7,Minestrone Soup,23,9.0
2025-09-24,3,1,Margherita Pizza,31,12.0
2025-09-24,3,2,Pasta Alfredo,32,14.0
2025-09-24,3,3,Lasagna Bolognese,25,16.0
2025-09-24,3,4,Bruschetta,31,8.0
2025-09-24,3,5,Tiramisu,34,7.0
2025-09-24,3,6,Caesar Salad,20,10.0
2025-09-24,3,7,Minestrone Soup,26,9.0
2025-09-24,4,1,Margherita Pizza,28,12.0
2025-09-24,4,2,Pasta Alfredo,29,14.0
2025-09-24,4,3,Lasagna Bolognese,29,16.0
2025-09-24,4,4,Bruschetta,30,8.0
2025-09-24,4,5,Tiramisu,32,7.0
2025-09-24,4,6,Caesar Salad,29,10.0
2025-09-24,4,7,Minestrone Soup,28,9.0
2025-09-24,5,1,Margherita Pizza,32,12.0
2025-09-24,5,2,Pasta Alfredo,34,14.0
2025-09-24,5,3,Lasagna Bolognese,20,16.0
2025-09-24,5,4,Bruschetta,27,8.0
2025-09-24,5,5,Tiramisu,35,7.0
2025-09-24,5,6,Caesar Salad,29,10.0
2025-09-24,5,7,Minestrone Soup,33,9.0
2025-09-25,1,1,Margherita Pizza,26,12.0
2025-09-25,1,2,Pasta Alfredo,24,14.0
2025-09-25,1,3,Lasagna Bolognese,26,16.0
2025-09-25,1,4,Bruschetta,27,8.0
2025-09-25,1,5,Tiramisu,30,7.0
2025-09-25,1,6,Caesar Salad,25,10.0
2025-09-25,1,7,Minestrone Soup,30,9.0
2025-09-25,2,1,Margherita Pizza,31,12.0
2025-09-25,2,2,Pasta Alfredo,31,14.0
2025-09-25,2,3,Lasagna Bolognese,20,16.0
2025-09-25,2,4,Bruschetta,30,8.0
2025-09-25,2,5,Tiramisu,28,7.0
2025-09-25,2,6,Caesar Salad,29,10.0
2025-09-25,2,7,Minestrone Soup,27,9.0
2025-09-25,3,1,Margherita Pizza,26,12.0
2025-09-25,3,2,Pasta Alfredo,30,14.0
2025-09-25,3,3,Lasagna Bolognese,20,16.0
2025-09-25,3,4,Bruschetta,29,8.0
2025-09-25,3,5,Tiramisu,34,7.0
2025-09-25,3,6,Caesar Salad,20,10.0
2025-09-25,3,7,Minestrone Soup,28,9.0
2025-09-25,4,1,Margherita Pizza,26,12.0
2025-09-25,4,2,Pasta Alfredo,37,14.0
2025-09-25,4,3,Lasagna Bolognese,25,16.0
2025-09-25,4,4,Bruschetta,29,8.0
2025-09-25,4,5,Tiramisu,31,7.0
2025-09-25,4,6,Caesar Salad,24,10.0
2025-09-25,4,7,Minestrone Soup,29,9.0
2025-09-25,5,1,Margherita Pizza,32,12.0
2025-09-25,5,2,Pasta Alfredo,37,14.0
2025-09-25,5,3,Lasagna Bolognese,29,16.0
2025-09-25,5,4,Bruschetta,30,8.0
2025-09-25,5,5,Tiramisu,31,7.0
2025-09-25,5,6,Caesar Salad,29,10.0
2025-09-25,5,7,Minestrone Soup,29,9.0
2025-09-26,1,1,Margherita Pizza,32,12.0
2025-09-26,1,2,Pasta Alfredo,41,14.0
2025-09-26,1,3,Lasagna Bolognese,30,16.0
2025-09-26,1,4,Bruschetta,34,8.0
2025-09-26,1,5,Tiramisu,39,7.0
2025-09-26,1,6,Caesar Salad,28,10.0
2025-09-26,1,7,Minestrone Soup,39,9.0
2025-09-26,2,1,Margherita Pizza,37,12.0
2025-09-26,2,2,Pasta Alfredo,40,14.0
2025-09-26,2,3,Lasagna Bolognese,28,16.0
2025-09-26,2,4,Bruschetta,36,8.0
2025-09-26,2,5,Tiramisu,44,7.0
2025-09-26,2,6,Caesar Salad,32,10.0
2025-09-26,2,7,Minestrone Soup,37,9.0
2025-09-26,3,1,Margherita Pizza,36,12.0
2025-09-26,3,2,Pasta Alfredo,44,14.0
2025-09-26,3,3,Lasagna Bolognese,35,16.0
2025-09-26,3,4,Bruschetta,35,8.0
2025-09-26,3,5,Tiramisu,44,7.0
2025-09-26,3,6,Caesar Salad,34,10.0
2025-09-26,3,7,Minestrone Soup,41,9.0
2025-09-26,4,1,Margherita Pizza,40,12.0
2025-09-26,4,2,Pasta Alfredo,46,14.0
2025-09-26,4,3,Lasagna Bolognese,30,16.0
2025-09-26,4,4,Bruschetta,42,8.0
2025-09-26,4,5,Tiramisu,51,7.0
2025-09-26,4,6,Caesar Salad,42,10.0
2025-09-26,4,7,Minestrone Soup,42,9.0
2025-09-26,5,1,Margherita Pizza,42,12.0
2025-09-26,5,2,Pasta Alfredo,47,14.0
2025-09-26,5,3,Lasagna Bolognese,30,16.0
2025-09-26,5,4,Bruschetta,43,8.0
2025-09-26,5,5,Tiramisu,57,7.0
2025-09-26,5,6,Caesar Salad,39,10.0
2025-09-26,5,7,Minestrone Soup,46,9.0
2025-09-27,1,1,Margherita Pizza,36,12.0
2025-09-27,1,2,Pasta Alfredo,42,14.0
2025-09-27,1,3,Lasagna Bolognese,22,16.0
2025-09-27,1,4,Bruschetta,37,8.0
2025-09-27,1,5,Tiramisu,39,7.0
2025-09-27,1,6,Caesar Salad,27,10.0
2025-09-27,1,7,Minestrone Soup,34,9.0
2025-09-27,2,1,Margherita Pizza,36,12.0
2025-09-27,2,2,Pasta Alfredo,41,14.0
2025-09-27,2,3,Lasagna Bolognese,31,16.0
2025-09-27,2,4,Bruschetta,35,8.0
2025-09-27,2,5,Tiramisu,43,7.0
2025-09-27,2,6,Caesar Salad,26,10.0
2025-09-27,2,7,Minestrone Soup,36,9.0
2025-09-27,3,1,Margherita Pizza,36,12.0
2025-09-27,3,2,Pasta Alfredo,43,14.0
2025-09-27,3,3,Lasagna Bolognese,33,16.0
2025-09-27,3,4,Bruschetta,34,8.0
2025-09-27,3,5,Tiramisu,43,7.0
2025-09-27,3,6,Caesar Salad,34,10.0
2025-09-27,3,7,Minestrone Soup,35,9.0
2025-09-27,4,1,Margherita Pizza,46,12.0
2025-09-27,4,2,Pasta Alfredo,51,14.0
2025-09-27,4,3,Lasagna Bolognese,32,16.0
2025-09-27,4,4,Bruschetta,38,8.0
2025-09-27,4,5,Tiramisu,48,7.0
2025-09-27,4,6,Caesar Salad,30,10.0
2025-09-27,4,7,Minestrone Soup,35,9.0
2025-09-27,5,1,Margherita Pizza,41,12.0
2025-09-27,5,2,Pasta Alfredo,49,14.0
2025-09-27,5,3,Lasagna Bolognese,36,16.0
2025-09-27,5,4,Bruschetta,41,8.0
2025-09-27,5,5,Tiramisu,53,7.0
2025-09-27,5,6,Caesar Salad,31,10.0
2025-09-27,5,7,Minestrone Soup,39,9.0
2025-09-28,1,1,Margherita Pizza,31,12.0
2025-09-28,1,2,Pasta Alfredo,31,14.0
2025-09-28,1,3,Lasagna Bolognese,21,16.0
2025-09-28,1,4,Bruschetta,30,8.0
2025-09-28,1,5,Tiramisu,32,7.0
2025-09-28,1,6,Caesar Salad,25,10.0
2025-09-28,1,7,Minestrone Soup,28,9.0
2025-09-28,2,1,Margherita Pizza,29,12.0
2025-09-28,2,2,Pasta Alfredo,30,14.0
2025-09-28,2,3,Lasagna Bolognese,27,16.0
2025-09-28,2,4,Bruschetta,28,8.0
2025-09-28,2,5,Tiramisu,36,7.0
2025-09-28,2,6,Caesar Salad,25,10.0
2025-09-28,2,7,Minestrone Soup,31,9.0
2025-09-28,3,1,Margherita Pizza,33,12.0
2025-09-28,3,2,Pasta Alfredo,39,14.0
2025-09-28,3,3,Lasagna Bolognese,25,16.0
2025-09-28,3,4,Bruschetta,37,8.0
2025-09-28,3,5,Tiramisu,33,7.0
2025-09-28,3,6,Caesar Salad,27,10.0
2025-09-28,3,7,Minestrone Soup,36,9.0
2025-09-28,4,1,Margherita Pizza,36,12.0
2025-09-28,4,2,Pasta Alfredo,38,14.0
2025-09-28,4,3,Lasagna Bolognese,26,16.0
2025-09-28,4,4,Bruschetta,32,8.0
2025-09-28,4,5,Tiramisu,42,7.0
2025-09-28,4,6,Caesar Salad,27,10.0
2025-09-28,4,7,Minestrone Soup,35,9.0
2025-09-28,5,1,Margherita Pizza,37,12.0
2025-09-28,5,2,Pasta Alfredo,49,14.0
2025-09-28,5,3,Lasagna Bolognese,31,16.0
2025-09-28,5,4,Bruschetta,34,8.0
2025-09-28,5,5,Tiramisu,38,7.0
2025-09-28,5,6,Caesar Salad,29,10.0
2025-09-28,5,7,Minestrone Soup,36,9.0
2025-09-29,1,1,Margherita Pizza,15,12.0
2025-09-29,1,2,Pasta Alfredo,24,14.0
2025-09-29,1,3,Lasagna Bolognese,19,16.0
2025-09-29,1,4,Bruschetta,21,8.0
2025-09-29,1,5,Tiramisu,29,7.0
2025-09-29,1,6,Caesar Salad,14,10.0
2025-09-29,1,7,Minestrone Soup,24,9.0
2025-09-29,2,1,Margherita Pizza,26,12.0
2025-09-29,2,2,Pasta Alfredo,30,14.0
2025-09-29,2,3,Lasagna Bolognese,15,16.0
2025-09-29,2,4,Bruschetta,24,8.0
2025-09-29,2,5,Tiramisu,25,7.0
2025-09-29,2,6,Caesar Salad,15,10.0
2025-09-29,2,7,Minestrone Soup,22,9.0
2025-09-29,3,1,Margherita Pizza,22,12.0
2025-09-29,3,2,Pasta Alfredo,31,14.0
2025-09-29,3,3,Lasagna Bolognese,22,16.0
2025-09-29,3,4,Bruschetta,21,8.0
2025-09-29,3,5,Tiramisu,26,7.0
2025-09-29,3,6,Caesar Salad,19,10.0
2025-09-29,3,7,Minestrone Soup,24,9.0
2025-09-29,4,1,Margherita Pizza,29,12.0
2025-09-29,4,2,Pasta Alfredo,32,14.0
2025-09-29,4,3,Lasagna Bolognese,22,16.0
2025-09-29,4,4,Bruschetta,25,8.0
2025-09-29,4,5,Tiramisu,25,7.0
2025-09-29,4,6,Caesar Salad,25,10.0
2025-09-29,4,7,Minestrone Soup,24,9.0
2025-09-29,5,1,Margherita Pizza,31,12.0
2025-09-29,5,2,Pasta Alfredo,32,14.0
2025-09-29,5,3,Lasagna Bolognese,28,16.0
2025-09-29,5,4,Bruschetta,29,8.0
2025-09-29,5,5,Tiramisu,27,7.0
2025-09-29,5,6,Caesar Salad,20,10.0
2025-09-29,5,7,Minestrone Soup,26,9.0
2025-09-30,1,1,Margherita Pizza,23,12.0
2025-09-30,1,2,Pasta Alfredo,29,14.0
2025-09-30,1,3,Lasagna Bolognese,18,16.0
2025-09-30,1,4,Bruschetta,26,8.0
2025-09-30,1,5,Tiramisu,31,7.0
2025-09-30,1,6,Caesar Salad,19,10.0
2025-09-30,1,7,Minestrone Soup,32,9.0
2025-09-30,2,1,Margherita Pizza,28,12.0
2025-09-30,2,2,Pasta Alfredo,30,14.0
2025-09-30,2,3,Lasagna Bolognese,18,16.0
2025-09-30,2,4,Bruschetta,28,8.0
2025-09-30,2,5,Tiramisu,31,7.0
2025-09-30,2,6,Caesar Salad,25,10.0
2025-09-30,2,7,Minestrone Soup,27,9.0
2025-09-30,3,1,Margherita Pizza,25,12.0
2025-09-30,3,2,Pasta Alfredo,39,14.0
2025-09-30,3,3,Lasagna Bolognese,25,16.0
2025-09-30,3,4,Bruschetta,28,8.0
2025-09-30,3,5,Tiramisu,34,7.0
2025-09-30,3,6,Caesar Salad,25,10.0
2025-09-30,3,7,Minestrone Soup,24,9.0
2025-09-30,4,1,Margherita Pizza,31,12.0
2025-09-30,4,2,Pasta Alfredo,34,14.0
2025-09-30,4,3,Lasagna Bolognese,27,16.0
2025-09-30,4,4,Bruschetta,28,8.0
2025-09-30,4,5,Tiramisu,33,7.0
2025-09-30,4,6,Caesar Salad,30,10.0
2025-09-30,4,7,Minestrone Soup,34,9.0
2025-09-30,5,1,Margherita Pizza,22,12.0
2025-09-30,5,2,Pasta Alfredo,40,14.0
2025-09-30,5,3,Lasagna Bolognese,26,16.0
2025-09-30,5,4,Bruschetta,29,8.0
2025-09-30,5,5,Tiramisu,34,7.0
2025-09-30,5,6,Caesar Salad,23,10.0
2025-09-30,5,7,Minestrone Soup,29,9.0
2025-10-01,1,1,Margherita Pizza,22,12.0
2025-10-01,1,2,Pasta Alfredo,26,14.0
2025-10-01,1,3,Lasagna Bolognese,18,16.0
2025-10-01,1,4,Bruschetta,27,8.0
2025-10-01,1,5,Tiramisu,30,7.0
2025-10-01,1,6,Caesar Salad,23,10.0
2025-10-01,1,7,Minestrone Soup,25,9.0
2025-10-01,2,1,Margherita Pizza,23,12.0
2025-10-01,2,2,Pasta Alfredo,33,14.0
2025-10-01,2,3,Lasagna Bolognese,19,16.0
2025-10-01,2,4,Bruschetta,29,8.0
2025-10-01,2,5,Tiramisu,28,7.0
2025-10-01,2,6,Caesar Salad,20,10.0
2025-10-01,2,7,Minestrone Soup,26,9.0
2025-10-01,3,1,Margherita Pizza,30,12.0
2025-10-01,3,2,Pasta Alfredo,34,14.0
2025-10-01,3,3,Lasagna Bolognese,24,16.0
2025-10-01,3,4,Bruschetta,34,8.0
2025-10-01,3,5,Tiramisu,28,7.0
2025-10-01,3,6,Caesar Salad,21,10.0
2025-10-01,3,7,Minestrone Soup,25,9.0
2025-10-01,4,1,Margherita Pizza,24,12.0
2025-10-01,4,2,Pasta Alfredo,32,14.0
2025-10-01,4,3,Lasagna Bolognese,27,16.0
2025-10-01,4,4,Bruschetta,28,8.0
2025-10-01,4,5,Tiramisu,34,7.0
2025-10-01,4,6,Caesar Salad,20,10.0
2025-10-01,4,7,Minestrone Soup,27,9.0
2025-10-01,5,1,Margherita Pizza,30,12.0
2025-10-01,5,2,Pasta Alfredo,38,14.0
2025-10-01,5,3,Lasagna Bolognese,21,16.0
2025-10-01,5,4,Bruschetta,30,8.0
2025-10-01,5,5,Tiramisu,39,7.0
2025-10-01,5,6,Caesar Salad,25,10.0
2025-10-01,5,7,Minestrone Soup,25,9.0
2025-10-02,1,1,Margherita Pizza,29,12.0
2025-10-02,1,2,Pasta Alfredo,32,14.0
2025-10-02,1,3,Lasagna Bolognese,24,16.0
2025-10-02,1,4,Bruschetta,20,8.0
2025-10-02,1,5,Tiramisu,34,7.0
2025-10-02,1,6,Caesar Salad,19,10.0
2025-10-02,1,7,Minestrone Soup,24,9.0
2025-10-02,2,1,Margherita Pizza,25,12.0
2025-10-02,2,2,Pasta Alfredo,34,14.0
2025-10-02,2,3,Lasagna Bolognese,22,16.0
2025-10-02,2,4,Bruschetta,28,8.0
2025-10-02,2,5,Tiramisu,32,7.0
2025-10-02,2,6,Caesar Salad,22,10.0
2025-10-02,2,7,Minestrone Soup,24,9.0
2025-10-02,3,1,Margherita Pizza,34,12.0
2025-10-02,3,2,Pasta Alfredo,29,14.0
2025-10-02,3,3,Lasagna Bolognese,25,16.0
2025-10-02,3,4,Bruschetta,29,8.0
2025-10-02,3,5,Tiramisu,37,7.0
2025-10-02,3,6,Caesar Salad,28,10.0
2025-10-02,3,7,Minestrone Soup,28,9.0
2025-10-02,4,1,Margherita Pizza,31,12.0
2025-10-02,4,2,Pasta Alfredo,40,14.0
2025-10-02,4,3,Lasagna Bolognese,25,16.0
2025-10-02,4,4,Bruschetta,27,8.0
2025-10-02,4,5,Tiramisu,33,7.0
2025-10-02,4,6,Caesar Salad,21,10.0
2025-10-02,4,7,Minestrone Soup,31,9.0
2025-10-02,5,1,Margherita Pizza,34,12.0
2025-10-02,5,2,Pasta Alfredo,36,14.0
2025-10-02,5,3,Lasagna Bolognese,21,16.0
2025-10-02,5,4,Bruschetta,34,8.0
2025-10-02,5,5,Tiramisu,31,7.0
2025-10-02,5,6,Caesar Salad,21,10.0
2025-10-02,5,7,Minestrone Soup,31,9.0
2025-10-03,1,1,Margherita Pizza,35,12.0
2025-10-03,1,2,Pasta Alfredo,42,14.0
2025-10-03,1,3,Lasagna Bolognese,29,16.0
2025-10-03,1,4,Bruschetta,40,8.0
2025-10-03,1,5,Tiramisu,41,7.0
2025-10-03,1,6,Caesar Salad,32,10.0
2025-10-03,1,7,Minestrone Soup,37,9.0
2025-10-03,2,1,Margherita Pizza,33,12.0
2025-10-03,2,2,Pasta Alfredo,42,14.0
2025-10-03,2,3,Lasagna Bolognese,37,16.0
2025-10-03,2,4,Bruschetta,35,8.0
2025-10-03,2,5,Tiramisu,41,7.0
2025-10-03,2,6,Caesar Salad,31,10.0
2025-10-03,2,7,Minestrone Soup,35,9.0
2025-10-03,3,1,Margherita Pizza,36,12.0
2025-10-03,3,2,Pasta Alfredo,43,14.0
2025-10-03,3,3,Lasagna Bolognese,36,16.0
2025-10-03,3,4,Bruschetta,38,8.0
2025-10-03,3,5,Tiramisu,41,7.0
2025-10-03,3,6,Caesar Salad,27,10.0
2025-10-03,3,7,Minestrone Soup,45,9.0
2025-10-03,4,1,Margherita Pizza,39,12.0
2025-10-03,4,2,Pasta Alfredo,48,14.0
2025-10-03,4,3,Lasagna Bolognese,31,16.0
2025-10-03,4,4,Bruschetta,41,8.0
2025-10-03,4,5,Tiramisu,51,7.0
2025-10-03,4,6,Caesar Salad,31,10.0
2025-10-03,4,7,Minestrone Soup,41,9.0
2025-10-03,5,1,Margherita Pizza,38,12.0
2025-10-03,5,2,Pasta Alfredo,55,14.0
2025-10-03,5,3,Lasagna Bolognese,36,16.0
2025-10-03,5,4,Bruschetta,41,8.0
2025-10-03,5,5,Tiramisu,48,7.0
2025-10-03,5,6,Caesar Salad,33,10.0
2025-10-03,5,7,Minestrone Soup,41,9.0
2025-10-04,1,1,Margherita Pizza,27,12.0
2025-10-04,1,2,Pasta Alfredo,40,14.0
2025-10-04,1,3,Lasagna Bolognese,28,16.0
2025-10-04,1,4,Bruschetta,36,8.0
2025-10-04,1,5,Tiramisu,39,7.0
2025-10-04,1,6,Caesar Salad,27,10.0
2025-10-04,1,7,Minestrone Soup,35,9.0
2025-10-04,2,1,Margherita Pizza,32,12.0
2025-10-04,2,2,Pasta Alfredo,43,14.0
2025-10-04,2,3,Lasagna Bolognese,25,16.0
2025-10-04,2,4,Bruschetta,40,8.0
2025-10-04,2,5,Tiramisu,45,7.0
2025-10-04,2,6,Caesar Salad,28,10.0
2025-10-04,2,7,Minestrone Soup,38,9.0
2025-10-04,3,1,Margherita Pizza,39,12.0
2025-10-04,3,2,Pasta Alfredo,42,14.0
2025-10-04,3,3,Lasagna Bolognese,26,16.0
2025-10-04,3,4,Bruschetta,39,8.0
2025-10-04,3,5,Tiramisu,42,7.0
2025-10-04,3,6,Caesar Salad,35,10.0
2025-10-04,3,7,Minestrone Soup,38,9.0
2025-10-04,4,1,Margherita Pizza,38,12.0
2025-10-04,4,2,Pasta Alfredo,52,14.0
2025-10-04,4,3,Lasagna Bolognese,35,16.0
2025-10-04,4,4,Bruschetta,29,8.0
2025-10-04,4,5,Tiramisu,45,7.0
2025-10-04,4,6,Caesar Salad,29,10.0
2025-10-04,4,7,Minestrone Soup,38,9.0
2025-10-04,5,1,Margherita Pizza,41,12.0
2025-10-04,5,2,Pasta Alfredo,50,14.0
2025-10-04,5,3,Lasagna Bolognese,36,16.0
2025-10-04,5,4,Bruschetta,45,8.0
2025-10-04,5,5,Tiramisu,51,7.0
2025-10-04,5,6,Caesar Salad,37,10.0
2025-10-04,5,7,Minestrone Soup,43,9.0
2025-10-05,1,1,Margherita Pizza,33,12.0
2025-10-05,1,2,Pasta Alfredo,33,14.0
2025-10-05,1,3,Lasagna Bolognese,24,16.0
2025-10-05,1,4,Bruschetta,24,8.0
2025-10-05,1,5,Tiramisu,38,7.0
2025-10-05,1,6,Caesar Salad,24,10.0
2025-10-05,1,7,Minestrone Soup,38,9.0
2025-10-05,2,1,Margherita Pizza,30,12.0
2025-10-05,2,2,Pasta Alfredo,36,14.0
2025-10-05,2,3,Lasagna Bolognese,28,16.0
2025-10-05,2,4,Bruschetta,28,8.0
2025-10-05,2,5,Tiramisu,37,7.0
2025-10-05,2,6,Caesar Salad,26,10.0
2025-10-05,2,7,Minestrone Soup,30,9.0
2025-10-05,3,1,Margherita Pizza,36,12.0
2025-10-05,3,2,Pasta Alfredo,35,14.0
2025-10-05,3,3,Lasagna Bolognese,28,16.0
2025-10-05,3,4,Bruschetta,37,8.0
2025-10-05,3,5,Tiramisu,36,7.0
2025-10-05,3,6,Caesar Salad,26,10.0
2025-10-05,3,7,Minestrone Soup,40,9.0
2025-10-05,4,1,Margherita Pizza,36,12.0
2025-10-05,4,2,Pasta Alfredo,38,14.0
2025-10-05,4,3,Lasagna Bolognese,31,16.0
2025-10-05,4,4,Bruschetta,32,8.0
2025-10-05,4,5,Tiramisu,35,7.0
2025-10-05,4,6,Caesar Salad,33,10.0
2025-10-05,4,7,Minestrone Soup,31,9.0
2025-10-05,5,1,Margherita Pizza,43,12.0
2025-10-05,5,2,Pasta Alfredo,40,14.0
2025-10-05,5,3,Lasagna Bolognese,36,16.0
2025-10-05,5,4,Bruschetta,32,8.0
2025-10-05,5,5,Tiramisu,45,7.0
2025-10-05,5,6,Caesar Salad,31,10.0
2025-10-05,5,7,Minestrone Soup,38,9.0
2025-10-06,1,1,Margherita Pizza,25,12.0
2025-10-06,1,2,Pasta Alfredo,24,14.0
2025-10-06,1,3,Lasagna Bolognese,14,16.0
2025-10-06,1,4,Bruschetta,22,8.0
2025-10-06,1,5,Tiramisu,26,7.0
2025-10-06,1,6,Caesar Salad,17,10.0
2025-10-06,1,7,Minestrone Soup,23,9.0
2025-10-06,2,1,Margherita Pizza,24,12.0
2025-10-06,2,2,Pasta Alfredo,24,14.0
2025-10-06,2,3,Lasagna Bolognese,20,16.0
2025-10-06,2,4,Bruschetta,22,8.0
2025-10-06,2,5,Tiramisu,25,7.0
2025-10-06,2,6,Caesar Salad,21,10.0
2025-10-06,2,7,Minestrone Soup,21,9.0
2025-10-06,3,1,Margherita Pizza,23,12.0
2025-10-06,3,2,Pasta Alfredo,28,14.0
2025-10-06,3,3,Lasagna Bolognese,24,16.0
2025-10-06,3,4,Bruschetta,25,8.0
2025-10-06,3,5,Tiramisu,30,7.0
2025-10-06,3,6,Caesar Salad,19,10.0
2025-10-06,3,7,Minestrone Soup,24,9.0
2025-10-06,4,1,Margherita Pizza,25,12.0
2025-10-06,4,2,Pasta Alfredo,30,14.0
2025-10-06,4,3,Lasagna Bolognese,20,16.0
2025-10-06,4,4,Bruschetta,29,8.0
2025-10-06,4,5,Tiramisu,28,7.0
2025-10-06,4,6,Caesar Salad,16,10.0
2025-10-06,4,7,Minestrone Soup,33,9.0
2025-10-06,5,1,Margherita Pizza,25,12.0
2025-10-06,5,2,Pasta Alfredo,35,14.0
2025-10-06,5,3,Lasagna Bolognese,26,16.0
2025-10-06,5,4,Bruschetta,29,8.0
2025-10-06,5,5,Tiramisu,30,7.0
2025-10-06,5,6,Caesar Salad,23,10.0
2025-10-06,5,7,Minestrone Soup,23,9.0
2025-10-07,1,1,Margherita Pizza,32,12.0
2025-10-07,1,2,Pasta Alfredo,27,14.0
2025-10-07,1,3,Lasagna Bolognese,21,16.0
2025-10-07,1,4,Bruschetta,26,8.0
2025-10-07,1,5,Tiramisu,30,7.0
2025-10-07,1,6,Caesar Salad,19,10.0
2025-10-07,1,7,Minestrone Soup,30,9.0
2025-10-07,2,1,Margherita Pizza,30,12.0
2025-10-07,2,2,Pasta Alfredo,32,14.0
2025-10-07,2,3,Lasagna Bolognese,21,16.0
2025-10-07,2,4,Bruschetta,30,8.0
2025-10-07,2,5,Tiramisu,30,7.0
2025-10-07,2,6,Caesar Salad,27,10.0
2025-10-07,2,7,Minestrone Soup,27,9.0
2025-10-07,3,1,Margherita Pizza,32,12.0
2025-10-07,3,2,Pasta Alfredo,33,14.0
2025-10-07,3,3,Lasagna Bolognese,24,16.0
2025-10-07,3,4,Bruschetta,32,8.0
2025-10-07,3,5,Tiramisu,40,7.0
2025-10-07,3,6,Caesar Salad,28,10.0
2025-10-07,3,7,Minestrone Soup,31,9.0
2025-10-07,4,1,Margherita Pizza,31,12.0
2025-10-07,4,2,Pasta Alfredo,33,14.0
2025-10-07,4,3,Lasagna Bolognese,26,16.0
2025-10-07,4,4,Bruschetta,27,8.0
2025-10-07,4,5,Tiramisu,36,7.0
2025-10-07,4,6,Caesar Salad,26,10.0
2025-10-07,4,7,Minestrone Soup,24,9.0
2025-10-07,5,1,Margherita Pizza,31,12.0
2025-10-07,5,2,Pasta Alfredo,37,14.0
2025-10-07,5,3,Lasagna Bolognese,26,16.0
2025-10-07,5,4,Bruschetta,32,8.0
2025-10-07,5,5,Tiramisu,32,7.0
2025-10-07,5,6,Caesar Salad,24,10.0
2025-10-07,5,7,Minestrone Soup,34,9.0
2025-10-08,1,1,Margherita Pizza,26,12.0
2025-10-08,1,2,Pasta Alfredo,31,14.0
2025-10-08,1,3,Lasagna Bolognese,20,16.0
2025-10-08,1,4,Bruschetta,26,8.0
2025-10-08,1,5,Tiramisu,23,7.0
2025-10-08,1,6,Caesar Salad,24,10.0
2025-10-08,1,7,Minestrone Soup,31,9.0
2025-10-08,2,1,Margherita Pizza,24,12.0
2025-10-08,2,2,Pasta Alfredo,29,14.0
2025-10-08,2,3,Lasagna Bolognese,24,16.0
2025-10-08,2,4,Bruschetta,31,8.0
2025-10-08,2,5,Tiramisu,31,7.0
2025-10-08,2,6,Caesar Salad,19,10.0
2025-10-08,2,7,Minestrone Soup,26,9.0
2025-10-08,3,1,Margherita Pizza,25,12.0
2025-10-08,3,2,Pasta Alfredo,31,14.0
2025-10-08,3,3,Lasagna Bolognese,23,16.0
2025-10-08,3,4,Bruschetta,26,8.0
2025-10-08,3,5,Tiramisu,31,7.0
2025-10-08,3,6,Caesar Salad,24,10.0
2025-10-08,3,7,Minestrone Soup,29,9.0
2025-10-08,4,1,Margherita Pizza,25,12.0
2025-10-08,4,2,Pasta Alfredo,36,14.0
2025-10-08,4,3,Lasagna Bolognese,24,16.0
2025-10-08,4,4,Bruschetta,32,8.0
2025-10-08,4,5,Tiramisu,37,7.0
2025-10-08,4,6,Caesar Salad,23,10.0
2025-10-08,4,7,Minestrone Soup,32,9.0
2025-10-08,5,1,Margherita Pizza,29,12.0
2025-10-08,5,2,Pasta Alfredo,40,14.0
2025-10-08,5,3,Lasagna Bolognese,23,16.0
2025-10-08,5,4,Bruschetta,32,8.0
2025-10-08,5,5,Tiramisu,36,7.0
2025-10-08,5,6,Caesar Salad,23,10.0
2025-10-08,5,7,Minestrone Soup,34,9.0
2025-10-09,1,1,Margherita Pizza,24,12.0
2025-10-09,1,2,Pasta Alfredo,25,14.0
2025-10-09,1,3,Lasagna Bolognese,13,16.0
2025-10-09,1,4,Bruschetta,23,8.0
2025-10-09,1,5,Tiramisu,34,7.0
2025-10-09,1,6,Caesar Salad,25,10.0
2025-10-09,1,7,Minestrone Soup,23,9.0
2025-10-09,2,1,Margherita Pizza,26,12.0
2025-10-09,2,2,Pasta Alfredo,30,14.0
2025-10-09,2,3,Lasagna Bolognese,18,16.0
2025-10-09,2,4,Bruschetta,24,8.0
2025-10-09,2,5,Tiramisu,34,7.0
2025-10-09,2,6,Caesar Salad,24,10.0
2025-10-09,2,7,Minestrone Soup,28,9.0
2025-10-09,3,1,Margherita Pizza,24,12.0
2025-10-09,3,2,Pasta Alfredo,33,14.0
2025-10-09,3,3,Lasagna Bolognese,17,16.0
2025-10-09,3,4,Bruschetta,31,8.0
2025-10-09,3,5,Tiramisu,34,7.0
2025-10-09,3,6,Caesar Salad,20,10.0
2025-10-09,3,7,Minestrone Soup,33,9.0
2025-10-09,4,1,Margherita Pizza,24,12.0
2025-10-09,4,2,Pasta Alfredo,36,14.0
2025-10-09,4,3,Lasagna Bolognese,26,16.0
2025-10-09,4,4,Bruschetta,26,8.0
2025-10-09,4,5,Tiramisu,35,7.0
2025-10-09,4,6,Caesar Salad,20,10.0
2025-10-09,4,7,Minestrone Soup,21,9.0
2025-10-09,5,1,Margherita Pizza,28,12.0
2025-10-09,5,2,Pasta Alfredo,34,14.0
2025-10-09,5,3,Lasagna Bolognese,28,16.0
2025-10-09,5,4,Bruschetta,31,8.0
2025-10-09,5,5,Tiramisu,37,7.0
2025-10-09,5,6,Caesar Salad,23,10.0
2025-10-09,5,7,Minestrone Soup,29,9.0
2025-10-10,1,1,Margherita Pizza,32,12.0
2025-10-10,1,2,Pasta Alfredo,37,14.0
2025-10-10,1,3,Lasagna Bolognese,27,16.0
2025-10-10,1,4,Bruschetta,35,8.0
2025-10-10,1,5,Tiramisu,39,7.0
2025-10-10,1,6,Caesar Salad,28,10.0
2025-10-10,1,7,Minestrone Soup,37,9.0
2025-10-10,2,1,Margherita Pizza,35,12.0
2025-10-10,2,2,Pasta Alfredo,39,14.0
2025-10-10,2,3,Lasagna Bolognese,32,16.0
2025-10-10,2,4,Bruschetta,37,8.0
2025-10-10,2,5,Tiramisu,44,7.0
2025-10-10,2,6,Caesar Salad,32,10.0
2025-10-10,2,7,Minestrone Soup,38,9.0
2025-10-10,3,1,Margherita Pizza,38,12.0
2025-10-10,3,2,Pasta Alfredo,52,14.0
2025-10-10,3,3,Lasagna Bolognese,28,16.0
2025-10-10,3,4,Bruschetta,37,8.0
2025-10-10,3,5,Tiramisu,48,7.0
2025-10-10,3,6,Caesar Salad,32,10.0
2025-10-10,3,7,Minestrone Soup,41,9.0
2025-10-10,4,1,Margherita Pizza,41,12.0
2025-10-10,4,2,Pasta Alfredo,51,14.0
2025-10-10,4,3,Lasagna Bolognese,30,16.0
2025-10-10,4,4,Bruschetta,44,8.0
2025-10-10,4,5,Tiramisu,50,7.0
2025-10-10,4,6,Caesar Salad,30,10.0
2025-10-10,4,7,Minestrone Soup,42,9.0
2025-10-10,5,1,Margherita Pizza,42,12.0
2025-10-10,5,2,Pasta Alfredo,47,14.0
2025-10-10,5,3,Lasagna Bolognese,29,16.0
2025-10-10,5,4,Bruschetta,39,8.0
2025-10-10,5,5,Tiramisu,51,7.0
2025-10-10,5,6,Caesar Salad,37,10.0
2025-10-10,5,7,Minestrone Soup,41,9.0
2025-10-11,1,1,Margherita Pizza,37,12.0
2025-10-11,1,2,Pasta Alfredo,43,14.0
2025-10-11,1,3,Lasagna Bolognese,29,16.0
2025-10-11,1,4,Bruschetta,32,8.0
2025-10-11,1,5,Tiramisu,42,7.0
2025-10-11,1,6,Caesar Salad,30,10.0
2025-10-11,1,7,Minestrone Soup,37,9.0
2025-10-11,2,1,Margherita Pizza,39,12.0
2025-10-11,2,2,Pasta Alfredo,38,14.0
2025-10-11,2,3,Lasagna Bolognese,29,16.0
2025-10-11,2,4,Bruschetta,31,8.0
2025-10-11,2,5,Tiramisu,45,7.0
2025-10-11,2,6,Caesar Salad,30,10.0
2025-10-11,2,7,Minestrone Soup,38,9.0
2025-10-11,3,1,Margherita Pizza,34,12.0
2025-10-11,3,2,Pasta Alfredo,49,14.0
2025-10-11,3,3,Lasagna Bolognese,28,16.0
2025-10-11,3,4,Bruschetta,41,8.0
2025-10-11,3,5,Tiramisu,45,7.0
2025-10-11,3,6,Caesar Salad,31,10.0
2025-10-11,3,7,Minestrone Soup,37,9.0
2025-10-11,4,1,Margherita Pizza,38,12.0
2025-10-11,4,2,Pasta Alfredo,51,14.0
2025-10-11,4,3,Lasagna Bolognese,33,16.0
2025-10-11,4,4,Bruschetta,36,8.0
2025-10-11,4,5,Tiramisu,46,7.0
2025-10-11,4,6,Caesar Salad,34,10.0
2025-10-11,4,7,Minestrone Soup,43,9.0
2025-10-11,5,1,Margherita Pizza,40,12.0
2025-10-11,5,2,Pasta Alfredo,47,14.0
2025-10-11,5,3,Lasagna Bolognese,35,16.0
2025-10-11,5,4,Bruschetta,45,8.0
2025-10-11,5,5,Tiramisu,45,7.0
2025-10-11,5,6,Caesar Salad,36,10.0
2025-10-11,5,7,Minestrone Soup,41,9.0
2025-10-12,1,1,Margherita Pizza,29,12.0
2025-10-12,1,2,Pasta Alfredo,40,14.0
2025-10-12,1,3,Lasagna Bolognese,24,16.0
2025-10-12,1,4,Bruschetta,32,8.0
2025-10-12,1,5,Tiramisu,37,7.0
2025-10-12,1,6,Caesar Salad,21,10.0
2025-10-12,1,7,Minestrone Soup,24,9.0
2025-10-12,2,1,Margherita Pizza,34,12.0
2025-10-12,2,2,Pasta Alfredo,33,14.0
2025-10-12,2,3,Lasagna Bolognese,21,16.0
2025-10-12,2,4,Bruschetta,34,8.0
2025-10-12,2,5,Tiramisu,33,7.0
2025-10-12,2,6,Caesar Salad,24,10.0
2025-10-12,2,7,Minestrone Soup,37,9.0
2025-10-12,3,1,Margherita Pizza,28,12.0
2025-10-12,3,2,Pasta Alfredo,34,14.0
2025-10-12,3,3,Lasagna Bolognese,26,16.0
2025-10-12,3,4,Bruschetta,32,8.0
2025-10-12,3,5,Tiramisu,35,7.0
2025-10-12,3,6,Caesar Salad,24,10.0
2025-10-12,3,7,Minestrone Soup,37,9.0
2025-10-12,4,1,Margherita Pizza,35,12.0
2025-10-12,4,2,Pasta Alfredo,42,14.0
2025-10-12,4,3,Lasagna Bolognese,28,16.0
2025-10-12,4,4,Bruschetta,35,8.0
2025-10-12,4,5,Tiramisu,43,7.0
2025-10-12,4,6,Caesar Salad,25,10.0
2025-10-12,4,7,Minestrone Soup,35,9.0
2025-10-12,5,1,Margherita Pizza,38,12.0
2025-10-12,5,2,Pasta Alfredo,46,14.0
2025-10-12,5,3,Lasagna Bolognese,36,16.0
2025-10-12,5,4,Bruschetta,36,8.0
2025-10-12,5,5,Tiramisu,45,7.0
2025-10-12,5,6,Caesar Salad,22,10.0
2025-10-12,5,7,Minestrone Soup,40,9.0
2025-10-13,1,1,Margherita Pizza,20,12.0
2025-10-13,1,2,Pasta Alfredo,25,14.0
2025-10-13,1,3,Lasagna Bolognese,19,16.0
2025-10-13,1,4,Bruschetta,21,8.0
2025-10-13,1,5,Tiramisu,26,7.0
2025-10-13,1,6,Caesar Salad,23,10.0
2025-10-13,1,7,Minestrone Soup,21,9.0
2025-10-13,2,1,Margherita Pizza,20,12.0
2025-10-13,2,2,Pasta Alfredo,32,14.0
2025-10-13,2,3,Lasagna Bolognese,21,16.0
2025-10-13,2,4,Bruschetta,29,8.0
2025-10-13,2,5,Tiramisu,29,7.0
2025-10-13,2,6,Caesar Salad,15,10.0
2025-10-13,2,7,Minestrone Soup,25,9.0
2025-10-13,3,1,Margherita Pizza,21,12.0
2025-10-13,3,2,Pasta Alfredo,28,14.0
2025-10-13,3,3,Lasagna Bolognese,20,16.0
2025-10-13,3,4,Bruschetta,19,8.0
2025-10-13,3,5,Tiramisu,26,7.0
2025-10-13,3,6,Caesar Salad,27,10.0
2025-10-13,3,7,Minestrone Soup,25,9.0
2025-10-13,4,1,Margherita Pizza,25,12.0
2025-10-13,4,2,Pasta Alfredo,35,14.0
2025-10-13,4,3,Lasagna Bolognese,20,16.0
2025-10-13,4,4,Bruschetta,25,8.0
2025-10-13,4,5,Tiramisu,32,7.0
2025-10-13,4,6,Caesar Salad,20,10.0
2025-10-13,4,7,Minestrone Soup,23,9.0
2025-10-13,5,1,Margherita Pizza,20,12.0
2025-10-13,5,2,Pasta Alfredo,28,14.0
2025-10-13,5,3,Lasagna Bolognese,19,16.0
2025-10-13,5,4,Bruschetta,27,8.0
2025-10-13,5,5,Tiramisu,29,7.0
2025-10-13,5,6,Caesar Salad,28,10.0
2025-10-13,5,7,Minestrone Soup,23,9.0
2025-10-14,1,1,Margherita Pizza,30,12.0
2025-10-14,1,2,Pasta Alfredo,31,14.0
2025-10-14,1,3,Lasagna Bolognese,24,16.0
2025-10-14,1,4,Bruschetta,28,8.0
2025-10-14,1,5,Tiramisu,23,7.0
2025-10-14,1,6,Caesar Salad,21,10.0
2025-10-14,1,7,Minestrone Soup,25,9.0
2025-10-14,2,1,Margherita Pizza,24,12.0
2025-10-14,2,2,Pasta Alfredo,33,14.0
2025-10-14,2,3,Lasagna Bolognese,28,16.0
2025-10-14,2,4,Bruschetta,19,8.0
2025-10-14,2,5,Tiramisu,30,7.0
2025-10-14,2,6,Caesar Salad,19,10.0
2025-10-14,2,7,Minestrone Soup,27,9.0
2025-10-14,3,1,Margherita Pizza,27,12.0
2025-10-14,3,2,Pasta Alfredo,31,14.0
2025-10-14,3,3,Lasagna Bolognese,26,16.0
2025-10-14,3,4,Bruschetta,33,8.0
2025-10-14,3,5,Tiramisu,41,7.0
2025-10-14,3,6,Caesar Salad,21,10.0
2025-10-14,3,7,Minestrone Soup,23,9.0
2025-10-14,4,1,Margherita Pizza,31,12.0
2025-10-14,4,2,Pasta Alfredo,39,14.0
2025-10-14,4,3,Lasagna Bolognese,27,16.0
2025-10-14,4,4,Bruschetta,35,8.0
2025-10-14,4,5,Tiramisu,34,7.0
2025-10-14,4,6,Caesar Salad,23,10.0
2025-10-14,4,7,Minestrone Soup,30,9.0
2025-10-14,5,1,Margherita Pizza,30,12.0
2025-10-14,5,2,Pasta Alfredo,38,14.0
2025-10-14,5,3,Lasagna Bolognese,29,16.0
2025-10-14,5,4,Bruschetta,34,8.0
2025-10-14,5,5,Tiramisu,38,7.0
2025-10-14,5,6,Caesar Salad,27,10.0
2025-10-14,5,7,Minestrone Soup,33,9.0
2025-10-15,1,1,Margherita Pizza,20,12.0
2025-10-15,1,2,Pasta Alfredo,31,14.0
2025-10-15,1,3,Lasagna Bolognese,22,16.0
2025-10-15,1,4,Bruschetta,26,8.0
2025-10-15,1,5,Tiramisu,30,7.0
2025-10-15,1,6,Caesar Salad,23,10.0
2025-10-15,1,7,Minestrone Soup,24,9.0
2025-10-15,2,1,Margherita Pizza,30,12.0
2025-10-15,2,2,Pasta Alfredo,33,14.0
2025-10-15,2,3,Lasagna Bolognese,23,16.0
2025-10-15,2,4,Bruschetta,25,8.0
2025-10-15,2,5,Tiramisu,34,7.0
2025-10-15,2,6,Caesar Salad,23,10.0
2025-10-15,2,7,Minestrone Soup,25,9.0
2025-10-15,3,1,Margherita Pizza,28,12.0
2025-10-15,3,2,Pasta Alfredo,35,14.0
2025-10-15,3,3,Lasagna Bolognese,25,16.0
2025-10-15,3,4,Bruschetta,30,8.0
2025-10-15,3,5,Tiramisu,33,7.0
2025-10-15,3,6,Caesar Salad,27,10.0
2025-10-15,3,7,Minestrone Soup,32,9.0
2025-10-15,4,1,Margherita Pizza,32,12.0
2025-10-15,4,2,Pasta Alfredo,33,14.0
2025-10-15,4,3,Lasagna Bolognese,22,16.0
2025-10-15,4,4,Bruschetta,28,8.0
2025-10-15,4,5,Tiramisu,41,7.0
2025-10-15,4,6,Caesar Salad,26,10.0
2025-10-15,4,7,Minestrone Soup,36,9.0
2025-10-15,5,1,Margherita Pizza,31,12.0
2025-10-15,5,2,Pasta Alfredo,35,14.0
2025-10-15,5,3,Lasagna Bolognese,26,16.0
2025-10-15,5,4,Bruschetta,31,8.0
2025-10-15,5,5,Tiramisu,34,7.0
2025-10-15,5,6,Caesar Salad,22,10.0
2025-10-15,5,7,Minestrone Soup,33,9.0
2025-10-16,1,1,Margherita Pizza,29,12.0
2025-10-16,1,2,Pasta Alfredo,37,14.0
2025-10-16,1,3,Lasagna Bolognese,20,16.0
2025-10-16,1,4,Bruschetta,25,8.0
2025-10-16,1,5,Tiramisu,28,7.0
2025-10-16,1,6,Caesar Salad,25,10.0
2025-10-16,1,7,Minestrone Soup,28,9.0
2025-10-16,2,1,Margherita Pizza,24,12.0
2025-10-16,2,2,Pasta Alfredo,29,14.0
2025-10-16,2,3,Lasagna Bolognese,25,16.0
2025-10-16,2,4,Bruschetta,28,8.0
2025-10-16,2,5,Tiramisu,34,7.0
2025-10-16,2,6,Caesar Salad,20,10.0
2025-10-16,2,7,Minestrone Soup,21,9.0
2025-10-16,3,1,Margherita Pizza,26,12.0
2025-10-16,3,2,Pasta Alfredo,35,14.0
2025-10-16,3,3,Lasagna Bolognese,30,16.0
2025-10-16,3,4,Bruschetta,27,8.0
2025-10-16,3,5,Tiramisu,40,7.0
2025-10-16,3,6,Caesar Salad,26,10.0
2025-10-16,3,7,Minestrone Soup,24,9.0
2025-10-16,4,1,Margherita Pizza,30,12.0
2025-10-16,4,2,Pasta Alfredo,37,14.0
2025-10-16,4,3,Lasagna Bolognese,17,16.0
2025-10-16,4,4,Bruschetta,32,8.0
2025-10-16,4,5,Tiramisu,38,7.0
2025-10-16,4,6,Caesar Salad,26,10.0
2025-10-16,4,7,Minestrone Soup,30,9.0
2025-10-16,5,1,Margherita Pizza,31,12.0
2025-10-16,5,2,Pasta Alfredo,36,14.0
2025-10-16,5,3,Lasagna Bolognese,22,16.0
2025-10-16,5,4,Bruschetta,29,8.0
2025-10-16,5,5,Tiramisu,35,7.0
2025-10-16,5,6,Caesar Salad,26,10.0
2025-10-16,5,7,Minestrone Soup,29,9.0
2025-10-17,1,1,Margherita Pizza,32,12.0
2025-10-17,1,2,Pasta Alfredo,43,14.0
2025-10-17,1,3,Lasagna Bolognese,30,16.0
2025-10-17,1,4,Bruschetta,33,8.0
2025-10-17,1,5,Tiramisu,42,7.0
2025-10-17,1,6,Caesar Salad,27,10.0
2025-10-17,1,7,Minestrone Soup,35,9.0
2025-10-17,2,1,Margherita Pizza,39,12.0
2025-10-17,2,2,Pasta Alfredo,41,14.0
2025-10-17,2,3,Lasagna Bolognese,27,16.0
2025-10-17,2,4,Bruschetta,36,8.0
2025-10-17,2,5,Tiramisu,38,7.0
2025-10-17,2,6,Caesar Salad,30,10.0
2025-10-17,2,7,Minestrone Soup,36,9.0
2025-10-17,3,1,Margherita Pizza,31,12.0
2025-10-17,3,2,Pasta Alfredo,46,14.0
2025-10-17,3,3,Lasagna Bolognese,31,16.0
2025-10-17,3,4,Bruschetta,42,8.0
2025-10-17,3,5,Tiramisu,45,7.0
2025-10-17,3,6,Caesar Salad,34,10.0
2025-10-17,3,7,Minestrone Soup,42,9.0
2025-10-17,4,1,Margherita Pizza,40,12.0
2025-10-17,4,2,Pasta Alfredo,47,14.0
2025-10-17,4,3,Lasagna Bolognese,29,16.0
2025-10-17,4,4,Bruschetta,44,8.0
2025-10-17,4,5,Tiramisu,46,7.0
2025-10-17,4,6,Caesar Salad,30,10.0
2025-10-17,4,7,Minestrone Soup,42,9.0
2025-10-17,5,1,Margherita Pizza,35,12.0
2025-10-17,5,2,Pasta Alfredo,48,14.0
2025-10-17,5,3,Lasagna Bolognese,38,16.0
2025-10-17,5,4,Bruschetta,41,8.0
2025-10-17,5,5,Tiramisu,47,7.0
2025-10-17,5,6,Caesar Salad,34,10.0
2025-10-17,5,7,Minestrone Soup,36,9.0
2025-10-18,1,1,Margherita Pizza,37,12.0
2025-10-18,1,2,Pasta Alfredo,40,14.0
2025-10-18,1,3,Lasagna Bolognese,28,16.0
2025-10-18,1,4,Bruschetta,34,8.0
2025-10-18,1,5,Tiramisu,40,7.0
2025-10-18,1,6,Caesar Salad,31,10.0
2025-10-18,1,7,Minestrone Soup,34,9.0
2025-10-18,2,1,Margherita Pizza,32,12.0
2025-10-18,2,2,Pasta Alfredo,44,14.0
2025-10-18,2,3,Lasagna Bolognese,32,16.0
2025-10-18,2,4,Bruschetta,37,8.0
2025-10-18,2,5,Tiramisu,46,7.0
2025-10-18,2,6,Caesar Salad,30,10.0
2025-10-18,2,7,Minestrone Soup,40,9.0
2025-10-18,3,1,Margherita Pizza,42,12.0
2025-10-18,3,2,Pasta Alfredo,46,14.0
2025-10-18,3,3,Lasagna Bolognese,30,16.0
2025-10-18,3,4,Bruschetta,38,8.0
2025-10-18,3,5,Tiramisu,48,7.0
2025-10-18,3,6,Caesar Salad,27,10.0
2025-10-18,3,7,Minestrone Soup,37,9.0
2025-10-18,4,1,Margherita Pizza,39,12.0
2025-10-18,4,2,Pasta Alfredo,44,14.0
2025-10-18,4,3,Lasagna Bolognese,36,16.0
2025-10-18,4,4,Bruschetta,41,8.0
2025-10-18,4,5,Tiramisu,45,7.0
2025-10-18,4,6,Caesar Salad,35,10.0
2025-10-18,4,7,Minestrone Soup,40,9.0
2025-10-18,5,1,Margherita Pizza,39,12.0
2025-10-18,5,2,Pasta Alfredo,47,14.0
2025-10-18,5,3,Lasagna Bolognese,36,16.0
2025-10-18,5,4,Bruschetta,45,8.0
2025-10-18,5,5,Tiramisu,47,7.0
2025-10-18,5,6,Caesar Salad,37,10.0
2025-10-18,5,7,Minestrone Soup,47,9.0
2025-10-19,1,1,Margherita Pizza,26,12.0
2025-10-19,1,2,Pasta Alfredo,35,14.0
2025-10-19,1,3,Lasagna Bolognese,27,16.0
2025-10-19,1,4,Bruschetta,29,8.0
2025-10-19,1,5,Tiramisu,38,7.0
2025-10-19,1,6,Caesar Salad,31,10.0
2025-10-19,1,7,Minestrone Soup,31,9.0
2025-10-19,2,1,Margherita Pizza,30,12.0
2025-10-19,2,2,Pasta Alfredo,39,14.0
2025-10-19,2,3,Lasagna Bolognese,28,16.0
2025-10-19,2,4,Bruschetta,23,8.0
2025-10-19,2,5,Tiramisu,36,7.0
2025-10-19,2,6,Caesar Salad,25,10.0
2025-10-19,2,7,Minestrone Soup,32,9.0
2025-10-19,3,1,Margherita Pizza,32,12.0
2025-10-19,3,2,Pasta Alfredo,38,14.0
2025-10-19,3,3,Lasagna Bolognese,25,16.0
2025-10-19,3,4,Bruschetta,35,8.0
2025-10-19,3,5,Tiramisu,43,7.0
2025-10-19,3,6,Caesar Salad,25,10.0
2025-10-19,3,7,Minestrone Soup,28,9.0
2025-10-19,4,1,Margherita Pizza,34,12.0
2025-10-19,4,2,Pasta Alfredo,40,14.0
2025-10-19,4,3,Lasagna Bolognese,32,16.0
2025-10-19,4,4,Bruschetta,30,8.0
2025-10-19,4,5,Tiramisu,38,7.0
2025-10-19,4,6,Caesar Salad,22,10.0
2025-10-19,4,7,Minestrone Soup,38,9.0
2025-10-19,5,1,Margherita Pizza,36,12.0
2025-10-19,5,2,Pasta Alfredo,40,14.0
2025-10-19,5,3,Lasagna Bolognese,26,16.0
2025-10-19,5,4,Bruschetta,32,8.0
2025-10-19,5,5,Tiramisu,43,7.0
2025-10-19,5,6,Caesar Salad,26,10.0
2025-10-19,5,7,Minestrone Soup,36,9.0
2025-10-20,1,1,Margherita Pizza,28,12.0
2025-10-20,1,2,Pasta Alfredo,24,14.0
2025-10-20,1,3,Lasagna Bolognese,15,16.0
2025-10-20,1,4,Bruschetta,23,8.0
2025-10-20,1,5,Tiramisu,22,7.0
2025-10-20,1,6,Caesar Salad,23,10.0
2025-10-20,1,7,Minestrone Soup,26,9.0
2025-10-20,2,1,Margherita Pizza,22,12.0
2025-10-20,2,2,Pasta Alfredo,24,14.0
2025-10-20,2,3,Lasagna Bolognese,18,16.0
2025-10-20,2,4,Bruschetta,22,8.0
2025-10-20,2,5,Tiramisu,28,7.0
2025-10-20,2,6,Caesar Salad,22,10.0
2025-10-20,2,7,Minestrone Soup,20,9.0
2025-10-20,3,1,Margherita Pizza,27,12.0
2025-10-20,3,2,Pasta Alfredo,30,14.0
2025-10-20,3,3,Lasagna Bolognese,19,16.0
2025-10-20,3,4,Bruschetta,21,8.0
2025-10-20,3,5,Tiramisu,28,7.0
2025-10-20,3,6,Caesar Salad,17,10.0
2025-10-20,3,7,Minestrone Soup,27,9.0
2025-10-20,4,1,Margherita Pizza,22,12.0
2025-10-20,4,2,Pasta Alfredo,31,14.0
2025-10-20,4,3,Lasagna Bolognese,21,16.0
2025-10-20,4,4,Bruschetta,24,8.0
2025-10-20,4,5,Tiramisu,29,7.0
2025-10-20,4,6,Caesar Salad,24,10.0
2025-10-20,4,7,Minestrone Soup,22,9.0
2025-10-20,5,1,Margherita Pizza,25,12.0
2025-10-20,5,2,Pasta Alfredo,29,14.0
2025-10-20,5,3,Lasagna Bolognese,22,16.0
2025-10-20,5,4,Bruschetta,24,8.0
2025-10-20,5,5,Tiramisu,25,7.0
2025-10-20,5,6,Caesar Salad,19,10.0
2025-10-20,5,7,Minestrone Soup,31,9.0
2025-10-21,1,1,Margherita Pizza,26,12.0
2025-10-21,1,2,Pasta Alfredo,31,14.0
2025-10-21,1,3,Lasagna Bolognese,21,16.0
2025-10-21,1,4,Bruschetta,25,8.0
2025-10-21,1,5,Tiramisu,29,7.0
2025-10-21,1,6,Caesar Salad,23,10.0
2025-10-21,1,7,Minestrone Soup,26,9.0
2025-10-21,2,1,Margherita Pizza,23,12.0
2025-10-21,2,2,Pasta Alfredo,32,14.0
2025-10-21,2,3,Lasagna Bolognese,15,16.0
2025-10-21,2,4,Bruschetta,28,8.0
2025-10-21,2,5,Tiramisu,27,7.0
2025-10-21,2,6,Caesar Salad,22,10.0
2025-10-21,2,7,Minestrone Soup,23,9.0
2025-10-21,3,1,Margherita Pizza,28,12.0
2025-10-21,3,2,Pasta Alfredo,35,14.0
2025-10-21,3,3,Lasagna Bolognese,28,16.0
2025-10-21,3,4,Bruschetta,24,8.0
2025-10-21,3,5,Tiramisu,36,7.0
2025-10-21,3,6,Caesar Salad,24,10.0
2025-10-21,3,7,Minestrone Soup,27,9.0
2025-10-21,4,1,Margherita Pizza,32,12.0
2025-10-21,4,2,Pasta Alfredo,34,14.0
2025-10-21,4,3,Lasagna Bolognese,27,16.0
2025-10-21,4,4,Bruschetta,27,8.0
2025-10-21,4,5,Tiramisu,33,7.0
2025-10-21,4,6,Caesar Salad,28,10.0
2025-10-21,4,7,Minestrone Soup,34,9.0
2025-10-21,5,1,Margherita Pizza,31,12.0
2025-10-21,5,2,Pasta Alfredo,28,14.0
2025-10-21,5,3,Lasagna Bolognese,25,16.0
2025-10-21,5,4,Bruschetta,31,8.0
2025-10-21,5,5,Tiramisu,36,7.0
2025-10-21,5,6,Caesar Salad,27,10.0
2025-10-21,5,7,Minestrone Soup,30,9.0
2025-10-22,1,1,Margherita Pizza,28,12.0
2025-10-22,1,2,Pasta Alfredo,26,14.0
2025-10-22,1,3,Lasagna Bolognese,25,16.0
2025-10-22,1,4,Bruschetta,30,8.0
2025-10-22,1,5,Tiramisu,27,7.0
2025-10-22,1,6,Caesar Salad,19,10.0
2025-10-22,1,7,Minestrone Soup,27,9.0
2025-10-22,2,1,Margherita Pizza,23,12.0
2025-10-22,2,2,Pasta Alfredo,30,14.0
2025-10-22,2,3,Lasagna Bolognese,26,16.0
2025-10-22,2,4,Bruschetta,29,8.0
2025-10-22,2,5,Tiramisu,37,7.0
2025-10-22,2,6,Caesar Salad,23,10.0
2025-10-22,2,7,Minestrone Soup,25,9.0
2025-10-22,3,1,Margherita Pizza,29,12.0
2025-10-22,3,2,Pasta Alfredo,33,14.0
2025-10-22,3,3,Lasagna Bolognese,23,16.0
2025-10-22,3,4,Bruschetta,28,8.0
2025-10-22,3,5,Tiramisu,30,7.0
2025-10-22,3,6,Caesar Salad,24,10.0
2025-10-22,3,7,Minestrone Soup,24,9.0
2025-10-22,4,1,Margherita Pizza,28,12.0
2025-10-22,4,2,Pasta Alfredo,34,14.0
2025-10-22,4,3,Lasagna Bolognese,18,16.0
2025-10-22,4,4,Bruschetta,32,8.0
2025-10-22,4,5,Tiramisu,28,7.0
2025-10-22,4,6,Caesar Salad,27,10.0
2025-10-22,4,7,Minestrone Soup,26,9.0
2025-10-22,5,1,Margherita Pizza,30,12.0
2025-10-22,5,2,Pasta Alfredo,38,14.0
2025-10-22,5,3,Lasagna Bolognese,32,16.0
2025-10-22,5,4,Bruschetta,31,8.0
2025-10-22,5,5,Tiramisu,30,7.0
2025-10-22,5,6,Caesar Salad,29,10.0
2025-10-22,5,7,Minestrone Soup,30,9.0
2025-10-23,1,1,Margherita Pizza,26,12.0
2025-10-23,1,2,Pasta Alfredo,32,14.0
2025-10-23,1,3,Lasagna Bolognese,15,16.0
2025-10-23,1,4,Bruschetta,26,8.0
2025-10-23,1,5,Tiramisu,29,7.0
2025-10-23,1,6,Caesar Salad,25,10.0
2025-10-23,1,7,Minestrone Soup,28,9.0
2025-10-23,2,1,Margherita Pizza,22,12.0
2025-10-23,2,2,Pasta Alfredo,35,14.0
2025-10-23,2,3,Lasagna Bolognese,24,16.0
2025-10-23,2,4,Bruschetta,22,8.0
2025-10-23,2,5,Tiramisu,32,7.0
2025-10-23,2,6,Caesar Salad,26,10.0
2025-10-23,2,7,Minestrone Soup,23,9.0
2025-10-23,3,1,Margherita Pizza,32,12.0
2025-10-23,3,2,Pasta Alfredo,29,14.0
2025-10-23,3,3,Lasagna Bolognese,21,16.0
2025-10-23,3,4,Bruschetta,26,8.0
2025-10-23,3,5,Tiramisu,37,7.0
2025-10-23,3,6,Caesar Salad,22,10.0
2025-10-23,3,7,Minestrone Soup,25,9.0
2025-10-23,4,1,Margherita Pizza,31,12.0
2025-10-23,4,2,Pasta Alfredo,37,14.0
2025-10-23,4,3,Lasagna Bolognese,27,16.0
2025-10-23,4,4,Bruschetta,29,8.0
2025-10-23,4,5,Tiramisu,35,7.0
2025-10-23,4,6,Caesar Salad,23,10.0
2025-10-23,4,7,Minestrone Soup,35,9.0
2025-10-23,5,1,Margherita Pizza,34,12.0
2025-10-23,5,2,Pasta Alfredo,39,14.0
2025-10-23,5,3,Lasagna Bolognese,28,16.0
2025-10-23,5,4,Bruschetta,33,8.0
2025-10-23,5,5,Tiramisu,32,7.0
2025-10-23,5,6,Caesar Salad,28,10.0
2025-10-23,5,7,Minestrone Soup,31,9.0
2025-10-24,1,1,Margherita Pizza,38,12.0
2025-10-24,1,2,Pasta Alfredo,43,14.0
2025-10-24,1,3,Lasagna Bolognese,31,16.0
2025-10-24,1,4,Bruschetta,30,8.0
2025-10-24,1,5,Tiramisu,40,7.0
2025-10-24,1,6,Caesar Salad,27,10.0
2025-10-24,1,7,Minestrone Soup,35,9.0
2025-10-24,2,1,Margherita Pizza,35,12.0
2025-10-24,2,2,Pasta Alfredo,42,14.0
2025-10-24,2,3,Lasagna Bolognese,32,16.0
2025-10-24,2,4,Bruschetta,35,8.0
2025-10-24,2,5,Tiramisu,43,7.0
2025-10-24,2,6,Caesar Salad,26,10.0
2025-10-24,2,7,Minestrone Soup,34,9.0
2025-10-24,3,1,Margherita Pizza,40,12.0
2025-10-24,3,2,Pasta Alfredo,41,14.0
2025-10-24,3,3,Lasagna Bolognese,36,16.0
2025-10-24,3,4,Bruschetta,41,8.0
2025-10-24,3,5,Tiramisu,44,7.0
2025-10-24,3,6,Caesar Salad,41,10.0
2025-10-24,3,7,Minestrone Soup,42,9.0
2025-10-24,4,1,Margherita Pizza,37,12.0
2025-10-24,4,2,Pasta Alfredo,49,14.0
2025-10-24,4,3,Lasagna Bolognese,34,16.0
2025-10-24,4,4,Bruschetta,38,8.0
2025-10-24,4,5,Tiramisu,44,7.0
2025-10-24,4,6,Caesar Salad,36,10.0
2025-10-24,4,7,Minestrone Soup,38,9.0
2025-10-24,5,1,Margherita Pizza,42,12.0
2025-10-24,5,2,Pasta Alfredo,46,14.0
2025-10-24,5,3,Lasagna Bolognese,33,16.0
2025-10-24,5,4,Bruschetta,42,8.0
2025-10-24,5,5,Tiramisu,50,7.0
2025-10-24,5,6,Caesar Salad,27,10.0
2025-10-24,5,7,Minestrone Soup,42,9.0
2025-10-25,1,1,Margherita Pizza,32,12.0
2025-10-25,1,2,Pasta Alfredo,45,14.0
2025-10-25,1,3,Lasagna Bolognese,38,16.0
2025-10-25,1,4,Bruschetta,34,8.0
2025-10-25,1,5,Tiramisu,35,7.0
2025-10-25,1,6,Caesar Salad,29,10.0
2025-10-25,1,7,Minestrone Soup,34,9.0
2025-10-25,2,1,Margherita Pizza,42,12.0
2025-10-25,2,2,Pasta Alfredo,48,14.0
2025-10-25,2,3,Lasagna Bolognese,33,16.0
2025-10-25,2,4,Bruschetta,35,8.0
2025-10-25,2,5,Tiramisu,45,7.0
2025-10-25,2,6,Caesar Salad,31,10.0
2025-10-25,2,7,Minestrone Soup,37,9.0
2025-10-25,3,1,Margherita Pizza,34,12.0
2025-10-25,3,2,Pasta Alfredo,48,14.0
2025-10-25,3,3,Lasagna Bolognese,32,16.0
2025-10-25,3,4,Bruschetta,38,8.0
2025-10-25,3,5,Tiramisu,43,7.0
2025-10-25,3,6,Caesar Salad,30,10.0
2025-10-25,3,7,Minestrone Soup,39,9.0
2025-10-25,4,1,Margherita Pizza,35,12.0
2025-10-25,4,2,Pasta Alfredo,49,14.0
2025-10-25,4,3,Lasagna Bolognese,30,16.0
2025-10-25,4,4,Bruschetta,34,8.0
2025-10-25,4,5,Tiramisu,52,7.0
2025-10-25,4,6,Caesar Salad,31,10.0
2025-10-25,4,7,Minestrone Soup,38,9.0
2025-10-25,5,1,Margherita Pizza,45,12.0
2025-10-25,5,2,Pasta Alfredo,54,14.0
2025-10-25,5,3,Lasagna Bolognese,30,16.0
2025-10-25,5,4,Bruschetta,39,8.0
2025-10-25,5,5,Tiramisu,46,7.0
2025-10-25,5,6,Caesar Salad,38,10.0
2025-10-25,5,7,Minestrone Soup,47,9.0
2025-10-26,1,1,Margherita Pizza,26,12.0
2025-10-26,1,2,Pasta Alfredo,39,14.0
2025-10-26,1,3,Lasagna Bolognese,22,16.0
2025-10-26,1,4,Bruschetta,31,8.0
2025-10-26,1,5,Tiramisu,31,7.0
2025-10-26,1,6,Caesar Salad,24,10.0
2025-10-26,1,7,Minestrone Soup,29,9.0
2025-10-26,2,1,Margherita Pizza,30,12.0
2025-10-26,2,2,Pasta Alfredo,37,14.0
2025-10-26,2,3,Lasagna Bolognese,23,16.0
2025-10-26,2,4,Bruschetta,28,8.0
2025-10-26,2,5,Tiramisu,38,7.0
2025-10-26,2,6,Caesar Salad,30,10.0
2025-10-26,2,7,Minestrone Soup,31,9.0
2025-10-26,3,1,Margherita Pizza,34,12.0
2025-10-26,3,2,Pasta Alfredo,40,14.0
2025-10-26,3,3,Lasagna Bolognese,30,16.0
2025-10-26,3,4,Bruschetta,30,8.0
2025-10-26,3,5,Tiramisu,36,7.0
2025-10-26,3,6,Caesar Salad,25,10.0
2025-10-26,3,7,Minestrone Soup,38,9.0
2025-10-26,4,1,Margherita Pizza,36,12.0
2025-10-26,4,2,Pasta Alfredo,41,14.0
2025-10-26,4,3,Lasagna Bolognese,30,16.0
2025-10-26,4,4,Bruschetta,30,8.0
2025-10-26,4,5,Tiramisu,46,7.0
2025-10-26,4,6,Caesar Salad,30,10.0
2025-10-26,4,7,Minestrone Soup,36,9.0
2025-10-26,5,1,Margherita Pizza,30,12.0
2025-10-26,5,2,Pasta Alfredo,44,14.0
2025-10-26,5,3,Lasagna Bolognese,29,16.0
2025-10-26,5,4,Bruschetta,32,8.0
2025-10-26,5,5,Tiramisu,39,7.0
2025-10-26,5,6,Caesar Salad,26,10.0
2025-10-26,5,7,Minestrone Soup,32,9.0
2025-10-27,1,1,Margherita Pizza,22,12.0
2025-10-27,1,2,Pasta Alfredo,24,14.0
2025-10-27,1,3,Lasagna Bolognese,19,16.0
2025-10-27,1,4,Bruschetta,27,8.0
2025-10-27,1,5,Tiramisu,25,7.0
2025-10-27,1,6,Caesar Salad,11,10.0
2025-10-27,1,7,Minestrone Soup,21,9.0
2025-10-27,2,1,Margherita Pizza,27,12.0
2025-10-27,2,2,Pasta Alfredo,27,14.0
2025-10-27,2,3,Lasagna Bolognese,24,16.0
2025-10-27,2,4,Bruschetta,24,8.0
2025-10-27,2,5,Tiramisu,21,7.0
2025-10-27,2,6,Caesar Salad,19,10.0
2025-10-27,2,7,Minestrone Soup,24,9.0
2025-10-27,3,1,Margherita Pizza,27,12.0
2025-10-27,3,2,Pasta Alfredo,34,14.0
2025-10-27,3,3,Lasagna Bolognese,23,16.0
2025-10-27,3,4,Bruschetta,25,8.0
2025-10-27,3,5,Tiramisu,30,7.0
2025-10-27,3,6,Caesar Salad,20,10.0
2025-10-27,3,7,Minestrone Soup,20,9.0
2025-10-27,4,1,Margherita Pizza,25,12.0
2025-10-27,4,2,Pasta Alfredo,31,14.0
2025-10-27,4,3,Lasagna Bolognese,17,16.0
2025-10-27,4,4,Bruschetta,29,8.0
2025-10-27,4,5,Tiramisu,32,7.0
2025-10-27,4,6,Caesar Salad,17,10.0
2025-10-27,4,7,Minestrone Soup,29,9.0
2025-10-27,5,1,Margherita Pizza,25,12.0
2025-10-27,5,2,Pasta Alfredo,28,14.0
2025-10-27,5,3,Lasagna Bolognese,25,16.0
2025-10-27,5,4,Bruschetta,26,8.0
2025-10-27,5,5,Tiramisu,36,7.0
2025-10-27,5,6,Caesar Salad,19,10.0
2025-10-27,5,7,Minestrone Soup,21,9.0
2025-10-28,1,1,Margherita Pizza,25,12.0
2025-10-28,1,2,Pasta Alfredo,32,14.0
2025-10-28,1,3,Lasagna Bolognese,19,16.0
2025-10-28,1,4,Bruschetta,22,8.0
2025-10-28,1,5,Tiramisu,31,7.0
2025-10-28,1,6,Caesar Salad,17,10.0
2025-10-28,1,7,Minestrone Soup,27,9.0
2025-10-28,2,1,Margherita Pizza,26,12.0
2025-10-28,2,2,Pasta Alfredo,33,14.0
2025-10-28,2,3,Lasagna Bolognese,18,16.0
2025-10-28,2,4,Bruschetta,31,8.0
2025-10-28,2,5,Tiramisu,31,7.0
2025-10-28,2,6,Caesar Salad,25,10.0
2025-10-28,2,7,Minestrone Soup,30,9.0
2025-10-28,3,1,Margherita Pizza,25,12.0
2025-10-28,3,2,Pasta Alfredo,36,14.0
2025-10-28,3,3,Lasagna Bolognese,19,16.0
2025-10-28,3,4,Bruschetta,24,8.0
2025-10-28,3,5,Tiramisu,39,7.0
2025-10-28,3,6,Caesar Salad,27,10.0
2025-10-28,3,7,Minestrone Soup,35,9.0
2025-10-28,4,1,Margherita Pizza,29,12.0
2025-10-28,4,2,Pasta Alfredo,35,14.0
2025-10-28,4,3,Lasagna Bolognese,26,16.0
2025-10-28,4,4,Bruschetta,30,8.0
2025-10-28,4,5,Tiramisu,32,7.0
2025-10-28,4,6,Caesar Salad,22,10.0
2025-10-28,4,7,Minestrone Soup,30,9.0
2025-10-28,5,1,Margherita Pizza,28,12.0
2025-10-28,5,2,Pasta Alfredo,33,14.0
2025-10-28,5,3,Lasagna Bolognese,27,16.0
2025-10-28,5,4,Bruschetta,31,8.0
2025-10-28,5,5,Tiramisu,39,7.0
2025-10-28,5,6,Caesar Salad,25,10.0
2025-10-28,5,7,Minestrone Soup,29,9.0
2025-10-29,1,1,Margherita Pizza,27,12.0
2025-10-29,1,2,Pasta Alfredo,27,14.0
2025-10-29,1,3,Lasagna Bolognese,19,16.0
2025-10-29,1,4,Bruschetta,24,8.0
2025-10-29,1,5,Tiramisu,29,7.0
2025-10-29,1,6,Caesar Salad,27,10.0
2025-10-29,1,7,Minestrone Soup,22,9.0
2025-10-29,2,1,Margherita Pizza,31,12.0
2025-10-29,2,2,Pasta Alfredo,34,14.0
2025-10-29,2,3,Lasagna Bolognese,27,16.0
2025-10-29,2,4,Bruschetta,36,8.0
2025-10-29,2,5,Tiramisu,36,7.0
2025-10-29,2,6,Caesar Salad,25,10.0
2025-10-29,2,7,Minestrone Soup,23,9.0
2025-10-29,3,1,Margherita Pizza,25,12.0
2025-10-29,3,2,Pasta Alfredo,34,14.0
2025-10-29,3,3,Lasagna Bolognese,19,16.0
2025-10-29,3,4,Bruschetta,30,8.0
2025-10-29,3,5,Tiramisu,27,7.0
2025-10-29,3,6,Caesar Salad,27,10.0
2025-10-29,3,7,Minestrone Soup,27,9.0
2025-10-29,4,1,Margherita Pizza,30,12.0
2025-10-29,4,2,Pasta Alfredo,32,14.0
2025-10-29,4,3,Lasagna Bolognese,19,16.0
2025-10-29,4,4,Bruschetta,33,8.0
2025-10-29,4,5,Tiramisu,39,7.0
2025-10-29,4,6,Caesar Salad,24,10.0
2025-10-29,4,7,Minestrone Soup,32,9.0
2025-10-29,5,1,Margherita Pizza,30,12.0
2025-10-29,5,2,Pasta Alfredo,37,14.0
2025-10-29,5,3,Lasagna Bolognese,28,16.0
2025-10-29,5,4,Bruschetta,33,8.0
2025-10-29,5,5,Tiramisu,40,7.0
2025-10-29,5,6,Caesar Salad,27,10.0
2025-10-29,5,7,Minestrone Soup,31,9.0
2025-10-30,1,1,Margherita Pizza,23,12.0
2025-10-30,1,2,Pasta Alfredo,28,14.0
2025-10-30,1,3,Lasagna Bolognese,24,16.0
2025-10-30,1,4,Bruschetta,21,8.0
2025-10-30,1,5,Tiramisu,33,7.0
2025-10-30,1,6,Caesar Salad,21,10.0
2025-10-30,1,7,Minestrone Soup,23,9.0
2025-10-30,2,1,Margherita Pizza,24,12.0
2025-10-30,2,2,Pasta Alfredo,34,14.0
2025-10-30,2,3,Lasagna Bolognese,22,16.0
2025-10-30,2,4,Bruschetta,32,8.0
2025-10-30,2,5,Tiramisu,28,7.0
2025-10-30,2,6,Caesar Salad,21,10.0
2025-10-30,2,7,Minestrone Soup,27,9.0
2025-10-30,3,1,Margherita Pizza,26,12.0
2025-10-30,3,2,Pasta Alfredo,33,14.0
2025-10-30,3,3,Lasagna Bolognese,25,16.0
2025-10-30,3,4,Bruschetta,30,8.0
2025-10-30,3,5,Tiramisu,38,7.0
2025-10-30,3,6,Caesar Salad,20,10.0
2025-10-30,3,7,Minestrone Soup,29,9.0
2025-10-30,4,1,Margherita Pizza,28,12.0
2025-10-30,4,2,Pasta Alfredo,36,14.0
2025-10-30,4,3,Lasagna Bolognese,26,16.0
2025-10-30,4,4,Bruschetta,27,8.0
2025-10-30,4,5,Tiramisu,32,7.0
2025-10-30,4,6,Caesar Salad,26,10.0
2025-10-30,4,7,Minestrone Soup,30,9.0
2025-10-30,5,1,Margherita Pizza,30,12.0
2025-10-30,5,2,Pasta Alfredo,38,14.0
2025-10-30,5,3,Lasagna Bolognese,28,16.0
2025-10-30,5,4,Bruschetta,29,8.0
2025-10-30,5,5,Tiramisu,34,7.0
2025-10-30,5,6,Caesar Salad,22,10.0
2025-10-30,5,7,Minestrone Soup,31,9.0
2025-10-31,1,1,Margherita Pizza,30,12.0
2025-10-31,1,2,Pasta Alfredo,41,14.0
2025-10-31,1,3,Lasagna Bolognese,33,16.0
2025-10-31,1,4,Bruschetta,34,8.0
2025-10-31,1,5,Tiramisu,39,7.0
2025-10-31,1,6,Caesar Salad,35,10.0
2025-10-31,1,7,Minestrone Soup,39,9.0
2025-10-31,2,1,Margherita Pizza,34,12.0
2025-10-31,2,2,Pasta Alfredo,43,14.0
2025-10-31,2,3,Lasagna Bolognese,31,16.0
2025-10-31,2,4,Bruschetta,37,8.0
2025-10-31,2,5,Tiramisu,48,7.0
2025-10-31,2,6,Caesar Salad,31,10.0
2025-10-31,2,7,Minestrone Soup,37,9.0
2025-10-31,3,1,Margherita Pizza,40,12.0
2025-10-31,3,2,Pasta Alfredo,48,14.0
2025-10-31,3,3,Lasagna Bolognese,35,16.0
2025-10-31,3,4,Bruschetta,40,8.0
2025-10-31,3,5,Tiramisu,40,7.0
2025-10-31,3,6,Caesar Salad,30,10.0
2025-10-31,3,7,Minestrone Soup,41,9.0
2025-10-31,4,1,Margherita Pizza,41,12.0
2025-10-31,4,2,Pasta Alfredo,49,14.0
2025-10-31,4,3,Lasagna Bolognese,39,16.0
2025-10-31,4,4,Bruschetta,37,8.0
2025-10-31,4,5,Tiramisu,50,7.0
2025-10-31,4,6,Caesar Salad,32,10.0
2025-10-31,4,7,Minestrone Soup,43,9.0
2025-10-31,5,1,Margherita Pizza,42,12.0
2025-10-31,5,2,Pasta Alfredo,55,14.0
2025-10-31,5,3,Lasagna Bolognese,35,16.0
2025-10-31,5,4,Bruschetta,40,8.0
2025-10-31,5,5,Tiramisu,50,7.0
2025-10-31,5,6,Caesar Salad,36,10.0
2025-10-31,5,7,Minestrone Soup,45,9.0
2025-11-01,1,1,Margherita Pizza,36,12.0
2025-11-01,1,2,Pasta Alfredo,48,14.0
2025-11-01,1,3,Lasagna Bolognese,29,16.0
2025-11-01,1,4,Bruschetta,35,8.0
2025-11-01,1,5,Tiramisu,39,7.0
2025-11-01,1,6,Caesar Salad,30,10.0
2025-11-01,1,7,Minestrone Soup,36,9.0
2025-11-01,2,1,Margherita Pizza,38,12.0
2025-11-01,2,2,Pasta Alfredo,43,14.0
2025-11-01,2,3,Lasagna Bolognese,29,16.0
2025-11-01,2,4,Bruschetta,34,8.0
2025-11-01,2,5,Tiramisu,42,7.0
2025-11-01,2,6,Caesar Salad,34,10.0
2025-11-01,2,7,Minestrone Soup,41,9.0
2025-11-01,3,1,Margherita Pizza,39,12.0
2025-11-01,3,2,Pasta Alfredo,42,14.0
2025-11-01,3,3,Lasagna Bolognese,32,16.0
2025-11-01,3,4,Bruschetta,45,8.0
2025-11-01,3,5,Tiramisu,48,7.0
2025-11-01,3,6,Caesar Salad,34,10.0
2025-11-01,3,7,Minestrone Soup,42,9.0
2025-11-01,4,1,Margherita Pizza,45,12.0
2025-11-01,4,2,Pasta Alfredo,44,14.0
2025-11-01,4,3,Lasagna Bolognese,33,16.0
2025-11-01,4,4,Bruschetta,39,8.0
2025-11-01,4,5,Tiramisu,49,7.0
2025-11-01,4,6,Caesar Salad,34,10.0
2025-11-01,4,7,Minestrone Soup,43,9.0
2025-11-01,5,1,Margherita Pizza,41,12.0
2025-11-01,5,2,Pasta Alfredo,54,14.0
2025-11-01,5,3,Lasagna Bolognese,35,16.0
2025-11-01,5,4,Bruschetta,45,8.0
2025-11-01,5,5,Tiramisu,53,7.0
2025-11-01,5,6,Caesar Salad,39,10.0
2025-11-01,5,7,Minestrone Soup,44,9.0
2025-11-02,1,1,Margherita Pizza,32,12.0
2025-11-02,1,2,Pasta Alfredo,40,14.0
2025-11-02,1,3,Lasagna Bolognese,26,16.0
2025-11-02,1,4,Bruschetta,28,8.0
2025-11-02,1,5,Tiramisu,37,7.0
2025-11-02,1,6,Caesar Salad,25,10.0
2025-11-02,1,7,Minestrone Soup,23,9.0
2025-11-02,2,1,Margherita Pizza,33,12.0
2025-11-02,2,2,Pasta Alfredo,37,14.0
2025-11-02,2,3,Lasagna Bolognese,30,16.0
2025-11-02,2,4,Bruschetta,29,8.0
2025-11-02,2,5,Tiramisu,32,7.0
2025-11-02,2,6,Caesar Salad,27,10.0
2025-11-02,2,7,Minestrone Soup,33,9.0
2025-11-02,3,1,Margherita Pizza,33,12.0
2025-11-02,3,2,Pasta Alfredo,39,14.0
2025-11-02,3,3,Lasagna Bolognese,24,16.0
2025-11-02,3,4,Bruschetta,33,8.0
2025-11-02,3,5,Tiramisu,38,7.0
2025-11-02,3,6,Caesar Salad,31,10.0
2025-11-02,3,7,Minestrone Soup,34,9.0
2025-11-02,4,1,Margherita Pizza,34,12.0
2025-11-02,4,2,Pasta Alfredo,46,14.0
2025-11-02,4,3,Lasagna Bolognese,28,16.0
2025-11-02,4,4,Bruschetta,36,8.0
2025-11-02,4,5,Tiramisu,40,7.0
2025-11-02,4,6,Caesar Salad,34,10.0
2025-11-02,4,7,Minestrone Soup,35,9.0
2025-11-02,5,1,Margherita Pizza,37,12.0
2025-11-02,5,2,Pasta Alfredo,42,14.0
2025-11-02,5,3,Lasagna Bolognese,31,16.0
2025-11-02,5,4,Bruschetta,40,8.0
2025-11-02,5,5,Tiramisu,45,7.0
2025-11-02,5,6,Caesar Salad,30,10.0
2025-11-02,5,7,Minestrone Soup,41,9.0
2025-11-03,1,1,Margherita Pizza,25,12.0
2025-11-03,1,2,Pasta Alfredo,25,14.0
2025-11-03,1,3,Lasagna Bolognese,14,16.0
2025-11-03,1,4,Bruschetta,21,8.0
2025-11-03,1,5,Tiramisu,27,7.0
2025-11-03,1,6,Caesar Salad,20,10.0
2025-11-03,1,7,Minestrone Soup,26,9.0
2025-11-03,2,1,Margherita Pizza,20,12.0
2025-11-03,2,2,Pasta Alfredo,26,14.0
2025-11-03,2,3,Lasagna Bolognese,16,16.0
2025-11-03,2,4,Bruschetta,19,8.0
2025-11-03,2,5,Tiramisu,25,7.0
2025-11-03,2,6,Caesar Salad,21,10.0
2025-11-03,2,7,Minestrone Soup,26,9.0
2025-11-03,3,1,Margherita Pizza,22,12.0
2025-11-03,3,2,Pasta Alfredo,26,14.0
2025-11-03,3,3,Lasagna Bolognese,15,16.0
2025-11-03,3,4,Bruschetta,25,8.0
2025-11-03,3,5,Tiramisu,26,7.0
2025-11-03,3,6,Caesar Salad,25,10.0
2025-11-03,3,7,Minestrone Soup,26,9.0
2025-11-03,4,1,Margherita Pizza,25,12.0
2025-11-03,4,2,Pasta Alfredo,28,14.0
2025-11-03,4,3,Lasagna Bolognese,17,16.0
2025-11-03,4,4,Bruschetta,22,8.0
2025-11-03,4,5,Tiramisu,28,7.0
2025-11-03,4,6,Caesar Salad,19,10.0
2025-11-03,4,7,Minestrone Soup,23,9.0
2025-11-03,5,1,Margherita Pizza,28,12.0
2025-11-03,5,2,Pasta Alfredo,33,14.0
2025-11-03,5,3,Lasagna Bolognese,21,16.0
2025-11-03,5,4,Bruschetta,33,8.0
2025-11-03,5,5,Tiramisu,26,7.0
2025-11-03,5,6,Caesar Salad,22,10.0
2025-11-03,5,7,Minestrone Soup,26,9.0
2025-11-04,1,1,Margherita Pizza,24,12.0
2025-11-04,1,2,Pasta Alfredo,28,14.0
2025-11-04,1,3,Lasagna Bolognese,22,16.0
2025-11-04,1,4,Bruschetta,25,8.0
2025-11-04,1,5,Tiramisu,29,7.0
2025-11-04,1,6,Caesar Salad,18,10.0
2025-11-04,1,7,Minestrone Soup,21,9.0
2025-11-04,2,1,Margherita Pizza,27,12.0
2025-11-04,2,2,Pasta Alfredo,31,14.0
2025-11-04,2,3,Lasagna Bolognese,22,16.0
2025-11-04,2,4,Bruschetta,27,8.0
2025-11-04,2,5,Tiramisu,30,7.0
2025-11-04,2,6,Caesar Salad,22,10.0
2025-11-04,2,7,Minestrone Soup,25,9.0
2025-11-04,3,1,Margherita Pizza,33,12.0
2025-11-04,3,2,Pasta Alfredo,31,14.0
2025-11-04,3,3,Lasagna Bolognese,23,16.0
2025-11-04,3,4,Bruschetta,27,8.0
2025-11-04,3,5,Tiramisu,31,7.0
2025-11-04,3,6,Caesar Salad,24,10.0
2025-11-04,3,7,Minestrone Soup,28,9.0
2025-11-04,4,1,Margherita Pizza,29,12.0
2025-11-04,4,2,Pasta Alfredo,34,14.0
2025-11-04,4,3,Lasagna Bolognese,23,16.0
2025-11-04,4,4,Bruschetta,31,8.0
2025-11-04,4,5,Tiramisu,41,7.0
2025-11-04,4,6,Caesar Salad,22,10.0
2025-11-04,4,7,Minestrone Soup,31,9.0
2025-11-04,5,1,Margherita Pizza,32,12.0
2025-11-04,5,2,Pasta Alfredo,39,14.0
2025-11-04,5,3,Lasagna Bolognese,28,16.0
2025-11-04,5,4,Bruschetta,32,8.0
2025-11-04,5,5,Tiramisu,37,7.0
2025-11-04,5,6,Caesar Salad,25,10.0
2025-11-04,5,7,Minestrone Soup,29,9.0
2025-11-05,1,1,Margherita Pizza,26,12.0
2025-11-05,1,2,Pasta Alfredo,27,14.0
2025-11-05,1,3,Lasagna Bolognese,20,16.0
2025-11-05,1,4,Bruschetta,29,8.0
2025-11-05,1,5,Tiramisu,31,7.0
2025-11-05,1,6,Caesar Salad,24,10.0
2025-11-05,1,7,Minestrone Soup,30,9.0
2025-11-05,2,1,Margherita Pizza,27,12.0
2025-11-05,2,2,Pasta Alfredo,33,14.0
2025-11-05,2,3,Lasagna Bolognese,22,16.0
2025-11-05,2,4,Bruschetta,25,8.0
2025-11-05,2,5,Tiramisu,29,7.0
2025-11-05,2,6,Caesar Salad,25,10.0
2025-11-05,2,7,Minestrone Soup,28,9.0
2025-11-05,3,1,Margherita Pizza,34,12.0
2025-11-05,3,2,Pasta Alfredo,36,14.0
2025-11-05,3,3,Lasagna Bolognese,22,16.0
2025-11-05,3,4,Bruschetta,31,8.0
2025-11-05,3,5,Tiramisu,33,7.0
2025-11-05,3,6,Caesar Salad,28,10.0
2025-11-05,3,7,Minestrone Soup,27,9.0
2025-11-05,4,1,Margherita Pizza,27,12.0
2025-11-05,4,2,Pasta Alfredo,33,14.0
2025-11-05,4,3,Lasagna Bolognese,23,16.0
2025-11-05,4,4,Bruschetta,28,8.0
2025-11-05,4,5,Tiramisu,33,7.0
2025-11-05,4,6,Caesar Salad,28,10.0
2025-11-05,4,7,Minestrone Soup,36,9.0
2025-11-05,5,1,Margherita Pizza,28,12.0
2025-11-05,5,2,Pasta Alfredo,41,14.0
2025-11-05,5,3,Lasagna Bolognese,25,16.0
2025-11-05,5,4,Bruschetta,33,8.0
2025-11-05,5,5,Tiramisu,32,7.0
2025-11-05,5,6,Caesar Salad,28,10.0
2025-11-05,5,7,Minestrone Soup,25,9.0
2025-11-06,1,1,Margherita Pizza,27,12.0
2025-11-06,1,2,Pasta Alfredo,31,14.0
2025-11-06,1,3,Lasagna Bolognese,22,16.0
2025-11-06,1,4,Bruschetta,24,8.0
2025-11-06,1,5,Tiramisu,32,7.0
2025-11-06,1,6,Caesar Salad,23,10.0
2025-11-06,1,7,Minestrone Soup,25,9.0
2025-11-06,2,1,Margherita Pizza,29,12.0
2025-11-06,2,2,Pasta Alfredo,32,14.0
2025-11-06,2,3,Lasagna Bolognese,24,16.0
2025-11-06,2,4,Bruschetta,27,8.0
2025-11-06,2,5,Tiramisu,33,7.0
2025-11-06,2,6,Caesar Salad,25,10.0
2025-11-06,2,7,Minestrone Soup,26,9.0
2025-11-06,3,1,Margherita Pizza,25,12.0
2025-11-06,3,2,Pasta Alfredo,34,14.0
2025-11-06,3,3,Lasagna Bolognese,28,16.0
2025-11-06,3,4,Bruschetta,30,8.0
2025-11-06,3,5,Tiramisu,35,7.0
2025-11-06,3,6,Caesar Salad,24,10.0
2025-11-06,3,7,Minestrone Soup,31,9.0
2025-11-06,4,1,Margherita Pizza,30,12.0
2025-11-06,4,2,Pasta Alfredo,34,14.0
2025-11-06,4,3,Lasagna Bolognese,28,16.0
2025-11-06,4,4,Bruschetta,29,8.0
2025-11-06,4,5,Tiramisu,38,7.0
2025-11-06,4,6,Caesar Salad,28,10.0
2025-11-06,4,7,Minestrone Soup,32,9.0
2025-11-06,5,1,Margherita Pizza,28,12.0
2025-11-06,5,2,Pasta Alfredo,37,14.0
2025-11-06,5,3,Lasagna Bolognese,26,16.0
2025-11-06,5,4,Bruschetta,30,8.0
2025-11-06,5,5,Tiramisu,37,7.0
2025-11-06,5,6,Caesar Salad,29,10.0
2025-11-06,5,7,Minestrone Soup,30,9.0
2025-11-07,1,1,Margherita Pizza,35,12.0
2025-11-07,1,2,Pasta Alfredo,40,14.0
2025-11-07,1,3,Lasagna Bolognese,33,16.0
2025-11-07,1,4,Bruschetta,34,8.0
2025-11-07,1,5,Tiramisu,37,7.0
2025-11-07,1,6,Caesar Salad,25,10.0
2025-11-07,1,7,Minestrone Soup,36,9.0
2025-11-07,2,1,Margherita Pizza,35,12.0
2025-11-07,2,2,Pasta Alfredo,45,14.0
2025-11-07,2,3,Lasagna Bolognese,27,16.0
2025-11-07,2,4,Bruschetta,35,8.0
2025-11-07,2,5,Tiramisu,39,7.0
2025-11-07,2,6,Caesar Salad,32,10.0
2025-11-07,2,7,Minestrone Soup,39,9.0
2025-11-07,3,1,Margherita Pizza,40,12.0
2025-11-07,3,2,Pasta Alfredo,42,14.0
2025-11-07,3,3,Lasagna Bolognese,30,16.0
2025-11-07,3,4,Bruschetta,40,8.0
2025-11-07,3,5,Tiramisu,40,7.0
2025-11-07,3,6,Caesar Salad,32,10.0
2025-11-07,3,7,Minestrone Soup,43,9.0
2025-11-07,4,1,Margherita Pizza,40,12.0
2025-11-07,4,2,Pasta Alfredo,43,14.0
2025-11-07,4,3,Lasagna Bolognese,32,16.0
2025-11-07,4,4,Bruschetta,39,8.0
2025-11-07,4,5,Tiramisu,54,7.0
2025-11-07,4,6,Caesar Salad,39,10.0
2025-11-07,4,7,Minestrone Soup,43,9.0
2025-11-07,5,1,Margherita Pizza,42,12.0
2025-11-07,5,2,Pasta Alfredo,53,14.0
2025-11-07,5,3,Lasagna Bolognese,32,16.0
2025-11-07,5,4,Bruschetta,46,8.0
2025-11-07,5,5,Tiramisu,52,7.0
2025-11-07,5,6,Caesar Salad,35,10.0
2025-11-07,5,7,Minestrone Soup,46,9.0
2025-11-08,1,1,Margherita Pizza,34,12.0
2025-11-08,1,2,Pasta Alfredo,37,14.0
2025-11-08,1,3,Lasagna Bolognese,32,16.0
2025-11-08,1,4,Bruschetta,35,8.0
2025-11-08,1,5,Tiramisu,43,7.0
2025-11-08,1,6,Caesar Salad,35,10.0
2025-11-08,1,7,Minestrone Soup,33,9.0
2025-11-08,2,1,Margherita Pizza,37,12.0
2025-11-08,2,2,Pasta Alfredo,48,14.0
2025-11-08,2,3,Lasagna Bolognese,33,16.0
2025-11-08,2,4,Bruschetta,35,8.0
2025-11-08,2,5,Tiramisu,40,7.0
2025-11-08,2,6,Caesar Salad,29,10.0
2025-11-08,2,7,Minestrone Soup,35,9.0
2025-11-08,3,1,Margherita Pizza,40,12.0
2025-11-08,3,2,Pasta Alfredo,46,14.0
2025-11-08,3,3,Lasagna Bolognese,33,16.0
2025-11-08,3,4,Bruschetta,36,8.0
2025-11-08,3,5,Tiramisu,45,7.0
2025-11-08,3,6,Caesar Salad,26,10.0
2025-11-08,3,7,Minestrone Soup,39,9.0
2025-11-08,4,1,Margherita Pizza,44,12.0
2025-11-08,4,2,Pasta Alfredo,43,14.0
2025-11-08,4,3,Lasagna Bolognese,35,16.0
2025-11-08,4,4,Bruschetta,39,8.0
2025-11-08,4,5,Tiramisu,50,7.0
2025-11-08,4,6,Caesar Salad,34,10.0
2025-11-08,4,7,Minestrone Soup,42,9.0
2025-11-08,5,1,Margherita Pizza,43,12.0
2025-11-08,5,2,Pasta Alfredo,54,14.0
2025-11-08,5,3,Lasagna Bolognese,36,16.0
2025-11-08,5,4,Bruschetta,40,8.0
2025-11-08,5,5,Tiramisu,50,7.0
2025-11-08,5,6,Caesar Salad,34,10.0
2025-11-08,5,7,Minestrone Soup,43,9.0
2025-11-09,1,1,Margherita Pizza,29,12.0
2025-11-09,1,2,Pasta Alfredo,33,14.0
2025-11-09,1,3,Lasagna Bolognese,26,16.0
2025-11-09,1,4,Bruschetta,30,8.0
2025-11-09,1,5,Tiramisu,38,7.0
2025-11-09,1,6,Caesar Salad,24,10.0
2025-11-09,1,7,Minestrone Soup,24,9.0
2025-11-09,2,1,Margherita Pizza,30,12.0
2025-11-09,2,2,Pasta Alfredo,32,14.0
2025-11-09,2,3,Lasagna Bolognese,28,16.0
2025-11-09,2,4,Bruschetta,26,8.0
2025-11-09,2,5,Tiramisu,34,7.0
2025-11-09,2,6,Caesar Salad,25,10.0
2025-11-09,2,7,Minestrone Soup,36,9.0
2025-11-09,3,1,Margherita Pizza,30,12.0
2025-11-09,3,2,Pasta Alfredo,39,14.0
2025-11-09,3,3,Lasagna Bolognese,29,16.0
2025-11-09,3,4,Bruschetta,38,8.0
2025-11-09,3,5,Tiramisu,41,7.0
2025-11-09,3,6,Caesar Salad,31,10.0
2025-11-09,3,7,Minestrone Soup,36,9.0
2025-11-09,4,1,Margherita Pizza,31,12.0
2025-11-09,4,2,Pasta Alfredo,42,14.0
2025-11-09,4,3,Lasagna Bolognese,31,16.0
2025-11-09,4,4,Bruschetta,32,8.0
2025-11-09,4,5,Tiramisu,39,7.0
2025-11-09,4,6,Caesar Salad,26,10.0
2025-11-09,4,7,Minestrone Soup,37,9.0
2025-11-09,5,1,Margherita Pizza,36,12.0
2025-11-09,5,2,Pasta Alfredo,41,14.0
2025-11-09,5,3,Lasagna Bolognese,26,16.0
2025-11-09,5,4,Bruschetta,36,8.0
2025-11-09,5,5,Tiramisu,41,7.0
2025-11-09,5,6,Caesar Salad,31,10.0
2025-11-09,5,7,Minestrone Soup,33,9.0
2025-11-10,1,1,Margherita Pizza,23,12.0
2025-11-10,1,2,Pasta Alfredo,24,14.0
2025-11-10,1,3,Lasagna Bolognese,15,16.0
2025-11-10,1,4,Bruschetta,18,8.0
2025-11-10,1,5,Tiramisu,22,7.0
2025-11-10,1,6,Caesar Salad,18,10.0
2025-11-10,1,7,Minestrone Soup,22,9.0
2025-11-10,2,1,Margherita Pizza,24,12.0
2025-11-10,2,2,Pasta Alfredo,28,14.0
2025-11-10,2,3,Lasagna Bolognese,17,16.0
2025-11-10,2,4,Bruschetta,26,8.0
2025-11-10,2,5,Tiramisu,26,7.0
2025-11-10,2,6,Caesar Salad,21,10.0
2025-11-10,2,7,Minestrone Soup,23,9.0
2025-11-10,3,1,Margherita Pizza,26,12.0
2025-11-10,3,2,Pasta Alfredo,28,14.0
2025-11-10,3,3,Lasagna Bolognese,22,16.0
2025-11-10,3,4,Bruschetta,24,8.0
2025-11-10,3,5,Tiramisu,31,7.0
2025-11-10,3,6,Caesar Salad,18,10.0
2025-11-10,3,7,Minestrone Soup,19,9.0
2025-11-10,4,1,Margherita Pizza,23,12.0
2025-11-10,4,2,Pasta Alfredo,33,14.0
2025-11-10,4,3,Lasagna Bolognese,21,16.0
2025-11-10,4,4,Bruschetta,26,8.0
2025-11-10,4,5,Tiramisu,27,7.0
2025-11-10,4,6,Caesar Salad,22,10.0
2025-11-10,4,7,Minestrone Soup,23,9.0
2025-11-10,5,1,Margherita Pizza,24,12.0
2025-11-10,5,2,Pasta Alfredo,30,14.0
2025-11-10,5,3,Lasagna Bolognese,24,16.0
2025-11-10,5,4,Bruschetta,28,8.0
2025-11-10,5,5,Tiramisu,33,7.0
2025-11-10,5,6,Caesar Salad,18,10.0
2025-11-10,5,7,Minestrone Soup,27,9.0
2025-11-11,1,1,Margherita Pizza,25,12.0
2025-11-11,1,2,Pasta Alfredo,26,14.0
2025-11-11,1,3,Lasagna Bolognese,22,16.0
2025-11-11,1,4,Bruschetta,25,8.0
2025-11-11,1,5,Tiramisu,32,7.0
2025-11-11,1,6,Caesar Salad,22,10.0
2025-11-11,1,7,Minestrone Soup,24,9.0
2025-11-11,2,1,Margherita Pizza,30,12.0
2025-11-11,2,2,Pasta Alfredo,25,14.0
2025-11-11,2,3,Lasagna Bolognese,23,16.0
2025-11-11,2,4,Bruschetta,22,8.0
2025-11-11,2,5,Tiramisu,29,7.0
2025-11-11,2,6,Caesar Salad,24,10.0
2025-11-11,2,7,Minestrone Soup,24,9.0
2025-11-11,3,1,Margherita Pizza,25,12.0
2025-11-11,3,2,Pasta Alfredo,41,14.0
2025-11-11,3,3,Lasagna Bolognese,20,16.0
2025-11-11,3,4,Bruschetta,34,8.0
2025-11-11,3,5,Tiramisu,33,7.0
2025-11-11,3,6,Caesar Salad,22,10.0
2025-11-11,3,7,Minestrone Soup,30,9.0
2025-11-11,4,1,Margherita Pizza,34,12.0
2025-11-11,4,2,Pasta Alfredo,32,14.0
2025-11-11,4,3,Lasagna Bolognese,24,16.0
2025-11-11,4,4,Bruschetta,33,8.0
2025-11-11,4,5,Tiramisu,36,7.0
2025-11-11,4,6,Caesar Salad,28,10.0
2025-11-11,4,7,Minestrone Soup,32,9.0
2025-11-11,5,1,Margherita Pizza,37,12.0
2025-11-11,5,2,Pasta Alfredo,37,14.0
2025-11-11,5,3,Lasagna Bolognese,27,16.0
2025-11-11,5,4,Bruschetta,32,8.0
2025-11-11,5,5,Tiramisu,36,7.0
2025-11-11,5,6,Caesar Salad,29,10.0
2025-11-11,5,7,Minestrone Soup,32,9.0
2025-11-12,1,1,Margherita Pizza,28,12.0
2025-11-12,1,2,Pasta Alfredo,33,14.0
2025-11-12,1,3,Lasagna Bolognese,23,16.0
2025-11-12,1,4,Bruschetta,28,8.0
2025-11-12,1,5,Tiramisu,27,7.0
2025-11-12,1,6,Caesar Salad,20,10.0
2025-11-12,1,7,Minestrone Soup,29,9.0
2025-11-12,2,1,Margherita Pizza,32,12.0
2025-11-12,2,2,Pasta Alfredo,26,14.0
2025-11-12,2,3,Lasagna Bolognese,21,16.0
2025-11-12,2,4,Bruschetta,27,8.0
2025-11-12,2,5,Tiramisu,29,7.0
2025-11-12,2,6,Caesar Salad,20,10.0
2025-11-12,2,7,Minestrone Soup,29,9.0
2025-11-12,3,1,Margherita Pizza,34,12.0
2025-11-12,3,2,Pasta Alfredo,27,14.0
2025-11-12,3,3,Lasagna Bolognese,23,16.0
2025-11-12,3,4,Bruschetta,30,8.0
2025-11-12,3,5,Tiramisu,36,7.0
2025-11-12,3,6,Caesar Salad,25,10.0
2025-11-12,3,7,Minestrone Soup,34,9.0
2025-11-12,4,1,Margherita Pizza,30,12.0
2025-11-12,4,2,Pasta Alfredo,39,14.0
2025-11-12,4,3,Lasagna Bolognese,23,16.0
2025-11-12,4,4,Bruschetta,30,8.0
2025-11-12,4,5,Tiramisu,32,7.0
2025-11-12,4,6,Caesar Salad,28,10.0
2025-11-12,4,7,Minestrone Soup,30,9.0
2025-11-12,5,1,Margherita Pizza,33,12.0
2025-11-12,5,2,Pasta Alfredo,36,14.0
2025-11-12,5,3,Lasagna Bolognese,28,16.0
2025-11-12,5,4,Bruschetta,33,8.0
2025-11-12,5,5,Tiramisu,34,7.0
2025-11-12,5,6,Caesar Salad,23,10.0
2025-11-12,5,7,Minestrone Soup,31,9.0
2025-11-13,1,1,Margherita Pizza,28,12.0
2025-11-13,1,2,Pasta Alfredo,36,14.0
2025-11-13,1,3,Lasagna Bolognese,23,16.0
2025-11-13,1,4,Bruschetta,29,8.0
2025-11-13,1,5,Tiramisu,26,7.0
2025-11-13,1,6,Caesar Salad,28,10.0
2025-11-13,1,7,Minestrone Soup,28,9.0
2025-11-13,2,1,Margherita Pizza,27,12.0
2025-11-13,2,2,Pasta Alfredo,31,14.0
2025-11-13,2,3,Lasagna Bolognese,20,16.0
2025-11-13,2,4,Bruschetta,25,8.0
2025-11-13,2,5,Tiramisu,38,7.0
2025-11-13,2,6,Caesar Salad,20,10.0
2025-11-13,2,7,Minestrone Soup,24,9.0
2025-11-13,3,1,Margherita Pizza,27,12.0
2025-11-13,3,2,Pasta Alfredo,30,14.0
2025-11-13,3,3,Lasagna Bolognese,24,16.0
2025-11-13,3,4,Bruschetta,32,8.0
2025-11-13,3,5,Tiramisu,32,7.0
2025-11-13,3,6,Caesar Salad,20,10.0
2025-11-13,3,7,Minestrone Soup,30,9.0
2025-11-13,4,1,Margherita Pizza,30,12.0
2025-11-13,4,2,Pasta Alfredo,38,14.0
2025-11-13,4,3,Lasagna Bolognese,24,16.0
2025-11-13,4,4,Bruschetta,29,8.0
2025-11-13,4,5,Tiramisu,35,7.0
2025-11-13,4,6,Caesar Salad,25,10.0
2025-11-13,4,7,Minestrone Soup,29,9.0
2025-11-13,5,1,Margherita Pizza,30,12.0
2025-11-13,5,2,Pasta Alfredo,31,14.0
2025-11-13,5,3,Lasagna Bolognese,25,16.0
2025-11-13,5,4,Bruschetta,34,8.0
2025-11-13,5,5,Tiramisu,39,7.0
2025-11-13,5,6,Caesar Salad,25,10.0
2025-11-13,5,7,Minestrone Soup,35,9.0
2025-11-14,1,1,Margherita Pizza,35,12.0
2025-11-14,1,2,Pasta Alfredo,37,14.0
2025-11-14,1,3,Lasagna Bolognese,24,16.0
2025-11-14,1,4,Bruschetta,39,8.0
2025-11-14,1,5,Tiramisu,40,7.0
2025-11-14,1,6,Caesar Salad,26,10.0
2025-11-14,1,7,Minestrone Soup,28,9.0
2025-11-14,2,1,Margherita Pizza,36,12.0
2025-11-14,2,2,Pasta Alfredo,44,14.0
2025-11-14,2,3,Lasagna Bolognese,29,16.0
2025-11-14,2,4,Bruschetta,34,8.0
2025-11-14,2,5,Tiramisu,42,7.0
2025-11-14,2,6,Caesar Salad,35,10.0
2025-11-14,2,7,Minestrone Soup,33,9.0
2025-11-14,3,1,Margherita Pizza,37,12.0
2025-11-14,3,2,Pasta Alfredo,49,14.0
2025-11-14,3,3,Lasagna Bolognese,34,16.0
2025-11-14,3,4,Bruschetta,39,8.0
2025-11-14,3,5,Tiramisu,43,7.0
2025-11-14,3,6,Caesar Salad,32,10.0
2025-11-14,3,7,Minestrone Soup,37,9.0
2025-11-14,4,1,Margherita Pizza,38,12.0
2025-11-14,4,2,Pasta Alfredo,44,14.0
2025-11-14,4,3,Lasagna Bolognese,36,16.0
2025-11-14,4,4,Bruschetta,41,8.0
2025-11-14,4,5,Tiramisu,48,7.0
2025-11-14,4,6,Caesar Salad,34,10.0
2025-11-14,4,7,Minestrone Soup,42,9.0
2025-11-14,5,1,Margherita Pizza,42,12.0
2025-11-14,5,2,Pasta Alfredo,48,14.0
2025-11-14,5,3,Lasagna Bolognese,33,16.0
2025-11-14,5,4,Bruschetta,38,8.0
2025-11-14,5,5,Tiramisu,46,7.0
2025-11-14,5,6,Caesar Salad,34,10.0
2025-11-14,5,7,Minestrone Soup,38,9.0
2025-11-15,1,1,Margherita Pizza,31,12.0
2025-11-15,1,2,Pasta Alfredo,44,14.0
2025-11-15,1,3,Lasagna Bolognese,30,16.0
2025-11-15,1,4,Bruschetta,34,8.0
2025-11-15,1,5,Tiramisu,48,7.0
2025-11-15,1,6,Caesar Salad,24,10.0
2025-11-15,1,7,Minestrone Soup,38,9.0
2025-11-15,2,1,Margherita Pizza,37,12.0
2025-11-15,2,2,Pasta Alfredo,46,14.0
2025-11-15,2,3,Lasagna Bolognese,31,16.0
2025-11-15,2,4,Bruschetta,31,8.0
2025-11-15,2,5,Tiramisu,43,7.0
2025-11-15,2,6,Caesar Salad,32,10.0
2025-11-15,2,7,Minestrone Soup,30,9.0
2025-11-15,3,1,Margherita Pizza,45,12.0
2025-11-15,3,2,Pasta Alfredo,46,14.0
2025-11-15,3,3,Lasagna Bolognese,34,16.0
2025-11-15,3,4,Bruschetta,35,8.0
2025-11-15,3,5,Tiramisu,47,7.0
2025-11-15,3,6,Caesar Salad,36,10.0
2025-11-15,3,7,Minestrone Soup,40,9.0
2025-11-15,4,1,Margherita Pizza,41,12.0
2025-11-15,4,2,Pasta Alfredo,45,14.0
2025-11-15,4,3,Lasagna Bolognese,33,16.0
2025-11-15,4,4,Bruschetta,39,8.0
2025-11-15,4,5,Tiramisu,49,7.0
2025-11-15,4,6,Caesar Salad,31,10.0
2025-11-15,4,7,Minestrone Soup,42,9.0
2025-11-15,5,1,Margherita Pizza,40,12.0
2025-11-15,5,2,Pasta Alfredo,49,14.0
2025-11-15,5,3,Lasagna Bolognese,37,16.0
2025-11-15,5,4,Bruschetta,40,8.0
2025-11-15,5,5,Tiramisu,52,7.0
2025-11-15,5,6,Caesar Salad,37,10.0
2025-11-15,5,7,Minestrone Soup,42,9.0
2025-11-16,1,1,Margherita Pizza,33,12.0
2025-11-16,1,2,Pasta Alfredo,35,14.0
2025-11-16,1,3,Lasagna Bolognese,28,16.0
2025-11-16,1,4,Bruschetta,35,8.0
2025-11-16,1,5,Tiramisu,34,7.0
2025-11-16,1,6,Caesar Salad,27,10.0
2025-11-16,1,7,Minestrone Soup,28,9.0
2025-11-16,2,1,Margherita Pizza,28,12.0
2025-11-16,2,2,Pasta Alfredo,36,14.0
2025-11-16,2,3,Lasagna Bolognese,22,16.0
2025-11-16,2,4,Bruschetta,29,8.0
2025-11-16,2,5,Tiramisu,39,7.0
2025-11-16,2,6,Caesar Salad,25,10.0
2025-11-16,2,7,Minestrone Soup,34,9.0
2025-11-16,3,1,Margherita Pizza,34,12.0
2025-11-16,3,2,Pasta Alfredo,44,14.0
2025-11-16,3,3,Lasagna Bolognese,29,16.0
2025-11-16,3,4,Bruschetta,36,8.0
2025-11-16,3,5,Tiramisu,40,7.0
2025-11-16,3,6,Caesar Salad,29,10.0
2025-11-16,3,7,Minestrone Soup,37,9.0
2025-11-16,4,1,Margherita Pizza,37,12.0
2025-11-16,4,2,Pasta Alfredo,41,14.0
2025-11-16,4,3,Lasagna Bolognese,30,16.0
2025-11-16,4,4,Bruschetta,36,8.0
2025-11-16,4,5,Tiramisu,38,7.0
2025-11-16,4,6,Caesar Salad,27,10.0
2025-11-16,4,7,Minestrone Soup,39,9.0
2025-11-16,5,1,Margherita Pizza,42,12.0
2025-11-16,5,2,Pasta Alfredo,39,14.0
2025-11-16,5,3,Lasagna Bolognese,28,16.0
2025-11-16,5,4,Bruschetta,40,8.0
2025-11-16,5,5,Tiramisu,44,7.0
2025-11-16,5,6,Caesar Salad,32,10.0
2025-11-16,5,7,Minestrone Soup,39,9.0
2025-11-17,1,1,Margherita Pizza,21,12.0
2025-11-17,1,2,Pasta Alfredo,27,14.0
2025-11-17,1,3,Lasagna Bolognese,19,16.0
2025-11-17,1,4,Bruschetta,20,8.0
2025-11-17,1,5,Tiramisu,27,7.0
2025-11-17,1,6,Caesar Salad,22,10.0
2025-11-17,1,7,Minestrone Soup,21,9.0
2025-11-17,2,1,Margherita Pizza,24,12.0
2025-11-17,2,2,Pasta Alfredo,28,14.0
2025-11-17,2,3,Lasagna Bolognese,19,16.0
2025-11-17,2,4,Bruschetta,25,8.0
2025-11-17,2,5,Tiramisu,25,7.0
2025-11-17,2,6,Caesar Salad,23,10.0
2025-11-17,2,7,Minestrone Soup,25,9.0
2025-11-17,3,1,Margherita Pizza,22,12.0
2025-11-17,3,2,Pasta Alfredo,34,14.0
2025-11-17,3,3,Lasagna Bolognese,21,16.0
2025-11-17,3,4,Bruschetta,22,8.0
2025-11-17,3,5,Tiramisu,32,7.0
2025-11-17,3,6,Caesar Salad,22,10.0
2025-11-17,3,7,Minestrone Soup,19,9.0
2025-11-17,4,1,Margherita Pizza,24,12.0
2025-11-17,4,2,Pasta Alfredo,31,14.0
2025-11-17,4,3,Lasagna Bolognese,15,16.0
2025-11-17,4,4,Bruschetta,26,8.0
2025-11-17,4,5,Tiramisu,30,7.0
2025-11-17,4,6,Caesar Salad,18,10.0
2025-11-17,4,7,Minestrone Soup,26,9.0
2025-11-17,5,1,Margherita Pizza,27,12.0
2025-11-17,5,2,Pasta Alfredo,28,14.0
2025-11-17,5,3,Lasagna Bolognese,25,16.0
2025-11-17,5,4,Bruschetta,29,8.0
2025-11-17,5,5,Tiramisu,30,7.0
2025-11-17,5,6,Caesar Salad,22,10.0
2025-11-17,5,7,Minestrone Soup,29,9.0
2025-11-18,1,1,Margherita Pizza,25,12.0
2025-11-18,1,2,Pasta Alfredo,25,14.0
2025-11-18,1,3,Lasagna Bolognese,23,16.0
2025-11-18,1,4,Bruschetta,24,8.0
2025-11-18,1,5,Tiramisu,29,7.0
2025-11-18,1,6,Caesar Salad,26,10.0
2025-11-18,1,7,Minestrone Soup,26,9.0
2025-11-18,2,1,Margherita Pizza,27,12.0
2025-11-18,2,2,Pasta Alfredo,33,14.0
2025-11-18,2,3,Lasagna Bolognese,24,16.0
2025-11-18,2,4,Bruschetta,25,8.0
2025-11-18,2,5,Tiramisu,32,7.0
2025-11-18,2,6,Caesar Salad,23,10.0
2025-11-18,2,7,Minestrone Soup,28,9.0
2025-11-18,3,1,Margherita Pizza,30,12.0
2025-11-18,3,2,Pasta Alfredo,41,14.0
2025-11-18,3,3,Lasagna Bolognese,20,16.0
2025-11-18,3,4,Bruschetta,32,8.0
2025-11-18,3,5,Tiramisu,37,7.0
2025-11-18,3,6,Caesar Salad,25,10.0
2025-11-18,3,7,Minestrone Soup,27,9.0
2025-11-18,4,1,Margherita Pizza,35,12.0
2025-11-18,4,2,Pasta Alfredo,29,14.0
2025-11-18,4,3,Lasagna Bolognese,23,16.0
2025-11-18,4,4,Bruschetta,34,8.0
2025-11-18,4,5,Tiramisu,34,7.0
2025-11-18,4,6,Caesar Salad,30,10.0
2025-11-18,4,7,Minestrone Soup,26,9.0
2025-11-18,5,1,Margherita Pizza,28,12.0
2025-11-18,5,2,Pasta Alfredo,35,14.0
2025-11-18,5,3,Lasagna Bolognese,28,16.0
2025-11-18,5,4,Bruschetta,31,8.0
2025-11-18,5,5,Tiramisu,35,7.0
2025-11-18,5,6,Caesar Salad,31,10.0
2025-11-18,5,7,Minestrone Soup,36,9.0
2025-11-19,1,1,Margherita Pizza,25,12.0
2025-11-19,1,2,Pasta Alfredo,25,14.0
2025-11-19,1,3,Lasagna Bolognese,15,16.0
2025-11-19,1,4,Bruschetta,27,8.0
2025-11-19,1,5,Tiramisu,32,7.0
2025-11-19,1,6,Caesar Salad,22,10.0
2025-11-19,1,7,Minestrone Soup,26,9.0
2025-11-19,2,1,Margherita Pizza,25,12.0
2025-11-19,2,2,Pasta Alfredo,34,14.0
2025-11-19,2,3,Lasagna Bolognese,28,16.0
2025-11-19,2,4,Bruschetta,21,8.0
2025-11-19,2,5,Tiramisu,32,7.0
2025-11-19,2,6,Caesar Salad,20,10.0
2025-11-19,2,7,Minestrone Soup,23,9.0
2025-11-19,3,1,Margherita Pizza,25,12.0
2025-11-19,3,2,Pasta Alfredo,35,14.0
2025-11-19,3,3,Lasagna Bolognese,25,16.0
2025-11-19,3,4,Bruschetta,33,8.0
2025-11-19,3,5,Tiramisu,34,7.0
2025-11-19,3,6,Caesar Salad,19,10.0
2025-11-19,3,7,Minestrone Soup,28,9.0
2025-11-19,4,1,Margherita Pizza,26,12.0
2025-11-19,4,2,Pasta Alfredo,32,14.0
2025-11-19,4,3,Lasagna Bolognese,27,16.0
2025-11-19,4,4,Bruschetta,31,8.0
2025-11-19,4,5,Tiramisu,37,7.0
2025-11-19,4,6,Caesar Salad,24,10.0
2025-11-19,4,7,Minestrone Soup,33,9.0
2025-11-19,5,1,Margherita Pizza,30,12.0
2025-11-19,5,2,Pasta Alfredo,40,14.0
2025-11-19,5,3,Lasagna Bolognese,27,16.0
2025-11-19,5,4,Bruschetta,31,8.0
2025-11-19,5,5,Tiramisu,37,7.0
2025-11-19,5,6,Caesar Salad,26,10.0
2025-11-19,5,7,Minestrone Soup,36,9.0
2025-11-20,1,1,Margherita Pizza,27,12.0
2025-11-20,1,2,Pasta Alfredo,30,14.0
2025-11-20,1,3,Lasagna Bolognese,21,16.0
2025-11-20,1,4,Bruschetta,29,8.0
2025-11-20,1,5,Tiramisu,32,7.0
2025-11-20,1,6,Caesar Salad,21,10.0
2025-11-20,1,7,Minestrone Soup,23,9.0
2025-11-20,2,1,Margherita Pizza,25,12.0
2025-11-20,2,2,Pasta Alfredo,31,14.0
2025-11-20,2,3,Lasagna Bolognese,27,16.0
2025-11-20,2,4,Bruschetta,27,8.0
2025-11-20,2,5,Tiramisu,30,7.0
2025-11-20,2,6,Caesar Salad,18,10.0
2025-11-20,2,7,Minestrone Soup,32,9.0
2025-11-20,3,1,Margherita Pizza,30,12.0
2025-11-20,3,2,Pasta Alfredo,36,14.0
2025-11-20,3,3,Lasagna Bolognese,27,16.0
2025-11-20,3,4,Bruschetta,28,8.0
2025-11-20,3,5,Tiramisu,34,7.0
2025-11-20,3,6,Caesar Salad,28,10.0
2025-11-20,3,7,Minestrone Soup,29,9.0
2025-11-20,4,1,Margherita Pizza,32,12.0
2025-11-20,4,2,Pasta Alfredo,38,14.0
2025-11-20,4,3,Lasagna Bolognese,27,16.0
2025-11-20,4,4,Bruschetta,30,8.0
2025-11-20,4,5,Tiramisu,35,7.0
2025-11-20,4,6,Caesar Salad,27,10.0
2025-11-20,4,7,Minestrone Soup,32,9.0
2025-11-20,5,1,Margherita Pizza,35,12.0
2025-11-20,5,2,Pasta Alfredo,38,14.0
2025-11-20,5,3,Lasagna Bolognese,28,16.0
2025-11-20,5,4,Bruschetta,30,8.0
2025-11-20,5,5,Tiramisu,35,7.0
2025-11-20,5,6,Caesar Salad,29,10.0
2025-11-20,5,7,Minestrone Soup,30,9.0
2025-11-21,1,1,Margherita Pizza,35,12.0
2025-11-21,1,2,Pasta Alfredo,45,14.0
2025-11-21,1,3,Lasagna Bolognese,33,16.0
2025-11-21,1,4,Bruschetta,36,8.0
2025-11-21,1,5,Tiramisu,40,7.0
2025-11-21,1,6,Caesar Salad,29,10.0
2025-11-21,1,7,Minestrone Soup,38,9.0
2025-11-21,2,1,Margherita Pizza,37,12.0
2025-11-21,2,2,Pasta Alfredo,41,14.0
2025-11-21,2,3,Lasagna Bolognese,34,16.0
2025-11-21,2,4,Bruschetta,38,8.0
2025-11-21,2,5,Tiramisu,41,7.0
2025-11-21,2,6,Caesar Salad,32,10.0
2025-11-21,2,7,Minestrone Soup,40,9.0
2025-11-21,3,1,Margherita Pizza,36,12.0
2025-11-21,3,2,Pasta Alfredo,45,14.0
2025-11-21,3,3,Lasagna Bolognese,32,16.0
2025-11-21,3,4,Bruschetta,40,8.0
2025-11-21,3,5,Tiramisu,47,7.0
2025-11-21,3,6,Caesar Salad,31,10.0
2025-11-21,3,7,Minestrone Soup,34,9.0
2025-11-21,4,1,Margherita Pizza,44,12.0
2025-11-21,4,2,Pasta Alfredo,44,14.0
2025-11-21,4,3,Lasagna Bolognese,35,16.0
2025-11-21,4,4,Bruschetta,40,8.0
2025-11-21,4,5,Tiramisu,48,7.0
2025-11-21,4,6,Caesar Salad,39,10.0
2025-11-21,4,7,Minestrone Soup,50,9.0
2025-11-21,5,1,Margherita Pizza,38,12.0
2025-11-21,5,2,Pasta Alfredo,53,14.0
2025-11-21,5,3,Lasagna Bolognese,35,16.0
2025-11-21,5,4,Bruschetta,46,8.0
2025-11-21,5,5,Tiramisu,53,7.0
2025-11-21,5,6,Caesar Salad,40,10.0
2025-11-21,5,7,Minestrone Soup,43,9.0
2025-11-22,1,1,Margherita Pizza,32,12.0
2025-11-22,1,2,Pasta Alfredo,44,14.0
2025-11-22,1,3,Lasagna Bolognese,30,16.0
2025-11-22,1,4,Bruschetta,34,8.0
2025-11-22,1,5,Tiramisu,40,7.0
2025-11-22,1,6,Caesar Salad,32,10.0
2025-11-22,1,7,Minestrone Soup,40,9.0
2025-11-22,2,1,Margherita Pizza,33,12.0
2025-11-22,2,2,Pasta Alfredo,45,14.0
2025-11-22,2,3,Lasagna Bolognese,30,16.0
2025-11-22,2,4,Bruschetta,33,8.0
2025-11-22,2,5,Tiramisu,44,7.0
2025-11-22,2,6,Caesar Salad,28,10.0
2025-11-22,2,7,Minestrone Soup,32,9.0
2025-11-22,3,1,Margherita Pizza,36,12.0
2025-11-22,3,2,Pasta Alfredo,42,14.0
2025-11-22,3,3,Lasagna Bolognese,30,16.0
2025-11-22,3,4,Bruschetta,35,8.0
2025-11-22,3,5,Tiramisu,44,7.0
2025-11-22,3,6,Caesar Salad,30,10.0
2025-11-22,3,7,Minestrone Soup,40,9.0
2025-11-22,4,1,Margherita Pizza,42,12.0
2025-11-22,4,2,Pasta Alfredo,48,14.0
2025-11-22,4,3,Lasagna Bolognese,33,16.0
2025-11-22,4,4,Bruschetta,40,8.0
2025-11-22,4,5,Tiramisu,45,7.0
2025-11-22,4,6,Caesar Salad,31,10.0
2025-11-22,4,7,Minestrone Soup,43,9.0
2025-11-22,5,1,Margherita Pizza,37,12.0
2025-11-22,5,2,Pasta Alfredo,49,14.0
2025-11-22,5,3,Lasagna Bolognese,34,16.0
2025-11-22,5,4,Bruschetta,44,8.0
2025-11-22,5,5,Tiramisu,45,7.0
2025-11-22,5,6,Caesar Salad,35,10.0
2025-11-22,5,7,Minestrone Soup,44,9.0
2025-11-23,1,1,Margherita Pizza,24,12.0
2025-11-23,1,2,Pasta Alfredo,32,14.0
2025-11-23,1,3,Lasagna Bolognese,25,16.0
2025-11-23,1,4,Bruschetta,31,8.0
2025-11-23,1,5,Tiramisu,35,7.0
2025-11-23,1,6,Caesar Salad,27,10.0
2025-11-23,1,7,Minestrone Soup,27,9.0
2025-11-23,2,1,Margherita Pizza,27,12.0
2025-11-23,2,2,Pasta Alfredo,37,14.0
2025-11-23,2,3,Lasagna Bolognese,23,16.0
2025-11-23,2,4,Bruschetta,29,8.0
2025-11-23,2,5,Tiramisu,40,7.0
2025-11-23,2,6,Caesar Salad,27,10.0
2025-11-23,2,7,Minestrone Soup,30,9.0
2025-11-23,3,1,Margherita Pizza,31,12.0
2025-11-23,3,2,Pasta Alfredo,40,14.0
2025-11-23,3,3,Lasagna Bolognese,28,16.0
2025-11-23,3,4,Bruschetta,29,8.0
2025-11-23,3,5,Tiramisu,33,7.0
2025-11-23,3,6,Caesar Salad,33,10.0
2025-11-23,3,7,Minestrone Soup,29,9.0
2025-11-23,4,1,Margherita Pizza,36,12.0
2025-11-23,4,2,Pasta Alfredo,45,14.0
2025-11-23,4,3,Lasagna Bolognese,29,16.0
2025-11-23,4,4,Bruschetta,33,8.0
2025-11-23,4,5,Tiramisu,36,7.0
2025-11-23,4,6,Caesar Salad,25,10.0
2025-11-23,4,7,Minestrone Soup,36,9.0
2025-11-23,5,1,Margherita Pizza,41,12.0
2025-11-23,5,2,Pasta Alfredo,41,14.0
2025-11-23,5,3,Lasagna Bolognese,29,16.0
2025-11-23,5,4,Bruschetta,38,8.0
2025-11-23,5,5,Tiramisu,40,7.0
2025-11-23,5,6,Caesar Salad,31,10.0
2025-11-23,5,7,Minestrone Soup,36,9.0
2025-11-24,1,1,Margherita Pizza,21,12.0
2025-11-24,1,2,Pasta Alfredo,26,14.0
2025-11-24,1,3,Lasagna Bolognese,24,16.0
2025-11-24,1,4,Bruschetta,24,8.0
2025-11-24,1,5,Tiramisu,29,7.0
2025-11-24,1,6,Caesar Salad,16,10.0
2025-11-24,1,7,Minestrone Soup,25,9.0
2025-11-24,2,1,Margherita Pizza,25,12.0
2025-11-24,2,2,Pasta Alfredo,23,14.0
2025-11-24,2,3,Lasagna Bolognese,21,16.0
2025-11-24,2,4,Bruschetta,22,8.0
2025-11-24,2,5,Tiramisu,23,7.0
2025-11-24,2,6,Caesar Salad,20,10.0
2025-11-24,2,7,Minestrone Soup,25,9.0
2025-11-24,3,1,Margherita Pizza,25,12.0
2025-11-24,3,2,Pasta Alfredo,28,14.0
2025-11-24,3,3,Lasagna Bolognese,19,16.0
2025-11-24,3,4,Bruschetta,32,8.0
2025-11-24,3,5,Tiramisu,25,7.0
2025-11-24,3,6,Caesar Salad,23,10.0
2025-11-24,3,7,Minestrone Soup,25,9.0
2025-11-24,4,1,Margherita Pizza,23,12.0
2025-11-24,4,2,Pasta Alfredo,30,14.0
2025-11-24,4,3,Lasagna Bolognese,17,16.0
2025-11-24,4,4,Bruschetta,24,8.0
2025-11-24,4,5,Tiramisu,30,7.0
2025-11-24,4,6,Caesar Salad,17,10.0
2025-11-24,4,7,Minestrone Soup,27,9.0
2025-11-24,5,1,Margherita Pizza,24,12.0
2025-11-24,5,2,Pasta Alfredo,27,14.0
2025-11-24,5,3,Lasagna Bolognese,19,16.0
2025-11-24,5,4,Bruschetta,33,8.0
2025-11-24,5,5,Tiramisu,25,7.0
2025-11-24,5,6,Caesar Salad,24,10.0
2025-11-24,5,7,Minestrone Soup,25,9.0
2025-11-25,1,1,Margherita Pizza,25,12.0
2025-11-25,1,2,Pasta Alfredo,32,14.0
2025-11-25,1,3,Lasagna Bolognese,23,16.0
2025-11-25,1,4,Bruschetta,24,8.0
2025-11-25,1,5,Tiramisu,26,7.0
2025-11-25,1,6,Caesar Salad,24,10.0
2025-11-25,1,7,Minestrone Soup,28,9.0
2025-11-25,2,1,Margherita Pizza,27,12.0
2025-11-25,2,2,Pasta Alfredo,33,14.0
2025-11-25,2,3,Lasagna Bolognese,21,16.0
2025-11-25,2,4,Bruschetta,25,8.0
2025-11-25,2,5,Tiramisu,32,7.0
2025-11-25,2,6,Caesar Salad,24,10.0
2025-11-25,2,7,Minestrone Soup,28,9.0
2025-11-25,3,1,Margherita Pizza,30,12.0
2025-11-25,3,2,Pasta Alfredo,31,14.0
2025-11-25,3,3,Lasagna Bolognese,29,16.0
2025-11-25,3,4,Bruschetta,28,8.0
2025-11-25,3,5,Tiramisu,33,7.0
2025-11-25,3,6,Caesar Salad,20,10.0
2025-11-25,3,7,Minestrone Soup,28,9.0
2025-11-25,4,1,Margherita Pizza,32,12.0
2025-11-25,4,2,Pasta Alfredo,37,14.0
2025-11-25,4,3,Lasagna Bolognese,30,16.0
2025-11-25,4,4,Bruschetta,32,8.0
2025-11-25,4,5,Tiramisu,36,7.0
2025-11-25,4,6,Caesar Salad,24,10.0
2025-11-25,4,7,Minestrone Soup,28,9.0
2025-11-25,5,1,Margherita Pizza,34,12.0
2025-11-25,5,2,Pasta Alfredo,40,14.0
2025-11-25,5,3,Lasagna Bolognese,23,16.0
2025-11-25,5,4,Bruschetta,34,8.0
2025-11-25,5,5,Tiramisu,39,7.0
2025-11-25,5,6,Caesar Salad,23,10.0
2025-11-25,5,7,Minestrone Soup,33,9.0
2025-11-26,1,1,Margherita Pizza,23,12.0
2025-11-26,1,2,Pasta Alfredo,23,14.0
2025-11-26,1,3,Lasagna Bolognese,21,16.0
2025-11-26,1,4,Bruschetta,27,8.0
2025-11-26,1,5,Tiramisu,30,7.0
2025-11-26,1,6,Caesar Salad,30,10.0
2025-11-26,1,7,Minestrone Soup,27,9.0
2025-11-26,2,1,Margherita Pizza,28,12.0
2025-11-26,2,2,Pasta Alfredo,33,14.0
2025-11-26,2,3,Lasagna Bolognese,22,16.0
2025-11-26,2,4,Bruschetta,30,8.0
2025-11-26,2,5,Tiramisu,33,7.0
2025-11-26,2,6,Caesar Salad,24,10.0
2025-11-26,2,7,Minestrone Soup,26,9.0
2025-11-26,3,1,Margherita Pizza,24,12.0
2025-11-26,3,2,Pasta Alfredo,32,14.0
2025-11-26,3,3,Lasagna Bolognese,25,16.0
2025-11-26,3,4,Bruschetta,27,8.0
2025-11-26,3,5,Tiramisu,34,7.0
2025-11-26,3,6,Caesar Salad,23,10.0
2025-11-26,3,7,Minestrone Soup,30,9.0
2025-11-26,4,1,Margherita Pizza,27,12.0
2025-11-26,4,2,Pasta Alfredo,36,14.0
2025-11-26,4,3,Lasagna Bolognese,23,16.0
2025-11-26,4,4,Bruschetta,26,8.0
2025-11-26,4,5,Tiramisu,35,7.0
2025-11-26,4,6,Caesar Salad,30,10.0
2025-11-26,4,7,Minestrone Soup,26,9.0
2025-11-26,5,1,Margherita Pizza,32,12.0
2025-11-26,5,2,Pasta Alfredo,39,14.0
2025-11-26,5,3,Lasagna Bolognese,33,16.0
2025-11-26,5,4,Bruschetta,30,8.0
2025-11-26,5,5,Tiramisu,35,7.0
2025-11-26,5,6,Caesar Salad,23,10.0
2025-11-26,5,7,Minestrone Soup,35,9.0
2025-11-27,1,1,Margherita Pizza,23,12.0
2025-11-27,1,2,Pasta Alfredo,29,14.0
2025-11-27,1,3,Lasagna Bolognese,16,16.0
2025-11-27,1,4,Bruschetta,29,8.0
2025-11-27,1,5,Tiramisu,34,7.0
2025-11-27,1,6,Caesar Salad,24,10.0
2025-11-27,1,7,Minestrone Soup,21,9.0
2025-11-27,2,1,Margherita Pizza,29,12.0
2025-11-27,2,2,Pasta Alfredo,27,14.0
2025-11-27,2,3,Lasagna Bolognese,23,16.0
2025-11-27,2,4,Bruschetta,28,8.0
2025-11-27,2,5,Tiramisu,33,7.0
2025-11-27,2,6,Caesar Salad,24,10.0
2025-11-27,2,7,Minestrone Soup,27,9.0
2025-11-27,3,1,Margherita Pizza,23,12.0
2025-11-27,3,2,Pasta Alfredo,35,14.0
2025-11-27,3,3,Lasagna Bolognese,24,16.0
2025-11-27,3,4,Bruschetta,26,8.0
2025-11-27,3,5,Tiramisu,29,7.0
2025-11-27,3,6,Caesar Salad,29,10.0
2025-11-27,3,7,Minestrone Soup,32,9.0
2025-11-27,4,1,Margherita Pizza,32,12.0
2025-11-27,4,2,Pasta Alfredo,33,14.0
2025-11-27,4,3,Lasagna Bolognese,18,16.0
2025-11-27,4,4,Bruschetta,32,8.0
2025-11-27,4,5,Tiramisu,36,7.0
2025-11-27,4,6,Caesar Salad,24,10.0
2025-11-27,4,7,Minestrone Soup,34,9.0
2025-11-27,5,1,Margherita Pizza,34,12.0
2025-11-27,5,2,Pasta Alfredo,37,14.0
2025-11-27,5,3,Lasagna Bolognese,26,16.0
2025-11-27,5,4,Bruschetta,32,8.0
2025-11-27,5,5,Tiramisu,39,7.0
2025-11-27,5,6,Caesar Salad,24,10.0
2025-11-27,5,7,Minestrone Soup,33,9.0
2025-11-28,1,1,Margherita Pizza,32,12.0
2025-11-28,1,2,Pasta Alfredo,45,14.0
2025-11-28,1,3,Lasagna Bolognese,31,16.0
2025-11-28,1,4,Bruschetta,33,8.0
2025-11-28,1,5,Tiramisu,41,7.0
2025-11-28,1,6,Caesar Salad,27,10.0
2025-11-28,1,7,Minestrone Soup,40,9.0
2025-11-28,2,1,Margherita Pizza,42,12.0
2025-11-28,2,2,Pasta Alfredo,45,14.0
2025-11-28,2,3,Lasagna Bolognese,35,16.0
2025-11-28,2,4,Bruschetta,37,8.0
2025-11-28,2,5,Tiramisu,45,7.0
2025-11-28,2,6,Caesar Salad,35,10.0
2025-11-28,2,7,Minestrone Soup,37,9.0
2025-11-28,3,1,Margherita Pizza,39,12.0
2025-11-28,3,2,Pasta Alfredo,48,14.0
2025-11-28,3,3,Lasagna Bolognese,34,16.0
2025-11-28,3,4,Bruschetta,37,8.0
2025-11-28,3,5,Tiramisu,39,7.0
2025-11-28,3,6,Caesar Salad,32,10.0
2025-11-28,3,7,Minestrone Soup,33,9.0
2025-11-28,4,1,Margherita Pizza,38,12.0
2025-11-28,4,2,Pasta Alfredo,45,14.0
2025-11-28,4,3,Lasagna Bolognese,32,16.0
2025-11-28,4,4,Bruschetta,43,8.0
2025-11-28,4,5,Tiramisu,51,7.0
2025-11-28,4,6,Caesar Salad,35,10.0
2025-11-28,4,7,Minestrone Soup,43,9.0
2025-11-28,5,1,Margherita Pizza,45,12.0
2025-11-28,5,2,Pasta Alfredo,42,14.0
2025-11-28,5,3,Lasagna Bolognese,35,16.0
2025-11-28,5,4,Bruschetta,37,8.0
2025-11-28,5,5,Tiramisu,51,7.0
2025-11-28,5,6,Caesar Salad,29,10.0
2025-11-28,5,7,Minestrone Soup,42,9.0
2025-11-29,1,1,Margherita Pizza,37,12.0
2025-11-29,1,2,Pasta Alfredo,38,14.0
2025-11-29,1,3,Lasagna Bolognese,32,16.0
2025-11-29,1,4,Bruschetta,37,8.0
2025-11-29,1,5,Tiramisu,42,7.0
2025-11-29,1,6,Caesar Salad,31,10.0
2025-11-29,1,7,Minestrone Soup,34,9.0
2025-11-29,2,1,Margherita Pizza,37,12.0
2025-11-29,2,2,Pasta Alfredo,43,14.0
2025-11-29,2,3,Lasagna Bolognese,31,16.0
2025-11-29,2,4,Bruschetta,35,8.0
2025-11-29,2,5,Tiramisu,39,7.0
2025-11-29,2,6,Caesar Salad,30,10.0
2025-11-29,2,7,Minestrone Soup,36,9.0
2025-11-29,3,1,Margherita Pizza,37,12.0
2025-11-29,3,2,Pasta Alfredo,48,14.0
2025-11-29,3,3,Lasagna Bolognese,29,16.0
2025-11-29,3,4,Bruschetta,38,8.0
2025-11-29,3,5,Tiramisu,49,7.0
2025-11-29,3,6,Caesar Salad,35,10.0
2025-11-29,3,7,Minestrone Soup,42,9.0
2025-11-29,4,1,Margherita Pizza,39,12.0
2025-11-29,4,2,Pasta Alfredo,50,14.0
2025-11-29,4,3,Lasagna Bolognese,31,16.0
2025-11-29,4,4,Bruschetta,40,8.0
2025-11-29,4,5,Tiramisu,47,7.0
2025-11-29,4,6,Caesar Salad,32,10.0
2025-11-29,4,7,Minestrone Soup,40,9.0
2025-11-29,5,1,Margherita Pizza,41,12.0
2025-11-29,5,2,Pasta Alfredo,47,14.0
2025-11-29,5,3,Lasagna Bolognese,38,16.0
2025-11-29,5,4,Bruschetta,42,8.0
2025-11-29,5,5,Tiramisu,50,7.0
2025-11-29,5,6,Caesar Salad,36,10.0
2025-11-29,5,7,Minestrone Soup,43,9.0
2025-11-30,1,1,Margherita Pizza,30,12.0
2025-11-30,1,2,Pasta Alfredo,34,14.0
2025-11-30,1,3,Lasagna Bolognese,29,16.0
2025-11-30,1,4,Bruschetta,32,8.0
2025-11-30,1,5,Tiramisu,35,7.0
2025-11-30,1,6,Caesar Salad,24,10.0
2025-11-30,1,7,Minestrone Soup,30,9.0
2025-11-30,2,1,Margherita Pizza,33,12.0
2025-11-30,2,2,Pasta Alfredo,41,14.0
2025-11-30,2,3,Lasagna Bolognese,22,16.0
2025-11-30,2,4,Bruschetta,33,8.0
2025-11-30,2,5,Tiramisu,40,7.0
2025-11-30,2,6,Caesar Salad,22,10.0
2025-11-30,2,7,Minestrone Soup,31,9.0
2025-11-30,3,1,Margherita Pizza,30,12.0
2025-11-30,3,2,Pasta Alfredo,40,14.0
2025-11-30,3,3,Lasagna Bolognese,26,16.0
2025-11-30,3,4,Bruschetta,33,8.0
2025-11-30,3,5,Tiramisu,37,7.0
2025-11-30,3,6,Caesar Salad,30,10.0
2025-11-30,3,7,Minestrone Soup,34,9.0
2025-11-30,4,1,Margherita Pizza,35,12.0
2025-11-30,4,2,Pasta Alfredo,41,14.0
2025-11-30,4,3,Lasagna Bolognese,31,16.0
2025-11-30,4,4,Bruschetta,34,8.0
2025-11-30,4,5,Tiramisu,46,7.0
2025-11-30,4,6,Caesar Salad,25,10.0
2025-11-30,4,7,Minestrone Soup,29,9.0
2025-11-30,5,1,Margherita Pizza,31,12.0
2025-11-30,5,2,Pasta Alfredo,36,14.0
2025-11-30,5,3,Lasagna Bolognese,32,16.0
2025-11-30,5,4,Bruschetta,38,8.0
2025-11-30,5,5,Tiramisu,46,7.0
2025-11-30,5,6,Caesar Salad,27,10.0
2025-11-30,5,7,Minestrone Soup,38,9.0
2025-12-01,1,1,Margherita Pizza,23,12.0
2025-12-01,1,2,Pasta Alfredo,27,14.0
2025-12-01,1,3,Lasagna Bolognese,21,16.0
2025-12-01,1,4,Bruschetta,21,8.0
2025-12-01,1,5,Tiramisu,35,7.0
2025-12-01,1,6,Caesar Salad,23,10.0
2025-12-01,1,7,Minestrone Soup,21,9.0
2025-12-01,2,1,Margherita Pizza,21,12.0
2025-12-01,2,2,Pasta Alfredo,28,14.0
2025-12-01,2,3,Lasagna Bolognese,21,16.0
2025-12-01,2,4,Bruschetta,27,8.0
2025-12-01,2,5,Tiramisu,25,7.0
2025-12-01,2,6,Caesar Salad,21,10.0
2025-12-01,2,7,Minestrone Soup,20,9.0
2025-12-01,3,1,Margherita Pizza,27,12.0
2025-12-01,3,2,Pasta Alfredo,29,14.0
2025-12-01,3,3,Lasagna Bolognese,27,16.0
2025-12-01,3,4,Bruschetta,21,8.0
2025-12-01,3,5,Tiramisu,34,7.0
2025-12-01,3,6,Caesar Salad,16,10.0
2025-12-01,3,7,Minestrone Soup,21,9.0
2025-12-01,4,1,Margherita Pizza,22,12.0
2025-12-01,4,2,Pasta Alfredo,32,14.0
2025-12-01,4,3,Lasagna Bolognese,19,16.0
2025-12-01,4,4,Bruschetta,23,8.0
2025-12-01,4,5,Tiramisu,32,7.0
2025-12-01,4,6,Caesar Salad,24,10.0
2025-12-01,4,7,Minestrone Soup,27,9.0
2025-12-01,5,1,Margherita Pizza,27,12.0
2025-12-01,5,2,Pasta Alfredo,38,14.0
2025-12-01,5,3,Lasagna Bolognese,24,16.0
2025-12-01,5,4,Bruschetta,30,8.0
2025-12-01,5,5,Tiramisu,33,7.0
2025-12-01,5,6,Caesar Salad,20,10.0
2025-12-01,5,7,Minestrone Soup,30,9.0
2025-12-02,1,1,Margherita Pizza,25,12.0
2025-12-02,1,2,Pasta Alfredo,31,14.0
2025-12-02,1,3,Lasagna Bolognese,23,16.0
2025-12-02,1,4,Bruschetta,21,8.0
2025-12-02,1,5,Tiramisu,27,7.0
2025-12-02,1,6,Caesar Salad,25,10.0
2025-12-02,1,7,Minestrone Soup,25,9.0
2025-12-02,2,1,Margherita Pizza,27,12.0
2025-12-02,2,2,Pasta Alfredo,34,14.0
2025-12-02,2,3,Lasagna Bolognese,23,16.0
2025-12-02,2,4,Bruschetta,30,8.0
2025-12-02,2,5,Tiramisu,33,7.0
2025-12-02,2,6,Caesar Salad,24,10.0
2025-12-02,2,7,Minestrone Soup,26,9.0
2025-12-02,3,1,Margherita Pizza,31,12.0
2025-12-02,3,2,Pasta Alfredo,38,14.0
2025-12-02,3,3,Lasagna Bolognese,23,16.0
2025-12-02,3,4,Bruschetta,33,8.0
2025-12-02,3,5,Tiramisu,35,7.0
2025-12-02,3,6,Caesar Salad,27,10.0
2025-12-02,3,7,Minestrone Soup,30,9.0
2025-12-02,4,1,Margherita Pizza,31,12.0
2025-12-02,4,2,Pasta Alfredo,38,14.0
2025-12-02,4,3,Lasagna Bolognese,30,16.0
2025-12-02,4,4,Bruschetta,32,8.0
2025-12-02,4,5,Tiramisu,38,7.0
2025-12-02,4,6,Caesar Salad,25,10.0
2025-12-02,4,7,Minestrone Soup,36,9.0
2025-12-02,5,1,Margherita Pizza,35,12.0
2025-12-02,5,2,Pasta Alfredo,38,14.0
2025-12-02,5,3,Lasagna Bolognese,27,16.0
2025-12-02,5,4,Bruschetta,36,8.0
2025-12-02,5,5,Tiramisu,36,7.0
2025-12-02,5,6,Caesar Salad,22,10.0
2025-12-02,5,7,Minestrone Soup,33,9.0
2025-12-03,1,1,Margherita Pizza,31,12.0
2025-12-03,1,2,Pasta Alfredo,36,14.0
2025-12-03,1,3,Lasagna Bolognese,22,16.0
2025-12-03,1,4,Bruschetta,27,8.0
2025-12-03,1,5,Tiramisu,33,7.0
2025-12-03,1,6,Caesar Salad,22,10.0
2025-12-03,1,7,Minestrone Soup,29,9.0
2025-12-03,2,1,Margherita Pizza,28,12.0
2025-12-03,2,2,Pasta Alfredo,36,14.0
2025-12-03,2,3,Lasagna Bolognese,26,16.0
2025-12-03,2,4,Bruschetta,31,8.0
2025-12-03,2,5,Tiramisu,33,7.0
2025-12-03,2,6,Caesar Salad,30,10.0
2025-12-03,2,7,Minestrone Soup,30,9.0
2025-12-03,3,1,Margherita Pizza,31,12.0
2025-12-03,3,2,Pasta Alfredo,33,14.0
2025-12-03,3,3,Lasagna Bolognese,25,16.0
2025-12-03,3,4,Bruschetta,30,8.0
2025-12-03,3,5,Tiramisu,33,7.0
2025-12-03,3,6,Caesar Salad,24,10.0
2025-12-03,3,7,Minestrone Soup,29,9.0
2025-12-03,4,1,Margherita Pizza,32,12.0
2025-12-03,4,2,Pasta Alfredo,31,14.0
2025-12-03,4,3,Lasagna Bolognese,26,16.0
2025-12-03,4,4,Bruschetta,30,8.0
2025-12-03,4,5,Tiramisu,37,7.0
2025-12-03,4,6,Caesar Salad,29,10.0
2025-12-03,4,7,Minestrone Soup,38,9.0
2025-12-03,5,1,Margherita Pizza,35,12.0
2025-12-03,5,2,Pasta Alfredo,35,14.0
2025-12-03,5,3,Lasagna Bolognese,26,16.0
2025-12-03,5,4,Bruschetta,35,8.0
2025-12-03,5,5,Tiramisu,40,7.0
2025-12-03,5,6,Caesar Salad,30,10.0
2025-12-03,5,7,Minestrone Soup,32,9.0
2025-12-04,1,1,Margherita Pizza,26,12.0
2025-12-04,1,2,Pasta Alfredo,37,14.0
2025-12-04,1,3,Lasagna Bolognese,23,16.0
2025-12-04,1,4,Bruschetta,24,8.0
2025-12-04,1,5,Tiramisu,36,7.0
2025-12-04,1,6,Caesar Salad,18,10.0
2025-12-04,1,7,Minestrone Soup,17,9.0
2025-12-04,2,1,Margherita Pizza,31,12.0
2025-12-04,2,2,Pasta Alfredo,36,14.0
2025-12-04,2,3,Lasagna Bolognese,25,16.0
2025-12-04,2,4,Bruschetta,25,8.0
2025-12-04,2,5,Tiramisu,33,7.0
2025-12-04,2,6,Caesar Salad,23,10.0
2025-12-04,2,7,Minestrone Soup,27,9.0
2025-12-04,3,1,Margherita Pizza,34,12.0
2025-12-04,3,2,Pasta Alfredo,32,14.0
2025-12-04,3,3,Lasagna Bolognese,26,16.0
2025-12-04,3,4,Bruschetta,34,8.0
2025-12-04,3,5,Tiramisu,36,7.0
2025-12-04,3,6,Caesar Salad,29,10.0
2025-12-04,3,7,Minestrone Soup,32,9.0
2025-12-04,4,1,Margherita Pizza,33,12.0
2025-12-04,4,2,Pasta Alfredo,38,14.0
2025-12-04,4,3,Lasagna Bolognese,28,16.0
2025-12-04,4,4,Bruschetta,30,8.0
2025-12-04,4,5,Tiramisu,33,7.0
2025-12-04,4,6,Caesar Salad,29,10.0
2025-12-04,4,7,Minestrone Soup,35,9.0
2025-12-04,5,1,Margherita Pizza,34,12.0
2025-12-04,5,2,Pasta Alfredo,37,14.0
2025-12-04,5,3,Lasagna Bolognese,23,16.0
2025-12-04,5,4,Bruschetta,33,8.0
2025-12-04,5,5,Tiramisu,34,7.0
2025-12-04,5,6,Caesar Salad,23,10.0
2025-12-04,5,7,Minestrone Soup,33,9.0
2025-12-05,1,1,Margherita Pizza,34,12.0
2025-12-05,1,2,Pasta Alfredo,44,14.0
2025-12-05,1,3,Lasagna Bolognese,30,16.0
2025-12-05,1,4,Bruschetta,35,8.0
2025-12-05,1,5,Tiramisu,38,7.0
2025-12-05,1,6,Caesar Salad,28,10.0
2025-12-05,1,7,Minestrone Soup,34,9.0
2025-12-05,2,1,Margherita Pizza,35,12.0
2025-12-05,2,2,Pasta Alfredo,44,14.0
2025-12-05,2,3,Lasagna Bolognese,29,16.0
2025-12-05,2,4,Bruschetta,38,8.0
2025-12-05,2,5,Tiramisu,46,7.0
2025-12-05,2,6,Caesar Salad,30,10.0
2025-12-05,2,7,Minestrone Soup,40,9.0
2025-12-05,3,1,Margherita Pizza,36,12.0
2025-12-05,3,2,Pasta Alfredo,44,14.0
2025-12-05,3,3,Lasagna Bolognese,33,16.0
2025-12-05,3,4,Bruschetta,42,8.0
2025-12-05,3,5,Tiramisu,50,7.0
2025-12-05,3,6,Caesar Salad,39,10.0
2025-12-05,3,7,Minestrone Soup,39,9.0
2025-12-05,4,1,Margherita Pizza,42,12.0
2025-12-05,4,2,Pasta Alfredo,46,14.0
2025-12-05,4,3,Lasagna Bolognese,32,16.0
2025-12-05,4,4,Bruschetta,43,8.0
2025-12-05,4,5,Tiramisu,47,7.0
2025-12-05,4,6,Caesar Salad,39,10.0
2025-12-05,4,7,Minestrone Soup,38,9.0
2025-12-05,5,1,Margherita Pizza,46,12.0
2025-12-05,5,2,Pasta Alfredo,49,14.0
2025-12-05,5,3,Lasagna Bolognese,34,16.0
2025-12-05,5,4,Bruschetta,46,8.0
2025-12-05,5,5,Tiramisu,50,7.0
2025-12-05,5,6,Caesar Salad,35,10.0
2025-12-05,5,7,Minestrone Soup,42,9.0
2025-12-06,1,1,Margherita Pizza,42,12.0
2025-12-06,1,2,Pasta Alfredo,41,14.0
2025-12-06,1,3,Lasagna Bolognese,31,16.0
2025-12-06,1,4,Bruschetta,36,8.0
2025-12-06,1,5,Tiramisu,43,7.0
2025-12-06,1,6,Caesar Salad,29,10.0
2025-12-06,1,7,Minestrone Soup,36,9.0
2025-12-06,2,1,Margherita Pizza,40,12.0
2025-12-06,2,2,Pasta Alfredo,42,14.0
2025-12-06,2,3,Lasagna Bolognese,35,16.0
2025-12-06,2,4,Bruschetta,42,8.0
2025-12-06,2,5,Tiramisu,47,7.0
2025-12-06,2,6,Caesar Salad,32,10.0
2025-12-06,2,7,Minestrone Soup,30,9.0
2025-12-06,3,1,Margherita Pizza,42,12.0
2025-12-06,3,2,Pasta Alfredo,46,14.0
2025-12-06,3,3,Lasagna Bolognese,33,16.0
2025-12-06,3,4,Bruschetta,35,8.0
2025-12-06,3,5,Tiramisu,49,7.0
2025-12-06,3,6,Caesar Salad,29,10.0
2025-12-06,3,7,Minestrone Soup,41,9.0
2025-12-06,4,1,Margherita Pizza,45,12.0
2025-12-06,4,2,Pasta Alfredo,48,14.0
2025-12-06,4,3,Lasagna Bolognese,39,16.0
2025-12-06,4,4,Bruschetta,40,8.0
2025-12-06,4,5,Tiramisu,51,7.0
2025-12-06,4,6,Caesar Salad,31,10.0
2025-12-06,4,7,Minestrone Soup,45,9.0
2025-12-06,5,1,Margherita Pizza,47,12.0
2025-12-06,5,2,Pasta Alfredo,53,14.0
2025-12-06,5,3,Lasagna Bolognese,36,16.0
2025-12-06,5,4,Bruschetta,40,8.0
2025-12-06,5,5,Tiramisu,50,7.0
2025-12-06,5,6,Caesar Salad,40,10.0
2025-12-06,5,7,Minestrone Soup,45,9.0
2025-12-07,1,1,Margherita Pizza,26,12.0
2025-12-07,1,2,Pasta Alfredo,33,14.0
2025-12-07,1,3,Lasagna Bolognese,30,16.0
2025-12-07,1,4,Bruschetta,33,8.0
2025-12-07,1,5,Tiramisu,33,7.0
2025-12-07,1,6,Caesar Salad,21,10.0
2025-12-07,1,7,Minestrone Soup,29,9.0
2025-12-07,2,1,Margherita Pizza,27,12.0
2025-12-07,2,2,Pasta Alfredo,38,14.0
2025-12-07,2,3,Lasagna Bolognese,35,16.0
2025-12-07,2,4,Bruschetta,28,8.0
2025-12-07,2,5,Tiramisu,38,7.0
2025-12-07,2,6,Caesar Salad,31,10.0
2025-12-07,2,7,Minestrone Soup,35,9.0
2025-12-07,3,1,Margherita Pizza,34,12.0
2025-12-07,3,2,Pasta Alfredo,40,14.0
2025-12-07,3,3,Lasagna Bolognese,25,16.0
2025-12-07,3,4,Bruschetta,34,8.0
2025-12-07,3,5,Tiramisu,41,7.0
2025-12-07,3,6,Caesar Salad,32,10.0
2025-12-07,3,7,Minestrone Soup,33,9.0
2025-12-07,4,1,Margherita Pizza,35,12.0
2025-12-07,4,2,Pasta Alfredo,39,14.0
2025-12-07,4,3,Lasagna Bolognese,31,16.0
2025-12-07,4,4,Bruschetta,38,8.0
2025-12-07,4,5,Tiramisu,44,7.0
2025-12-07,4,6,Caesar Salad,27,10.0
2025-12-07,4,7,Minestrone Soup,36,9.0
2025-12-07,5,1,Margherita Pizza,36,12.0
2025-12-07,5,2,Pasta Alfredo,47,14.0
2025-12-07,5,3,Lasagna Bolognese,31,16.0
2025-12-07,5,4,Bruschetta,33,8.0
2025-12-07,5,5,Tiramisu,43,7.0
2025-12-07,5,6,Caesar Salad,33,10.0
2025-12-07,5,7,Minestrone Soup,38,9.0
2025-12-08,1,1,Margherita Pizza,21,12.0
2025-12-08,1,2,Pasta Alfredo,25,14.0
2025-12-08,1,3,Lasagna Bolognese,16,16.0
2025-12-08,1,4,Bruschetta,22,8.0
2025-12-08,1,5,Tiramisu,24,7.0
2025-12-08,1,6,Caesar Salad,22,10.0
2025-12-08,1,7,Minestrone Soup,20,9.0
2025-12-08,2,1,Margherita Pizza,25,12.0
2025-12-08,2,2,Pasta Alfredo,28,14.0
2025-12-08,2,3,Lasagna Bolognese,23,16.0
2025-12-08,2,4,Bruschetta,27,8.0
2025-12-08,2,5,Tiramisu,30,7.0
2025-12-08,2,6,Caesar Salad,21,10.0
2025-12-08,2,7,Minestrone Soup,21,9.0
2025-12-08,3,1,Margherita Pizza,22,12.0
2025-12-08,3,2,Pasta Alfredo,27,14.0
2025-12-08,3,3,Lasagna Bolognese,23,16.0
2025-12-08,3,4,Bruschetta,26,8.0
2025-12-08,3,5,Tiramisu,32,7.0
2025-12-08,3,6,Caesar Salad,24,10.0
2025-12-08,3,7,Minestrone Soup,23,9.0
2025-12-08,4,1,Margherita Pizza,27,12.0
2025-12-08,4,2,Pasta Alfredo,31,14.0
2025-12-08,4,3,Lasagna Bolognese,21,16.0
2025-12-08,4,4,Bruschetta,25,8.0
2025-12-08,4,5,Tiramisu,35,7.0
2025-12-08,4,6,Caesar Salad,22,10.0
2025-12-08,4,7,Minestrone Soup,27,9.0
2025-12-08,5,1,Margherita Pizza,25,12.0
2025-12-08,5,2,Pasta Alfredo,35,14.0
2025-12-08,5,3,Lasagna Bolognese,20,16.0
2025-12-08,5,4,Bruschetta,29,8.0
2025-12-08,5,5,Tiramisu,34,7.0
2025-12-08,5,6,Caesar Salad,22,10.0
2025-12-08,5,7,Minestrone Soup,29,9.0
2025-12-09,1,1,Margherita Pizza,28,12.0
2025-12-09,1,2,Pasta Alfredo,31,14.0
2025-12-09,1,3,Lasagna Bolognese,23,16.0
2025-12-09,1,4,Bruschetta,27,8.0
2025-12-09,1,5,Tiramisu,32,7.0
2025-12-09,1,6,Caesar Salad,23,10.0
2025-12-09,1,7,Minestrone Soup,24,9.0
2025-12-09,2,1,Margherita Pizza,28,12.0
2025-12-09,2,2,Pasta Alfredo,34,14.0
2025-12-09,2,3,Lasagna Bolognese,24,16.0
2025-12-09,2,4,Bruschetta,31,8.0
2025-12-09,2,5,Tiramisu,35,7.0
2025-12-09,2,6,Caesar Salad,21,10.0
2025-12-09,2,7,Minestrone Soup,28,9.0
2025-12-09,3,1,Margherita Pizza,29,12.0
2025-12-09,3,2,Pasta Alfredo,35,14.0
2025-12-09,3,3,Lasagna Bolognese,25,16.0
2025-12-09,3,4,Bruschetta,32,8.0
2025-12-09,3,5,Tiramisu,35,7.0
2025-12-09,3,6,Caesar Salad,29,10.0
2025-12-09,3,7,Minestrone Soup,31,9.0
2025-12-09,4,1,Margherita Pizza,29,12.0
2025-12-09,4,2,Pasta Alfredo,35,14.0
2025-12-09,4,3,Lasagna Bolognese,28,16.0
2025-12-09,4,4,Bruschetta,27,8.0
2025-12-09,4,5,Tiramisu,33,7.0
2025-12-09,4,6,Caesar Salad,26,10.0
2025-12-09,4,7,Minestrone Soup,34,9.0
2025-12-09,5,1,Margherita Pizza,37,12.0
2025-12-09,5,2,Pasta Alfredo,38,14.0
2025-12-09,5,3,Lasagna Bolognese,30,16.0
2025-12-09,5,4,Bruschetta,33,8.0
2025-12-09,5,5,Tiramisu,34,7.0
2025-12-09,5,6,Caesar Salad,27,10.0
2025-12-09,5,7,Minestrone Soup,31,9.0
2025-12-10,1,1,Margherita Pizza,30,12.0
2025-12-10,1,2,Pasta Alfredo,32,14.0
2025-12-10,1,3,Lasagna Bolognese,19,16.0
2025-12-10,1,4,Bruschetta,23,8.0
2025-12-10,1,5,Tiramisu,32,7.0
2025-12-10,1,6,Caesar Salad,15,10.0
2025-12-10,1,7,Minestrone Soup,26,9.0
2025-12-10,2,1,Margherita Pizza,29,12.0
2025-12-10,2,2,Pasta Alfredo,30,14.0
2025-12-10,2,3,Lasagna Bolognese,27,16.0
2025-12-10,2,4,Bruschetta,32,8.0
2025-12-10,2,5,Tiramisu,30,7.0
2025-12-10,2,6,Caesar Salad,23,10.0
2025-12-10,2,7,Minestrone Soup,31,9.0
2025-12-10,3,1,Margherita Pizza,30,12.0
2025-12-10,3,2,Pasta Alfredo,31,14.0
2025-12-10,3,3,Lasagna Bolognese,25,16.0
2025-12-10,3,4,Bruschetta,27,8.0
2025-12-10,3,5,Tiramisu,38,7.0
2025-12-10,3,6,Caesar Salad,27,10.0
2025-12-10,3,7,Minestrone Soup,29,9.0
2025-12-10,4,1,Margherita Pizza,32,12.0
2025-12-10,4,2,Pasta Alfredo,33,14.0
2025-12-10,4,3,Lasagna Bolognese,24,16.0
2025-12-10,4,4,Bruschetta,36,8.0
2025-12-10,4,5,Tiramisu,37,7.0
2025-12-10,4,6,Caesar Salad,29,10.0
2025-12-10,4,7,Minestrone Soup,32,9.0
2025-12-10,5,1,Margherita Pizza,37,12.0
2025-12-10,5,2,Pasta Alfredo,32,14.0
2025-12-10,5,3,Lasagna Bolognese,27,16.0
2025-12-10,5,4,Bruschetta,38,8.0
2025-12-10,5,5,Tiramisu,41,7.0
2025-12-10,5,6,Caesar Salad,31,10.0
2025-12-10,5,7,Minestrone Soup,33,9.0
2025-12-11,1,1,Margherita Pizza,25,12.0
2025-12-11,1,2,Pasta Alfredo,29,14.0
2025-12-11,1,3,Lasagna Bolognese,19,16.0
2025-12-11,1,4,Bruschetta,29,8.0
2025-12-11,1,5,Tiramisu,33,7.0
2025-12-11,1,6,Caesar Salad,22,10.0
2025-12-11,1,7,Minestrone Soup,29,9.0
2025-12-11,2,1,Margherita Pizza,29,12.0
2025-12-11,2,2,Pasta Alfredo,36,14.0
2025-12-11,2,3,Lasagna Bolognese,27,16.0
2025-12-11,2,4,Bruschetta,25,8.0
2025-12-11,2,5,Tiramisu,34,7.0
2025-12-11,2,6,Caesar Salad,19,10.0
2025-12-11,2,7,Minestrone Soup,29,9.0
2025-12-11,3,1,Margherita Pizza,32,12.0
2025-12-11,3,2,Pasta Alfredo,31,14.0
2025-12-11,3,3,Lasagna Bolognese,24,16.0
2025-12-11,3,4,Bruschetta,30,8.0
2025-12-11,3,5,Tiramisu,36,7.0
2025-12-11,3,6,Caesar Salad,24,10.0
2025-12-11,3,7,Minestrone Soup,26,9.0
2025-12-11,4,1,Margherita Pizza,31,12.0
2025-12-11,4,2,Pasta Alfredo,32,14.0
2025-12-11,4,3,Lasagna Bolognese,25,16.0
2025-12-11,4,4,Bruschetta,30,8.0
2025-12-11,4,5,Tiramisu,36,7.0
2025-12-11,4,6,Caesar Salad,24,10.0
2025-12-11,4,7,Minestrone Soup,27,9.0
2025-12-11,5,1,Margherita Pizza,32,12.0
2025-12-11,5,2,Pasta Alfredo,41,14.0
2025-12-11,5,3,Lasagna Bolognese,31,16.0
2025-12-11,5,4,Bruschetta,40,8.0
2025-12-11,5,5,Tiramisu,43,7.0
2025-12-11,5,6,Caesar Salad,24,10.0
2025-12-11,5,7,Minestrone Soup,32,9.0
2025-12-12,1,1,Margherita Pizza,36,12.0
2025-12-12,1,2,Pasta Alfredo,42,14.0
2025-12-12,1,3,Lasagna Bolognese,31,16.0
2025-12-12,1,4,Bruschetta,44,8.0
2025-12-12,1,5,Tiramisu,39,7.0
2025-12-12,1,6,Caesar Salad,28,10.0
2025-12-12,1,7,Minestrone Soup,41,9.0
2025-12-12,2,1,Margherita Pizza,37,12.0
2025-12-12,2,2,Pasta Alfredo,46,14.0
2025-12-12,2,3,Lasagna Bolognese,35,16.0
2025-12-12,2,4,Bruschetta,40,8.0
2025-12-12,2,5,Tiramisu,45,7.0
2025-12-12,2,6,Caesar Salad,35,10.0
2025-12-12,2,7,Minestrone Soup,36,9.0
2025-12-12,3,1,Margherita Pizza,39,12.0
2025-12-12,3,2,Pasta Alfredo,49,14.0
2025-12-12,3,3,Lasagna Bolognese,27,16.0
2025-12-12,3,4,Bruschetta,45,8.0
2025-12-12,3,5,Tiramisu,48,7.0
2025-12-12,3,6,Caesar Salad,34,10.0
2025-12-12,3,7,Minestrone Soup,36,9.0
2025-12-12,4,1,Margherita Pizza,38,12.0
2025-12-12,4,2,Pasta Alfredo,48,14.0
2025-12-12,4,3,Lasagna Bolognese,38,16.0
2025-12-12,4,4,Bruschetta,36,8.0
2025-12-12,4,5,Tiramisu,52,7.0
2025-12-12,4,6,Caesar Salad,34,10.0
2025-12-12,4,7,Minestrone Soup,42,9.0
2025-12-12,5,1,Margherita Pizza,45,12.0
2025-12-12,5,2,Pasta Alfredo,52,14.0
2025-12-12,5,3,Lasagna Bolognese,35,16.0
2025-12-12,5,4,Bruschetta,46,8.0
2025-12-12,5,5,Tiramisu,45,7.0
2025-12-12,5,6,Caesar Salad,36,10.0
2025-12-12,5,7,Minestrone Soup,45,9.0
2025-12-13,1,1,Margherita Pizza,36,12.0
2025-12-13,1,2,Pasta Alfredo,37,14.0
2025-12-13,1,3,Lasagna Bolognese,33,16.0
2025-12-13,1,4,Bruschetta,33,8.0
2025-12-13,1,5,Tiramisu,42,7.0
2025-12-13,1,6,Caesar Salad,31,10.0
2025-12-13,1,7,Minestrone Soup,37,9.0
2025-12-13,2,1,Margherita Pizza,42,12.0
2025-12-13,2,2,Pasta Alfredo,45,14.0
2025-12-13,2,3,Lasagna Bolognese,33,16.0
2025-12-13,2,4,Bruschetta,38,8.0
2025-12-13,2,5,Tiramisu,47,7.0
2025-12-13,2,6,Caesar Salad,36,10.0
2025-12-13,2,7,Minestrone Soup,39,9.0
2025-12-13,3,1,Margherita Pizza,43,12.0
2025-12-13,3,2,Pasta Alfredo,51,14.0
2025-12-13,3,3,Lasagna Bolognese,38,16.0
2025-12-13,3,4,Bruschetta,39,8.0
2025-12-13,3,5,Tiramisu,50,7.0
2025-12-13,3,6,Caesar Salad,34,10.0
2025-12-13,3,7,Minestrone Soup,44,9.0
2025-12-13,4,1,Margherita Pizza,44,12.0
2025-12-13,4,2,Pasta Alfredo,50,14.0
2025-12-13,4,3,Lasagna Bolognese,37,16.0
2025-12-13,4,4,Bruschetta,43,8.0
2025-12-13,4,5,Tiramisu,50,7.0
2025-12-13,4,6,Caesar Salad,35,10.0
2025-12-13,4,7,Minestrone Soup,42,9.0
2025-12-13,5,1,Margherita Pizza,50,12.0
2025-12-13,5,2,Pasta Alfredo,53,14.0
2025-12-13,5,3,Lasagna Bolognese,35,16.0
2025-12-13,5,4,Bruschetta,43,8.0
2025-12-13,5,5,Tiramisu,55,7.0
2025-12-13,5,6,Caesar Salad,35,10.0
2025-12-13,5,7,Minestrone Soup,40,9.0
2025-12-14,1,1,Margherita Pizza,27,12.0
2025-12-14,1,2,Pasta Alfredo,31,14.0
2025-12-14,1,3,Lasagna Bolognese,22,16.0
2025-12-14,1,4,Bruschetta,28,8.0
2025-12-14,1,5,Tiramisu,40,7.0
2025-12-14,1,6,Caesar Salad,26,10.0
2025-12-14,1,7,Minestrone Soup,30,9.0
2025-12-14,2,1,Margherita Pizza,28,12.0
2025-12-14,2,2,Pasta Alfredo,38,14.0
2025-12-14,2,3,Lasagna Bolognese,22,16.0
2025-12-14,2,4,Bruschetta,32,8.0
2025-12-14,2,5,Tiramisu,44,7.0
2025-12-14,2,6,Caesar Salad,29,10.0
2025-12-14,2,7,Minestrone Soup,32,9.0
2025-12-14,3,1,Margherita Pizza,37,12.0
2025-12-14,3,2,Pasta Alfredo,39,14.0
2025-12-14,3,3,Lasagna Bolognese,26,16.0
2025-12-14,3,4,Bruschetta,40,8.0
2025-12-14,3,5,Tiramisu,37,7.0
2025-12-14,3,6,Caesar Salad,28,10.0
2025-12-14,3,7,Minestrone Soup,35,9.0
2025-12-14,4,1,Margherita Pizza,33,12.0
2025-12-14,4,2,Pasta Alfredo,44,14.0
2025-12-14,4,3,Lasagna Bolognese,29,16.0
2025-12-14,4,4,Bruschetta,38,8.0
2025-12-14,4,5,Tiramisu,44,7.0
2025-12-14,4,6,Caesar Salad,29,10.0
2025-12-14,4,7,Minestrone Soup,41,9.0
2025-12-14,5,1,Margherita Pizza,36,12.0
2025-12-14,5,2,Pasta Alfredo,48,14.0
2025-12-14,5,3,Lasagna Bolognese,35,16.0
2025-12-14,5,4,Bruschetta,43,8.0
2025-12-14,5,5,Tiramisu,44,7.0
2025-12-14,5,6,Caesar Salad,29,10.0
2025-12-14,5,7,Minestrone Soup,44,9.0
2025-12-15,1,1,Margherita Pizza,22,12.0
2025-12-15,1,2,Pasta Alfredo,24,14.0
2025-12-15,1,3,Lasagna Bolognese,19,16.0
2025-12-15,1,4,Bruschetta,20,8.0
2025-12-15,1,5,Tiramisu,28,7.0
2025-12-15,1,6,Caesar Salad,17,10.0
2025-12-15,1,7,Minestrone Soup,22,9.0
2025-12-15,2,1,Margherita Pizza,27,12.0
2025-12-15,2,2,Pasta Alfredo,30,14.0
2025-12-15,2,3,Lasagna Bolognese,20,16.0
2025-12-15,2,4,Bruschetta,25,8.0
2025-12-15,2,5,Tiramisu,28,7.0
2025-12-15,2,6,Caesar Salad,19,10.0
2025-12-15,2,7,Minestrone Soup,24,9.0
2025-12-15,3,1,Margherita Pizza,27,12.0
2025-12-15,3,2,Pasta Alfredo,29,14.0
2025-12-15,3,3,Lasagna Bolognese,22,16.0
2025-12-15,3,4,Bruschetta,23,8.0
2025-12-15,3,5,Tiramisu,28,7.0
2025-12-15,3,6,Caesar Salad,19,10.0
2025-12-15,3,7,Minestrone Soup,24,9.0
2025-12-15,4,1,Margherita Pizza,31,12.0
2025-12-15,4,2,Pasta Alfredo,33,14.0
2025-12-15,4,3,Lasagna Bolognese,19,16.0
2025-12-15,4,4,Bruschetta,28,8.0
2025-12-15,4,5,Tiramisu,30,7.0
2025-12-15,4,6,Caesar Salad,20,10.0
2025-12-15,4,7,Minestrone Soup,22,9.0
2025-12-15,5,1,Margherita Pizza,31,12.0
2025-12-15,5,2,Pasta Alfredo,28,14.0
2025-12-15,5,3,Lasagna Bolognese,23,16.0
2025-12-15,5,4,Bruschetta,25,8.0
2025-12-15,5,5,Tiramisu,35,7.0
2025-12-15,5,6,Caesar Salad,22,10.0
2025-12-15,5,7,Minestrone Soup,27,9.0
2025-12-16,1,1,Margherita Pizza,27,12.0
2025-12-16,1,2,Pasta Alfredo,32,14.0
2025-12-16,1,3,Lasagna Bolognese,23,16.0
2025-12-16,1,4,Bruschetta,27,8.0
2025-12-16,1,5,Tiramisu,30,7.0
2025-12-16,1,6,Caesar Salad,18,10.0
2025-12-16,1,7,Minestrone Soup,24,9.0
2025-12-16,2,1,Margherita Pizza,31,12.0
2025-12-16,2,2,Pasta Alfredo,32,14.0
2025-12-16,2,3,Lasagna Bolognese,22,16.0
2025-12-16,2,4,Bruschetta,24,8.0
2025-12-16,2,5,Tiramisu,28,7.0
2025-12-16,2,6,Caesar Salad,22,10.0
2025-12-16,2,7,Minestrone Soup,31,9.0
2025-12-16,3,1,Margherita Pizza,28,12.0
2025-12-16,3,2,Pasta Alfredo,36,14.0
2025-12-16,3,3,Lasagna Bolognese,23,16.0
2025-12-16,3,4,Bruschetta,32,8.0
2025-12-16,3,5,Tiramisu,34,7.0
2025-12-16,3,6,Caesar Salad,21,10.0
2025-12-16,3,7,Minestrone Soup,29,9.0
2025-12-16,4,1,Margherita Pizza,37,12.0
2025-12-16,4,2,Pasta Alfredo,42,14.0
2025-12-16,4,3,Lasagna Bolognese,28,16.0
2025-12-16,4,4,Bruschetta,31,8.0
2025-12-16,4,5,Tiramisu,37,7.0
2025-12-16,4,6,Caesar Salad,27,10.0
2025-12-16,4,7,Minestrone Soup,31,9.0
2025-12-16,5,1,Margherita Pizza,34,12.0
2025-12-16,5,2,Pasta Alfredo,39,14.0
2025-12-16,5,3,Lasagna Bolognese,26,16.0
2025-12-16,5,4,Bruschetta,29,8.0
2025-12-16,5,5,Tiramisu,37,7.0
2025-12-16,5,6,Caesar Salad,30,10.0
2025-12-16,5,7,Minestrone Soup,33,9.0
2025-12-17,1,1,Margherita Pizza,28,12.0
2025-12-17,1,2,Pasta Alfredo,31,14.0
2025-12-17,1,3,Lasagna Bolognese,19,16.0
2025-12-17,1,4,Bruschetta,26,8.0
2025-12-17,1,5,Tiramisu,29,7.0
2025-12-17,1,6,Caesar Salad,19,10.0
2025-12-17,1,7,Minestrone Soup,31,9.0
2025-12-17,2,1,Margherita Pizza,27,12.0
2025-12-17,2,2,Pasta Alfredo,31,14.0
2025-12-17,2,3,Lasagna Bolognese,29,16.0
2025-12-17,2,4,Bruschetta,31,8.0
2025-12-17,2,5,Tiramisu,32,7.0
2025-12-17,2,6,Caesar Salad,25,10.0
2025-12-17,2,7,Minestrone Soup,28,9.0
2025-12-17,3,1,Margherita Pizza,28,12.0
2025-12-17,3,2,Pasta Alfredo,36,14.0
2025-12-17,3,3,Lasagna Bolognese,24,16.0
2025-12-17,3,4,Bruschetta,30,8.0
2025-12-17,3,5,Tiramisu,38,7.0
2025-12-17,3,6,Caesar Salad,28,10.0
2025-12-17,3,7,Minestrone Soup,28,9.0
2025-12-17,4,1,Margherita Pizza,33,12.0
2025-12-17,4,2,Pasta Alfredo,33,14.0
2025-12-17,4,3,Lasagna Bolognese,27,16.0
2025-12-17,4,4,Bruschetta,32,8.0
2025-12-17,4,5,Tiramisu,38,7.0
2025-12-17,4,6,Caesar Salad,25,10.0
2025-12-17,4,7,Minestrone Soup,38,9.0
2025-12-17,5,1,Margherita Pizza,30,12.0
2025-12-17,5,2,Pasta Alfredo,41,14.0
2025-12-17,5,3,Lasagna Bolognese,24,16.0
2025-12-17,5,4,Bruschetta,34,8.0
2025-12-17,5,5,Tiramisu,40,7.0
2025-12-17,5,6,Caesar Salad,27,10.0
2025-12-17,5,7,Minestrone Soup,31,9.0
2025-12-18,1,1,Margherita Pizza,27,12.0
2025-12-18,1,2,Pasta Alfredo,32,14.0
2025-12-18,1,3,Lasagna Bolognese,28,16.0
2025-12-18,1,4,Bruschetta,24,8.0
2025-12-18,1,5,Tiramisu,30,7.0
2025-12-18,1,6,Caesar Salad,23,10.0
2025-12-18,1,7,Minestrone Soup,26,9.0
2025-12-18,2,1,Margherita Pizza,28,12.0
2025-12-18,2,2,Pasta Alfredo,36,14.0
2025-12-18,2,3,Lasagna Bolognese,15,16.0
2025-12-18,2,4,Bruschetta,27,8.0
2025-12-18,2,5,Tiramisu,28,7.0
2025-12-18,2,6,Caesar Salad,20,10.0
2025-12-18,2,7,Minestrone Soup,36,9.0
2025-12-18,3,1,Margherita Pizza,32,12.0
2025-12-18,3,2,Pasta Alfredo,38,14.0
2025-12-18,3,3,Lasagna Bolognese,25,16.0
2025-12-18,3,4,Bruschetta,32,8.0
2025-12-18,3,5,Tiramisu,30,7.0
2025-12-18,3,6,Caesar Salad,28,10.0
2025-12-18,3,7,Minestrone Soup,27,9.0
2025-12-18,4,1,Margherita Pizza,30,12.0
2025-12-18,4,2,Pasta Alfredo,38,14.0
2025-12-18,4,3,Lasagna Bolognese,27,16.0
2025-12-18,4,4,Bruschetta,32,8.0
2025-12-18,4,5,Tiramisu,32,7.0
2025-12-18,4,6,Caesar Salad,26,10.0
2025-12-18,4,7,Minestrone Soup,34,9.0
2025-12-18,5,1,Margherita Pizza,31,12.0
2025-12-18,5,2,Pasta Alfredo,42,14.0
2025-12-18,5,3,Lasagna Bolognese,25,16.0
2025-12-18,5,4,Bruschetta,33,8.0
2025-12-18,5,5,Tiramisu,43,7.0
2025-12-18,5,6,Caesar Salad,25,10.0
2025-12-18,5,7,Minestrone Soup,36,9.0
2025-12-19,1,1,Margherita Pizza,42,12.0
2025-12-19,1,2,Pasta Alfredo,43,14.0
2025-12-19,1,3,Lasagna Bolognese,29,16.0
2025-12-19,1,4,Bruschetta,34,8.0
2025-12-19,1,5,Tiramisu,47,7.0
2025-12-19,1,6,Caesar Salad,34,10.0
2025-12-19,1,7,Minestrone Soup,41,9.0
2025-12-19,2,1,Margherita Pizza,38,12.0
2025-12-19,2,2,Pasta Alfredo,48,14.0
2025-12-19,2,3,Lasagna Bolognese,32,16.0
2025-12-19,2,4,Bruschetta,36,8.0
2025-12-19,2,5,Tiramisu,48,7.0
2025-12-19,2,6,Caesar Salad,37,10.0
2025-12-19,2,7,Minestrone Soup,35,9.0
2025-12-19,3,1,Margherita Pizza,37,12.0
2025-12-19,3,2,Pasta Alfredo,47,14.0
2025-12-19,3,3,Lasagna Bolognese,37,16.0
2025-12-19,3,4,Bruschetta,37,8.0
2025-12-19,3,5,Tiramisu,48,7.0
2025-12-19,3,6,Caesar Salad,32,10.0
2025-12-19,3,7,Minestrone Soup,43,9.0
2025-12-19,4,1,Margherita Pizza,40,12.0
2025-12-19,4,2,Pasta Alfredo,52,14.0
2025-12-19,4,3,Lasagna Bolognese,35,16.0
2025-12-19,4,4,Bruschetta,40,8.0
2025-12-19,4,5,Tiramisu,50,7.0
2025-12-19,4,6,Caesar Salad,29,10.0
2025-12-19,4,7,Minestrone Soup,41,9.0
2025-12-19,5,1,Margherita Pizza,45,12.0
2025-12-19,5,2,Pasta Alfredo,46,14.0
2025-12-19,5,3,Lasagna Bolognese,29,16.0
2025-12-19,5,4,Bruschetta,37,8.0
2025-12-19,5,5,Tiramisu,56,7.0
2025-12-19,5,6,Caesar Salad,37,10.0
2025-12-19,5,7,Minestrone Soup,43,9.0
2025-12-20,1,1,Margherita Pizza,39,12.0
2025-12-20,1,2,Pasta Alfredo,41,14.0
2025-12-20,1,3,Lasagna Bolognese,31,16.0
2025-12-20,1,4,Bruschetta,37,8.0
2025-12-20,1,5,Tiramisu,41,7.0
2025-12-20,1,6,Caesar Salad,31,10.0
2025-12-20,1,7,Minestrone Soup,39,9.0
2025-12-20,2,1,Margherita Pizza,38,12.0
2025-12-20,2,2,Pasta Alfredo,44,14.0
2025-12-20,2,3,Lasagna Bolognese,31,16.0
2025-12-20,2,4,Bruschetta,32,8.0
2025-12-20,2,5,Tiramisu,46,7.0
2025-12-20,2,6,Caesar Salad,28,10.0
2025-12-20,2,7,Minestrone Soup,40,9.0
2025-12-20,3,1,Margherita Pizza,40,12.0
2025-12-20,3,2,Pasta Alfredo,47,14.0
2025-12-20,3,3,Lasagna Bolognese,36,16.0
2025-12-20,3,4,Bruschetta,38,8.0
2025-12-20,3,5,Tiramisu,48,7.0
2025-12-20,3,6,Caesar Salad,34,10.0
2025-12-20,3,7,Minestrone Soup,40,9.0
2025-12-20,4,1,Margherita Pizza,40,12.0
2025-12-20,4,2,Pasta Alfredo,51,14.0
2025-12-20,4,3,Lasagna Bolognese,37,16.0
2025-12-20,4,4,Bruschetta,43,8.0
2025-12-20,4,5,Tiramisu,46,7.0
2025-12-20,4,6,Caesar Salad,34,10.0
2025-12-20,4,7,Minestrone Soup,42,9.0
2025-12-20,5,1,Margherita Pizza,46,12.0
2025-12-20,5,2,Pasta Alfredo,47,14.0
2025-12-20,5,3,Lasagna Bolognese,35,16.0
2025-12-20,5,4,Bruschetta,43,8.0
2025-12-20,5,5,Tiramisu,51,7.0
2025-12-20,5,6,Caesar Salad,33,10.0
2025-12-20,5,7,Minestrone Soup,44,9.0
2025-12-21,1,1,Margherita Pizza,30,12.0
2025-12-21,1,2,Pasta Alfredo,33,14.0
2025-12-21,1,3,Lasagna Bolognese,26,16.0
2025-12-21,1,4,Bruschetta,30,8.0
2025-12-21,1,5,Tiramisu,38,7.0
2025-12-21,1,6,Caesar Salad,23,10.0
2025-12-21,1,7,Minestrone Soup,31,9.0
2025-12-21,2,1,Margherita Pizza,30,12.0
2025-12-21,2,2,Pasta Alfredo,36,14.0
2025-12-21,2,3,Lasagna Bolognese,28,16.0
2025-12-21,2,4,Bruschetta,33,8.0
2025-12-21,2,5,Tiramisu,37,7.0
2025-12-21,2,6,Caesar Salad,27,10.0
2025-12-21,2,7,Minestrone Soup,28,9.0
2025-12-21,3,1,Margherita Pizza,39,12.0
2025-12-21,3,2,Pasta Alfredo,42,14.0
2025-12-21,3,3,Lasagna Bolognese,31,16.0
2025-12-21,3,4,Bruschetta,30,8.0
2025-12-21,3,5,Tiramisu,38,7.0
2025-12-21,3,6,Caesar Salad,28,10.0
2025-12-21,3,7,Minestrone Soup,29,9.0
2025-12-21,4,1,Margherita Pizza,39,12.0
2025-12-21,4,2,Pasta Alfredo,46,14.0
2025-12-21,4,3,Lasagna Bolognese,36,16.0
2025-12-21,4,4,Bruschetta,33,8.0
2025-12-21,4,5,Tiramisu,42,7.0
2025-12-21,4,6,Caesar Salad,34,10.0
2025-12-21,4,7,Minestrone Soup,35,9.0
2025-12-21,5,1,Margherita Pizza,36,12.0
2025-12-21,5,2,Pasta Alfredo,38,14.0
2025-12-21,5,3,Lasagna Bolognese,35,16.0
2025-12-21,5,4,Bruschetta,38,8.0
2025-12-21,5,5,Tiramisu,42,7.0
2025-12-21,5,6,Caesar Salad,32,10.0
2025-12-21,5,7,Minestrone Soup,38,9.0
2025-12-22,1,1,Margherita Pizza,24,12.0
2025-12-22,1,2,Pasta Alfredo,26,14.0
2025-12-22,1,3,Lasagna Bolognese,24,16.0
2025-12-22,1,4,Bruschetta,23,8.0
2025-12-22,1,5,Tiramisu,32,7.0
2025-12-22,1,6,Caesar Salad,21,10.0
2025-12-22,1,7,Minestrone Soup,24,9.0
2025-12-22,2,1,Margherita Pizza,24,12.0
2025-12-22,2,2,Pasta Alfredo,31,14.0
2025-12-22,2,3,Lasagna Bolognese,21,16.0
2025-12-22,2,4,Bruschetta,21,8.0
2025-12-22,2,5,Tiramisu,25,7.0
2025-12-22,2,6,Caesar Salad,21,10.0
2025-12-22,2,7,Minestrone Soup,22,9.0
2025-12-22,3,1,Margherita Pizza,25,12.0
2025-12-22,3,2,Pasta Alfredo,33,14.0
2025-12-22,3,3,Lasagna Bolognese,22,16.0
2025-12-22,3,4,Bruschetta,23,8.0
2025-12-22,3,5,Tiramisu,34,7.0
2025-12-22,3,6,Caesar Salad,23,10.0
2025-12-22,3,7,Minestrone Soup,28,9.0
2025-12-22,4,1,Margherita Pizza,20,12.0
2025-12-22,4,2,Pasta Alfredo,32,14.0
2025-12-22,4,3,Lasagna Bolognese,25,16.0
2025-12-22,4,4,Bruschetta,32,8.0
2025-12-22,4,5,Tiramisu,27,7.0
2025-12-22,4,6,Caesar Salad,26,10.0
2025-12-22,4,7,Minestrone Soup,32,9.0
2025-12-22,5,1,Margherita Pizza,22,12.0
2025-12-22,5,2,Pasta Alfredo,34,14.0
2025-12-22,5,3,Lasagna Bolognese,25,16.0
2025-12-22,5,4,Bruschetta,27,8.0
2025-12-22,5,5,Tiramisu,31,7.0
2025-12-22,5,6,Caesar Salad,25,10.0
2025-12-22,5,7,Minestrone Soup,26,9.0
2025-12-23,1,1,Margherita Pizza,26,12.0
2025-12-23,1,2,Pasta Alfredo,34,14.0
2025-12-23,1,3,Lasagna Bolognese,28,16.0
2025-12-23,1,4,Bruschetta,29,8.0
2025-12-23,1,5,Tiramisu,32,7.0
2025-12-23,1,6,Caesar Salad,21,10.0
2025-12-23,1,7,Minestrone Soup,24,9.0
2025-12-23,2,1,Margherita Pizza,32,12.0
2025-12-23,2,2,Pasta Alfredo,33,14.0
2025-12-23,2,3,Lasagna Bolognese,27,16.0
2025-12-23,2,4,Bruschetta,28,8.0
2025-12-23,2,5,Tiramisu,31,7.0
2025-12-23,2,6,Caesar Salad,25,10.0
2025-12-23,2,7,Minestrone Soup,28,9.0
2025-12-23,3,1,Margherita Pizza,26,12.0
2025-12-23,3,2,Pasta Alfredo,40,14.0
2025-12-23,3,3,Lasagna Bolognese,23,16.0
2025-12-23,3,4,Bruschetta,33,8.0
2025-12-23,3,5,Tiramisu,37,7.0
2025-12-23,3,6,Caesar Salad,21,10.0
2025-12-23,3,7,Minestrone Soup,27,9.0
2025-12-23,4,1,Margherita Pizza,30,12.0
2025-12-23,4,2,Pasta Alfredo,34,14.0
2025-12-23,4,3,Lasagna Bolognese,31,16.0
2025-12-23,4,4,Bruschetta,31,8.0
2025-12-23,4,5,Tiramisu,39,7.0
2025-12-23,4,6,Caesar Salad,28,10.0
2025-12-23,4,7,Minestrone Soup,32,9.0
2025-12-23,5,1,Margherita Pizza,33,12.0
2025-12-23,5,2,Pasta Alfredo,42,14.0
2025-12-23,5,3,Lasagna Bolognese,25,16.0
2025-12-23,5,4,Bruschetta,38,8.0
2025-12-23,5,5,Tiramisu,34,7.0
2025-12-23,5,6,Caesar Salad,30,10.0
2025-12-23,5,7,Minestrone Soup,29,9.0
2025-12-24,1,1,Margherita Pizza,26,12.0
2025-12-24,1,2,Pasta Alfredo,32,14.0
2025-12-24,1,3,Lasagna Bolognese,21,16.0
2025-12-24,1,4,Bruschetta,27,8.0
2025-12-24,1,5,Tiramisu,27,7.0
2025-12-24,1,6,Caesar Salad,20,10.0
2025-12-24,1,7,Minestrone Soup,29,9.0
2025-12-24,2,1,Margherita Pizza,29,12.0
2025-12-24,2,2,Pasta Alfredo,31,14.0
2025-12-24,2,3,Lasagna Bolognese,28,16.0
2025-12-24,2,4,Bruschetta,25,8.0
2025-12-24,2,5,Tiramisu,32,7.0
2025-12-24,2,6,Caesar Salad,22,10.0
2025-12-24,2,7,Minestrone Soup,30,9.0
2025-12-24,3,1,Margherita Pizza,30,12.0
2025-12-24,3,2,Pasta Alfredo,35,14.0
2025-12-24,3,3,Lasagna Bolognese,19,16.0
2025-12-24,3,4,Bruschetta,33,8.0
2025-12-24,3,5,Tiramisu,34,7.0
2025-12-24,3,6,Caesar Salad,25,10.0
2025-12-24,3,7,Minestrone Soup,28,9.0
2025-12-24,4,1,Margherita Pizza,29,12.0
2025-12-24,4,2,Pasta Alfredo,41,14.0
2025-12-24,4,3,Lasagna Bolognese,21,16.0
2025-12-24,4,4,Bruschetta,28,8.0
2025-12-24,4,5,Tiramisu,41,7.0
2025-12-24,4,6,Caesar Salad,28,10.0
2025-12-24,4,7,Minestrone Soup,30,9.0
2025-12-24,5,1,Margherita Pizza,37,12.0
2025-12-24,5,2,Pasta Alfredo,40,14.0
2025-12-24,5,3,Lasagna Bolognese,28,16.0
2025-12-24,5,4,Bruschetta,33,8.0
2025-12-24,5,5,Tiramisu,40,7.0
2025-12-24,5,6,Caesar Salad,29,10.0
2025-12-24,5,7,Minestrone Soup,39,9.0
2025-12-25,1,1,Margherita Pizza,26,12.0
2025-12-25,1,2,Pasta Alfredo,31,14.0
2025-12-25,1,3,Lasagna Bolognese,19,16.0
2025-12-25,1,4,Bruschetta,27,8.0
2025-12-25,1,5,Tiramisu,37,7.0
2025-12-25,1,6,Caesar Salad,26,10.0
2025-12-25,1,7,Minestrone Soup,25,9.0
2025-12-25,2,1,Margherita Pizza,29,12.0
2025-12-25,2,2,Pasta Alfredo,29,14.0
2025-12-25,2,3,Lasagna Bolognese,21,16.0
2025-12-25,2,4,Bruschetta,29,8.0
2025-12-25,2,5,Tiramisu,32,7.0
2025-12-25,2,6,Caesar Salad,21,10.0
2025-12-25,2,7,Minestrone Soup,30,9.0
2025-12-25,3,1,Margherita Pizza,30,12.0
2025-12-25,3,2,Pasta Alfredo,30,14.0
2025-12-25,3,3,Lasagna Bolognese,19,16.0
2025-12-25,3,4,Bruschetta,28,8.0
2025-12-25,3,5,Tiramisu,30,7.0
2025-12-25,3,6,Caesar Salad,19,10.0
2025-12-25,3,7,Minestrone Soup,33,9.0
2025-12-25,4,1,Margherita Pizza,31,12.0
2025-12-25,4,2,Pasta Alfredo,36,14.0
2025-12-25,4,3,Lasagna Bolognese,26,16.0
2025-12-25,4,4,Bruschetta,28,8.0
2025-12-25,4,5,Tiramisu,38,7.0
2025-12-25,4,6,Caesar Salad,26,10.0
2025-12-25,4,7,Minestrone Soup,29,9.0
2025-12-25,5,1,Margherita Pizza,31,12.0
2025-12-25,5,2,Pasta Alfredo,35,14.0
2025-12-25,5,3,Lasagna Bolognese,26,16.0
2025-12-25,5,4,Bruschetta,32,8.0
2025-12-25,5,5,Tiramisu,37,7.0
2025-12-25,5,6,Caesar Salad,27,10.0
2025-12-25,5,7,Minestrone Soup,33,9.0
2025-12-26,1,1,Margherita Pizza,37,12.0
2025-12-26,1,2,Pasta Alfredo,45,14.0
2025-12-26,1,3,Lasagna Bolognese,32,16.0
2025-12-26,1,4,Bruschetta,39,8.0
2025-12-26,1,5,Tiramisu,40,7.0
2025-12-26,1,6,Caesar Salad,29,10.0
2025-12-26,1,7,Minestrone Soup,39,9.0
2025-12-26,2,1,Margherita Pizza,40,12.0
2025-12-26,2,2,Pasta Alfredo,43,14.0
2025-12-26,2,3,Lasagna Bolognese,34,16.0
2025-12-26,2,4,Bruschetta,36,8.0
2025-12-26,2,5,Tiramisu,46,7.0
2025-12-26,2,6,Caesar Salad,32,10.0
2025-12-26,2,7,Minestrone Soup,34,9.0
2025-12-26,3,1,Margherita Pizza,39,12.0
2025-12-26,3,2,Pasta Alfredo,54,14.0
2025-12-26,3,3,Lasagna Bolognese,34,16.0
2025-12-26,3,4,Bruschetta,47,8.0
2025-12-26,3,5,Tiramisu,43,7.0
2025-12-26,3,6,Caesar Salad,36,10.0
2025-12-26,3,7,Minestrone Soup,33,9.0
2025-12-26,4,1,Margherita Pizza,42,12.0
2025-12-26,4,2,Pasta Alfredo,51,14.0
2025-12-26,4,3,Lasagna Bolognese,38,16.0
2025-12-26,4,4,Bruschetta,40,8.0
2025-12-26,4,5,Tiramisu,52,7.0
2025-12-26,4,6,Caesar Salad,34,10.0
2025-12-26,4,7,Minestrone Soup,42,9.0
2025-12-26,5,1,Margherita Pizza,43,12.0
2025-12-26,5,2,Pasta Alfredo,48,14.0
2025-12-26,5,3,Lasagna Bolognese,42,16.0
2025-12-26,5,4,Bruschetta,44,8.0
2025-12-26,5,5,Tiramisu,55,7.0
2025-12-26,5,6,Caesar Salad,40,10.0
2025-12-26,5,7,Minestrone Soup,41,9.0
2025-12-27,1,1,Margherita Pizza,40,12.0
2025-12-27,1,2,Pasta Alfredo,44,14.0
2025-12-27,1,3,Lasagna Bolognese,27,16.0
2025-12-27,1,4,Bruschetta,38,8.0
2025-12-27,1,5,Tiramisu,40,7.0
2025-12-27,1,6,Caesar Salad,35,10.0
2025-12-27,1,7,Minestrone Soup,39,9.0
2025-12-27,2,1,Margherita Pizza,38,12.0
2025-12-27,2,2,Pasta Alfredo,49,14.0
2025-12-27,2,3,Lasagna Bolognese,27,16.0
2025-12-27,2,4,Bruschetta,36,8.0
2025-12-27,2,5,Tiramisu,44,7.0
2025-12-27,2,6,Caesar Salad,39,10.0
2025-12-27,2,7,Minestrone Soup,35,9.0
2025-12-27,3,1,Margherita Pizza,35,12.0
2025-12-27,3,2,Pasta Alfredo,43,14.0
2025-12-27,3,3,Lasagna Bolognese,36,16.0
2025-12-27,3,4,Bruschetta,39,8.0
2025-12-27,3,5,Tiramisu,47,7.0
2025-12-27,3,6,Caesar Salad,36,10.0
2025-12-27,3,7,Minestrone Soup,40,9.0
2025-12-27,4,1,Margherita Pizza,43,12.0
2025-12-27,4,2,Pasta Alfredo,51,14.0
2025-12-27,4,3,Lasagna Bolognese,34,16.0
2025-12-27,4,4,Bruschetta,42,8.0
2025-12-27,4,5,Tiramisu,50,7.0
2025-12-27,4,6,Caesar Salad,38,10.0
2025-12-27,4,7,Minestrone Soup,40,9.0
2025-12-27,5,1,Margherita Pizza,35,12.0
2025-12-27,5,2,Pasta Alfredo,54,14.0
2025-12-27,5,3,Lasagna Bolognese,40,16.0
2025-12-27,5,4,Bruschetta,45,8.0
2025-12-27,5,5,Tiramisu,52,7.0
2025-12-27,5,6,Caesar Salad,35,10.0
2025-12-27,5,7,Minestrone Soup,46,9.0
2025-12-28,1,1,Margherita Pizza,34,12.0
2025-12-28,1,2,Pasta Alfredo,36,14.0
2025-12-28,1,3,Lasagna Bolognese,33,16.0
2025-12-28,1,4,Bruschetta,26,8.0
2025-12-28,1,5,Tiramisu,37,7.0
2025-12-28,1,6,Caesar Salad,22,10.0
2025-12-28,1,7,Minestrone Soup,34,9.0
2025-12-28,2,1,Margherita Pizza,28,12.0
2025-12-28,2,2,Pasta Alfredo,34,14.0
2025-12-28,2,3,Lasagna Bolognese,25,16.0
2025-12-28,2,4,Bruschetta,34,8.0
2025-12-28,2,5,Tiramisu,36,7.0
2025-12-28,2,6,Caesar Salad,26,10.0
2025-12-28,2,7,Minestrone Soup,32,9.0
2025-12-28,3,1,Margherita Pizza,34,12.0
2025-12-28,3,2,Pasta Alfredo,45,14.0
2025-12-28,3,3,Lasagna Bolognese,31,16.0
2025-12-28,3,4,Bruschetta,33,8.0
2025-12-28,3,5,Tiramisu,46,7.0
2025-12-28,3,6,Caesar Salad,30,10.0
2025-12-28,3,7,Minestrone Soup,32,9.0
2025-12-28,4,1,Margherita Pizza,37,12.0
2025-12-28,4,2,Pasta Alfredo,44,14.0
2025-12-28,4,3,Lasagna Bolognese,28,16.0
2025-12-28,4,4,Bruschetta,33,8.0
2025-12-28,4,5,Tiramisu,42,7.0
2025-12-28,4,6,Caesar Salad,29,10.0
2025-12-28,4,7,Minestrone Soup,40,9.0
2025-12-28,5,1,Margherita Pizza,40,12.0
2025-12-28,5,2,Pasta Alfredo,42,14.0
2025-12-28,5,3,Lasagna Bolognese,33,16.0
2025-12-28,5,4,Bruschetta,41,8.0
2025-12-28,5,5,Tiramisu,40,7.0
2025-12-28,5,6,Caesar Salad,28,10.0
2025-12-28,5,7,Minestrone Soup,38,9.0
2025-12-29,1,1,Margherita Pizza,23,12.0
2025-12-29,1,2,Pasta Alfredo,27,14.0
2025-12-29,1,3,Lasagna Bolognese,18,16.0
2025-12-29,1,4,Bruschetta,22,8.0
2025-12-29,1,5,Tiramisu,28,7.0
2025-12-29,1,6,Caesar Salad,23,10.0
2025-12-29,1,7,Minestrone Soup,22,9.0
2025-12-29,2,1,Margherita Pizza,32,12.0
2025-12-29,2,2,Pasta Alfredo,34,14.0
2025-12-29,2,3,Lasagna Bolognese,24,16.0
2025-12-29,2,4,Bruschetta,26,8.0
2025-12-29,2,5,Tiramisu,34,7.0
2025-12-29,2,6,Caesar Salad,19,10.0
2025-12-29,2,7,Minestrone Soup,22,9.0
2025-12-29,3,1,Margherita Pizza,24,12.0
2025-12-29,3,2,Pasta Alfredo,27,14.0
2025-12-29,3,3,Lasagna Bolognese,22,16.0
2025-12-29,3,4,Bruschetta,26,8.0
2025-12-29,3,5,Tiramisu,30,7.0
2025-12-29,3,6,Caesar Salad,21,10.0
2025-12-29,3,7,Minestrone Soup,26,9.0
2025-12-29,4,1,Margherita Pizza,32,12.0
2025-12-29,4,2,Pasta Alfredo,33,14.0
2025-12-29,4,3,Lasagna Bolognese,25,16.0
2025-12-29,4,4,Bruschetta,27,8.0
2025-12-29,4,5,Tiramisu,26,7.0
2025-12-29,4,6,Caesar Salad,17,10.0
2025-12-29,4,7,Minestrone Soup,33,9.0
2025-12-29,5,1,Margherita Pizza,26,12.0
2025-12-29,5,2,Pasta Alfredo,31,14.0
2025-12-29,5,3,Lasagna Bolognese,24,16.0
2025-12-29,5,4,Bruschetta,30,8.0
2025-12-29,5,5,Tiramisu,35,7.0
2025-12-29,5,6,Caesar Salad,29,10.0
2025-12-29,5,7,Minestrone Soup,32,9.0
2025-12-30,1,1,Margherita Pizza,25,12.0
2025-12-30,1,2,Pasta Alfredo,34,14.0
2025-12-30,1,3,Lasagna Bolognese,21,16.0
2025-12-30,1,4,Bruschetta,27,8.0
2025-12-30,1,5,Tiramisu,28,7.0
2025-12-30,1,6,Caesar Salad,17,10.0
2025-12-30,1,7,Minestrone Soup,27,9.0
2025-12-30,2,1,Margherita Pizza,26,12.0
2025-12-30,2,2,Pasta Alfredo,36,14.0
2025-12-30,2,3,Lasagna Bolognese,23,16.0
2025-12-30,2,4,Bruschetta,29,8.0
2025-12-30,2,5,Tiramisu,37,7.0
2025-12-30,2,6,Caesar Salad,19,10.0
2025-12-30,2,7,Minestrone Soup,26,9.0
2025-12-30,3,1,Margherita Pizza,30,12.0
2025-12-30,3,2,Pasta Alfredo,36,14.0
2025-12-30,3,3,Lasagna Bolognese,28,16.0
2025-12-30,3,4,Bruschetta,33,8.0
2025-12-30,3,5,Tiramisu,35,7.0
2025-12-30,3,6,Caesar Salad,26,10.0
2025-12-30,3,7,Minestrone Soup,31,9.0
2025-12-30,4,1,Margherita Pizza,27,12.0
2025-12-30,4,2,Pasta Alfredo,36,14.0
2025-12-30,4,3,Lasagna Bolognese,27,16.0
2025-12-30,4,4,Bruschetta,33,8.0
2025-12-30,4,5,Tiramisu,34,7.0
2025-12-30,4,6,Caesar Salad,22,10.0
2025-12-30,4,7,Minestrone Soup,31,9.0
2025-12-30,5,1,Margherita Pizza,39,12.0
2025-12-30,5,2,Pasta Alfredo,36,14.0
2025-12-30,5,3,Lasagna Bolognese,31,16.0
2025-12-30,5,4,Bruschetta,38,8.0
2025-12-30,5,5,Tiramisu,38,7.0
2025-12-30,5,6,Caesar Salad,25,10.0
2025-12-30,5,7,Minestrone Soup,34,9.0
