week,center_id,meal_id,checkout_price,base_price,emailer_for_promotion,homepage_featured,num_orders
2,13,296,288.03,277.91,0,0,26
95,21,201,80.61,75.11,0,0,34
252,7,115,303.92,248.81,0,0,38
9,50,74,110.18,91.73,0,0,16
245,24,23,281.98,238.54,0,1,37
175,20,175,198.39,252.15,0,0,46
60,29,376,240.54,233.56,1,0,47
12,36,114,275.58,230.25,1,0,50
36,23,164,147.84,121.78,0,0,25
234,4,146,106.04,103.93,0,1,46
188,50,151,97.79,101.45,0,0,26
119,11,63,155.32,168.81,0,0,33
223,13,297,236.69,201.27,0,0,36
45,1,166,285.31,276.22,0,0,23
3,14,49,67.61,55.95,0,0,29
233,20,330,246.1,209.25,0,0,48
158,21,21,180.82,176.57,0,0,38
88,50,135,163.84,161.52,0,0,32
255,27,351,152.58,137.89,1,0,53
94,24,221,141.84,122.49,0,0,28
20,23,156,49.82,59.05,0,0,29
48,36,311,244.33,280.5,0,0,36
40,39,137,256.61,297.09,0,0,46
158,10,15,96.31,109.49,0,0,47
158,39,335,137.45,136.19,0,1,39
30,48,71,49.58,50.25,0,0,18
174,30,137,232.95,231.05,1,0,30
226,46,244,180.76,158.16,0,0,37
33,19,386,258.69,257.87,0,0,33
69,27,96,189.99,179.08,0,0,42
60,28,79,251.17,231.7,1,1,51
86,40,321,51.03,70.02,0,0,21
52,28,13,102.33,97.91,0,0,46
134,20,351,258.18,213.22,0,0,39
81,7,330,224.26,265.65,0,0,30
219,27,192,98.28,84.16,0,1,47
253,44,350,112.03,110.43,0,0,31
13,26,336,156.75,147.78,0,0,32
127,29,349,180.3,238.47,0,0,53
50,11,366,298.02,259.15,0,0,32
199,39,216,106.76,91.57,0,1,48
27,45,118,277.56,254.72,0,0,7
184,8,352,199.64,176.2,0,0,37
91,50,384,219.88,223.02,0,0,15
37,33,55,104.28,107.13,1,0,40
96,23,317,202.38,213.82,0,0,28
134,30,236,238.51,295.02,0,0,42
178,6,399,203.66,199.35,0,0,42
122,23,62,135.07,170.3,0,0,38
95,22,77,268.96,277.48,0,0,36
2,1,57,56.2,53.78,0,0,34
228,46,203,120.11,96.74,0,0,42
182,26,103,217.16,251.26,0,1,50
171,23,292,297.12,243.62,0,0,28
131,25,272,73.81,72.78,0,1,52
22,25,55,262.93,243.44,0,0,35
99,14,105,115.18,93.56,1,0,28
193,14,317,75.57,98.35,1,0,49
82,22,60,169.2,138.97,0,0,31
5,8,202,82.17,76.25,0,0,31
230,38,30,145.81,117.5,0,0,34
215,9,59,97.41,81.96,0,0,45
151,19,195,288.53,269.81,0,1,61
243,32,215,204.75,235.15,0,0,36
43,14,331,140.85,136.79,0,0,41
70,6,189,262.47,222.24,0,0,30
174,42,73,163.15,146.84,0,0,38
46,43,6,182.01,156.53,0,0,19
260,46,134,279.86,250.36,0,0,37
28,26,309,290.17,284.43,0,0,29
144,30,36,147.81,122.5,0,0,17
79,38,227,204.51,169.03,1,0,39
115,21,197,189.38,173.77,0,0,24
127,12,269,280.32,247.61,0,0,28
231,12,343,261.68,257.03,0,0,46
207,37,307,366.34,293.09,1,0,28
97,13,276,102.21,91.32,0,0,26
220,43,35,88.51,107.72,0,0,40
150,32,49,218.35,288.37,0,0,23
79,19,221,253.75,287.77,0,0,41
257,16,208,53.34,63.81,1,0,40
164,43,284,93.64,78.82,0,0,46
119,23,394,144.67,140.68,1,0,15
237,50,118,315.28,294.27,0,1,42
74,34,175,337.15,295.04,1,0,25
88,34,180,265.46,226.77,0,0,23
160,41,38,186.72,180.12,0,0,46
89,15,324,135.71,144.91,0,0,19
21,42,380,167.21,142.88,0,0,11
217,23,382,70.15,63.84,0,0,28
92,30,30,65.03,92.28,0,0,47
14,28,294,196.15,185.97,0,0,24
87,7,53,278.64,225.6,0,1,34
151,31,188,162.27,198.05,0,0,40
39,35,132,106.8,125.54,0,0,33
243,21,325,294.29,255.61,0,0,36
240,11,213,196.96,180.23,1,0,36
101,39,270,136.77,192.9,0,0,43
233,10,382,337.45,276.22,0,0,28
253,33,23,65.19,82.66,0,0,50
33,8,340,270.59,252.25,0,0,24
248,50,83,75.78,88.84,0,0,36
115,18,153,204.34,251.47,0,0,32
69,28,170,132.9,111.93,1,1,54
46,39,148,261.75,211.66,0,0,28
195,2,227,52.81,59.13,0,1,27
88,45,393,300.59,276.4,0,0,26
186,30,12,233.61,212.88,0,0,30
257,12,296,103.82,93.1,0,0,27
103,35,80,233.41,188.9,0,0,25
6,44,30,298.96,292.82,0,0,31
18,31,251,76.91,96.02,0,0,26
42,14,72,225.77,185.82,0,0,17
258,19,132,189.43,187.39,0,0,40
5,28,234,87.64,79.08,0,0,26
134,36,155,230.76,186.03,0,0,42
127,29,165,263.23,255.62,0,0,27
117,46,152,139.32,121.15,0,0,30
248,32,119,274.7,269.73,1,1,51
14,36,84,221.0,183.42,0,0,18
97,1,335,151.93,158.03,0,1,25
109,8,132,159.15,212.52,0,0,40
204,1,316,90.17,112.6,1,0,31
42,31,331,71.02,59.47,0,0,22
102,30,340,196.5,269.87,0,0,30
37,32,242,174.63,155.33,0,0,36
225,28,58,168.44,235.78,0,0,44
206,37,196,142.89,162.67,0,0,44
211,15,171,221.85,280.73,0,0,48
8,3,129,160.18,128.97,0,0,26
221,43,309,357.98,294.83,0,0,30
118,38,4,62.78,58.96,0,0,48
240,5,11,166.92,164.04,0,0,38
13,17,9,184.12,167.14,0,0,20
167,8,61,74.4,68.45,0,0,30
217,40,66,214.93,290.84,1,0,54
206,42,303,108.07,102.74,0,0,26
160,4,154,222.3,215.36,0,0,34
133,36,321,169.87,173.91,0,0,37
87,28,111,153.71,190.74,0,0,37
150,6,227,215.71,209.8,0,0,35
94,5,139,211.53,187.57,0,0,38
13,29,150,315.95,270.81,0,0,17
119,19,332,357.37,288.87,1,0,35
15,39,8,211.04,204.99,0,0,35
213,19,78,86.68,83.26,0,0,49
87,36,132,142.58,117.93,1,0,38
101,41,340,196.33,264.31,0,0,35
16,8,41,99.65,92.83,0,0,44
250,23,316,156.88,170.98,0,0,39
170,45,136,185.18,179.28,0,1,42
190,45,173,189.5,207.54,0,0,38
157,32,235,146.68,138.85,0,0,38
180,39,115,360.86,289.96,0,0,29
69,47,221,146.55,189.32,0,0,38
227,17,322,136.09,165.77,1,0,49
160,29,104,269.16,222.99,0,0,28
227,45,125,67.74,63.18,0,0,33
172,44,142,335.42,283.7,1,0,24
58,39,79,88.15,83.56,0,0,39
42,12,276,67.46,65.04,0,0,20
96,26,289,160.86,219.61,0,0,39
159,5,272,107.65,112.03,0,0,38
232,13,222,70.85,56.84,0,1,36
1,42,388,86.85,105.36,0,0,32
140,5,348,88.77,87.16,0,1,32
213,12,322,58.57,55.5,0,0,21
67,34,378,194.02,167.0,0,0,24
85,6,130,361.35,295.47,1,0,48
237,10,233,194.43,171.37,0,0,27
212,9,284,208.16,251.1,0,0,57
40,9,8,138.96,120.89,0,0,23
182,34,70,144.52,117.75,0,0,23
70,30,225,167.36,144.72,0,0,14
92,5,206,246.84,233.55,0,0,35
253,49,175,57.75,76.99,0,0,44
233,39,284,161.46,201.94,0,0,41
117,26,130,98.28,85.98,0,0,34
152,34,218,232.89,194.26,0,0,40
126,30,292,133.14,108.83,0,1,37
89,26,166,76.45,104.26,0,0,52
23,10,221,213.56,189.43,0,0,3
240,15,256,166.86,165.59,1,0,54
257,11,213,43.26,59.29,0,0,43
146,48,47,178.73,184.55,1,1,46
91,36,13,307.03,268.69,0,0,45
204,7,303,73.61,104.17,0,0,30
228,50,360,211.54,270.7,0,0,37
144,50,120,85.96,77.24,0,0,22
39,14,320,68.09,64.59,0,0,29
153,2,386,141.82,157.77,0,0,20
121,32,199,325.99,299.31,0,0,40
242,9,288,172.3,192.67,0,0,59
54,27,301,121.48,149.74,1,0,32
211,20,350,86.26,84.79,0,0,25
6,46,52,346.57,283.74,0,0,37
184,43,3,116.36,99.79,0,0,44
116,42,24,162.14,191.14,0,0,27
50,45,386,83.51,81.94,1,0,29
172,45,227,141.07,172.1,0,0,21
4,39,234,262.06,220.29,0,0,16
218,11,288,146.6,121.29,1,0,38
242,34,243,255.6,298.31,0,0,48
257,8,106,151.85,133.06,0,0,61
135,6,283,146.7,174.76,0,0,31
179,3,55,343.73,282.28,0,0,29
147,44,234,265.19,219.8,0,0,20
138,17,182,50.63,58.45,1,0,39
57,25,308,292.18,241.92,0,0,18
33,1,120,265.23,260.2,0,0,27
48,42,250,73.47,75.85,1,0,22
215,30,166,204.13,261.61,0,0,30
138,31,46,197.13,163.72,0,0,25
17,1,66,214.34,180.1,0,0,17
125,49,263,191.41,210.38,0,1,45
207,18,264,159.34,153.86,0,0,44
253,26,177,190.56,184.2,0,0,35
68,23,136,199.93,161.61,0,0,27
234,8,37,331.23,276.57,1,0,53
14,15,62,253.71,204.69,0,0,33
63,8,196,164.18,155.05,0,0,50
67,40,128,80.11,67.91,0,0,24
181,10,34,85.53,108.97,0,0,24
28,3,260,172.64,161.45,0,0,13
103,18,284,186.32,154.58,0,0,28
20,26,16,155.99,150.21,1,1,37
194,11,126,178.87,209.38,0,0,42
49,21,72,211.14,264.64,0,0,13
180,42,302,259.0,234.64,0,0,25
100,47,136,286.1,245.37,0,1,47
258,39,35,295.3,247.75,0,0,45
37,23,328,190.57,179.42,0,0,39
120,19,202,261.28,211.5,1,0,37
59,39,190,169.14,149.35,0,0,29
14,10,177,101.25,81.56,0,0,15
250,8,101,281.0,250.68,0,0,40
69,2,300,176.2,164.12,0,0,15
57,13,358,86.96,76.86,0,1,46
120,41,297,199.57,184.39,1,0,47
77,46,131,239.3,207.0,0,0,34
134,17,27,40.88,53.76,1,0,25
68,4,80,206.86,270.18,1,1,45
100,23,98,187.95,178.95,1,0,45
149,13,154,133.85,160.15,0,0,21
210,41,39,78.3,71.74,0,0,28
111,46,359,270.87,235.4,1,1,49
183,13,369,150.44,127.75,0,0,40
169,22,88,233.05,207.07,1,0,20
211,1,259,105.1,98.54,0,1,51
183,11,326,307.07,274.12,1,0,35
157,29,249,128.31,156.93,1,0,58
143,2,400,140.94,177.87,0,0,27
117,45,335,206.12,185.0,0,0,30
142,15,274,206.29,183.21,0,0,31
218,31,13,148.43,174.27,0,0,33
197,20,228,91.57,85.17,0,0,22
103,22,385,235.63,224.34,0,0,22
222,27,194,248.81,264.77,0,0,46
91,22,291,125.75,121.71,1,0,30
177,13,103,239.38,195.74,1,0,41
126,18,318,63.32,57.33,0,0,45
140,42,195,353.18,288.05,0,0,23
129,35,269,196.26,195.54,0,0,42
26,38,238,276.87,243.86,0,0,31
190,6,101,144.17,181.24,1,0,28
149,28,5,194.23,202.25,0,0,44
240,10,374,344.16,293.42,0,0,26
44,50,187,147.78,126.23,0,0,20
81,39,147,193.74,177.94,0,0,32
31,31,187,226.29,192.03,0,0,27
112,4,96,261.07,238.44,0,0,35
239,49,325,115.46,95.18,0,0,48
83,9,266,109.75,141.13,0,0,32
47,43,332,254.9,247.93,0,0,37
59,7,348,203.06,219.96,1,0,48
78,4,243,136.81,131.43,0,0,12
43,47,36,163.25,140.2,1,1,34
85,17,360,196.03,253.82,0,0,25
15,35,20,223.56,223.24,0,0,32
235,33,314,287.64,256.29,0,0,35
59,19,347,236.06,198.05,0,0,29
98,2,19,196.36,167.1,1,0,37
215,3,298,108.86,118.93,1,0,47
90,38,194,165.08,137.98,0,0,44
59,29,116,253.7,271.67,0,1,51
12,41,295,111.82,143.52,0,1,40
195,15,96,302.81,262.05,0,1,34
55,8,92,273.6,240.57,0,1,33
24,45,164,140.43,118.96,0,0,12
232,50,113,261.89,213.27,0,0,28
87,29,382,233.19,240.56,0,0,42
158,5,317,261.44,210.53,0,0,32
123,6,99,179.71,158.12,0,0,32
58,22,166,279.4,259.21,0,0,26
198,8,26,160.91,142.43,0,1,34
259,33,190,57.62,61.64,0,0,50
251,12,185,281.22,276.81,0,0,37
219,27,377,115.3,95.3,0,0,33
200,18,212,309.72,250.21,0,0,45
235,34,255,235.91,220.54,0,0,48
190,37,364,158.36,181.28,0,0,32
223,6,306,206.89,210.45,1,0,27
177,46,278,296.79,271.94,0,0,29
1,44,176,305.24,246.36,1,0,24
221,24,14,261.4,222.72,0,0,29
145,5,25,279.69,292.89,0,0,36
18,45,166,153.64,128.41,0,0,22
91,24,257,76.7,61.83,0,0,34
210,47,310,188.79,160.37,0,0,24
25,1,233,135.68,119.52,0,0,24
15,13,58,127.03,114.69,0,0,46
53,6,120,186.53,247.96,0,1,50
104,5,330,256.48,233.81,0,0,48
115,3,193,224.89,206.58,0,0,23
36,29,198,153.65,143.91,0,0,36
198,11,7,161.12,146.8,0,0,31
13,2,256,180.59,150.93,0,0,17
121,34,101,369.36,299.34,0,0,26
63,7,59,174.12,160.32,0,0,25
148,15,226,326.72,277.04,1,0,32
186,45,88,62.81,61.22,0,0,36
33,26,382,235.8,216.24,0,0,15
113,27,384,235.11,213.6,0,0,37
27,17,399,127.67,120.53,0,0,31
151,18,22,251.88,237.51,0,0,46
249,17,161,92.32,77.31,1,0,58
4,35,218,261.17,220.34,0,0,27
118,24,333,107.92,97.24,0,0,24
189,12,113,52.53,50.68,0,0,43
82,39,89,168.35,163.52,0,0,37
52,35,283,322.18,280.1,0,0,34
17,1,190,339.85,287.37,1,0,20
171,2,371,141.04,133.69,1,0,38
194,40,45,328.17,288.04,0,0,28
98,15,227,223.91,179.31,0,0,17
145,19,206,203.89,241.45,0,0,40
31,22,246,93.04,75.58,0,0,20
35,34,323,77.25,64.77,0,0,6
83,47,374,76.7,74.75,0,0,26
76,35,311,234.75,241.08,0,1,43
216,9,53,278.91,266.96,0,0,38
91,39,317,348.79,295.0,0,0,43
148,26,244,248.78,221.81,0,0,31
191,38,159,232.52,190.27,0,0,45
43,25,368,60.69,53.46,1,0,21
17,45,191,120.05,117.45,0,0,23
106,32,325,134.91,133.27,1,1,27
71,46,108,228.81,208.97,1,0,17
205,46,110,173.95,199.24,0,1,45
118,35,168,223.48,200.35,0,0,32
111,41,56,109.67,156.6,0,0,43
255,21,374,105.68,92.98,0,0,39
221,47,211,126.03,122.62,0,0,45
153,11,40,224.74,180.71,0,0,22
218,13,339,146.41,190.72,0,1,50
218,33,367,249.01,239.36,0,1,45
191,27,227,352.11,286.35,0,0,29
246,50,5,55.98,55.82,0,0,42
197,33,196,77.54,63.08,0,0,31
64,7,11,310.8,299.36,0,0,23
195,21,8,135.42,131.83,0,0,18
256,18,333,121.79,118.45,0,0,45
59,10,27,341.41,286.59,0,0,23
124,27,177,231.39,186.73,0,0,40
85,42,221,247.81,224.32,0,1,23
145,20,336,74.46,63.23,0,0,6
55,25,175,46.32,62.05,0,0,25
60,10,281,250.45,244.11,1,0,21
239,19,130,174.79,142.28,0,0,42
162,21,235,219.03,287.75,1,0,36
143,35,352,216.7,190.0,0,0,30
252,30,394,115.96,143.92,0,0,40
101,44,152,124.67,103.73,0,0,37
174,38,119,102.66,133.79,0,0,52
42,42,85,304.09,288.15,0,0,14
174,14,246,144.97,119.56,0,0,24
68,23,96,162.22,157.2,0,0,38
137,5,142,181.42,179.37,0,0,18
184,26,259,213.28,183.56,0,0,41
116,9,33,167.56,230.75,1,0,47
219,9,299,288.63,237.07,0,0,33
57,33,175,61.97,63.96,0,0,38
66,12,233,289.02,236.56,0,0,35
90,10,19,199.37,178.82,0,1,26
181,6,273,225.14,223.12,0,0,40
34,14,67,290.95,268.51,1,1,37
125,48,235,73.64,104.42,0,0,29
210,47,186,89.5,82.16,0,0,38
37,4,21,110.47,93.94,0,0,11
81,49,130,322.81,295.36,0,0,37
102,18,34,127.75,119.09,0,0,29
40,13,218,227.44,208.09,0,0,27
63,42,198,299.5,272.36,1,0,35
210,47,399,178.03,159.32,0,0,37
83,17,349,148.77,142.48,0,0,25
205,37,205,197.3,242.13,0,0,37
212,1,204,334.07,282.28,0,0,32
98,5,191,202.49,167.37,1,0,38
72,46,108,186.44,168.75,0,0,39
148,23,178,207.75,194.21,1,0,39
74,38,287,255.45,241.73,0,0,23
131,30,135,240.19,285.32,0,0,39
74,37,117,299.9,281.17,0,0,29
124,44,2,188.62,208.99,0,1,33
211,25,154,79.8,103.86,0,0,36
127,6,191,225.46,197.42,0,0,30
196,28,62,92.81,95.07,0,0,37
158,31,307,284.22,238.27,0,0,7
16,17,101,76.15,92.76,0,0,41
186,18,397,283.72,254.41,0,0,49
125,1,241,301.36,263.92,0,0,7
46,30,251,225.76,234.13,0,0,27
71,47,181,266.75,265.61,1,0,36
252,37,172,101.95,105.24,0,0,47
67,40,58,176.12,237.12,0,0,26
99,30,10,147.87,126.29,1,0,45
23,48,177,101.97,98.28,0,0,35
107,28,151,71.96,90.33,0,0,37
67,39,99,284.56,275.39,1,0,42
203,27,59,180.61,249.51,0,0,50
7,21,55,217.29,189.14,0,0,22
243,33,66,179.0,228.1,1,0,44
37,6,20,59.81,63.27,0,0,24
77,49,26,60.79,59.4,1,0,45
228,21,59,130.06,105.0,0,0,35
241,12,60,94.5,91.64,0,0,32
52,37,216,234.38,223.75,0,0,19
125,23,366,224.35,189.75,0,0,34
215,11,75,161.53,150.36,0,0,35
256,33,120,175.69,162.57,0,0,45
35,35,52,197.86,197.8,0,1,23
133,23,259,155.52,143.58,0,0,23
222,23,272,154.01,216.82,1,0,62
81,47,199,107.53,98.05,0,0,38
29,20,195,320.12,288.14,0,0,37
182,5,391,220.06,265.49,1,0,43
183,34,372,323.53,278.84,0,0,29
65,36,20,177.55,240.02,0,0,39
40,6,13,147.46,169.06,0,0,29
5,50,359,224.39,252.47,0,0,31
136,48,307,69.36,56.35,0,0,30
215,30,285,69.26,62.35,0,0,30
245,37,174,159.59,133.64,0,0,32
127,3,6,284.72,280.45,0,0,30
94,33,5,307.71,250.05,0,0,22
41,36,10,209.93,198.05,0,0,24
106,12,102,139.58,118.99,1,1,39
217,5,346,226.87,203.78,0,0,43
7,11,179,120.36,117.0,0,0,19
237,16,339,134.65,120.79,1,0,33
57,18,390,106.08,114.89,0,0,27
103,17,108,194.65,172.94,0,0,48
150,11,59,109.39,93.42,1,0,36
203,37,257,266.74,217.25,1,0,52
151,28,71,56.16,66.49,0,0,51
31,15,121,245.21,263.77,0,0,17
80,39,110,268.63,242.06,0,0,26
170,40,97,171.01,153.22,0,0,31
23,30,220,211.36,237.07,0,0,31
96,32,331,183.21,260.03,0,0,43
77,38,77,146.61,142.92,0,0,43
237,27,28,251.78,212.5,1,0,29
218,8,387,167.31,155.22,0,0,39
21,13,358,123.26,126.95,0,0,23
229,29,240,65.68,67.85,0,0,28
207,2,81,131.62,153.22,0,0,21
251,16,96,86.96,82.66,1,0,40
95,17,122,54.29,66.78,0,0,47
206,6,51,255.49,207.52,0,1,29
130,23,324,203.97,176.36,0,0,17
50,31,126,241.31,239.4,0,0,26
178,5,176,87.41,76.27,0,0,48
238,25,251,136.55,143.31,1,0,40
68,47,262,216.08,204.15,1,0,51
246,15,379,116.64,160.54,0,0,39
219,10,154,189.06,162.01,0,0,36
198,4,216,192.4,181.04,0,1,35
4,43,284,154.9,128.13,0,0,34
214,19,43,79.17,65.38,0,0,38
49,4,121,231.71,202.53,0,0,24
47,11,285,83.83,69.13,0,0,29
96,47,5,166.21,155.3,0,0,24
137,31,136,284.93,262.24,0,0,18
190,10,45,193.15,156.51,0,0,21
216,30,34,224.48,200.56,0,0,25
19,10,350,312.78,260.86,1,0,18
74,15,272,264.46,212.76,0,0,20
6,2,388,205.66,197.49,0,0,18
222,28,339,242.54,265.14,0,0,48
85,29,7,112.62,97.71,0,0,38
184,18,244,77.19,74.03,0,0,54
78,8,133,193.13,250.43,0,0,36
106,29,344,239.33,293.95,0,0,24
32,27,131,259.29,228.25,0,0,32
254,24,245,210.27,199.55,0,0,31
32,5,12,165.43,140.57,0,0,31
73,3,203,227.16,275.55,0,0,31
51,26,390,79.91,68.09,0,0,17
79,42,86,194.59,171.94,0,1,34
202,33,198,91.17,87.07,1,0,45
82,20,311,281.34,249.51,0,0,30
245,11,322,150.47,170.41,0,0,36
125,8,233,294.34,278.52,0,1,39
197,30,111,117.93,165.95,0,0,41
101,13,153,165.77,146.95,0,0,53
79,17,13,138.91,121.05,0,0,47
98,44,180,78.04,105.94,0,0,30
227,32,33,66.36,59.0,0,0,24
72,27,290,243.73,217.54,0,0,37
245,8,307,133.93,129.44,1,0,36
234,24,228,116.96,156.41,1,1,59
198,35,398,286.27,229.97,0,0,48
114,31,95,208.83,180.02,0,1,44
161,39,269,99.5,85.0,0,0,35
234,40,251,110.27,88.98,0,0,40
211,13,64,246.06,218.64,0,0,21
130,34,105,265.89,258.61,0,0,36
238,47,370,270.92,222.71,0,0,42
208,1,73,234.52,190.17,0,0,31
206,8,273,80.41,70.88,0,0,31
170,44,306,309.09,248.63,0,0,37
72,9,354,122.19,160.93,0,0,42
69,44,397,239.63,217.88,0,1,38
129,17,364,232.71,267.8,1,0,47
193,1,400,55.52,75.56,0,0,24
98,22,193,219.45,201.02,0,0,24
180,18,194,247.57,227.48,0,1,42
163,12,89,248.21,289.26,1,0,28
190,13,17,275.15,249.64,0,0,39
201,8,75,93.96,91.9,0,0,36
188,43,290,107.47,137.36,0,0,38
186,43,246,370.73,299.21,0,1,34
120,45,53,46.95,61.39,0,1,52
199,17,146,64.43,58.6,0,0,49
170,11,72,94.9,84.07,0,0,24
237,23,97,218.62,217.1,0,1,33
109,31,371,212.74,229.05,0,0,35
40,31,220,140.12,166.56,1,0,24
33,15,102,197.96,240.2,1,0,24
231,41,386,103.48,145.63,0,0,45
95,28,51,116.34,149.79,0,0,28
257,2,220,155.8,139.34,0,0,25
22,11,186,267.0,233.23,0,0,28
187,40,51,145.03,123.06,0,1,39
246,14,115,134.6,117.62,0,0,46
167,37,40,195.55,266.14,0,0,46
2,49,244,61.68,77.0,0,0,35
80,48,394,366.57,297.13,0,0,32
10,25,34,202.26,235.46,0,0,37
213,21,339,83.42,79.27,0,1,45
80,15,378,336.74,296.43,0,0,28
120,50,136,189.36,168.99,0,0,31
243,11,253,169.1,162.43,0,0,42
147,25,384,304.97,246.79,0,0,21
83,25,108,104.32,111.7,0,0,33
46,27,219,261.71,231.34,0,0,21
146,27,69,231.44,208.5,1,0,31
253,13,1,141.38,153.29,0,0,45
207,7,134,346.57,289.53,0,0,45
239,4,31,237.24,197.85,0,0,37
159,4,350,199.79,191.01,0,0,29
77,7,258,365.17,294.84,0,0,32
50,9,389,60.3,50.13,0,0,31
61,40,97,222.33,257.5,1,0,46
173,36,213,69.9,63.22,1,0,36
184,38,177,118.22,104.86,1,0,54
248,40,62,324.77,288.67,0,0,25
166,50,202,271.97,230.13,0,0,16
5,8,159,116.86,146.03,0,0,45
76,27,93,321.05,280.22,0,0,31
222,14,320,90.01,77.45,0,0,22
203,11,164,309.1,286.2,1,0,36
13,2,198,219.58,189.28,0,0,28
147,41,226,247.97,226.75,0,0,12
118,1,46,140.77,137.9,0,0,37
127,42,76,261.18,215.67,0,0,30
191,49,102,58.31,50.29,0,0,35
194,9,395,86.47,85.11,0,0,49
15,9,190,132.18,129.84,0,0,24
203,9,68,333.61,273.39,0,1,41
198,10,151,205.04,220.19,0,0,36
25,46,43,184.16,189.44,1,0,23
23,49,101,290.36,280.86,0,0,42
54,49,43,103.71,131.12,0,0,34
131,13,356,350.55,294.4,0,0,25
101,34,397,88.79,86.57,0,0,36
202,18,211,156.05,211.89,0,0,54
50,12,48,325.99,287.04,0,0,41
134,41,238,114.76,102.14,1,0,45
48,36,232,85.55,81.85,0,1,40
248,3,368,58.55,58.13,0,0,44
142,41,392,136.25,115.08,0,1,21
16,25,382,242.3,235.06,0,0,29
39,36,25,134.27,125.43,0,0,36
46,38,311,342.24,275.46,0,1,30
184,40,243,360.98,295.77,0,0,24
200,45,15,160.26,139.82,0,0,35
242,23,167,63.77,57.17,0,0,39
108,22,135,71.72,64.4,0,0,45
88,16,260,134.6,126.35,0,0,23
197,33,87,332.71,294.28,0,0,22
25,49,13,156.67,138.78,1,0,42
228,25,249,83.55,79.29,0,0,43
189,30,172,95.29,100.66,0,0,43
233,16,189,81.36,69.34,0,0,31
85,15,384,298.9,297.38,0,0,22
103,13,254,119.68,98.34,0,0,24
76,10,116,79.1,72.2,0,0,12
66,14,54,65.22,66.66,0,0,41
232,5,153,313.07,250.52,0,0,35
127,42,72,125.11,133.46,0,0,35
76,41,302,123.61,138.8,0,0,15
179,18,242,205.9,164.88,1,0,47
85,9,288,157.29,129.55,0,0,24
139,7,398,307.43,269.9,0,0,42
163,45,85,250.85,238.46,0,0,37
38,1,57,142.54,151.95,0,0,21
159,21,72,210.51,184.01,0,0,32
171,44,232,151.33,132.75,0,0,26
118,12,305,78.52,76.78,0,1,32
97,30,159,220.31,214.82,0,0,26
92,24,207,164.64,162.2,0,0,19
120,10,181,86.0,114.87,0,0,28
183,24,241,191.15,238.62,1,0,52
48,29,112,314.72,252.78,1,0,36
17,10,321,90.21,77.05,1,0,12
123,13,161,173.45,186.73,0,0,24
258,29,126,299.71,284.48,0,0,39
16,43,63,275.9,260.83,0,0,36
209,43,261,201.26,179.49,0,0,31
257,24,394,135.1,125.7,0,0,44
138,35,50,71.08,68.41,0,0,32
139,22,7,209.04,220.51,0,0,17
235,32,44,187.27,169.23,0,0,35
154,31,303,163.62,153.06,0,0,19
54,19,64,251.05,230.58,0,0,22
19,7,252,159.31,219.2,0,0,34
144,34,106,315.75,295.27,0,0,35
118,13,325,169.91,149.5,0,0,33
52,5,383,80.72,96.8,0,0,30
30,34,115,92.77,82.59,0,0,43
97,29,288,72.94,69.02,1,0,42
149,24,283,191.23,210.17,0,0,37
241,47,324,292.17,283.95,0,0,43
197,11,70,152.61,212.22,0,0,41
111,28,242,157.0,134.72,0,1,48
226,1,345,87.8,104.49,0,0,45
179,5,76,221.91,213.77,0,0,43
56,7,48,167.41,144.5,0,0,16
52,48,209,132.98,125.96,1,0,50
84,2,66,253.29,228.18,0,0,24
193,14,385,310.02,275.6,0,0,39
17,38,155,261.49,295.63,0,0,34
78,41,286,294.24,274.03,0,0,42
124,5,396,274.1,244.82,1,0,48
60,1,351,295.82,278.39,1,0,30
196,25,398,295.31,245.1,0,1,46
208,17,79,173.12,201.46,0,0,42
237,33,262,334.51,298.8,0,0,33
42,17,323,64.95,55.31,0,0,28
187,28,375,165.44,156.67,0,0,37
214,42,15,150.22,154.91,0,0,34
105,44,394,236.72,294.64,1,1,42
122,43,245,101.39,143.1,0,0,18
184,8,273,268.04,226.91,0,0,38
74,8,76,233.63,194.29,0,0,44
43,30,68,279.82,236.08,1,0,40
49,47,225,147.24,127.59,0,0,19
30,24,100,63.23,52.51,0,0,39
213,46,169,317.34,260.73,0,0,42
137,2,389,262.93,260.66,0,0,39
114,7,263,158.7,165.8,0,0,28
135,44,181,77.11,102.6,0,0,34
143,19,141,120.16,103.99,0,0,38
191,42,72,95.42,87.72,0,0,39
135,47,262,284.41,264.4,0,0,27
188,43,91,245.85,197.5,1,0,23
40,10,145,269.13,268.57,0,0,30
159,31,82,55.17,72.74,0,0,33
252,6,321,326.19,263.08,0,0,24
122,25,260,187.76,253.86,0,0,36
65,2,219,280.82,227.61,0,0,39
118,24,214,89.81,96.01,0,0,25
51,4,89,332.48,279.29,0,0,27
101,28,351,172.18,239.16,1,0,57
221,32,347,63.7,54.53,0,0,34
182,32,147,201.27,180.37,0,1,48
144,14,287,216.69,260.19,1,0,27
82,47,100,75.71,61.22,0,1,37
244,19,29,98.35,120.96,0,0,50
83,33,201,173.43,144.83,0,0,41
158,27,136,235.36,213.04,0,0,48
176,3,347,71.28,64.4,0,0,36
168,9,171,302.07,290.34,0,0,23
27,39,40,98.53,88.28,1,0,32
92,37,323,124.11,169.87,1,0,27
25,5,254,117.94,115.26,0,0,40
203,44,348,267.17,245.24,0,0,40
174,12,301,136.68,172.86,0,0,34
134,15,289,185.14,148.89,0,0,32
219,21,220,88.02,92.67,0,0,26
37,28,173,237.62,198.38,0,0,39
118,23,333,198.21,196.39,0,0,36
55,21,289,220.42,285.91,0,0,39
143,35,52,300.21,244.52,0,0,31
240,44,146,134.54,113.56,0,0,45
193,2,263,323.3,264.09,0,0,35
176,31,219,268.95,245.06,1,1,47
61,44,164,112.82,120.34,0,0,28
184,14,376,161.03,194.87,0,0,26
251,12,166,140.03,124.52,0,0,45
129,24,390,176.01,168.34,0,0,33
217,45,223,104.52,128.21,0,0,23
247,34,157,230.21,195.47,0,0,34
93,6,166,166.77,223.25,0,0,44
43,43,392,205.87,187.39,0,0,33
191,32,324,299.2,242.33,1,1,35
155,25,391,189.76,165.66,0,0,36
228,23,208,88.57,124.18,0,0,33
180,16,263,169.84,149.06,0,0,41
222,35,339,222.69,194.31,0,0,27
98,8,309,218.53,215.68,0,0,47
201,4,211,191.95,184.45,0,0,52
37,6,24,94.57,125.41,0,1,30
247,43,69,152.71,132.36,0,0,42
41,3,317,120.45,104.39,0,0,26
95,26,231,40.78,55.61,0,0,36
243,47,36,231.36,230.42,1,0,41
140,3,148,292.03,245.11,0,0,22
145,22,43,255.77,207.3,1,0,40
66,46,255,158.54,128.85,0,0,37
155,21,124,136.14,115.82,0,0,27
184,30,18,195.86,187.3,1,1,29
175,10,297,215.48,265.65,0,0,39
5,12,168,92.36,81.75,1,0,31
182,9,328,221.13,196.43,0,0,54
240,43,295,281.42,266.17,0,0,34
4,12,147,101.83,114.88,1,0,42
239,31,85,94.56,131.93,0,0,37
245,44,68,170.39,136.83,0,0,52
101,49,222,186.36,166.27,0,0,36
120,3,391,243.38,287.0,0,1,49
103,23,208,218.84,190.8,0,0,17
13,9,82,74.22,62.58,0,0,34
256,46,276,120.59,116.52,0,0,30
242,8,82,282.8,281.33,0,0,42
238,8,334,83.08,100.55,0,0,59
110,10,16,89.13,79.2,0,0,29
260,44,106,185.31,236.9,0,0,30
168,39,322,187.4,248.1,0,0,59
229,33,20,44.83,59.92,0,0,38
50,44,102,229.63,226.32,0,0,26
37,3,22,236.79,191.67,0,0,19
22,10,340,108.47,98.84,1,0,28
190,38,147,56.56,55.7,0,1,41
63,48,338,223.78,190.14,0,0,51
91,27,263,240.37,238.15,0,0,26
147,17,92,261.11,218.99,0,0,27
241,26,73,159.41,188.36,1,0,40
144,44,242,217.2,246.4,0,0,22
84,39,135,243.78,229.1,0,0,50
102,30,101,74.82,77.78,1,0,29
258,37,254,139.05,125.2,1,0,46
219,27,198,84.05,78.45,0,0,41
28,30,263,303.62,258.05,0,0,23
114,5,163,145.65,196.14,0,0,19
101,1,111,49.93,59.84,0,0,25
209,15,210,72.75,64.66,0,0,49
81,24,9,165.04,155.34,1,0,36
35,35,98,241.03,195.98,0,0,11
53,50,365,198.39,161.8,0,0,23
110,17,227,65.47,62.93,0,0,26
109,33,399,185.26,154.51,0,0,17
74,29,278,84.76,90.38,0,0,33
69,11,12,246.16,253.95,0,0,33
57,14,233,188.42,166.33,1,0,40
200,17,119,278.49,260.7,0,0,26
133,41,52,241.43,212.01,0,0,27
97,7,377,196.2,163.46,0,0,29
214,41,20,81.03,69.9,1,0,43
82,47,39,62.78,58.56,0,0,31
103,24,313,202.31,181.27,1,0,31
15,20,123,184.25,222.6,0,0,26
236,22,240,244.86,234.29,0,0,54
21,3,69,173.01,230.89,1,0,40
181,19,371,292.36,291.99,0,0,30
150,24,313,88.46,80.99,0,0,38
55,31,180,310.16,296.86,0,0,21
159,27,205,223.59,202.8,0,0,36
64,10,356,214.94,285.59,0,0,34
242,37,103,306.97,269.54,0,0,35
103,6,272,274.48,232.58,0,0,25
138,34,200,85.4,99.64,0,0,37
174,1,241,105.4,100.86,0,0,41
112,48,248,100.69,135.74,0,0,40
177,12,272,70.58,62.23,0,1,41
111,2,359,62.92,61.62,1,0,34
139,21,191,121.87,114.17,0,1,32
35,14,285,132.3,116.41,0,0,27
226,38,276,322.7,278.79,0,1,54
235,28,204,277.87,260.86,0,1,40
246,5,18,230.23,205.57,0,0,37
142,44,253,61.83,53.6,0,0,54
67,5,364,245.46,208.85,0,0,36
94,45,79,273.65,260.34,0,0,31
188,20,3,354.81,297.55,0,0,26
224,37,385,144.89,126.6,0,0,31
240,8,317,212.23,228.98,0,0,38
148,21,334,184.16,252.39,0,1,46
229,43,202,124.35,145.48,1,0,39
75,20,385,246.43,208.72,0,0,15
70,7,20,208.52,175.94,0,0,30
165,37,123,238.92,233.89,0,0,42
31,45,325,283.94,236.14,0,0,21
226,12,17,78.53,77.38,0,0,31
21,14,186,270.5,259.61,0,0,34
206,23,20,69.83,90.91,0,0,35
152,39,64,299.94,285.99,1,0,35
50,31,7,229.98,218.5,1,0,23
178,25,188,168.67,215.36,0,0,47
193,46,81,298.46,242.52,1,0,41
110,45,310,355.33,287.39,0,0,23
128,50,192,182.39,165.1,0,0,14
145,34,45,94.8,87.49,0,0,31
36,3,266,125.93,111.97,0,0,31
50,17,76,242.23,231.85,0,0,24
236,6,308,289.19,264.49,1,0,49
91,26,276,248.33,210.28,0,0,39
70,9,281,205.12,197.76,0,0,23
135,46,107,111.43,98.85,1,0,32
84,25,26,135.03,178.04,0,0,49
28,19,20,71.35,59.71,0,0,32
249,24,119,64.2,77.28,0,0,46
256,12,274,51.7,63.98,0,0,52
194,11,79,59.48,61.78,0,0,52
122,49,138,58.34,71.08,1,1,67
32,28,106,68.88,88.83,0,0,17
69,24,44,147.33,138.67,0,0,31
24,36,375,120.08,96.09,0,0,24
94,17,108,210.84,267.09,0,0,42
140,2,351,199.25,168.98,0,0,32
28,14,314,166.59,142.02,0,0,14
49,23,76,231.23,217.16,0,0,11
24,49,287,331.16,294.24,0,0,30
134,17,241,302.79,266.05,0,0,11
16,9,104,75.24,78.13,0,0,29
190,32,108,181.18,184.74,0,0,43
168,9,162,160.51,137.2,0,0,46
145,11,373,77.3,71.88,0,0,31
246,48,197,117.78,145.35,0,0,38
165,39,7,255.32,262.32,0,0,39
179,20,69,230.16,208.96,0,0,22
145,48,346,314.96,281.72,0,0,35
121,22,3,242.4,238.34,0,0,30
118,45,263,140.72,116.17,0,0,32
70,21,166,89.53,114.62,0,0,31
130,17,33,59.36,66.49,0,0,40
34,7,362,62.63,70.4,1,1,48
83,50,161,138.59,162.49,0,0,34
14,31,384,93.35,91.68,0,1,23
79,9,247,249.31,242.73,0,0,23
152,29,124,136.03,115.47,0,0,43
180,16,140,264.23,273.49,0,0,35
191,8,305,68.26,73.38,0,0,26
10,37,281,219.49,189.27,0,0,44
89,29,104,166.1,139.62,1,0,31
185,27,400,105.06,93.97,0,1,46
70,47,130,75.79,88.51,0,0,25
65,19,60,212.37,206.71,0,0,39
125,25,54,49.12,68.99,0,0,46
121,20,151,116.86,132.14,0,0,25
14,27,35,149.58,131.68,0,0,37
62,1,115,162.05,142.61,1,0,30
190,21,17,102.04,91.66,0,0,31
75,31,152,215.8,298.74,0,0,17
127,16,266,293.44,265.42,0,0,36
58,1,344,223.36,258.33,0,1,33
25,47,100,98.68,86.91,0,0,41
252,13,398,71.9,96.46,1,0,45
211,23,365,271.66,296.1,0,0,28
81,13,41,232.03,219.42,0,0,25
137,11,233,243.01,196.21,0,0,13
170,7,303,158.02,149.35,0,0,32
145,19,160,235.74,288.04,0,0,42
250,34,242,302.54,258.73,0,1,42
18,18,308,165.13,198.42,0,1,41
180,20,219,88.2,103.58,0,0,36
248,39,108,76.4,63.03,0,0,31
258,27,375,157.31,141.07,1,0,46
81,43,374,291.88,276.07,0,0,26
90,44,310,289.47,270.05,0,0,40
158,8,23,335.57,275.1,1,0,34
104,30,168,105.21,141.8,0,1,33
62,6,230,227.34,274.15,0,0,35
219,34,58,155.56,136.41,0,0,37
168,21,263,62.51,58.51,0,0,34
77,50,369,66.56,54.87,0,0,31
77,25,372,189.54,171.02,1,0,33
196,5,175,282.18,241.25,1,1,48
154,16,358,188.01,163.67,1,0,56
137,10,319,308.55,288.13,0,1,33
164,25,104,168.41,134.98,0,0,26
74,6,233,111.32,120.18,0,1,48
122,36,88,94.71,85.38,0,1,42
56,31,285,211.14,171.16,0,0,25
87,7,104,353.44,292.91,0,0,34
57,20,275,114.77,93.15,0,0,25
104,33,290,222.37,212.77,0,0,32
96,27,83,109.18,89.68,0,0,39
163,26,10,193.82,169.88,0,0,35
199,14,49,196.15,166.28,0,0,29
258,1,243,214.46,287.07,0,0,37
239,13,373,239.01,272.12,1,1,50
7,43,254,91.99,82.98,0,0,23
21,13,119,92.32,82.19,0,1,18
126,41,347,277.52,242.83,0,0,30
209,24,182,231.66,241.55,1,0,39
84,44,147,181.43,166.69,0,0,34
49,39,188,64.54,57.59,0,0,27
92,50,29,106.95,94.62,0,0,14
240,9,134,159.9,188.78,0,0,44
218,40,109,193.57,236.46,0,0,49
40,50,373,162.62,133.35,0,0,32
180,18,201,128.7,179.89,0,0,34
101,11,46,233.43,200.2,0,1,14
131,36,389,119.86,144.71,0,0,32
201,26,153,107.74,97.96,0,0,43
133,22,336,304.06,278.67,0,0,30
61,17,248,147.59,144.73,0,0,45
206,3,321,224.81,195.27,1,0,38
44,20,362,285.12,284.06,0,0,23
70,39,121,70.09,83.24,1,0,40
116,48,395,234.88,220.54,0,0,38
95,7,197,133.1,111.11,0,1,34
7,13,300,284.67,272.17,0,0,28
150,10,143,274.8,243.41,0,0,27
140,10,32,96.39,88.91,0,0,39
15,42,89,110.74,97.16,0,0,31
230,49,37,163.28,157.08,0,0,31
9,11,4,122.61,157.54,0,0,18
179,22,230,92.56,80.19,0,0,28
22,19,251,192.85,171.56,1,0,32
127,35,288,186.27,180.86,0,0,24
58,32,189,179.43,233.38,0,0,36
220,32,149,112.94,93.31,0,0,47
190,43,221,78.71,77.33,0,0,35
59,1,362,121.37,146.8,0,0,26
98,31,331,364.88,293.89,0,0,20
206,41,136,193.18,190.03,0,1,52
241,3,121,172.48,160.82,0,0,47
5,5,164,199.87,246.92,0,0,31
201,49,95,101.8,83.31,0,0,48
163,43,214,221.73,254.85,0,0,33
160,30,21,257.39,251.72,0,0,45
127,11,245,79.87,74.21,1,0,35
233,19,277,173.33,239.66,0,0,54
26,13,222,83.21,70.56,0,1,20
34,43,32,97.27,134.25,0,1,33
171,29,206,82.18,73.61,0,1,54
232,46,99,354.33,288.04,0,0,46
175,16,205,278.6,229.63,0,0,27
119,21,132,185.46,223.65,0,0,16
48,21,368,203.56,270.63,0,0,15
205,20,222,93.29,103.42,1,0,42
159,25,163,122.77,126.82,0,0,37
35,24,222,62.61,77.37,0,0,37
220,32,103,240.43,225.99,0,0,17
247,20,76,171.02,187.23,0,0,38
45,10,216,201.51,189.85,0,0,32
119,49,248,195.98,177.22,0,0,37
74,50,154,186.53,210.99,0,0,29
41,12,144,137.16,147.92,1,0,47
59,31,101,200.77,197.57,0,0,25
2,32,81,314.01,259.93,0,0,28
158,21,312,242.72,233.21,0,0,17
11,23,246,167.68,214.37,0,0,40
55,12,130,164.05,182.34,0,0,37
149,22,154,303.08,261.99,0,0,17
205,43,393,295.42,279.01,0,0,28
64,20,212,95.63,93.99,0,1,17
198,38,238,292.23,244.67,0,0,42
246,40,267,142.71,150.56,0,1,39
247,38,206,282.22,227.65,0,0,39
100,13,161,294.28,244.8,0,0,25
140,36,237,153.46,137.08,0,0,38
196,41,53,160.35,128.6,0,0,32
70,25,21,143.9,117.82,1,0,36
55,43,87,231.79,213.05,0,1,33
80,20,175,253.18,282.73,0,0,29
250,17,254,237.98,203.58,0,0,51
157,25,341,344.48,285.01,0,0,24
215,6,161,359.3,293.33,0,0,41
174,18,109,68.79,73.93,0,0,39
190,50,56,113.53,121.03,0,0,34
218,24,192,114.93,94.49,0,0,42
147,14,107,136.56,120.19,0,0,30
21,6,65,313.28,283.44,0,0,31
79,28,324,79.57,75.39,0,0,42
153,3,152,75.57,72.71,0,0,35
223,5,345,136.04,115.22,0,0,40
143,38,7,191.02,200.41,0,0,60
146,12,399,136.86,121.86,0,0,24
32,44,371,75.42,62.27,0,0,33
72,9,194,216.84,216.27,0,0,25
31,19,268,132.08,178.53,0,0,53
254,4,227,317.66,264.96,1,0,50
212,46,156,297.49,239.26,0,0,29
257,9,329,116.2,113.01,0,0,48
147,23,287,338.5,296.8,0,0,28
9,30,213,331.84,273.31,0,0,26
79,12,251,178.13,231.59,0,1,46
62,32,45,200.29,198.88,1,0,26
86,43,63,218.49,204.54,0,0,13
104,8,264,310.03,250.94,0,0,25
189,8,319,66.87,78.47,0,0,59
57,18,188,112.98,95.14,0,1,46
63,32,182,158.02,154.28,0,0,30
172,18,341,228.97,193.65,1,0,46
155,11,119,304.09,272.75,0,0,29
116,7,158,293.33,255.15,0,1,39
206,43,84,56.26,51.27,0,0,31
132,43,100,225.14,220.5,0,0,24
73,42,60,250.49,231.54,0,0,19
148,6,291,251.18,213.44,0,1,35
66,27,310,175.98,156.45,0,0,43
208,16,388,150.05,185.62,0,0,30
55,40,203,133.48,127.88,0,1,13
119,42,15,202.04,172.37,0,0,36
249,24,62,234.8,196.26,0,0,33
23,9,193,211.56,203.76,0,1,27
237,5,245,175.44,243.23,0,1,55
190,44,364,94.74,86.56,0,0,52
204,25,236,186.87,194.49,0,0,42
43,29,110,310.14,270.17,1,0,42
136,43,375,285.46,266.72,0,1,42
245,50,125,312.9,274.51,0,0,18
178,31,357,62.34,50.24,0,0,40
238,15,58,170.54,197.61,0,0,61
243,38,94,136.42,132.59,0,0,46
190,4,78,172.49,216.89,0,0,47
245,37,176,164.4,233.52,1,0,48
226,2,156,255.07,297.55,0,0,54
160,48,258,154.62,134.83,0,0,33
52,36,392,185.74,176.28,0,0,35
151,31,63,78.21,70.8,0,0,38
198,20,235,182.43,148.2,0,0,28
124,11,57,261.98,219.25,0,0,22
199,5,161,70.74,70.29,0,0,49
63,50,159,146.65,149.56,0,0,39
5,50,315,135.0,153.01,0,0,20
29,50,197,249.88,270.94,0,0,40
38,46,329,218.39,185.05,0,0,29
211,8,61,107.69,107.27,0,0,49
41,32,191,202.29,201.94,1,0,35
63,13,245,181.97,161.89,0,0,29
113,35,69,102.77,95.88,0,0,27
124,22,399,182.86,150.91,0,0,38
95,26,88,112.44,98.08,0,0,32
140,44,36,139.13,111.75,0,0,43
220,17,41,266.08,214.82,0,1,51
256,7,93,108.63,90.96,0,0,47
151,43,324,134.73,154.4,0,0,25
107,46,348,345.9,291.28,0,0,32
108,40,160,336.15,288.17,0,0,13
175,18,172,92.54,101.92,0,0,61
206,50,251,201.08,195.35,0,0,39
188,39,196,214.02,183.98,1,0,52
10,24,297,39.72,55.16,0,0,41
215,20,106,63.47,67.49,0,0,31
246,29,81,286.22,237.04,0,0,49
1,39,351,285.96,234.31,0,0,33
104,19,245,274.57,244.28,0,0,30
260,42,189,196.43,159.85,0,0,36
169,19,72,38.47,52.96,1,0,53
104,38,90,299.32,260.08,0,0,18
215,11,357,184.62,241.35,0,0,35
71,6,49,253.43,218.01,0,0,22
199,35,398,158.52,171.94,1,1,34
246,37,265,243.22,240.56,1,0,43
218,43,96,131.36,106.51,0,0,28
120,11,283,170.84,185.57,0,0,35
149,49,4,281.74,242.12,0,0,35
162,43,7,102.38,94.48,0,0,36
121,8,276,261.23,247.0,0,1,37
54,34,178,214.43,267.95,0,0,38
188,8,327,229.15,199.17,1,0,33
45,29,250,186.97,166.42,0,0,37
56,39,214,89.21,73.73,0,0,37
28,16,223,251.75,225.27,0,0,32
107,3,236,86.08,114.86,0,0,22
82,49,68,291.56,282.86,0,0,34
198,2,88,57.21,51.52,0,0,31
87,37,270,245.75,205.5,0,0,26
2,17,314,255.82,263.67,0,0,32
189,44,82,199.35,241.73,0,0,26
23,28,286,48.52,60.51,0,0,22
126,36,114,236.01,202.93,1,0,37
253,27,209,273.74,244.49,0,0,42
133,26,344,111.71,105.44,0,0,30
235,10,320,118.8,106.9,0,1,38
19,12,57,242.47,239.1,0,0,15
76,40,389,348.53,283.96,0,0,15
65,5,264,111.91,93.63,0,0,30
85,46,248,163.18,170.25,0,0,38
127,43,351,113.16,107.61,0,0,30
80,9,46,230.21,247.1,0,0,34
126,34,151,178.56,172.07,0,0,41
140,14,244,177.39,155.03,0,1,35
218,31,306,75.81,70.24,0,0,23
91,35,87,334.9,268.06,1,0,26
121,46,9,205.78,264.03,0,0,23
45,30,278,299.22,255.81,0,0,19
1,41,281,259.46,272.48,1,0,46
21,44,226,99.25,89.86,0,0,17
26,40,235,284.52,256.72,0,0,16
87,1,374,53.95,50.21,1,0,32
122,29,22,74.27,70.81,0,0,20
24,1,169,297.24,265.92,1,0,35
206,38,135,221.64,247.4,0,0,41
76,47,169,165.58,155.16,0,0,49
78,46,335,113.64,110.68,1,0,31
147,2,167,152.94,139.76,1,0,40
172,26,389,74.99,78.92,1,0,57
46,27,167,245.08,219.37,1,0,25
247,21,367,119.14,162.86,0,0,39
93,23,197,194.89,245.37,1,0,31
66,11,318,340.93,273.97,1,0,19
97,3,309,272.79,241.34,0,0,35
61,37,107,167.54,237.21,0,0,29
5,25,248,126.17,118.27,0,0,19
103,6,189,135.24,111.02,0,0,45
193,44,361,128.05,104.09,0,0,51
257,44,234,291.36,245.87,0,0,39
163,23,42,211.65,205.96,0,0,27
129,35,74,74.74,71.43,1,0,43
162,43,356,175.44,162.2,0,0,49
226,25,9,103.83,97.86,0,0,40
158,45,170,255.8,240.99,1,0,43
14,30,177,203.27,178.12,0,1,31
123,38,161,159.01,152.07,0,0,39
5,13,399,271.61,258.63,0,0,28
243,24,119,239.48,209.85,1,0,47
20,4,68,173.77,162.34,0,0,32
113,15,353,153.91,187.61,0,0,57
113,34,232,239.13,197.92,0,0,33
20,10,246,108.97,106.66,0,0,31
255,22,250,345.16,283.53,0,0,32
170,1,351,254.89,244.09,0,0,15
28,37,62,140.62,143.7,0,0,39
138,9,39,146.75,128.51,1,0,45
150,25,22,241.26,297.29,0,1,46
227,26,231,125.84,112.9,0,0,50
218,21,120,115.44,99.6,0,0,20
66,22,370,218.18,203.6,0,0,26
65,46,175,275.89,230.25,0,0,18
53,7,90,163.15,191.86,0,0,36
142,38,259,214.27,275.18,1,0,49
218,28,283,96.71,98.41,0,1,65
219,48,230,228.96,254.91,0,1,47
174,37,184,170.93,165.27,0,0,42
22,46,132,152.93,124.06,0,0,11
219,1,218,176.98,153.36,0,0,24
14,34,308,128.16,110.69,0,0,28
222,23,58,199.44,172.13,0,0,30
193,47,137,98.91,97.27,1,1,54
125,3,265,126.19,112.55,0,0,16
1,48,234,293.17,244.01,0,0,31
208,32,308,91.16,89.77,0,0,37
202,17,285,359.76,294.16,0,1,40
234,4,70,292.31,233.87,0,0,39
135,7,119,184.42,151.38,0,0,33
126,35,40,127.68,145.43,0,0,30
202,41,97,108.59,93.77,1,0,45
59,27,49,296.72,245.12,0,0,21
95,6,66,154.32,149.21,0,0,30
188,28,63,229.46,189.43,0,0,25
158,22,254,290.85,256.78,0,0,42
245,30,50,175.25,247.9,0,0,39
201,32,252,261.61,256.14,0,0,27
59,43,149,292.71,237.4,0,0,32
57,24,190,93.81,130.2,0,1,46
24,22,73,102.13,101.73,0,0,12
16,37,137,81.99,115.62,0,0,45
104,14,259,141.05,132.28,1,0,39
91,38,155,316.33,275.48,1,0,47
183,47,357,208.56,177.59,0,0,40
145,18,78,168.35,146.7,0,0,47
164,30,379,201.76,256.99,0,0,39
124,20,347,67.15,57.28,0,0,31
147,8,101,252.12,208.21,1,0,41
18,35,149,156.9,141.31,0,0,22
129,37,308,91.63,81.76,0,0,30
70,41,340,154.83,133.2,0,0,13
88,26,129,286.26,229.71,1,0,28
125,39,193,135.33,112.96,0,0,57
201,13,86,103.13,84.95,0,0,23
125,22,171,310.9,287.79,0,0,33
115,37,132,101.57,90.9,1,0,32
61,3,245,206.34,173.83,1,0,35
202,38,224,149.03,124.76,0,0,36
162,30,201,162.99,139.25,1,0,28
156,14,193,237.35,299.0,0,0,36
14,13,62,95.92,85.6,0,0,17
23,25,275,200.12,185.85,0,0,28
240,36,31,275.27,225.84,0,0,30
239,14,186,188.46,191.95,0,1,55
243,15,10,95.39,92.63,0,0,35
243,44,213,184.66,177.75,0,0,32
95,38,251,304.36,265.7,0,0,52
115,18,297,292.28,266.93,1,0,43
222,28,253,160.33,152.85,0,0,36
12,25,83,286.38,245.28,0,1,32
196,27,306,230.89,295.74,1,1,54
260,30,132,205.89,171.6,0,0,28
141,7,105,151.48,165.36,1,0,26
43,2,400,219.84,190.89,0,0,28
237,19,130,62.18,71.23,0,0,50
63,45,159,324.23,263.18,0,0,35
97,34,6,227.09,202.99,0,0,34
183,28,337,113.02,91.69,0,0,50
53,14,84,65.36,54.26,1,0,31
120,18,168,91.73,87.1,1,0,35
134,1,302,98.29,82.04,0,0,17
101,7,261,223.33,201.23,1,0,34
220,27,284,321.76,280.89,0,0,26
257,8,317,121.24,111.07,0,0,49
124,45,306,300.22,252.18,0,0,8
250,50,387,307.29,266.41,0,0,26
93,50,130,115.52,113.08,0,0,37
217,18,20,344.53,298.75,0,0,25
38,16,53,236.86,191.7,1,0,10
42,32,293,270.29,292.24,0,0,31
192,16,394,66.85,63.86,1,0,43
82,22,177,200.72,194.43,0,0,32
232,14,248,184.96,195.0,0,1,49
220,4,11,176.55,206.15,0,1,37
107,1,5,134.98,115.5,0,1,28
64,30,310,95.85,92.35,0,0,25
124,3,329,177.84,143.18,0,0,38
153,10,312,109.98,154.37,0,1,36
95,19,373,236.18,256.35,0,0,43
46,3,311,162.13,130.17,0,0,24
2,16,41,198.69,245.65,0,0,26
168,24,387,166.66,189.83,0,0,37
205,10,331,168.34,146.72,1,0,38
32,43,110,286.12,290.56,0,0,24
157,8,219,200.8,188.36,0,0,35
59,41,42,185.61,153.06,0,1,39
193,8,396,92.73,90.13,0,0,37
104,19,189,93.65,79.26,0,1,38
239,35,288,104.16,122.43,1,0,47
61,12,9,81.52,69.93,0,0,20
200,1,198,61.1,83.92,0,0,51
216,29,228,255.12,219.14,1,0,44
119,23,49,279.81,233.37,0,0,28
110,46,128,292.7,242.7,1,0,37
133,3,227,178.93,161.79,0,0,37
195,25,14,166.39,153.38,0,0,53
128,30,389,65.18,58.45,0,0,42
250,29,397,273.76,223.65,0,0,34
87,6,105,85.35,80.51,0,0,39
120,32,250,147.59,128.6,0,1,27
69,30,253,276.78,265.4,1,0,25
235,35,4,273.77,220.59,1,0,44
247,32,68,114.92,126.66,0,0,35
13,16,291,127.21,126.47,0,0,25
248,15,61,215.75,227.65,0,0,44
118,29,161,64.96,62.01,0,0,41
69,18,113,170.42,195.43,0,0,46
100,9,15,265.51,234.76,0,0,34
258,18,366,149.69,122.69,0,0,40
150,24,181,153.51,163.5,0,0,29
151,24,320,128.45,113.88,0,0,39
180,16,193,344.43,289.36,1,0,42
188,27,310,182.01,210.33,0,1,49
59,17,115,275.64,281.05,0,0,33
91,5,214,265.44,224.37,0,0,22
22,21,248,153.9,153.41,1,0,30
32,39,57,215.73,192.87,0,0,30
45,20,340,58.82,57.7,0,0,19
221,22,81,127.18,137.77,0,1,33
9,26,249,61.53,54.81,1,0,41
36,38,324,338.68,272.67,0,0,34
205,38,76,77.87,96.11,0,1,57
93,10,55,228.15,193.64,0,0,39
158,14,155,312.06,254.11,0,0,33
190,20,388,338.54,282.91,0,0,24
131,21,266,249.12,242.66,0,0,26
211,7,240,154.13,126.51,0,1,37
239,14,83,246.59,210.92,0,0,36
36,15,13,165.02,200.96,1,0,41
76,13,70,123.7,151.3,0,1,29
233,11,75,142.51,117.04,1,0,27
73,22,50,175.41,150.75,0,0,14
159,33,191,181.09,205.65,0,0,41
119,10,144,166.19,204.88,0,1,42
38,44,245,267.57,246.62,0,0,16
203,1,252,317.16,280.72,0,1,35
210,38,343,251.13,209.16,0,0,31
169,45,162,214.37,256.05,0,0,29
125,30,228,262.7,289.61,1,0,35
38,32,123,79.22,108.86,0,0,22
52,16,222,247.31,211.24,0,1,21
206,8,150,142.33,182.8,0,0,43
113,21,135,181.49,163.42,0,0,29
197,31,161,165.03,151.03,0,0,41
182,44,305,98.19,83.23,0,0,30
39,22,84,114.51,131.56,0,0,17
144,21,167,139.64,131.1,0,0,42
236,3,232,144.98,181.47,0,0,36
245,6,189,214.5,228.12,0,0,46
15,48,278,81.13,74.5,1,0,28
78,16,182,313.6,297.54,0,0,24
67,25,111,281.72,238.82,0,0,25
61,38,264,66.74,54.1,0,0,32
34,7,94,45.74,58.9,0,0,41
251,43,283,153.18,188.52,0,0,44
123,46,340,145.22,128.9,0,0,24
209,7,176,253.04,218.1,0,0,39
244,3,295,77.58,66.32,0,0,43
2,48,331,157.07,160.26,1,0,36
143,48,165,177.27,195.03,0,0,48
71,20,118,203.94,163.5,0,0,17
146,19,146,166.69,207.22,0,0,35
99,28,81,58.71,55.44,0,0,39
143,30,139,114.73,100.31,0,0,32
256,5,171,77.26,67.59,0,0,41
121,42,257,94.59,120.42,1,0,46
226,12,80,281.13,239.48,0,0,26
63,33,340,348.71,288.6,0,0,24
224,19,233,316.41,260.73,1,0,40
170,18,11,138.2,191.44,0,0,55
129,40,400,227.67,198.14,0,0,8
125,36,173,146.63,118.52,0,0,31
111,25,390,93.15,124.57,1,0,45
17,37,106,183.0,159.36,0,0,27
64,44,288,94.61,104.55,1,0,44
224,19,93,217.33,186.46,1,0,53
3,34,2,302.76,289.74,0,0,44
129,44,304,153.33,144.93,0,0,29
13,16,33,314.83,251.89,0,0,33
247,36,157,200.31,259.67,0,0,54
204,20,161,186.51,231.84,0,0,31
4,40,204,67.66,60.54,0,1,14
19,35,102,153.86,130.06,1,0,20
187,44,64,266.22,242.21,0,0,33
230,46,196,86.44,80.64,0,0,53
106,31,179,158.05,148.04,1,0,31
75,9,383,320.2,257.68,0,0,40
65,8,266,190.28,180.85,0,0,15
30,22,143,254.58,236.84,0,0,7
152,5,285,95.09,132.09,0,0,42
239,8,64,259.95,209.69,0,0,37
31,15,279,69.65,67.37,0,0,34
198,46,132,220.88,232.73,0,0,46
149,40,263,228.91,191.82,1,0,33
73,3,338,289.02,239.94,0,0,20
230,6,250,98.97,98.53,1,0,49
158,14,243,183.87,156.32,0,0,30
10,26,302,199.02,283.14,0,0,32
155,24,124,193.3,237.19,0,0,22
229,23,132,163.62,151.03,0,1,41
227,45,341,200.4,182.15,0,0,35
52,7,229,163.64,155.06,1,1,49
231,37,32,200.36,179.14,0,0,41
55,11,129,211.33,276.2,0,0,19
88,45,74,139.56,129.93,0,0,36
146,10,94,329.06,281.14,0,0,33
121,13,286,132.48,139.09,0,0,35
25,7,337,306.16,279.68,1,0,27
17,14,254,163.27,152.51,0,0,32
81,2,69,262.07,211.15,0,0,37
159,44,111,147.68,153.96,0,1,44
77,47,113,288.0,236.95,0,1,45
45,16,242,264.4,235.09,1,0,26
80,4,355,191.39,260.77,0,0,44
81,47,273,283.37,266.63,1,0,41
69,42,65,211.31,203.72,0,0,16
73,21,316,238.48,201.9,0,0,34
24,48,252,136.0,135.43,0,0,14
115,7,30,192.93,172.18,0,0,20
33,44,50,143.84,198.87,1,0,43
184,20,119,218.54,296.72,0,0,50
79,33,221,238.18,223.02,0,0,47
147,32,136,174.57,167.41,0,0,40
102,35,308,223.21,196.2,0,0,46
2,1,257,199.53,246.52,0,0,22
48,31,303,80.71,73.0,0,0,27
250,44,365,249.06,240.58,0,0,38
252,15,281,68.17,55.46,0,1,36
249,31,276,187.14,156.14,0,0,23
113,45,330,263.56,247.27,0,0,32
175,42,234,106.04,117.4,0,0,22
81,10,141,210.49,196.1,1,0,35
184,36,116,165.45,141.46,0,0,39
173,33,343,112.83,153.57,0,0,47
165,43,351,298.74,260.73,0,0,24
166,31,175,87.67,84.31,0,0,30
139,6,332,57.66,52.0,0,0,39
189,9,181,141.91,113.86,0,0,48
1,28,281,304.96,287.02,0,0,28
157,4,74,256.22,286.35,0,0,27
66,21,249,133.36,116.32,0,0,35
167,38,359,320.74,290.78,0,0,44
249,47,314,153.1,191.06,0,0,54
252,3,307,132.51,167.44,0,0,50
176,5,9,149.05,126.42,0,0,44
57,34,18,157.16,196.99,0,0,34
151,40,72,63.97,61.31,0,0,34
74,24,152,280.09,244.34,1,0,29
62,24,297,217.76,175.36,0,0,41
76,40,16,155.87,125.99,0,0,32
182,27,397,85.78,95.79,0,0,48
198,30,88,88.92,100.6,0,0,32
107,37,364,84.35,117.25,0,0,42
205,39,49,272.25,257.32,0,1,28
70,13,216,182.76,186.18,0,0,40
33,45,122,106.0,97.42,0,1,22
1,2,196,305.66,280.79,0,0,43
131,16,318,179.69,152.11,0,0,29
163,38,167,154.97,183.16,0,0,46
187,47,306,119.45,110.09,0,0,38
248,9,296,169.9,138.21,1,0,55
20,14,43,276.91,266.9,0,0,14
189,6,350,225.6,219.91,0,1,22
188,44,271,97.69,91.5,0,0,38
198,47,205,218.43,298.27,0,0,51
38,31,208,80.6,71.83,0,0,22
250,42,74,267.26,264.36,0,1,45
181,6,358,166.21,183.01,0,0,42
66,36,119,173.12,192.94,0,0,30
26,13,367,191.56,270.52,0,0,28
66,36,250,258.02,237.19,0,0,22
28,40,82,182.5,230.73,0,0,39
212,40,205,202.22,197.16,0,0,37
151,35,280,170.41,161.91,0,0,28
64,40,120,77.53,87.92,0,0,21
152,35,313,161.96,188.56,0,0,33
234,36,398,222.65,217.13,0,0,42
232,27,233,203.78,177.88,0,0,40
150,33,224,126.54,116.95,0,0,45
26,12,354,111.95,97.51,0,0,26
28,31,302,133.91,129.6,0,0,2
230,21,286,107.73,89.11,0,0,29
52,38,252,246.6,273.96,0,1,28
182,14,128,73.79,61.75,0,0,32
145,37,196,208.74,201.91,0,0,46
10,35,51,300.09,245.14,0,0,15
199,36,25,77.96,71.64,0,0,32
128,31,157,262.74,248.59,0,0,38
64,15,249,116.67,109.48,0,0,27
124,13,188,76.5,72.22,0,0,26
237,2,229,52.22,50.63,0,0,28
135,2,326,122.11,115.26,0,0,24
111,42,271,217.4,206.11,0,0,33
120,47,352,350.16,295.17,0,1,32
224,46,295,292.76,276.11,0,0,43
177,48,175,269.63,254.62,0,0,39
217,44,249,314.01,290.41,0,1,48
246,26,92,154.4,150.99,0,0,34
245,18,195,212.27,260.99,0,0,58
94,31,329,111.05,143.36,0,0,41
190,43,194,141.61,198.09,0,0,44
97,6,67,283.35,299.46,0,1,34
83,24,336,57.09,71.47,0,1,36
79,48,363,177.32,156.55,0,0,18
87,9,56,311.78,260.95,0,0,4
79,1,375,288.69,232.82,0,0,27
16,35,199,200.94,161.2,0,0,22
245,23,135,310.96,262.65,0,0,30
153,3,47,55.94,76.37,0,1,38
88,45,322,219.72,208.98,0,0,22
46,22,378,189.57,259.36,0,1,41
198,12,397,132.05,110.15,0,0,25
139,48,110,349.18,294.8,0,0,30
7,3,54,93.33,94.32,0,0,24
3,37,123,116.28,100.99,1,0,32
39,1,222,68.29,74.94,0,0,38
155,29,122,184.79,177.6,0,0,41
138,5,57,217.32,288.62,0,0,42
3,24,298,109.08,90.17,1,0,16
133,7,8,289.15,285.7,1,1,47
92,22,370,61.17,71.65,0,0,42
93,13,378,226.04,235.92,1,0,50
193,22,109,157.85,184.39,0,0,52
89,23,167,138.38,135.28,0,0,33
105,38,334,119.2,154.75,0,0,38
130,25,389,312.51,273.36,0,0,32
246,39,74,127.6,104.26,0,0,37
152,5,391,163.43,177.03,0,0,25
176,44,76,73.03,72.2,0,0,50
88,32,101,85.34,91.09,0,0,19
223,21,78,61.9,70.1,0,0,25
139,6,312,329.13,271.28,0,0,33
239,50,232,266.01,220.73,1,0,41
10,8,374,206.97,174.96,0,0,39
212,25,82,289.52,237.22,1,0,28
155,16,384,157.07,191.07,0,0,23
86,43,36,143.26,138.59,1,0,33
37,1,94,177.0,150.6,0,0,27
191,26,372,137.11,111.53,1,0,44
45,19,223,278.9,243.62,0,0,37
243,50,93,75.64,63.86,0,0,34
46,48,306,178.2,243.05,0,0,31
117,11,381,303.75,284.63,1,0,31
102,23,375,161.17,130.14,0,0,25
84,44,267,75.0,64.57,0,0,37
69,49,184,220.27,189.91,0,0,42
250,18,196,280.82,271.94,0,0,43
51,33,362,299.91,280.17,0,0,31
210,40,211,109.85,108.13,1,0,49
225,29,75,62.98,60.96,0,0,52
256,48,52,283.59,263.25,0,0,40
68,13,9,170.45,146.73,0,0,35
136,26,11,59.76,54.5,0,0,30
107,7,178,124.56,121.76,0,1,37
124,20,311,241.78,239.85,0,0,31
16,14,361,169.49,163.86,0,1,33
1,20,27,227.25,190.54,0,0,25
203,16,179,288.8,251.12,1,0,46
77,6,311,142.36,188.04,0,0,41
242,31,179,73.79,64.87,0,0,39
90,9,269,122.59,104.35,0,0,28
198,11,233,94.19,85.16,0,0,31
206,37,263,225.04,285.61,0,0,43
71,28,293,135.89,112.18,0,0,41
14,10,230,241.97,228.37,1,0,29
249,12,198,142.79,139.4,1,1,58
140,47,371,71.41,62.78,0,0,56
249,40,348,232.76,190.0,0,0,37
118,26,180,90.33,100.2,0,0,15
38,34,202,106.7,136.9,0,0,33
227,5,164,289.45,287.49,0,0,32
145,29,93,94.95,102.4,0,0,35
225,5,317,90.14,103.04,0,1,46
234,27,389,356.74,293.21,0,0,28
138,43,234,232.27,195.97,0,0,40
154,48,148,280.74,261.36,0,0,53
246,26,82,181.3,150.85,0,0,26
232,26,174,87.55,119.69,0,0,41
3,39,202,176.21,149.08,0,0,37
18,26,76,231.76,227.24,1,0,51
77,15,63,113.8,110.99,0,0,29
252,8,141,240.13,205.15,0,0,23
39,37,285,258.28,292.17,0,1,50
134,28,279,337.84,284.77,0,0,45
146,43,109,115.79,125.62,0,0,31
134,33,277,236.54,271.98,1,0,51
50,42,50,243.34,216.55,0,0,29
178,17,188,101.53,140.04,0,0,51
129,50,303,243.74,227.66,0,0,25
31,11,87,165.4,148.16,0,0,21
206,10,181,263.86,226.48,0,0,23
46,34,395,328.2,273.12,0,0,23
59,41,75,141.33,156.99,0,0,35
204,16,100,197.47,190.25,0,0,46
68,36,203,176.32,172.34,0,0,32
171,46,243,178.26,168.05,0,0,50
239,25,98,318.27,261.41,0,0,45
238,18,289,329.06,297.07,0,0,44
173,49,109,229.25,291.42,0,0,50
1,15,398,308.93,253.44,0,0,21
152,26,24,238.71,194.25,0,0,41
39,28,172,59.61,56.56,0,0,31
238,24,251,198.0,161.34,0,0,39
133,15,178,92.57,79.25,0,0,29
155,13,13,256.04,217.88,0,0,33
106,1,205,119.94,149.99,0,0,18
128,35,4,61.58,61.55,0,0,43
97,7,264,329.37,276.84,0,0,30
63,49,86,61.18,56.33,0,0,35
233,39,301,242.04,215.55,0,0,41
184,47,177,96.05,85.1,0,0,37
78,39,387,204.41,200.08,0,0,40
169,28,266,238.5,217.09,0,0,39
115,33,297,73.28,61.14,0,0,31
50,50,97,198.67,272.18,0,1,30
171,23,167,267.03,262.28,0,0,32
150,48,278,117.45,152.04,0,0,32
169,44,86,60.81,52.24,0,0,28
219,6,22,109.32,124.85,0,0,32
5,25,21,237.68,192.44,0,1,19
249,17,61,242.86,266.6,0,0,48
137,44,292,253.31,221.69,0,0,40
118,26,309,182.96,202.56,0,0,56
68,20,117,115.95,142.11,0,0,25
238,48,271,107.04,94.89,0,0,48
39,47,10,160.14,156.17,0,1,48
120,20,372,287.67,240.78,0,0,14
99,38,33,259.98,272.86,1,0,44
106,47,365,180.39,182.41,0,0,30
113,2,202,292.87,278.83,0,0,27
112,45,174,66.16,93.11,1,0,39
209,12,171,219.91,262.37,0,0,37
212,7,47,76.03,71.4,0,0,30
218,32,312,143.41,121.09,0,0,25
72,20,61,120.29,97.55,0,0,11
157,15,60,339.9,286.8,0,0,38
207,31,365,184.16,181.76,0,0,50
201,44,190,161.76,133.94,0,0,26
41,31,387,303.79,282.84,0,0,21
145,20,87,261.78,236.88,1,0,39
253,14,249,293.27,243.42,0,0,34
19,20,273,70.36,91.98,0,0,12
41,3,108,89.67,80.59,1,0,38
80,43,198,238.35,275.32,0,0,29
215,44,26,247.92,231.15,1,1,43
93,35,136,271.7,242.86,0,0,38
59,43,129,341.97,282.9,0,0,30
183,4,44,141.55,132.1,0,0,35
51,38,296,63.56,74.53,0,0,29
168,29,159,163.56,148.78,0,0,24
1,24,138,204.32,210.61,1,0,36
60,41,281,192.54,270.59,0,1,39
171,11,369,168.58,164.44,0,0,37
104,18,112,73.28,68.47,0,1,41
252,4,189,275.89,242.65,0,0,41
88,39,184,113.97,135.42,0,0,32
241,30,198,140.97,124.96,0,1,39
78,23,159,293.78,251.15,0,0,28
71,45,10,190.85,158.11,0,0,31
212,38,322,65.3,52.25,0,0,19
164,18,398,55.14,65.8,1,0,71
180,34,301,79.19,72.6,0,0,37
81,43,118,77.82,63.37,0,0,38
237,45,106,76.92,66.29,0,0,40
176,22,302,198.97,174.89,1,1,34
29,10,169,200.09,283.27,0,0,23
50,39,194,298.93,256.93,1,0,25
143,49,315,114.6,99.47,0,0,34
252,2,76,82.25,86.03,0,0,45
152,40,86,188.31,253.78,1,0,43
195,4,152,101.04,85.6,0,0,37
231,32,123,121.81,111.52,0,1,34
35,41,253,100.74,110.18,0,0,34
44,13,296,151.01,205.7,0,0,29
172,37,212,308.78,259.41,1,1,53
138,29,197,101.83,93.04,0,0,43
35,10,282,222.81,221.43,0,0,26
209,4,328,152.57,142.92,0,0,36
219,5,152,112.47,115.95,0,0,39
69,50,164,85.18,95.05,0,0,27
179,3,173,358.8,297.87,0,0,38
186,37,187,213.12,180.66,0,0,37
26,8,52,212.06,197.91,0,0,45
156,21,55,94.17,93.3,1,0,46
173,3,374,104.9,114.04,0,0,57
140,7,65,109.96,95.94,0,0,46
69,21,247,178.89,154.81,0,0,21
61,23,197,59.7,54.47,0,0,23
244,13,123,181.97,181.11,1,0,50
24,3,158,142.79,145.59,0,0,17
200,36,82,73.46,70.18,0,0,43
158,14,220,194.08,187.48,0,0,28
225,44,89,65.58,83.08,0,0,29
83,23,13,129.38,162.74,1,0,33
52,48,120,86.11,104.06,0,0,39
152,11,160,293.99,282.81,0,0,34
207,37,273,58.54,51.41,0,0,52
137,28,166,165.85,157.32,0,0,23
16,32,396,240.31,193.24,0,0,23
45,49,5,204.64,265.65,0,1,43
88,42,323,131.46,143.72,0,0,23
37,22,369,226.95,216.35,0,0,27
150,48,306,180.3,190.69,0,0,36
179,22,300,155.7,135.58,1,0,33
111,4,183,291.59,251.42,0,0,27
207,33,236,311.95,298.88,0,0,47
133,30,85,157.77,194.68,0,0,35
114,26,249,302.73,266.28,1,0,21
115,14,291,270.43,283.12,0,1,37
115,12,190,202.45,210.49,0,0,38
147,36,292,293.89,246.71,1,0,20
43,50,234,270.96,245.2,0,0,14
240,5,302,232.68,223.96,0,0,39
91,33,184,335.72,295.67,1,0,32
89,14,375,91.25,85.42,0,1,36
28,45,360,233.44,189.66,1,0,22
59,49,264,229.31,194.56,0,0,29
234,11,49,91.91,123.43,0,0,36
160,8,101,286.7,258.46,0,0,30
21,50,308,363.78,293.86,0,0,22
219,8,96,204.98,212.93,0,0,48
192,20,107,219.65,290.64,0,0,37
94,35,206,102.64,98.02,0,0,37
250,20,114,222.08,190.04,0,0,49
10,11,211,75.56,70.31,1,0,39
30,50,239,87.05,74.26,0,0,27
116,2,242,87.86,84.2,1,0,39
62,23,171,203.62,273.21,0,0,27
176,8,218,254.87,219.04,0,0,41
189,26,299,190.18,152.62,0,0,33
9,8,251,207.07,211.24,0,0,57
101,6,246,80.26,66.99,0,1,27
28,35,360,126.98,165.76,0,0,23
257,34,373,263.62,224.27,0,0,25
247,44,272,356.01,291.19,1,0,21
47,3,13,80.69,74.65,0,0,40
53,3,136,363.45,291.26,0,1,32
140,6,150,91.58,108.3,0,1,35
235,26,43,253.52,235.67,0,0,46
124,1,74,181.89,158.87,1,0,37
166,31,275,282.05,236.61,0,0,34
62,7,72,280.98,259.16,0,0,23
62,11,353,75.23,63.62,1,0,29
88,49,390,91.43,74.38,0,0,24
80,16,164,124.55,105.42,0,0,31
8,24,207,162.0,138.86,0,0,31
2,29,161,116.34,104.34,0,1,37
191,10,371,79.41,65.55,0,0,16
195,47,155,129.09,159.53,0,0,36
131,46,397,205.87,165.16,0,0,26
31,16,7,131.62,121.39,0,0,29
137,49,94,86.18,82.31,1,1,58
112,21,139,352.27,282.62,0,0,17
87,9,263,227.66,221.55,0,0,26
132,21,101,283.47,228.38,0,0,24
123,50,25,71.66,77.47,0,1,30
18,12,392,143.64,179.9,0,0,26
159,2,169,193.69,181.48,0,0,33
174,38,145,266.65,225.47,1,1,55
212,10,212,177.61,199.06,0,0,28
252,37,64,166.86,182.55,0,0,52
247,25,300,253.52,286.74,1,0,48
21,42,39,208.2,190.41,0,0,42
140,43,310,142.17,133.57,0,0,37
50,16,272,66.42,65.21,0,0,33
34,2,38,298.38,283.33,0,0,34
186,10,325,56.16,76.79,0,0,39
25,3,289,198.58,213.59,0,0,21
124,48,157,298.19,274.42,0,0,43
49,26,67,193.56,233.37,0,0,45
169,44,39,217.73,202.1,0,0,35
86,47,117,163.73,179.17,0,0,24
162,14,313,129.69,128.4,0,0,32
241,8,188,163.58,155.9,0,0,38
116,36,215,163.49,150.72,0,0,34
159,2,292,127.75,108.99,0,0,23
9,1,305,75.34,67.46,1,0,29
246,42,316,181.23,156.03,1,0,39
170,46,200,252.44,257.24,1,0,35
55,25,343,268.26,251.81,0,0,29
228,31,106,152.83,133.36,0,0,41
78,41,140,204.6,263.37,0,0,23
54,35,238,100.43,96.98,0,0,28
61,5,375,82.85,105.94,0,0,32
134,47,166,170.23,140.64,0,0,29
91,16,41,175.52,207.34,0,0,41
219,33,71,300.12,295.05,0,0,44
11,10,286,100.87,94.81,0,0,24
53,42,304,343.42,279.47,0,0,12
214,30,392,311.3,268.54,1,0,35
32,42,215,215.73,274.7,0,0,34
180,37,146,308.84,260.76,1,1,33
53,17,191,233.59,199.73,0,0,34
107,13,307,230.01,206.56,0,0,33
21,14,89,160.3,157.19,1,0,29
27,41,77,300.03,290.29,0,0,35
201,25,339,75.85,95.4,0,0,46
92,23,303,133.69,172.77,1,0,14
76,22,230,284.01,242.38,0,0,24
3,2,225,128.86,124.41,0,0,27
72,6,218,310.43,259.9,0,0,44
119,18,359,213.29,213.02,0,0,27
5,29,161,234.36,193.05,1,0,15
194,14,371,112.76,104.14,0,0,28
52,17,150,252.28,211.48,1,0,53
136,14,287,190.74,248.52,0,0,44
52,45,152,131.8,113.14,0,0,25
8,14,325,250.3,246.54,0,0,8
29,46,267,118.57,117.03,0,1,39
216,7,359,150.75,132.41,0,0,44
88,10,110,83.0,107.21,1,1,39
123,16,62,197.76,169.31,0,0,17
192,20,265,112.07,141.78,1,1,41
160,36,171,151.73,195.39,1,0,33
253,9,299,337.21,282.78,0,0,50
44,20,67,273.54,233.69,0,1,17
199,26,356,186.57,185.45,0,0,24
197,33,240,231.85,214.1,0,0,28
79,22,282,81.45,97.08,0,0,35
258,5,393,213.84,180.92,0,0,26
121,34,112,194.56,207.39,0,1,36
81,17,338,203.97,287.13,0,0,52
99,35,122,166.25,140.77,0,0,26
203,45,177,254.18,223.3,0,0,46
113,24,189,309.44,297.32,0,0,34
172,32,332,211.8,202.97,0,0,32
196,44,368,337.72,280.95,0,0,18
243,9,11,71.76,62.49,0,0,36
239,26,39,229.96,239.42,0,0,55
75,35,266,151.72,135.48,0,0,32
246,24,88,243.8,196.94,0,0,13
172,19,309,246.2,218.98,0,0,41
218,37,210,238.52,243.42,0,0,37
214,31,275,113.95,110.46,0,0,37
15,44,293,87.52,76.48,0,0,34
162,20,297,82.24,101.89,0,0,20
209,20,58,123.06,128.19,0,0,31
240,36,228,182.18,177.71,0,0,45
44,28,123,223.02,239.07,0,0,28
61,37,388,99.35,94.2,1,1,37
131,33,188,271.35,239.56,0,0,33
119,18,246,46.02,52.75,1,0,44
250,31,375,123.65,140.58,0,0,27
243,29,163,81.51,93.42,0,0,24
14,10,115,302.73,260.03,0,1,19
184,13,148,92.89,130.59,0,0,35
50,28,68,127.85,130.3,0,0,1
74,16,366,98.49,80.44,0,0,31
174,49,246,100.82,88.99,0,0,50
233,11,108,57.23,53.15,0,0,33
121,7,134,74.21,60.12,1,0,31
138,47,209,243.89,293.17,0,0,31
142,48,24,240.84,206.83,1,0,44
90,14,360,329.15,274.73,0,0,15
154,27,138,78.59,67.35,1,0,36
133,33,135,166.54,146.75,0,0,31
222,31,45,81.78,71.74,0,0,46
15,6,250,136.75,133.66,0,0,34
172,35,91,309.97,267.33,0,0,37
188,23,144,86.71,78.81,0,0,37
228,24,39,150.45,163.54,0,0,39
151,38,104,306.45,252.32,0,0,35
104,5,358,205.89,168.73,1,0,39
177,46,194,100.02,104.78,0,0,34
73,27,367,195.86,176.09,0,0,31
7,2,161,93.33,116.83,0,0,27
112,47,212,330.97,298.09,0,0,44
191,25,297,324.69,266.37,0,0,35
4,5,236,74.95,60.96,0,0,38
184,27,345,119.38,122.43,0,0,38
114,22,120,72.26,62.94,0,0,35
92,17,282,257.19,292.03,0,0,32
249,29,57,110.35,91.23,0,0,43
180,21,180,250.87,244.13,0,0,36
173,10,340,35.5,50.01,0,0,46
85,37,396,273.68,246.42,1,1,43
210,13,311,110.66,126.5,0,0,45
36,34,280,232.69,213.96,0,0,26
19,24,274,179.72,168.71,0,0,29
195,41,199,201.0,203.74,0,0,45
237,43,302,99.29,89.28,0,0,36
224,24,238,111.96,99.27,0,1,45
138,3,379,171.12,184.24,0,0,32
135,28,261,315.03,287.8,0,0,36
26,34,173,295.45,299.36,1,0,46
83,27,189,151.57,128.32,0,0,17
97,50,332,322.31,272.26,0,0,28
251,24,212,80.41,73.05,0,0,36
250,1,64,196.43,164.81,0,0,45
156,4,30,228.72,192.99,0,0,32
120,23,197,214.0,256.54,0,0,35
136,13,367,71.61,63.81,0,0,31
198,9,189,72.58,84.29,0,0,43
91,2,154,241.36,239.83,0,1,47
63,3,234,131.48,175.26,0,0,29
169,8,95,101.45,118.33,1,0,53
229,36,115,97.67,85.86,0,0,45
72,2,156,153.43,186.24,0,0,21
222,16,22,222.05,190.91,0,0,38
8,25,399,245.66,233.5,0,0,34
58,5,84,303.09,258.59,0,0,25
226,44,327,132.14,133.55,0,0,41
85,40,244,144.59,165.23,0,0,28
5,2,141,156.77,143.07,1,0,20
212,8,18,108.75,88.67,0,0,47
145,45,372,226.29,237.02,0,1,51
30,10,38,191.04,216.14,1,0,39
204,17,154,160.15,153.12,0,1,49
170,27,378,300.62,251.98,0,0,36
133,6,222,159.56,133.49,0,0,27
62,5,378,116.58,107.95,0,0,44
228,36,142,220.35,209.24,0,0,24
162,11,242,129.19,105.73,1,0,13
84,32,381,115.07,92.98,0,0,27
78,7,207,102.68,103.87,1,0,25
64,19,126,266.86,239.09,1,0,37
38,45,318,80.51,88.41,0,0,36
140,44,334,70.4,61.09,1,0,50
40,11,296,229.34,207.27,0,0,33
114,5,213,155.2,147.9,0,0,31
82,32,177,265.59,241.2,0,1,44
136,25,74,158.68,212.02,0,0,44
102,31,23,198.66,175.22,0,0,19
10,13,335,295.51,287.97,0,0,38
232,41,314,72.06,58.41,0,0,31
107,22,314,253.52,222.54,0,1,28
24,50,46,215.15,209.35,0,0,50
70,22,362,276.79,259.79,0,0,12
153,6,45,81.56,92.09,0,0,23
84,49,305,173.82,233.58,0,0,45
164,11,213,77.37,105.59,0,0,39
124,49,346,47.5,63.02,0,0,35
107,23,281,171.22,186.79,0,0,26
148,35,157,200.06,178.23,0,0,32
200,41,178,91.63,75.44,0,0,46
87,17,171,207.78,200.69,0,0,38
50,44,67,255.39,230.26,0,0,30
172,12,395,154.28,159.66,1,0,44
158,45,246,55.82,54.64,0,0,30
37,15,211,296.03,273.02,0,1,40
33,20,205,224.83,223.39,1,0,32
85,1,63,95.44,132.8,0,0,41
169,35,236,91.27,82.96,1,0,40
254,30,160,177.25,166.63,0,0,17
187,23,215,225.96,217.22,0,0,26
92,2,237,158.72,195.95,0,0,25
246,27,37,69.79,68.69,0,0,55
3,33,123,151.08,135.37,0,0,7
214,23,222,99.51,85.25,0,0,28
136,39,383,314.56,279.86,0,0,30
111,12,289,173.78,164.89,0,0,4
37,21,368,254.94,207.05,0,0,37
109,29,146,262.56,231.43,0,0,37
110,11,128,129.22,127.63,0,0,36
138,14,147,49.28,67.12,0,0,36
232,11,17,225.33,220.09,0,0,44
62,29,150,87.46,71.09,0,0,35
211,17,35,304.4,289.0,0,1,56
246,37,242,139.46,122.75,0,0,36
126,49,311,157.4,153.23,0,0,34
253,20,144,270.21,230.12,0,0,33
145,39,281,124.18,164.47,0,1,50
220,33,322,64.79,91.72,1,0,47
61,50,343,218.6,255.45,1,0,19
78,9,105,80.39,83.07,0,0,32
178,26,218,292.51,296.72,0,0,36
190,5,283,242.8,212.87,1,0,42
161,28,345,256.65,281.57,1,0,41
182,8,121,79.07,77.84,0,0,40
196,27,126,300.47,250.89,0,0,34
149,33,328,63.33,80.39,1,0,51
45,15,172,194.06,159.95,0,0,17
41,45,151,275.36,263.57,0,0,21
214,21,320,175.97,185.19,1,1,51
90,44,10,110.35,94.88,0,0,33
238,8,382,257.08,217.85,0,0,23
208,34,35,57.91,66.41,0,1,35
58,33,6,237.71,221.31,0,0,29
186,45,319,144.53,156.98,1,0,38
121,47,18,252.73,246.74,0,0,40
156,41,249,124.15,144.12,1,0,38
32,9,100,211.27,177.16,1,0,32
81,20,94,142.91,127.16,0,0,39
94,11,139,301.23,299.24,0,0,42
154,22,201,265.74,263.19,0,0,27
202,36,69,319.41,275.85,0,0,28
39,31,133,206.22,226.84,0,0,37
231,17,279,123.27,116.57,0,0,34
6,15,292,157.06,185.9,0,0,37
24,31,255,56.34,73.46,0,0,15
30,18,260,109.4,89.69,1,1,35
22,49,221,189.7,213.33,0,0,31
30,24,80,284.91,269.99,1,0,24
144,12,131,151.57,133.99,0,0,14
219,28,16,95.47,80.63,1,0,47
101,32,345,158.1,148.56,0,1,33
25,15,37,116.28,165.46,1,0,40
135,29,311,205.19,204.13,0,0,33
24,28,144,233.13,285.74,0,0,32
7,47,282,48.76,50.35,0,1,31
125,25,158,74.48,60.5,0,0,29
19,32,352,310.34,258.04,0,0,30
176,23,220,56.27,63.11,0,0,36
157,41,281,106.22,90.71,0,0,33
44,45,252,129.75,112.61,0,0,28
207,7,23,285.38,269.57,0,0,27
28,43,321,106.27,101.59,0,0,26
132,41,326,222.15,217.5,0,0,25
102,35,393,80.19,83.63,0,0,33
48,26,374,315.92,268.66,0,0,25
72,19,259,170.36,230.05,0,0,59
149,40,23,106.13,86.13,0,1,30
105,37,316,232.36,207.81,0,0,41
94,41,275,209.35,242.51,0,0,51
176,17,316,201.55,172.81,0,0,48
16,43,354,125.27,162.73,0,0,32
6,9,340,144.39,122.35,1,0,32
206,19,138,101.55,117.7,0,1,45
252,42,258,221.28,214.73,0,0,30
254,15,91,212.49,177.92,0,0,44
211,50,262,206.28,201.26,1,0,49
197,46,352,68.2,96.33,0,0,34
220,22,171,74.72,87.34,1,1,52
20,18,233,268.31,288.05,1,0,31
80,24,111,63.14,85.41,1,0,45
157,47,270,141.3,171.19,0,0,43
54,10,120,231.09,189.62,0,0,16
186,37,232,58.88,77.06,0,0,39
260,21,277,179.99,166.17,0,0,31
135,35,113,234.72,246.33,0,0,29
52,25,223,240.98,214.84,0,0,13
3,28,165,141.26,197.41,1,0,53
214,5,330,101.98,97.4,0,0,41
133,21,298,196.83,259.97,0,0,29
113,32,36,243.09,287.59,1,0,44
30,18,149,92.91,129.75,0,0,30
123,50,165,268.52,265.05,0,0,20
115,37,354,84.57,111.29,0,0,39
153,4,164,198.11,184.82,0,0,25
232,22,299,252.39,252.29,0,0,41
101,13,265,47.81,67.56,0,0,38
174,42,328,320.95,278.46,0,0,33
214,15,168,53.1,74.38,0,0,40
15,38,203,167.69,230.34,0,1,40
235,21,34,203.74,178.09,1,0,37
105,44,209,154.96,137.04,0,1,35
62,18,91,192.91,182.83,0,0,37
179,12,61,305.34,290.43,0,0,40
4,2,397,253.52,232.86,0,0,28
241,29,18,239.77,228.58,0,1,58
157,41,72,207.29,185.51,1,0,34
174,38,220,320.43,287.67,1,0,31
76,43,142,88.57,99.76,0,0,32
179,42,221,308.91,259.04,0,0,21
12,2,100,129.36,167.74,0,0,11
186,11,152,91.78,78.95,0,0,23
150,2,204,302.69,283.9,0,0,38
18,18,307,79.57,68.64,0,0,18
105,15,363,180.58,155.86,0,0,31
84,43,281,184.95,262.67,0,0,31
42,18,127,267.92,245.44,0,0,17
158,47,288,101.3,92.13,0,0,34
192,38,185,186.89,214.71,0,0,45
209,18,215,281.35,262.76,0,0,42
190,17,52,153.85,123.67,0,0,45
160,21,323,320.27,260.64,0,0,46
239,19,359,116.76,113.51,1,0,49
128,21,314,201.55,181.98,1,0,27
199,43,67,233.11,295.99,0,0,46
227,27,77,110.59,132.84,0,0,44
24,25,99,315.02,267.36,0,0,28
10,40,325,247.66,299.65,0,1,33
176,20,339,67.35,70.79,0,0,49
239,29,134,254.1,218.35,0,0,43
149,18,130,181.48,152.36,0,0,50
210,39,80,147.1,128.15,0,1,30
199,24,375,145.65,126.22,0,0,30
253,43,325,316.21,268.53,0,0,32
194,43,250,275.69,231.23,0,0,34
45,8,89,168.26,177.19,0,0,36
111,26,119,202.03,166.96,0,0,24
62,1,272,177.15,230.94,0,1,35
42,6,14,272.64,220.34,0,0,42
191,12,299,169.65,234.3,0,0,48
22,15,69,85.91,80.54,1,0,40
172,23,235,140.27,120.2,1,0,53
74,11,29,126.19,104.76,0,0,35
20,40,381,309.94,267.28,0,0,27
82,26,116,88.23,81.18,0,0,55
113,14,305,234.93,243.47,0,1,56
142,1,311,246.69,266.76,0,0,29
36,18,313,120.77,110.49,0,0,46
157,34,111,89.78,83.52,0,0,36
131,30,123,183.69,177.24,0,0,17
209,6,81,252.17,237.09,0,0,37
197,34,88,170.21,161.77,0,0,38
21,19,349,226.5,184.34,0,0,36
126,13,388,141.15,169.13,0,0,40
8,9,185,190.93,271.35,0,0,51
102,36,56,308.2,275.26,0,1,43
232,21,30,253.69,251.55,0,0,45
161,34,22,129.53,110.68,0,0,32
208,42,201,190.98,233.34,0,0,29
43,49,160,210.27,192.34,0,0,35
13,46,18,286.74,230.91,0,0,26
117,43,322,84.75,110.83,0,0,43
178,17,40,174.12,174.06,0,0,33
104,1,29,239.89,265.59,0,0,24
159,17,151,229.47,206.49,0,0,40
17,18,45,209.39,282.97,1,0,48
52,16,64,90.93,86.06,0,0,31
183,41,33,115.69,109.2,0,0,34
29,9,322,145.06,165.64,0,0,37
152,45,264,263.3,229.15,0,0,32
171,2,301,204.06,278.17,1,0,53
89,28,188,167.83,139.04,0,0,22
116,29,360,152.13,196.86,0,0,39
203,38,379,117.66,146.9,0,0,44
218,22,291,82.65,77.15,0,0,42
133,26,65,104.48,109.91,0,0,35
196,49,228,129.95,157.76,0,1,46
70,28,33,238.62,206.95,0,0,38
137,28,262,265.74,241.51,0,0,26
108,34,139,147.37,129.11,0,0,40
97,39,2,208.44,206.57,0,0,28
171,36,165,51.08,62.67,0,0,33
169,34,144,112.23,100.67,1,0,45
134,38,37,253.54,270.59,1,0,49
51,43,255,147.49,180.06,0,0,16
202,20,362,79.54,111.21,0,0,31
190,47,288,238.61,298.79,0,0,44
99,41,377,159.09,153.27,0,0,31
212,35,153,259.89,222.04,0,0,32
82,26,215,272.2,229.4,0,0,31
122,10,184,122.98,107.92,1,0,46
104,28,186,113.72,93.8,1,0,29
11,22,265,331.94,279.72,0,0,14
79,37,70,77.77,77.15,0,0,33
169,9,263,201.63,192.73,0,0,47
12,7,31,206.66,175.99,0,0,25
212,3,22,188.0,172.63,0,0,46
42,32,226,49.17,54.72,0,0,22
73,36,171,189.74,249.4,0,0,37
186,47,221,72.46,99.58,0,0,39
148,13,353,252.92,221.54,1,1,45
182,18,367,134.5,112.02,0,0,47
86,12,312,56.17,51.38,0,1,35
148,14,399,237.56,192.25,1,0,41
29,15,387,59.59,59.0,0,0,12
13,44,277,93.19,116.66,0,0,29
209,17,310,281.86,266.33,0,0,53
204,18,119,176.7,143.07,0,0,32
150,39,164,197.6,244.91,0,0,23
72,8,210,74.18,69.39,0,0,34
193,6,271,175.0,161.0,1,0,24
126,26,157,78.62,91.81,1,0,40
177,12,125,120.66,119.8,0,0,27
9,27,5,185.14,184.27,0,0,35
195,38,318,208.37,191.94,1,0,40
39,47,393,237.21,223.0,0,0,38
235,12,4,145.83,135.74,0,0,24
80,34,187,106.26,140.32,0,0,25
248,48,76,143.41,203.04,0,0,51
148,24,112,125.73,137.11,0,0,36
208,41,80,270.15,257.58,1,0,39
140,25,124,62.89,59.18,0,0,45
14,31,323,154.18,185.55,1,0,21
48,10,240,335.58,285.6,0,0,25
196,42,321,211.88,203.79,0,1,25
252,6,271,145.98,193.03,1,0,46
238,9,206,261.02,214.13,0,0,32
189,10,60,274.62,246.67,0,0,27
26,15,295,224.0,287.24,0,0,26
15,8,96,236.25,191.87,0,0,23
86,7,87,73.48,82.56,0,0,51
106,46,109,127.33,176.29,0,0,37
22,20,268,273.72,261.71,0,0,19
149,23,226,363.93,295.69,0,0,30
218,45,113,95.92,117.57,0,0,54
162,30,292,309.71,289.96,0,0,30
240,46,353,253.09,290.25,0,0,42
235,47,298,309.06,261.86,0,1,40
120,27,137,251.19,209.18,0,0,24
248,45,275,99.76,87.23,1,0,51
151,3,221,106.18,105.48,0,0,29
98,4,185,276.84,243.43,0,0,10
68,34,207,331.76,271.24,0,0,12
255,44,62,221.06,178.84,0,0,37
136,33,56,92.54,129.29,0,0,33
53,10,244,52.33,66.32,0,0,12
209,50,361,105.44,92.35,0,0,27
247,13,110,134.15,133.19,0,0,25
55,41,79,57.67,60.17,0,0,22
123,17,257,204.99,197.35,0,0,31
176,42,59,136.72,140.21,0,0,29
50,6,163,226.5,233.35,1,0,36
253,12,8,137.16,136.63,0,0,22
220,34,296,245.1,215.65,1,0,47
19,40,374,253.61,236.82,1,0,34
104,7,282,61.86,76.36,0,0,43
256,3,325,178.03,240.46,0,0,49
142,6,252,266.4,298.25,0,0,42
55,15,120,120.57,106.78,1,0,13
90,9,1,84.79,81.74,0,1,52
157,30,294,140.73,120.59,0,1,41
29,29,361,216.65,192.82,0,1,25
11,48,63,142.6,125.8,0,1,31
126,38,158,113.79,106.74,0,0,55
106,23,105,223.24,288.4,0,0,32
83,44,269,94.05,80.41,0,0,19
188,48,322,155.15,136.17,0,0,52
174,31,221,209.64,204.36,0,0,26
166,45,118,85.6,91.37,0,0,31
83,41,104,255.24,283.94,0,0,24
202,37,202,257.41,251.22,1,0,56
2,39,300,112.83,155.26,0,0,38
79,29,356,287.77,248.15,0,0,31
25,5,179,236.8,208.54,0,0,21
59,39,235,81.0,70.07,0,0,24
215,15,83,191.05,268.02,0,1,42
65,11,103,152.36,198.48,1,0,36
147,42,22,137.57,124.95,0,0,26
8,22,87,60.18,55.2,1,0,22
119,33,282,128.9,109.32,1,0,37
249,14,277,128.69,111.09,0,0,39
131,23,300,201.42,179.13,0,0,36
253,10,342,128.2,117.36,0,0,27
206,14,1,76.43,98.32,0,0,38
113,44,245,263.03,211.04,0,0,29
94,19,302,222.31,192.83,0,0,22
140,1,347,70.24,87.11,0,0,10
83,33,66,265.82,229.79,0,0,29
25,16,191,274.78,228.96,1,0,28
108,32,197,186.61,177.02,0,0,37
185,16,162,248.15,221.38,1,0,45
255,11,325,301.68,256.86,0,0,30
147,4,76,127.19,132.3,0,0,42
91,14,227,194.33,156.16,0,0,42
198,45,193,336.99,286.78,0,0,17
224,38,333,144.95,117.53,0,0,41
124,23,125,142.19,161.54,0,0,33
233,31,76,277.76,241.54,0,0,25
223,2,123,108.17,87.13,0,0,40
159,31,362,81.98,71.92,1,0,44
111,38,86,93.51,86.5,0,0,31
19,35,339,149.18,174.78,0,0,32
227,48,145,191.36,179.86,0,0,27
30,46,396,241.4,207.85,0,1,43
97,35,182,307.97,248.19,0,0,26
120,8,388,159.82,225.42,0,0,50
132,30,189,202.55,190.23,0,0,31
192,34,158,76.6,61.38,0,0,47
173,2,349,118.16,111.54,0,1,42
200,12,111,208.4,175.63,0,0,31
216,43,336,186.3,173.71,0,0,28
73,49,392,130.69,107.81,0,0,48
218,34,328,67.47,73.18,0,0,49
94,49,372,251.24,275.56,0,0,37
210,15,294,60.39,52.4,0,0,38
253,25,234,176.77,179.73,0,0,36
58,31,134,55.12,59.65,0,0,24
23,44,288,242.17,209.54,0,0,30
230,48,367,195.24,185.07,0,0,51
27,29,328,55.23,53.17,0,0,54
15,10,370,144.35,129.69,0,0,27
117,9,35,70.69,61.78,0,0,33
62,48,355,109.95,103.58,0,0,41
214,9,241,54.02,50.84,0,0,41
129,29,355,280.12,252.09,1,0,67
156,50,240,311.26,277.56,0,0,12
89,18,99,172.68,139.93,0,0,20
86,37,218,162.35,207.22,0,0,40
18,10,380,53.94,52.87,0,0,15
126,21,192,324.43,288.26,0,0,48
18,50,156,291.56,238.9,0,0,21
113,33,159,277.4,230.1,0,0,38
70,1,309,59.74,54.23,0,0,25
40,38,340,133.06,124.68,1,0,39
11,14,298,91.18,106.59,0,0,40
27,44,197,59.77,54.7,0,0,43
212,24,115,56.5,52.43,0,0,36
112,38,16,292.83,251.36,0,0,39
136,13,229,49.07,60.66,0,0,34
148,6,264,98.82,82.42,0,0,36
35,27,209,201.52,284.88,0,0,44
211,33,300,64.35,62.48,0,0,12
82,30,198,131.49,115.53,0,1,29
189,10,349,80.0,73.84,0,1,35
2,41,232,240.44,278.29,1,0,28
80,44,49,173.75,162.54,0,0,37
16,24,327,53.0,73.47,0,0,25
43,25,280,152.28,123.26,0,0,29
29,36,92,41.66,52.54,1,0,43
34,11,363,88.14,79.28,1,0,32
212,5,147,190.88,178.54,0,0,41
196,31,216,80.83,78.51,0,0,24
221,15,94,171.45,186.39,0,0,58
204,17,346,104.12,100.42,0,0,37
30,45,377,277.97,249.73,0,0,44
175,49,171,125.14,102.57,0,0,31
218,1,96,280.25,257.74,0,0,41
217,2,13,298.67,283.93,0,0,44
49,5,346,133.16,129.02,0,0,28
212,36,346,209.37,186.72,0,0,24
161,15,207,131.58,106.83,1,0,30
5,39,179,44.3,53.21,0,0,41
4,1,18,290.12,278.91,0,0,28
207,10,229,283.15,281.02,1,0,49
205,23,115,314.56,297.55,0,0,41
141,38,68,137.9,116.49,0,0,39
232,13,248,284.89,291.09,1,0,43
142,23,369,66.51,90.56,0,1,32
77,5,176,49.28,60.97,0,0,38
163,50,218,140.71,154.08,0,0,34
87,14,326,316.04,270.74,0,0,27
78,16,190,125.32,100.34,0,0,17
100,16,342,104.42,131.46,0,0,32
140,29,271,217.37,175.31,1,0,42
199,10,357,73.73,67.45,1,0,45
233,25,109,168.09,154.31,0,1,46
100,5,57,215.58,193.18,0,0,37
207,26,345,104.4,83.62,0,0,16
124,41,73,217.31,192.17,0,0,40
18,44,30,73.09,63.82,0,0,26
101,49,27,145.79,169.52,0,0,38
55,1,365,161.11,153.37,0,0,29
20,17,331,110.1,88.14,0,0,23
240,25,21,59.06,51.85,0,0,29
219,11,165,152.91,124.09,1,0,33
103,35,195,237.87,228.83,0,0,26
185,22,147,179.57,186.48,0,0,21
30,18,281,244.49,210.66,1,0,22
38,46,145,184.11,178.92,1,0,38
54,14,48,196.01,182.8,0,0,20
110,44,84,260.77,217.22,0,1,25
105,49,330,56.17,63.22,1,0,44
42,35,157,208.69,179.87,0,0,20
159,1,129,145.24,119.54,0,0,30
193,36,22,72.08,70.5,0,0,48
21,3,391,120.06,102.35,0,1,38
164,17,185,320.56,270.65,1,0,45
117,5,254,194.36,160.64,0,0,29
90,17,49,218.28,176.04,0,0,10
232,39,233,222.27,289.53,0,0,52
189,20,188,200.61,167.71,0,0,27
126,43,292,121.56,103.92,0,0,34
82,22,317,214.57,191.65,0,0,36
76,36,75,104.15,86.68,0,0,14
228,1,62,156.98,142.98,0,0,36
32,27,103,207.38,242.57,0,0,32
183,9,228,109.97,102.47,0,0,37
8,33,229,300.45,268.97,0,0,16
68,32,176,216.61,203.19,0,1,37
256,20,65,78.78,72.27,0,0,43
87,43,8,245.48,281.71,0,0,31
31,10,309,219.64,177.45,0,0,29
245,35,182,326.19,266.74,0,0,38
49,24,116,143.03,135.81,0,0,29
69,50,178,301.28,250.87,0,0,21
20,21,353,197.69,161.98,0,0,30
139,17,342,109.28,105.34,0,0,37
257,49,332,233.5,217.55,1,0,61
230,24,122,191.45,157.59,0,0,19
205,3,93,254.97,250.21,0,1,39
113,25,371,161.66,193.82,0,0,44
60,45,207,242.47,297.34,0,0,46
39,26,43,306.61,296.28,0,0,28
247,11,79,94.06,106.18,0,0,30
146,17,185,42.78,53.48,0,0,34
207,23,39,89.68,75.48,0,0,41
59,48,104,298.64,249.41,0,0,44
212,13,34,87.71,111.97,0,0,32
100,39,249,63.63,64.34,0,0,30
8,39,123,353.07,293.78,0,0,37
165,16,63,246.93,219.89,0,0,23
49,26,116,103.71,103.02,0,0,25
149,29,370,130.13,120.34,0,0,48
181,2,174,234.89,234.58,0,0,32
143,18,197,183.56,257.14,0,0,52
152,47,380,193.89,224.42,0,0,37
181,7,214,122.66,103.86,0,0,43
150,13,211,147.77,152.32,0,1,38
222,35,253,248.17,200.63,0,0,36
101,7,274,259.2,288.2,0,0,43
230,19,77,230.62,199.23,0,0,51
106,28,21,251.61,220.45,1,0,48
51,7,320,119.21,100.29,0,0,35
11,13,96,276.48,264.58,0,0,38
209,37,320,140.76,125.5,0,0,27
133,50,9,93.0,91.16,1,0,36
242,18,26,145.96,183.61,0,1,60
22,50,39,216.03,182.38,1,0,18
168,13,243,233.32,226.08,0,0,37
153,23,125,134.27,171.54,0,0,35
230,33,275,262.14,249.5,0,0,34
163,18,11,197.05,254.54,0,1,43
178,22,262,103.79,124.36,0,0,28
100,14,297,126.25,108.82,0,0,41
234,20,337,163.03,137.06,0,0,22
117,7,10,285.53,270.61,0,0,39
236,22,8,182.43,198.05,0,0,45
108,39,49,164.1,197.27,0,0,46
41,19,83,62.04,60.62,0,0,35
53,4,360,154.73,159.43,0,0,30
184,1,73,323.44,297.46,0,0,45
38,46,330,60.81,54.5,0,0,28
230,41,209,142.75,121.81,0,0,28
211,15,32,114.12,113.48,0,0,56
69,50,152,225.76,212.24,0,0,17
232,10,230,292.41,267.42,0,0,30
170,26,1,176.46,211.35,0,0,49
225,20,283,165.71,140.29,0,0,42
226,24,88,225.93,215.31,1,0,25
12,23,240,282.09,265.62,1,0,9
180,9,93,126.06,124.85,1,0,46
221,23,341,73.92,73.76,0,0,32
252,2,8,248.81,294.76,0,0,39
64,46,172,140.06,112.56,0,0,27
48,45,118,74.33,70.97,0,0,41
45,8,359,78.3,96.57,0,0,37
130,22,220,64.7,53.08,1,0,44
223,42,266,77.01,71.7,0,0,26
178,46,208,95.21,126.66,0,0,36
258,39,353,209.51,266.08,0,1,40
86,30,167,162.18,150.86,0,0,36
105,2,3,102.02,89.92,0,1,23
17,44,331,197.14,195.27,0,0,21
176,49,143,83.24,75.82,0,0,28
103,21,282,199.09,171.91,0,0,37
32,26,377,271.37,218.79,0,0,23
74,44,57,336.93,284.11,1,0,43
201,46,160,329.7,298.08,0,0,29
14,23,201,234.86,208.74,0,0,21
23,43,273,177.73,227.07,0,0,48
31,50,243,177.1,248.06,1,0,37
20,49,190,73.97,83.88,0,0,39
37,50,210,77.38,95.53,0,0,37
242,38,120,45.92,60.52,0,0,39
209,21,394,252.42,211.4,0,0,33
57,29,108,248.28,211.14,0,0,35
227,11,32,251.59,245.22,0,0,31
198,43,386,359.07,293.38,0,0,29
162,10,252,364.99,296.16,0,0,35
33,19,261,227.57,197.31,0,0,27
128,43,200,180.91,155.46,0,0,22
208,6,295,133.49,117.43,0,0,38
112,25,33,75.69,67.97,1,0,25
178,26,193,334.93,288.62,0,0,40
225,24,251,123.72,106.75,0,0,24
124,22,342,184.29,199.77,0,1,28
82,50,269,64.85,60.81,0,0,36
61,18,137,280.52,230.6,0,0,31
27,24,242,45.96,53.48,0,0,19
9,9,230,310.9,279.27,1,0,45
259,44,80,267.15,222.02,0,0,54
134,28,376,145.59,145.12,0,0,47
188,27,215,296.03,256.85,0,0,48
169,30,169,58.72,56.26,0,0,37
250,1,147,231.35,221.72,0,0,44
32,42,79,143.84,159.96,0,0,33
123,45,37,63.0,51.78,0,0,25
91,50,248,114.04,95.38,0,0,26
75,16,306,66.13,83.97,0,0,57
255,31,32,84.8,81.09,0,0,34
100,12,48,297.33,270.47,1,0,40
78,44,216,135.53,122.93,0,0,35
114,16,42,236.8,227.73,0,0,19
239,42,356,254.34,207.39,0,0,43
122,24,126,258.37,234.59,0,0,27
50,13,27,102.24,139.5,0,0,37
57,48,212,237.23,201.83,0,0,43
37,12,124,235.19,229.22,1,0,24
53,38,148,91.47,113.4,0,0,34
138,8,160,264.14,226.37,0,0,43
19,50,395,268.56,257.13,0,0,27
256,45,348,61.17,60.56,1,0,49
43,17,259,96.09,78.62,0,0,28
193,24,156,114.04,104.78,1,0,47
50,48,365,166.35,150.28,0,0,26
90,25,21,336.08,283.09,1,0,32
128,19,37,195.73,178.8,0,0,37
76,35,68,291.05,271.65,1,0,29
172,47,115,168.17,156.27,0,0,48
115,32,388,77.67,62.41,1,0,36
135,26,67,184.51,175.99,1,0,28
189,4,118,185.4,162.89,0,0,39
158,26,78,204.33,217.31,0,1,39
102,29,31,70.1,79.65,0,0,27
37,19,372,71.27,67.93,0,0,43
22,14,272,226.53,213.62,0,0,34
13,31,301,194.56,155.7,0,0,28
47,38,77,310.92,265.56,0,0,47
49,37,282,44.55,62.81,0,0,47
257,43,212,207.8,174.83,0,0,43
126,23,254,171.05,164.89,0,0,35
42,3,371,88.54,74.68,0,0,28
74,16,295,279.8,266.66,0,0,50
160,43,231,273.49,289.68,0,0,42
172,7,145,227.9,194.89,0,0,45
112,22,327,252.19,241.11,0,0,36
132,29,289,212.48,269.38,1,0,43
135,40,365,273.73,224.86,0,0,27
178,30,262,125.98,110.99,0,0,22
194,41,267,300.37,243.6,0,0,18
51,33,69,286.68,274.11,0,0,13
225,46,276,220.19,177.98,0,0,44
29,11,246,81.48,94.81,0,0,31
123,33,225,150.37,148.25,0,1,38
70,32,243,102.21,107.39,0,0,9
260,15,120,51.24,50.84,0,0,35
87,50,313,86.66,69.42,1,0,30
78,42,289,190.4,159.32,0,0,26
98,12,14,249.07,210.16,0,0,15
181,20,183,228.8,285.7,1,0,43
139,18,313,91.03,82.48,0,0,40
185,44,393,296.99,283.74,0,0,39
51,41,73,176.71,223.77,0,0,35
34,44,268,172.19,199.08,1,0,30
41,7,48,115.62,103.24,0,0,26
98,40,399,57.95,61.67,0,1,47
9,21,157,356.22,297.52,0,1,42
20,43,381,281.42,261.14,0,0,23
209,6,282,187.04,167.79,0,0,41
166,41,84,249.38,212.66,0,0,42
3,19,306,89.54,81.14,1,0,31
72,33,100,117.29,158.4,0,0,27
243,8,333,150.92,145.52,0,0,66
78,16,202,161.51,202.86,0,0,35
47,22,368,154.73,130.24,0,0,31
79,10,186,179.36,159.58,0,0,22
189,47,128,152.2,146.02,1,0,50
27,40,304,276.9,230.52,0,1,30
15,20,90,228.36,223.93,0,0,38
139,36,41,115.56,95.25,0,0,34
130,26,32,212.26,189.85,0,0,31
83,29,90,93.3,87.63,0,1,38
138,47,310,184.31,156.15,1,0,38
174,44,254,244.82,200.27,0,0,34
61,41,274,191.95,225.27,1,0,30
120,48,314,80.1,83.77,0,0,42
245,32,16,141.86,115.02,1,0,38
184,11,125,101.45,109.15,0,0,24
43,33,141,225.64,215.97,0,0,29
55,23,134,316.96,285.34,0,0,15
89,46,383,107.12,89.07,1,0,56
124,31,324,118.26,120.53,0,0,25
22,6,96,184.69,202.24,1,0,32
87,6,4,90.46,86.02,0,0,25
110,27,182,213.63,180.86,0,0,30
234,49,380,106.42,94.85,0,0,55
209,11,218,80.87,67.47,0,1,27
242,32,86,73.0,59.64,0,0,43
250,22,298,59.39,57.5,0,1,60
43,21,123,133.22,108.01,0,0,28
38,20,274,147.95,136.3,0,0,21
140,5,184,213.8,171.35,0,0,31
152,39,245,78.16,79.15,0,1,41
40,33,248,167.63,171.38,0,0,16
55,8,272,122.73,162.27,0,0,38
197,33,199,209.9,200.83,0,0,24
170,38,159,190.4,241.12,0,0,32
83,41,113,168.1,187.44,1,0,34
194,2,171,82.6,67.19,0,0,35
158,40,379,212.62,222.56,0,0,32
183,18,154,58.97,63.31,0,0,39
206,12,385,110.27,100.23,0,0,47
163,2,293,159.18,142.38,0,0,18
56,49,299,268.84,239.27,0,0,39
176,32,82,207.74,273.0,0,1,41
78,9,89,152.05,182.22,0,0,28
219,26,71,339.51,278.13,0,0,21
218,48,337,188.76,242.51,1,0,56
33,24,97,174.05,165.56,0,0,15
28,31,131,317.78,257.65,0,0,17
96,2,184,74.45,73.6,0,0,23
70,23,53,120.24,102.77,0,0,24
4,41,22,53.51,68.86,1,0,23
87,31,190,182.13,188.15,0,0,34
9,36,63,135.86,163.85,0,0,37
5,25,346,127.51,160.78,0,0,31
222,32,138,82.61,73.13,1,0,41
104,23,346,56.12,65.71,0,0,33
163,26,27,101.97,88.95,0,0,29
111,25,17,196.31,181.86,0,0,29
30,47,128,195.25,189.18,0,0,23
145,32,297,212.81,190.55,0,0,36
98,41,29,136.94,123.23,0,0,38
248,47,38,149.98,152.41,0,0,45
242,33,267,277.69,261.74,0,0,23
89,45,99,326.28,285.93,0,0,24
187,17,199,80.19,102.5,0,0,46
26,23,118,349.13,285.05,0,0,21
90,34,164,150.04,125.73,1,0,42
148,46,211,235.74,189.63,1,1,41
126,1,363,298.88,284.19,0,0,38
12,27,65,285.97,258.41,0,0,43
130,6,237,90.06,116.24,0,0,35
55,34,137,261.19,257.29,0,0,35
94,36,256,76.58,101.59,0,1,43
38,22,265,211.95,201.97,0,0,17
101,34,316,257.1,227.56,0,0,37
131,30,141,285.14,239.25,0,0,25
111,17,12,60.4,85.4,0,0,36
11,42,299,194.11,167.89,0,0,27
145,26,33,187.06,225.41,0,1,33
176,12,289,121.63,110.72,0,0,19
22,22,1,82.6,92.74,0,0,24
256,7,327,132.08,105.95,1,0,43
54,33,281,188.42,256.15,0,0,20
132,50,194,239.57,241.99,1,0,31
47,35,397,298.96,282.82,1,0,43
12,22,285,137.73,111.43,0,0,15
74,45,135,242.05,195.51,0,0,12
235,31,202,106.1,135.41,1,0,37
63,28,199,180.37,178.33,1,1,53
222,27,329,85.6,108.31,0,0,30
62,39,157,123.38,115.99,0,0,47
99,22,110,116.37,115.72,0,0,35
151,43,73,110.47,102.4,0,0,20
23,2,16,82.96,109.78,0,0,26
223,9,245,122.71,141.98,0,0,44
55,26,327,289.63,299.91,0,0,31
29,9,341,103.29,124.25,0,0,27
131,49,397,245.67,242.39,0,1,47
113,9,203,289.15,273.16,1,0,48
258,12,119,179.28,254.03,0,0,34
197,9,37,116.05,102.65,0,0,41
240,32,68,104.33,116.42,0,0,42
117,16,375,216.16,184.36,0,0,28
156,31,87,83.26,79.08,0,0,16
15,25,146,256.5,250.85,0,0,17
132,20,348,80.92,74.91,0,0,28
247,17,100,211.5,193.82,0,0,33
203,13,319,314.09,257.63,0,1,33
10,8,291,91.85,90.11,0,0,38
139,18,35,162.34,157.38,1,0,38
177,43,287,53.09,54.12,0,0,25
213,14,45,195.36,194.41,0,1,40
257,17,145,172.16,169.82,0,0,33
133,15,277,86.67,78.29,1,0,49
107,45,138,121.67,107.14,0,0,25
253,3,155,102.43,113.11,0,0,41
32,7,299,68.98,66.22,0,0,36
181,33,374,209.39,193.35,0,0,42
216,21,321,289.59,250.66,0,0,28
173,34,121,130.35,107.17,0,0,30
257,48,18,277.0,275.82,0,0,43
119,37,116,118.98,116.8,0,0,48
142,49,191,54.19,74.83,0,0,39
96,15,12,287.96,276.6,0,0,26
58,14,342,255.35,246.87,0,0,20
152,16,8,232.77,199.14,1,0,42
93,39,96,57.09,55.38,0,0,45
250,40,283,214.33,210.11,0,0,26
81,47,68,151.27,129.66,0,0,28
110,49,52,150.62,196.89,0,0,37
238,14,116,233.5,221.56,0,1,45
67,29,99,154.31,142.37,0,0,28
259,22,395,121.39,118.91,0,0,45
8,33,168,155.22,164.41,0,0,27
112,13,245,75.78,69.33,0,0,34
105,11,277,328.06,283.76,0,0,20
90,32,371,80.97,77.62,0,0,34
23,30,97,68.66,96.23,0,0,35
243,43,245,310.46,268.37,0,0,52
230,13,210,88.07,114.85,0,0,29
199,11,395,213.14,261.48,1,0,37
224,8,283,223.53,244.09,0,0,37
182,31,31,223.57,182.17,0,0,34
93,15,89,75.54,68.11,1,0,41
181,30,385,98.33,85.03,0,0,32
153,41,43,255.52,274.52,0,1,23
222,14,384,120.66,107.19,1,0,42
9,44,322,100.96,115.04,0,0,22
101,7,4,123.45,121.26,0,0,22
235,47,74,122.33,111.24,0,0,43
126,19,248,266.73,250.93,0,0,40
221,47,288,310.68,256.13,0,0,26
58,32,343,238.0,237.16,0,0,24
134,25,124,265.54,233.96,0,1,30
68,19,66,204.54,217.72,0,0,33
96,43,105,202.68,194.73,1,0,41
124,14,184,218.8,237.06,0,0,41
201,9,201,109.22,122.69,1,0,43
203,7,263,124.15,115.09,0,0,29
12,23,302,262.5,275.77,0,0,20
254,10,185,135.71,110.55,0,0,33
241,10,343,194.57,258.92,0,0,37
99,1,376,68.97,62.84,1,0,39
106,31,1,55.21,68.16,1,0,19
5,10,327,296.92,264.75,0,0,17
98,26,256,69.75,60.93,0,0,26
93,37,9,175.91,167.65,0,1,34
14,47,18,240.39,199.87,0,0,30
50,4,197,127.33,176.2,0,0,49
159,42,219,225.19,266.13,0,0,33
121,25,155,179.16,205.79,0,0,23
86,22,43,89.7,96.89,0,0,35
182,8,208,120.36,145.48,0,0,35
147,12,14,199.74,161.23,0,0,34
124,17,306,238.96,212.96,0,0,21
209,46,239,315.02,271.26,0,0,57
17,14,348,126.26,120.92,0,0,44
236,38,245,168.62,142.12,0,0,37
23,28,70,239.28,236.81,0,0,42
154,28,19,171.37,164.61,0,0,42
185,1,134,233.6,198.9,0,0,39
173,3,328,113.3,109.69,0,0,30
13,18,355,89.87,113.73,0,0,36
206,7,3,90.24,72.42,0,0,36
242,34,120,56.95,50.28,1,0,29
104,49,292,210.35,232.85,0,0,42
242,24,196,160.99,167.89,0,0,40
156,26,277,307.25,280.66,0,0,41
232,48,2,180.04,149.55,0,0,32
28,11,107,216.56,180.22,0,0,13
69,25,172,74.06,69.87,1,0,28
41,41,309,311.98,300.0,1,0,36
52,31,263,228.57,233.03,0,0,24
224,4,217,202.71,198.87,0,1,50
54,19,232,172.22,224.63,0,0,38
219,18,301,192.48,155.95,0,0,29
183,44,238,137.74,187.68,0,0,38
156,41,103,100.1,82.87,0,0,29
104,23,170,350.96,293.31,0,0,35
110,16,167,305.03,254.57,0,0,30
132,9,64,41.24,54.18,0,0,32
136,31,284,329.97,297.58,0,0,15
146,47,103,166.1,149.55,0,0,33
67,10,16,281.27,226.2,0,0,20
34,10,311,151.13,140.97,0,0,24
227,12,292,51.55,56.93,0,1,42
102,36,87,259.47,296.57,0,0,36
150,39,238,222.17,193.05,0,1,39
143,17,153,89.08,88.33,1,0,51
182,6,83,314.16,271.02,0,0,24
210,21,282,182.24,238.36,0,0,37
39,40,223,213.89,176.22,0,0,29
115,45,166,148.7,123.83,0,0,31
38,34,198,156.26,176.3,0,0,36
201,19,390,259.02,262.96,0,0,41
152,23,228,199.67,260.71,0,0,42
225,31,95,94.95,89.28,0,1,32
237,43,326,121.35,142.61,0,0,34
40,23,182,114.28,133.04,1,0,23
192,47,136,121.42,98.31,1,0,37
102,16,82,56.87,60.76,0,1,31
209,33,280,89.48,75.67,0,0,36
93,4,40,98.92,133.29,0,0,30
146,46,361,72.74,60.09,0,1,20
229,32,349,203.3,188.08,0,0,45
78,30,353,75.96,70.95,0,0,39
246,28,159,137.79,130.7,0,0,30
212,15,395,98.92,91.68,1,0,52
117,7,272,147.2,182.95,0,0,34
41,31,214,322.59,266.45,0,0,41
123,11,4,205.39,165.14,1,0,29
222,46,32,200.05,204.43,0,0,42
20,14,352,314.19,286.88,0,0,37
86,48,289,175.93,161.37,0,0,28
75,48,217,175.94,198.34,0,0,54
243,4,295,108.7,150.54,0,0,59
81,18,295,106.22,93.16,0,0,32
74,22,322,108.61,93.99,0,0,16
100,42,164,200.55,172.67,0,0,19
66,43,24,155.28,169.39,0,0,21
148,40,36,309.28,249.0,0,0,42
129,47,140,164.43,182.27,0,1,40
200,23,150,279.52,241.12,0,0,18
202,2,211,115.86,101.84,0,0,31
247,10,278,208.82,201.57,1,0,39
9,47,340,119.92,96.35,0,0,19
66,13,379,202.45,209.81,0,0,32
8,36,248,109.91,102.0,0,0,25
4,6,200,158.86,137.37,0,0,12
30,22,296,340.8,294.14,0,0,18
207,32,342,210.33,177.31,0,1,26
95,21,269,232.77,197.1,0,0,15
185,27,222,110.47,94.28,0,0,33
229,35,228,138.74,174.74,1,0,41
108,40,136,280.56,225.16,0,0,33
160,18,31,330.18,283.48,0,0,27
105,23,346,252.24,235.27,0,0,36
116,12,382,194.32,187.89,0,0,31
224,24,330,330.99,290.7,0,0,30
170,5,226,303.8,257.23,1,0,32
178,34,174,74.47,65.51,0,0,37
13,33,115,74.09,79.05,0,0,31
195,26,16,99.52,81.83,0,0,42
145,7,27,163.28,169.35,0,0,22
95,33,210,136.1,127.56,0,0,20
49,40,108,160.57,143.94,0,0,25
138,46,153,225.91,237.66,0,0,46
202,44,187,123.37,123.18,0,0,12
123,16,381,175.09,158.75,0,0,39
158,32,165,98.6,95.57,0,0,34
72,9,198,290.25,246.43,0,0,31
243,32,387,232.48,194.59,0,0,28
109,9,84,186.6,159.95,0,0,36
111,34,308,134.83,108.26,0,0,35
90,37,89,202.47,246.34,0,0,34
23,10,313,231.74,193.49,1,0,38
146,4,90,151.44,171.75,0,0,37
249,17,8,256.44,271.71,0,0,49
3,45,380,137.36,129.02,0,0,28
219,39,321,65.02,92.06,0,1,57
224,28,113,55.52,53.03,0,0,50
66,36,357,79.0,72.11,0,0,28
44,43,149,159.97,150.64,0,0,25
72,26,360,146.03,135.19,0,0,20
188,47,251,193.81,156.37,1,0,39
31,42,44,102.71,128.58,0,0,34
253,15,279,92.08,89.98,0,0,50
93,20,287,113.24,92.64,0,0,25
71,3,203,135.06,113.6,1,0,27
209,32,293,197.13,212.57,1,0,24
74,14,229,325.65,290.54,0,1,24
218,42,398,282.73,281.13,0,0,31
173,39,231,227.69,182.32,0,0,20
129,13,15,68.02,90.89,0,0,29
100,37,197,215.15,182.48,0,0,35
221,13,296,299.25,255.41,0,0,44
188,46,302,197.4,206.96,0,0,37
21,15,377,247.77,226.51,0,0,41
145,37,242,80.54,75.63,0,0,28
150,34,239,210.23,205.41,0,1,33
178,42,344,75.91,74.82,0,0,39
161,29,328,190.41,158.56,0,0,47
228,4,328,53.07,52.84,0,0,40
245,20,369,235.74,217.21,0,0,15
72,21,47,133.8,115.93,0,0,23
230,3,232,196.77,176.54,0,1,53
176,33,194,314.63,293.9,0,0,42
247,34,83,224.22,223.05,0,1,38
125,29,217,145.27,150.27,0,0,35
241,16,216,124.2,108.2,0,0,34
133,11,105,274.23,264.24,0,0,41
201,9,1,225.25,260.28,0,0,51
162,11,214,272.88,279.1,0,1,43
177,10,132,262.62,287.41,0,0,52
105,38,212,179.32,162.79,0,1,39
251,5,340,114.46,94.29,1,0,40
98,28,18,197.82,187.43,0,0,27
44,26,144,237.59,279.88,0,0,29
55,31,107,166.67,166.38,0,0,5
227,28,240,156.09,181.98,0,0,43
207,17,93,181.41,168.37,0,0,40
152,40,161,61.01,60.94,0,0,30
91,49,198,266.77,292.77,0,0,45
84,50,3,71.73,62.65,0,0,10
119,40,231,90.62,89.26,1,0,40
213,12,224,252.95,241.32,0,0,31
251,21,41,143.06,125.35,0,0,39
184,13,174,68.91,76.1,0,1,33
104,22,267,190.0,205.09,0,0,25
61,6,178,265.63,260.77,0,0,44
188,43,371,114.81,104.65,0,0,27
156,5,274,126.71,122.7,0,0,42
100,43,254,315.13,272.1,0,0,29
5,16,228,320.81,296.08,1,0,15
247,39,244,201.37,250.25,0,0,39
41,40,384,288.47,243.69,0,0,16
230,8,281,67.09,63.06,0,0,41
178,20,354,140.62,137.3,0,0,44
95,34,214,62.97,56.22,0,0,25
144,37,47,162.83,173.65,0,0,34
183,41,289,244.48,195.84,0,1,24
122,15,91,88.62,71.26,0,0,34
220,49,65,188.09,208.38,1,0,43
143,6,396,132.2,107.6,0,0,29
236,32,172,91.83,95.86,0,0,32
184,39,120,74.6,63.74,0,0,33
219,16,20,109.49,89.31,0,1,33
85,3,359,216.42,272.55,0,0,14
78,2,35,221.93,201.84,0,1,37
75,24,30,264.89,291.97,0,0,36
144,25,291,124.87,152.76,0,0,44
234,47,229,275.58,251.32,0,1,39
37,33,21,225.49,186.51,1,0,35
115,21,360,229.89,196.04,0,0,15
135,41,179,148.43,153.03,0,0,43
212,4,294,168.27,157.3,0,0,23
213,30,46,125.79,114.19,0,0,24
190,11,11,184.25,183.42,1,0,43
58,21,100,143.04,191.81,0,0,31
81,11,370,180.54,196.91,0,0,18
73,29,275,304.81,298.34,1,0,37
51,47,180,289.17,279.6,1,0,34
147,22,370,216.98,282.13,0,0,28
117,13,385,276.22,237.11,0,0,44
177,33,117,341.91,286.82,0,1,38
168,37,277,69.37,78.45,0,0,34
103,12,169,147.6,172.4,0,0,22
250,21,135,260.6,254.51,0,0,35
189,32,48,177.69,182.58,0,0,55
143,31,24,197.46,165.56,1,1,30
160,9,232,217.05,232.25,0,0,43
167,39,26,154.21,144.76,0,0,26
167,6,33,85.17,68.79,0,0,40
104,36,127,130.97,123.45,1,0,35
241,17,145,96.34,86.82,0,0,23
105,23,385,268.45,262.79,0,0,34
28,46,20,233.35,217.94,0,0,32
208,23,22,214.76,182.25,0,0,32
180,48,53,184.5,257.15,1,0,55
91,17,151,104.61,140.45,0,0,24
183,33,37,206.23,204.34,0,0,30
29,26,53,311.81,258.56,0,0,35
153,47,95,141.15,121.06,0,0,41
212,17,305,325.75,297.95,0,0,28
217,44,316,199.49,168.47,0,0,17
47,11,138,195.92,161.47,0,0,27
250,14,105,199.34,171.99,0,0,36
36,31,100,228.95,220.91,0,0,19
105,16,270,292.84,296.34,0,0,34
25,50,46,264.9,256.83,0,0,23
73,26,370,79.58,71.49,0,0,31
190,38,352,262.46,218.82,0,0,28
32,22,273,174.84,166.44,1,0,21
90,3,395,266.6,233.22,1,0,31
176,39,26,230.58,187.06,0,0,39
231,46,100,193.23,217.23,0,1,39
221,47,18,155.38,140.53,0,0,35
76,44,352,260.38,216.74,0,1,37
118,45,290,163.51,161.76,0,0,25
108,50,55,227.51,221.9,1,0,46
18,34,386,127.67,113.6,0,0,30
100,34,337,152.49,142.83,0,0,39
173,50,60,169.02,186.98,1,0,27
140,44,138,143.92,203.52,0,0,41
174,1,60,61.21,55.33,0,0,34
105,2,49,236.07,206.9,0,0,16
256,1,169,260.92,234.37,0,0,40
259,27,76,137.62,110.93,0,0,30
86,49,194,292.59,249.49,1,0,45
173,3,193,87.8,101.01,0,0,36
94,1,283,227.93,226.21,0,0,23
180,29,149,267.95,216.61,0,0,41
97,20,91,347.64,278.62,0,1,25
69,14,322,273.36,221.71,0,0,18
202,14,268,264.68,217.63,0,0,34
222,49,87,282.32,272.76,1,0,41
144,1,281,187.79,154.12,0,0,36
14,31,114,152.62,157.59,0,0,34
113,39,52,140.14,119.02,0,0,42
228,36,374,110.06,104.38,1,0,38
186,43,181,83.14,68.61,0,0,38
213,17,195,287.79,250.21,0,0,27
257,50,131,272.3,261.92,0,0,36
46,11,337,100.68,93.53,0,0,33
13,44,318,183.58,218.98,0,0,28
241,34,392,108.17,98.48,0,0,53
15,14,213,136.03,172.25,0,0,26
80,13,351,90.55,126.62,0,0,27
133,6,233,182.02,163.03,0,0,26
119,41,56,312.64,269.72,0,0,23
203,21,222,352.14,292.72,0,0,16
101,48,2,115.31,117.96,0,0,52
158,18,205,216.03,260.84,0,1,41
146,41,293,147.8,188.51,1,0,28
40,33,166,219.59,178.72,0,0,23
83,22,339,83.71,117.47,0,0,42
23,13,288,61.59,73.86,0,0,28
157,16,122,239.21,191.7,0,1,29
84,3,14,109.86,138.89,0,0,28
251,3,329,126.05,102.8,0,0,34
125,30,40,70.22,62.33,0,0,24
8,26,217,205.1,243.81,0,0,42
219,39,146,57.69,61.4,0,0,36
41,23,276,175.92,157.27,0,0,31
17,20,197,232.84,213.78,0,0,12
194,33,290,207.74,264.87,1,0,55
59,10,167,255.3,238.49,1,0,30
233,21,144,188.57,177.96,0,0,26
167,27,59,223.91,299.16,0,0,55
108,15,201,124.11,100.92,0,0,33
233,25,30,275.07,238.67,1,0,47
152,28,87,158.89,213.41,0,0,46
217,1,130,227.37,204.62,0,1,50
131,43,190,59.59,79.38,0,0,41
19,45,226,61.58,51.17,0,0,15
127,9,131,166.92,154.45,1,0,38
21,38,308,154.69,190.56,0,0,24
82,47,175,61.47,50.61,0,0,45
248,50,365,178.01,196.34,1,0,32
16,18,76,50.71,65.88,0,0,35
50,8,76,70.58,87.43,0,0,36
86,29,142,63.59,62.99,0,0,25
129,43,325,135.56,118.73,0,0,37
201,2,198,344.79,295.23,1,0,37
183,15,319,68.31,85.49,1,0,40
120,50,151,153.93,144.38,0,0,36
121,35,30,330.57,282.07,0,0,35
199,24,190,124.31,110.37,0,0,47
25,39,107,226.86,263.93,1,0,38
120,12,208,125.95,122.43,0,0,27
224,18,359,245.55,279.32,1,0,51
103,45,21,250.76,287.45,0,0,28
12,36,164,333.27,279.71,0,0,20
164,43,176,95.41,82.36,1,0,60
181,8,127,213.25,177.38,0,0,28
63,37,1,272.54,290.3,1,0,37
21,23,263,278.42,229.23,0,0,21
179,13,97,111.68,136.5,0,1,36
6,13,363,255.58,219.66,0,1,33
66,29,285,188.33,152.1,1,0,32
21,36,283,131.29,113.54,0,0,21
175,10,67,74.48,69.4,0,0,28
180,20,176,135.42,123.32,0,0,21
233,11,310,168.65,171.16,0,0,45
163,49,29,199.8,174.9,1,1,47
49,22,290,321.46,298.64,0,0,37
14,9,306,337.57,283.23,0,0,24
90,41,239,174.57,163.81,0,0,31
34,29,369,242.77,251.85,0,0,47
69,7,318,153.75,127.99,0,0,29
222,32,44,109.31,102.69,0,0,42
64,17,6,297.38,289.63,0,1,25
79,26,35,177.74,164.16,0,0,43
176,21,84,299.74,262.06,1,1,47
125,31,17,132.14,109.07,0,0,31
52,8,247,103.44,97.9,0,0,26
195,28,145,124.52,121.51,0,0,37
136,47,138,288.8,241.44,0,0,25
204,47,118,262.73,227.02,0,0,39
196,17,257,191.11,160.68,0,0,37
10,44,368,197.12,195.62,0,1,31
41,20,324,125.08,100.29,0,0,24
129,43,19,133.53,113.54,0,0,24
58,37,167,231.45,297.74,0,0,38
186,50,326,217.69,276.21,0,0,25
66,18,155,146.99,125.17,0,0,23
187,37,152,211.29,221.77,1,0,57
180,2,198,170.33,174.07,0,0,31
135,9,177,94.35,93.26,0,0,40
111,49,180,251.36,204.86,0,0,19
100,3,283,79.15,76.11,0,0,25
60,40,222,278.12,223.18,1,0,24
21,49,59,149.1,130.91,0,0,28
220,40,5,257.25,287.54,0,0,26
256,40,160,87.21,70.14,0,0,37
186,44,392,136.13,138.06,0,0,40
88,25,67,208.61,288.45,1,1,62
202,15,303,288.85,280.95,0,0,51
130,41,220,62.77,52.63,0,0,12
256,6,42,127.37,107.51,0,0,41
228,7,56,101.19,95.41,0,0,43
189,34,267,341.67,284.5,0,0,35
144,8,80,212.61,216.72,0,0,36
221,34,394,150.01,153.7,0,0,33
127,13,189,221.34,247.47,0,0,11
223,14,301,133.65,108.67,0,1,46
210,6,127,95.71,84.93,1,0,53
213,47,285,230.04,298.35,0,1,47
44,8,179,200.26,266.66,0,0,43
128,26,396,81.26,104.22,0,0,44
50,9,100,144.63,180.19,0,0,34
233,22,323,161.44,136.19,1,0,41
66,14,25,316.55,293.56,1,0,23
2,30,121,65.61,58.76,0,0,25
245,49,153,235.0,228.97,0,1,51
43,26,51,151.98,150.1,1,0,34
37,5,300,259.45,269.34,0,1,39
217,49,3,90.37,85.89,0,0,37
92,24,211,80.98,77.29,0,0,33
152,30,139,229.84,262.07,0,0,46
26,46,292,138.67,118.75,1,0,36
12,45,221,283.84,291.33,0,0,21
35,5,68,83.06,98.96,0,0,29
38,21,124,135.4,177.76,0,0,23
132,42,246,114.82,93.54,0,0,21
124,1,96,121.38,156.64,0,0,31
152,3,104,323.16,282.67,1,0,36
162,46,234,328.31,289.58,0,0,38
143,47,263,206.1,185.27,0,0,39
163,37,33,141.42,119.63,0,1,39
245,36,49,281.03,277.56,0,0,42
135,21,199,195.81,277.04,1,0,49
182,4,205,286.81,277.68,0,0,37
120,18,289,52.05,58.04,1,0,42
235,30,117,286.14,294.0,0,0,40
94,5,22,209.2,177.73,0,0,20
210,23,138,112.44,101.77,1,1,51
115,6,64,117.9,96.29,0,0,34
144,13,273,313.15,269.78,0,0,32
217,39,169,233.55,198.89,1,0,54
108,29,241,95.85,86.95,0,0,31
67,23,148,250.96,220.8,0,0,38
73,9,50,104.59,85.39,0,0,25
238,5,266,308.4,279.79,0,0,40
64,25,333,292.14,239.07,0,0,33
67,20,392,153.71,149.36,0,0,26
213,38,95,69.26,55.7,0,0,64
193,18,347,83.39,73.66,0,0,44
243,23,175,284.51,243.22,0,1,42
134,20,284,73.57,65.93,0,1,38
236,41,89,217.81,227.18,0,0,44
73,8,117,301.87,252.66,1,0,42
73,47,150,87.88,106.17,0,0,31
65,46,226,108.3,122.9,0,0,33
208,45,260,55.85,63.21,1,0,34
112,6,48,203.55,230.05,1,0,37
96,6,91,48.74,65.68,0,0,30
232,39,286,203.24,240.11,0,0,50
74,23,227,59.53,50.3,0,0,27
99,49,100,232.51,219.57,0,1,39
182,48,148,178.0,248.88,0,1,24
159,37,261,217.88,180.36,0,0,41
185,10,94,315.29,263.48,1,0,51
35,45,97,191.12,163.81,0,0,43
195,20,280,210.33,249.74,0,0,42
145,34,136,133.6,110.96,1,0,43
192,13,286,288.8,240.91,0,0,19
204,3,383,214.41,226.61,0,0,43
2,8,122,228.69,198.91,0,0,28
41,34,14,105.35,99.4,0,1,24
174,16,324,158.61,143.37,0,1,34
142,34,30,66.26,64.81,0,1,22
20,4,168,87.93,97.42,0,0,15
69,17,85,70.24,65.68,0,0,33
247,20,152,317.02,262.05,0,0,20
119,9,102,75.65,72.4,0,0,30
115,39,70,223.6,213.24,0,0,36
113,28,65,190.6,171.27,0,0,26
40,40,268,73.35,84.8,1,1,43
110,10,280,201.77,172.31,0,0,17
49,25,146,165.57,145.9,0,0,14
255,11,380,97.67,91.13,0,0,38
49,5,363,256.3,213.15,0,0,3
115,5,343,150.24,131.5,0,0,20
127,39,262,167.36,191.45,0,0,30
177,28,392,109.07,89.28,0,0,26
101,3,61,44.12,53.79,0,0,31
200,14,199,122.15,121.16,0,0,34
207,45,37,220.89,223.52,0,0,46
54,43,50,263.85,224.86,0,1,37
20,6,166,322.04,295.9,0,0,45
129,23,263,300.39,245.14,0,0,25
206,20,119,89.72,77.26,0,0,46
130,21,391,72.78,60.04,0,0,41
30,28,97,72.28,81.37,0,1,27
94,26,53,270.67,224.23,0,0,36
31,2,111,102.62,91.74,0,0,32
66,5,28,334.43,283.14,0,0,22
89,4,18,267.76,253.4,0,0,37
15,19,192,295.95,285.76,0,0,38
35,13,85,137.79,113.48,0,0,19
256,10,183,167.7,158.79,1,0,48
108,38,9,166.93,238.25,0,0,40
44,34,123,119.24,156.54,0,0,35
33,47,9,65.28,58.33,0,0,20
52,28,106,291.04,273.49,1,0,34
233,12,206,252.61,244.76,0,0,35
43,17,9,65.99,72.62,0,0,16
116,16,390,76.9,62.59,1,1,48
242,2,86,233.16,262.72,0,0,41
90,27,136,72.36,66.59,0,0,15
23,18,19,62.41,55.44,0,0,38
25,50,17,102.3,102.16,0,0,33
158,23,134,142.85,152.5,0,0,47
184,33,348,159.22,141.4,0,0,35
37,29,183,172.04,143.14,0,0,45
26,3,63,163.98,141.91,1,0,35
198,27,106,124.03,115.32,1,0,59
1,42,381,127.9,120.72,0,0,22
217,8,119,47.26,66.11,0,0,42
210,16,369,292.08,273.11,1,0,48
64,48,149,153.8,148.86,0,0,39
57,7,283,155.76,141.66,0,0,16
4,17,256,299.01,270.83,0,0,24
107,23,110,114.92,126.34,0,0,33
256,31,52,178.49,160.62,0,0,38
43,21,98,66.78,56.54,0,1,42
45,2,274,208.09,189.63,1,0,42
201,38,316,195.41,216.74,0,0,43
73,20,34,211.12,189.61,0,0,21
19,23,47,120.92,112.0,1,0,29
230,26,223,210.43,213.58,0,0,30
164,33,89,276.91,289.43,0,0,37
48,25,177,198.54,176.17,0,0,46
200,46,331,176.74,151.28,0,0,31
181,35,385,124.62,148.8,0,0,31
260,50,140,105.51,94.62,0,0,30
67,37,17,57.05,56.88,0,0,28
121,46,164,223.04,185.32,0,0,28
233,3,136,120.28,103.58,1,0,49
14,18,159,174.9,153.51,1,0,46
230,50,242,320.46,270.44,0,1,25
181,6,315,234.79,207.67,0,0,53
197,20,117,214.34,285.39,0,0,46
118,4,228,61.02,51.88,0,0,32
149,33,288,222.52,238.54,1,0,48
158,10,258,177.35,152.13,0,0,31
249,43,310,101.57,85.06,0,0,40
154,7,5,191.74,243.45,0,0,36
11,47,391,175.29,225.18,0,0,44
191,23,94,309.47,251.89,0,0,29
7,33,152,183.0,172.67,0,0,14
12,1,348,105.68,111.66,0,0,16
61,12,283,279.52,240.39,0,0,22
204,33,315,266.33,250.03,0,0,35
199,22,262,78.06,65.36,0,0,26
117,37,191,232.01,202.13,0,0,39
152,15,181,201.57,175.66,0,0,35
20,47,329,248.5,220.54,1,0,34
60,46,290,95.38,134.85,0,0,24
53,26,367,350.54,297.01,0,0,31
3,33,155,197.63,166.06,0,0,36
48,9,64,127.93,105.0,0,0,27
138,45,2,178.33,174.73,1,1,59
212,41,163,319.33,287.14,0,0,35
181,27,39,175.33,145.19,0,0,47
2,16,153,44.93,55.52,0,1,35
5,36,116,268.53,262.09,0,0,42
76,27,249,163.22,155.14,1,0,38
151,31,302,60.85,64.92,0,0,33
154,25,210,65.85,65.32,1,0,39
160,23,377,158.85,191.46,1,0,37
62,8,318,163.04,153.65,0,1,31
69,25,172,220.46,212.33,0,0,30
83,18,168,230.32,212.78,0,1,40
68,26,387,218.76,240.9,1,1,47
67,35,295,159.27,129.58,1,0,29
203,25,65,92.83,75.06,0,0,34
190,48,248,87.94,77.8,0,0,37
256,48,158,106.18,124.19,0,0,53
100,47,178,186.47,152.49,0,0,32
71,38,37,65.13,66.84,0,0,29
13,25,292,336.47,282.66,0,0,22
115,24,21,138.48,185.29,1,0,41
94,10,9,106.29,104.98,0,0,29
170,34,129,94.54,76.36,0,0,16
26,7,386,134.64,114.02,0,0,43
35,12,282,64.79,52.45,0,0,12
87,47,382,363.22,299.02,0,0,28
68,46,173,312.03,265.5,0,0,25
24,28,361,299.13,282.04,0,0,26
113,4,371,157.23,215.45,1,0,48
175,47,98,234.0,198.67,0,0,36
73,24,138,164.86,147.1,0,0,16
176,12,266,152.36,191.6,0,0,18
209,30,397,206.32,166.06,0,0,29
233,38,130,310.36,296.7,1,0,38
246,31,41,175.91,175.59,0,0,20
54,38,217,229.02,254.91,0,0,38
231,45,275,79.21,63.72,0,0,36
92,10,252,77.38,73.13,1,0,24
206,44,210,122.25,144.36,0,0,24
71,48,336,175.52,166.37,0,0,49
253,41,218,191.8,251.38,0,0,55
85,20,73,201.15,198.41,0,0,28
78,33,326,211.22,216.46,0,0,19
15,7,308,176.4,167.71,0,1,41
259,12,83,148.48,195.4,0,0,29
218,16,56,111.4,157.2,1,1,82
68,3,267,266.31,226.9,1,0,31
189,38,2,263.24,281.83,0,0,37
195,6,300,118.78,107.26,0,0,53
114,40,217,281.95,275.52,0,0,43
207,13,60,201.15,196.01,0,0,34
180,41,213,139.01,129.12,0,0,36
179,4,391,181.92,172.52,0,0,22
3,42,339,66.08,53.12,1,0,37
138,14,347,82.8,102.15,1,0,47
99,17,247,64.85,55.64,1,0,46
51,50,91,72.9,61.96,0,0,29
236,3,249,140.54,152.43,0,0,30
239,19,242,76.46,97.45,0,1,47
101,33,173,95.51,99.91,0,0,31
219,26,174,166.51,142.52,0,0,40
72,35,60,163.29,152.94,0,0,39
171,17,112,112.61,96.37,0,0,37
252,29,34,176.13,148.06,0,0,47
112,2,274,217.86,183.8,1,0,32
157,3,141,60.59,68.2,1,0,34
24,39,64,314.87,264.11,0,0,22
131,26,46,274.55,220.01,0,0,30
18,5,354,152.39,134.78,0,0,23
223,10,210,185.32,222.77,0,0,43
213,7,70,190.09,153.32,0,0,32
53,14,310,142.39,139.11,0,0,37
125,15,212,315.84,295.03,0,0,35
67,10,184,252.23,277.86,0,0,27
24,8,314,181.06,160.44,0,0,32
184,10,149,214.46,238.55,0,0,29
127,35,92,38.9,50.9,0,0,24
167,43,188,97.28,115.91,0,0,45
213,47,142,183.0,254.72,0,0,45
208,31,237,179.89,256.09,0,0,43
151,19,36,196.93,160.13,0,0,28
13,13,148,84.83,81.42,0,0,19
55,25,328,250.42,249.47,0,0,26
201,45,225,225.55,286.92,0,0,37
150,44,304,328.88,282.62,0,0,30
180,15,147,270.59,258.39,0,1,40
20,27,305,272.58,240.86,0,1,35
236,32,40,217.08,272.3,1,0,41
240,7,390,226.35,215.8,0,0,34
136,46,96,179.93,208.05,0,0,35
83,5,151,192.93,180.95,1,0,30
66,42,332,305.1,245.07,0,0,23
191,25,51,260.12,211.8,1,0,34
100,43,53,291.19,267.1,0,0,32
56,43,373,295.88,270.48,0,0,26
13,29,73,175.35,168.88,0,0,25
39,41,116,168.47,238.28,0,0,36
16,13,308,252.04,215.33,0,1,45
157,50,18,184.66,175.1,0,0,21
4,42,119,237.88,257.78,1,0,44
196,31,47,218.96,198.68,0,0,36
159,41,387,138.07,143.52,0,0,34
258,15,127,275.38,234.08,0,0,45
17,3,94,159.44,142.02,0,0,25
172,13,147,246.3,209.02,0,1,36
185,32,371,59.69,64.95,0,0,33
181,24,262,293.94,258.42,1,0,12
7,3,204,169.34,161.64,0,0,24
91,25,5,230.26,250.26,1,0,29
101,2,168,183.28,191.23,0,1,31
54,20,15,264.11,287.19,0,0,26
22,30,72,218.12,207.04,1,1,37
139,19,222,247.53,234.63,1,0,30
122,50,308,138.93,113.66,0,0,29
6,45,313,223.18,218.74,1,0,49
140,7,265,270.99,262.52,0,0,27
2,41,291,117.29,145.96,0,0,24
116,46,38,203.08,188.87,0,0,25
214,18,392,219.93,247.77,0,0,42
122,13,373,230.45,273.48,0,0,33
98,19,261,193.78,184.56,0,0,34
126,44,279,52.0,63.83,0,0,45
150,21,83,291.8,236.43,0,0,20
141,29,104,126.01,138.15,0,0,32
129,18,162,75.65,62.95,0,0,42
235,47,315,282.98,235.92,0,0,44
74,10,302,181.62,255.53,0,0,20
223,1,382,178.09,143.75,0,0,20
242,20,81,274.06,224.0,0,0,41
36,14,84,127.27,143.42,0,1,33
154,5,339,100.79,83.48,0,0,40
44,34,12,246.63,243.45,0,0,34
196,46,235,54.05,76.71,0,1,35
68,11,154,237.93,217.56,1,0,32
232,20,322,116.06,94.82,0,0,29
134,25,304,292.33,287.77,0,1,27
3,7,30,111.57,119.46,0,0,33
87,2,276,203.49,189.15,1,0,36
161,37,139,275.37,241.45,0,0,38
259,42,198,228.7,294.7,0,0,46
159,4,204,130.84,127.41,0,0,42
127,50,151,88.57,98.95,0,0,37
253,43,317,108.08,90.82,0,0,35
192,42,150,263.75,291.86,0,0,24
74,13,12,322.67,274.26,0,0,22
243,42,33,52.14,65.61,0,0,57
95,2,262,89.66,83.02,0,0,18
177,30,149,202.1,163.78,0,0,33
67,46,247,196.21,224.67,0,1,44
192,40,192,67.67,61.83,0,0,35
137,18,361,182.94,224.53,0,0,40
90,31,109,76.94,63.51,1,0,37
189,48,129,301.66,274.06,0,0,42
21,28,320,196.96,167.82,1,0,15
4,20,346,243.56,209.87,1,0,23
9,39,322,257.82,208.4,0,0,16
133,22,286,198.41,240.74,0,0,21
254,39,144,112.59,97.67,1,0,58
22,39,140,309.2,247.53,0,0,15
228,31,185,249.13,240.41,0,0,32
166,46,200,212.16,190.18,1,0,44
235,10,4,213.27,194.03,0,0,31
204,45,256,148.2,196.93,0,0,48
141,42,282,115.3,103.82,0,0,45
98,47,375,271.63,228.04,1,0,40
200,22,3,72.45,88.51,1,0,43
226,28,75,245.67,260.16,0,0,40
62,48,177,70.11,96.95,1,0,42
134,7,164,292.64,248.25,0,0,17
231,13,163,167.44,144.31,0,0,22
122,26,262,83.74,99.81,0,0,29
160,26,324,80.76,67.23,1,1,56
16,44,18,177.95,160.51,0,0,40
235,40,154,213.27,184.76,0,0,24
183,14,74,248.19,237.9,0,0,38
64,50,158,242.87,233.1,0,0,14
114,13,236,126.58,122.12,0,0,31
222,21,368,257.66,232.79,0,1,33
205,34,179,136.83,158.43,0,0,41
165,6,358,238.6,222.6,0,0,34
82,1,289,322.95,264.56,0,0,26
138,18,96,246.02,232.97,0,0,41
149,46,157,223.55,220.07,0,0,45
193,1,134,88.73,92.21,0,0,29
100,6,89,118.25,148.73,0,1,44
87,39,83,199.25,242.32,0,0,48
110,6,18,38.96,52.99,0,0,34
88,14,29,157.2,156.04,0,0,26
240,43,326,59.73,81.19,0,0,25
15,27,53,171.87,140.39,0,0,17
56,26,193,194.62,168.74,0,1,44
41,46,225,250.24,277.12,0,0,32
222,50,334,97.0,113.66,0,0,37
191,2,236,199.03,163.02,0,0,30
218,12,337,60.24,59.85,1,0,39
133,34,241,210.49,278.44,0,0,52
170,15,327,61.14,50.09,0,0,33
32,30,207,136.81,183.99,0,0,43
13,2,372,83.36,70.07,1,0,28
158,16,250,124.84,101.64,1,0,32
259,39,174,155.08,162.62,0,0,60
245,20,125,248.14,273.05,0,0,56
256,49,210,57.11,51.42,0,0,44
91,46,358,225.2,193.35,0,0,49
135,16,226,192.92,249.59,0,0,30
243,13,18,229.32,197.74,0,0,30
202,17,329,68.1,59.72,1,1,51
223,2,108,200.38,187.03,0,0,32
128,32,79,117.02,109.28,0,0,39
129,50,178,112.5,96.21,0,0,26
171,41,331,214.82,188.12,0,0,35
110,28,1,123.59,118.75,0,0,47
8,2,24,64.65,55.01,0,0,15
241,23,331,216.78,255.94,0,0,36
168,9,325,70.04,64.24,0,0,37
158,12,369,89.56,79.77,0,0,29
120,47,214,187.15,239.72,0,1,60
52,26,374,57.58,71.98,0,0,33
243,27,261,60.9,56.78,0,0,21
254,28,336,184.21,176.66,0,0,32
38,11,369,224.01,255.83,0,0,13
91,14,320,265.93,241.52,0,0,28
52,31,351,126.53,144.37,0,0,37
135,8,3,207.21,254.85,0,1,49
221,42,259,110.56,157.63,0,0,44
228,7,2,219.82,212.27,0,0,46
133,40,37,218.85,239.57,0,0,30
95,20,53,342.04,289.47,0,0,29
236,8,17,140.51,125.26,0,0,38
64,27,56,169.71,153.06,0,0,12
17,47,355,160.64,130.33,1,0,21
185,36,256,246.15,212.02,0,1,38
8,13,246,117.0,157.79,0,0,26
65,4,97,53.61,62.94,0,0,16
237,10,18,267.83,265.03,0,0,46
95,18,399,60.67,56.45,0,0,36
41,1,14,308.05,255.08,0,0,26
134,22,297,176.56,157.32,0,0,37
209,8,288,190.04,213.53,0,1,31
97,30,315,273.08,260.47,0,0,15
86,36,101,92.29,78.38,0,0,21
107,6,125,325.35,291.46,0,0,23
49,45,194,189.44,168.13,0,1,26
86,18,118,45.52,51.04,0,0,49
90,22,176,137.1,152.18,1,0,48
92,37,219,120.75,97.53,0,1,37
85,5,385,312.82,290.15,0,0,43
188,5,363,178.01,183.7,0,1,37
142,37,300,212.33,217.72,1,0,41
67,24,138,62.05,58.31,0,0,38
178,6,246,45.87,56.73,0,0,30
106,17,77,174.38,234.55,0,0,31
26,43,137,182.99,164.54,0,1,19
149,8,258,253.08,292.02,0,0,51
253,9,349,208.86,203.69,0,0,61
232,35,147,176.26,155.58,0,0,33
3,6,294,270.55,216.76,0,0,30
97,44,30,281.84,230.97,1,1,34
191,30,295,131.32,113.39,0,0,29
259,20,150,67.8,80.89,0,0,30
45,43,280,243.28,212.03,0,0,6
98,10,248,56.43,51.0,0,0,31
179,2,7,181.9,196.16,0,0,31
122,15,301,170.97,144.21,1,0,41
154,4,362,112.51,114.78,0,0,21
179,35,69,131.97,140.56,1,0,52
148,8,375,102.83,89.89,0,1,15
78,39,319,189.03,152.55,0,0,38
93,18,262,175.88,147.87,0,0,40
257,32,290,277.66,261.87,0,0,35
123,44,368,286.14,254.88,1,0,18
55,13,141,211.94,190.07,0,1,28
8,11,122,93.33,91.61,1,0,35
141,49,310,227.51,201.72,1,0,48
202,34,313,106.65,108.28,1,0,49
144,38,272,44.57,63.3,0,0,39
249,49,201,127.12,117.01,0,0,31
55,19,36,103.2,91.25,0,0,29
6,45,283,140.37,128.04,1,1,36
41,33,227,149.74,144.79,0,0,36
76,36,396,157.72,128.39,0,0,33
27,29,394,206.33,166.62,0,0,23
21,36,19,61.73,65.18,1,0,46
122,9,8,182.39,191.41,0,0,27
117,35,366,125.97,123.97,0,0,32
259,49,346,275.85,230.27,0,0,28
234,14,266,227.08,211.26,0,0,48
174,40,233,287.22,263.23,1,0,48
170,23,42,239.86,226.5,0,0,31
197,21,96,108.86,90.6,0,0,38
85,5,386,89.4,72.45,0,0,43
216,50,51,199.93,280.11,0,0,51
3,1,313,188.96,208.93,1,0,43
214,3,23,324.97,269.44,1,0,41
118,35,209,259.83,243.24,1,0,24
142,49,73,115.67,110.87,1,0,42
219,2,83,94.84,79.0,0,0,35
238,23,246,210.04,295.05,0,0,53
46,49,109,52.13,53.15,0,0,33
204,20,353,204.87,172.14,0,0,36
118,22,22,239.77,256.7,0,0,22
58,20,57,292.31,281.51,0,0,22
234,33,108,280.98,236.01,0,0,47
259,29,262,138.84,132.51,0,0,52
98,6,330,122.33,156.0,0,0,55
45,46,169,121.98,123.94,0,1,28
44,28,71,109.1,123.63,0,0,45
10,39,277,176.36,156.44,0,0,25
235,23,97,179.49,165.52,0,0,26
161,23,140,271.32,254.44,1,0,38
155,37,159,255.56,250.61,0,0,22
222,17,187,141.58,124.26,0,0,20
75,39,81,317.2,295.41,0,1,22
75,5,177,202.34,198.69,0,0,36
74,4,145,200.47,264.05,1,0,42
103,28,19,46.76,53.07,0,0,37
138,33,357,80.97,74.2,1,1,51
68,34,293,270.17,258.83,0,1,45
221,41,234,193.01,160.88,0,0,50
215,39,236,190.83,185.05,0,0,50
181,22,53,73.29,67.53,0,0,38
9,36,192,135.84,116.75,0,0,36
38,31,246,295.51,295.2,1,0,30
170,3,32,116.15,102.29,0,0,40
113,42,1,206.76,243.65,0,0,41
42,11,182,248.11,246.62,0,0,26
96,25,44,219.43,176.94,0,1,34
68,12,373,129.12,110.92,0,0,39
183,44,64,126.67,173.08,0,0,37
8,9,6,134.63,127.24,0,0,35
12,29,12,217.18,207.36,1,0,27
135,3,339,255.41,250.1,0,0,38
229,48,2,239.33,192.8,0,0,47
36,6,70,164.3,228.09,0,0,39
98,12,205,116.32,150.48,0,0,37
31,45,37,129.48,112.26,0,0,20
105,9,193,252.29,234.0,0,1,46
127,16,137,107.46,100.61,0,0,30
84,26,42,81.74,79.52,0,0,39
213,32,68,134.66,117.1,0,0,18
230,17,30,144.82,195.27,0,0,41
115,45,79,287.99,276.79,0,0,34
177,41,363,251.27,224.74,0,0,37
180,28,198,366.88,293.73,0,1,32
70,5,297,213.93,291.12,0,0,34
217,7,164,174.09,146.32,0,0,39
97,44,296,150.18,129.14,0,0,24
125,49,142,145.34,165.64,1,0,44
250,44,75,64.42,59.84,0,0,38
146,35,124,211.2,178.73,0,0,23
38,48,63,195.39,255.05,0,0,33
16,12,105,313.82,284.87,0,0,23
256,18,152,129.57,114.49,1,0,54
88,39,361,169.77,147.12,0,0,31
44,15,267,243.12,258.3,0,0,31
238,2,353,222.99,181.26,0,0,31
37,38,386,122.79,151.97,0,0,39
242,7,165,272.68,250.4,0,0,30
159,32,99,76.45,65.98,0,0,44
137,8,395,108.95,104.17,0,0,44
17,10,385,99.12,128.01,0,0,32
81,48,28,109.31,102.93,1,0,39
93,7,90,139.16,111.49,0,1,29
74,14,2,189.3,252.25,0,0,33
31,20,54,140.78,119.11,0,0,25
152,42,214,141.24,136.65,0,0,35
57,1,303,247.81,244.75,0,0,27
221,5,53,169.36,137.94,0,0,65
136,44,204,247.51,231.5,0,1,38
139,36,204,248.19,253.37,0,1,45
108,50,6,36.22,50.13,0,0,24
107,12,34,271.6,238.32,0,0,20
125,50,224,98.14,93.67,0,0,12
84,43,217,278.18,274.46,0,0,18
114,40,222,93.09,108.09,0,0,11
34,23,250,234.83,223.9,0,0,44
66,48,100,213.28,197.0,1,0,41
195,9,283,91.61,127.28,1,0,47
40,37,66,101.8,118.51,0,0,16
250,34,90,99.64,79.98,0,1,45
51,12,327,115.47,100.76,0,0,35
39,26,100,316.34,298.22,0,0,33
90,27,78,74.89,59.92,0,0,38
237,29,250,193.69,162.53,0,0,41
66,48,12,170.53,154.12,0,0,35
140,25,75,63.1,77.12,0,0,45
239,13,268,124.37,103.79,0,0,31
120,49,94,178.04,226.98,1,0,34
72,46,307,87.58,80.03,0,0,26
241,8,33,183.81,173.07,0,0,56
198,2,275,131.04,108.33,0,0,37
161,30,325,218.36,202.85,0,0,33
158,20,249,353.24,299.3,0,0,25
224,6,15,235.12,208.8,0,0,42
222,50,335,166.69,134.19,0,0,34
180,40,353,136.83,130.81,0,1,35
113,32,372,255.36,232.92,0,0,40
119,32,234,138.02,118.81,0,0,26
168,15,134,82.49,80.4,0,0,34
175,34,65,80.25,112.83,0,0,37
199,11,193,157.75,218.22,0,0,35
18,32,288,177.09,149.9,0,1,42
65,12,155,114.7,101.21,0,0,27
161,4,399,202.97,232.09,0,0,46
89,41,279,162.76,152.87,0,0,32
173,14,210,147.11,129.57,0,0,36
75,20,376,209.31,290.32,1,0,31
117,20,173,250.87,201.25,0,0,36
202,30,377,233.73,291.5,0,0,42
27,47,8,221.24,198.71,1,1,40
71,34,232,51.62,73.24,0,0,31
232,24,341,102.8,94.72,1,0,53
258,38,131,53.6,53.05,0,0,39
100,37,349,72.64,80.61,0,0,39
244,4,52,197.15,158.12,0,0,37
167,18,233,139.1,129.84,0,0,47
40,49,196,187.54,212.56,0,0,33
185,1,195,203.5,184.76,0,0,24
214,47,160,155.5,165.76,0,0,49
2,28,221,133.15,112.13,0,0,26
36,50,240,133.27,131.08,1,0,42
57,37,324,309.45,260.31,0,0,28
44,35,144,126.22,130.52,0,0,50
133,6,324,333.34,270.85,0,0,26
94,41,60,240.23,296.38,0,0,26
240,43,339,239.7,217.71,1,0,40
196,48,156,115.67,113.64,0,0,49
9,25,195,271.77,248.04,0,0,24
117,17,199,53.67,73.53,0,0,40
95,38,11,166.73,138.5,0,0,23
168,20,285,111.44,138.64,0,0,26
258,34,253,196.45,174.41,0,0,30
220,41,180,102.67,139.29,0,0,28
81,35,398,366.65,295.6,1,0,46
240,13,118,222.49,196.21,0,0,30
107,38,234,207.96,211.4,0,0,32
150,29,289,121.65,100.11,1,0,31
8,4,312,230.17,221.69,0,0,28
57,34,377,147.19,208.34,0,0,47
160,12,185,340.24,298.19,0,0,29
147,45,283,261.24,212.85,0,0,55
79,3,122,189.91,209.03,0,0,26
54,2,30,287.79,240.45,0,0,35
245,37,123,280.67,295.45,1,0,46
108,37,340,112.15,128.36,1,0,38
113,46,273,154.99,156.73,0,1,48
259,37,379,94.92,131.76,0,0,33
23,31,11,171.16,154.02,0,0,25
48,13,68,144.92,172.0,0,0,26
184,34,24,167.12,220.41,0,0,41
11,47,229,134.82,172.21,0,0,54
80,21,330,259.9,264.39,0,0,41
113,29,93,111.36,102.8,0,1,46
147,16,397,280.36,255.91,0,1,32
203,10,197,225.86,197.41,0,0,26
72,41,132,57.37,56.68,0,0,27
208,50,205,227.28,208.56,0,0,21
51,17,195,114.78,98.72,0,0,32
227,21,68,168.94,161.01,0,0,40
224,3,217,217.11,199.41,0,0,41
2,20,328,336.76,288.35,0,0,22
88,35,296,255.69,212.65,0,0,30
230,5,117,130.12,104.67,1,0,47
76,39,5,332.0,279.47,0,0,31
188,29,261,326.13,282.74,0,0,21
31,17,51,165.98,230.81,0,0,32
176,14,120,124.98,143.98,0,0,34
223,48,174,80.85,88.07,0,0,37
191,50,102,291.13,288.3,0,0,29
105,5,369,303.56,248.5,0,0,28
128,1,283,207.99,239.61,1,0,46
1,16,226,131.36,119.6,0,0,19
47,35,27,133.75,138.86,1,0,43
31,31,158,171.82,147.93,0,0,29
67,47,268,335.12,289.51,1,0,46
93,9,227,191.03,190.16,0,0,43
200,22,148,58.73,62.01,0,0,45
40,16,184,103.89,85.31,1,0,29
250,43,95,210.87,237.29,0,0,41
117,27,72,140.8,180.34,1,0,44
215,36,342,94.55,87.71,0,0,24
115,43,11,89.3,109.59,0,0,41
56,11,140,103.68,115.45,0,0,22
53,29,13,129.29,158.06,0,0,49
198,31,253,300.08,246.48,0,0,19
80,23,330,189.68,225.11,0,0,25
141,1,132,257.39,207.25,0,0,28
233,43,70,271.92,280.08,0,0,39
216,13,293,185.36,161.87,1,0,37
216,13,272,165.46,133.35,0,0,34
236,34,24,302.49,291.53,0,0,33
41,38,107,124.27,111.01,0,0,32
223,40,335,268.22,297.96,0,0,29
15,19,227,150.86,137.67,0,0,39
149,20,392,106.32,100.8,0,0,21
234,27,1,310.21,260.08,0,0,28
151,4,140,61.03,65.18,0,0,38
141,27,245,208.85,251.97,0,1,53
60,24,124,158.23,170.43,0,0,28
221,7,81,148.46,140.24,0,0,31
31,12,280,222.04,257.79,1,0,26
10,43,133,143.64,134.15,0,0,38
196,28,376,356.65,285.88,0,0,45
119,18,340,104.84,99.21,0,0,35
56,22,399,206.93,187.52,0,0,20
26,27,198,124.25,99.76,0,0,36
202,7,82,239.16,259.42,0,0,29
186,43,80,108.42,149.01,0,0,30
247,11,271,117.88,98.12,1,0,50
128,33,183,56.83,56.42,0,0,34
84,43,46,54.75,59.57,0,0,40
67,44,306,122.91,107.28,0,0,33
175,19,392,81.94,78.79,0,0,43
131,49,345,308.53,261.62,0,0,30
205,28,283,167.69,159.17,0,0,46
96,10,98,176.57,157.81,0,0,29
153,39,196,204.49,279.39,0,0,59
79,47,222,77.69,72.25,1,0,26
23,45,222,332.26,284.18,0,0,26
54,27,284,55.9,62.62,0,0,33
187,27,206,253.39,214.58,0,0,35
113,28,374,100.83,90.17,0,0,37
218,42,301,232.26,213.58,0,1,39
236,12,33,302.38,282.39,0,0,34
189,15,275,132.18,115.98,0,0,41
118,37,179,245.53,254.78,0,0,32
227,45,116,284.59,297.89,0,0,42
81,34,15,92.38,99.55,0,1,37
21,41,273,248.09,236.19,0,0,22
51,13,250,239.28,226.21,0,0,27
1,7,302,255.08,293.54,0,0,39
215,47,166,166.13,158.91,0,0,39
124,44,172,321.0,299.19,0,0,25
113,49,54,320.23,296.54,0,0,31
154,26,359,187.06,168.91,0,0,46
227,11,107,199.52,160.21,0,1,38
80,23,97,56.5,52.03,0,0,36
175,39,36,140.36,132.52,0,0,45
70,48,91,110.93,114.7,0,0,50
148,42,80,108.33,104.21,0,0,42
246,11,377,139.34,118.99,0,0,34
242,50,295,133.65,119.81,0,0,31
182,50,140,146.83,130.09,0,0,25
201,16,203,230.33,225.21,0,0,31
7,17,282,58.67,53.21,1,0,29
33,38,74,128.97,103.19,0,0,31
126,19,220,179.99,167.99,0,0,37
226,37,220,242.74,208.41,0,0,35
164,9,124,136.54,164.91,0,0,31
255,27,168,252.16,242.11,0,0,35
211,30,381,273.88,273.33,0,0,41
175,31,149,137.0,135.67,1,0,45
26,2,278,166.73,218.93,0,0,37
172,43,212,187.37,162.34,0,0,35
7,7,364,101.18,130.74,0,0,29
147,29,333,259.57,256.99,0,0,46
168,32,188,167.1,164.76,0,0,33
191,14,300,62.83,72.8,0,0,30
118,23,337,190.72,155.24,0,0,16
220,35,144,247.1,209.88,0,1,42
122,39,73,62.87,56.62,1,1,40
230,33,325,147.35,145.08,1,0,54
14,41,221,280.81,262.14,0,0,17
117,44,59,102.77,94.59,0,0,37
251,7,81,63.74,51.02,0,0,29
109,47,162,91.0,95.17,0,0,28
213,7,132,172.22,168.03,0,1,48
134,22,348,230.93,185.49,0,0,41
120,23,189,297.3,264.32,0,0,14
81,38,35,66.58,56.32,0,0,21
66,6,321,304.56,285.24,0,0,30
170,19,60,83.05,100.8,0,0,49
54,15,31,93.99,81.18,0,0,34
185,32,204,213.07,188.31,0,0,41
200,27,24,140.73,137.77,0,0,33
93,43,74,337.31,277.99,1,0,42
249,42,272,219.15,289.83,0,0,45
1,4,164,193.16,212.75,0,0,33
124,16,286,61.96,58.43,1,0,33
127,50,104,321.34,284.98,0,0,17
67,11,275,99.32,91.1,0,0,17
67,17,242,357.47,297.49,0,0,17
170,39,188,155.6,125.22,0,1,44
207,31,55,121.54,139.69,1,0,50
141,46,210,257.1,253.34,0,0,29
64,50,265,106.67,148.78,0,0,28
25,41,36,316.04,256.13,0,0,24
127,34,158,138.02,135.6,0,0,31
196,23,135,132.17,182.44,0,0,45
117,48,296,188.79,194.71,0,0,40
137,6,320,143.94,191.61,0,0,28
28,48,41,79.45,109.64,1,0,61
8,45,212,300.88,241.95,0,0,32
147,16,38,175.91,146.69,0,0,44
66,46,138,194.71,157.27,0,0,28
143,13,195,201.16,171.47,0,0,39
166,21,338,216.72,291.58,0,0,38
126,22,28,82.86,82.65,0,1,34
205,23,230,193.2,206.84,0,0,42
64,17,74,289.82,274.39,0,0,27
210,2,300,171.07,169.04,0,0,43
14,1,164,119.71,164.8,1,0,21
157,35,270,208.1,291.59,0,0,51
201,32,26,243.23,203.04,1,0,33
137,39,312,226.28,181.42,1,0,40
258,44,318,71.5,83.35,0,0,37
207,48,84,339.32,279.38,0,0,25
107,31,282,261.89,254.77,0,0,19
73,23,216,61.16,56.69,0,0,31
14,25,177,86.87,78.47,0,0,41
39,17,3,257.65,248.44,0,0,25
44,50,228,160.92,153.55,0,1,33
15,46,312,159.23,170.59,0,1,30
240,49,173,201.54,168.93,1,0,45
199,24,36,200.62,182.38,0,0,25
242,37,251,154.77,205.38,0,0,55
46,39,294,189.41,187.76,0,0,40
190,41,126,322.34,258.04,0,0,12
70,40,81,255.35,228.83,0,0,21
239,34,379,61.65,81.55,0,1,47
38,1,27,210.63,208.37,0,0,30
247,29,329,173.77,147.68,0,1,43
122,6,345,164.9,154.35,1,1,56
60,15,303,167.45,201.0,1,0,53
26,29,57,91.2,109.63,0,1,42
186,8,226,156.37,198.56,0,0,35
198,24,336,114.46,127.18,1,0,41
72,39,164,290.29,234.12,0,0,29
168,36,361,352.19,297.14,0,0,42
163,49,70,134.04,119.16,0,0,45
39,6,307,357.36,286.12,0,1,60
160,42,382,201.47,163.51,0,0,14
217,8,91,207.03,245.64,0,0,42
177,46,220,147.95,131.6,0,0,21
248,44,110,149.39,126.83,0,0,37
78,18,131,115.0,124.12,1,0,53
198,20,57,197.93,252.19,0,0,37
192,47,323,195.32,159.54,0,0,31
106,34,371,197.18,204.45,0,0,49
52,8,333,168.58,140.57,0,0,40
199,15,33,174.24,203.57,1,1,58
209,7,204,192.74,175.67,0,0,31
66,15,209,73.13,93.93,0,0,31
245,50,7,146.4,136.6,0,0,34
248,4,62,189.34,154.57,0,0,46
131,8,301,130.84,130.07,1,0,54
181,42,216,222.79,195.41,0,0,23
193,30,162,144.95,151.17,0,0,27
78,6,357,181.03,203.68,0,0,37
43,6,304,77.5,69.55,0,0,52
135,26,356,102.62,87.4,0,0,28
133,31,148,126.64,119.04,0,0,32
138,21,99,169.56,154.3,0,0,53
146,4,147,260.94,226.36,0,0,28
43,46,32,104.99,97.38,0,0,27
44,16,216,272.95,246.19,0,0,20
107,44,364,57.49,74.55,0,0,33
5,10,167,250.28,226.65,0,0,23
141,43,282,301.02,254.19,0,0,26
51,40,157,255.68,242.17,0,0,20
184,6,386,285.51,242.17,0,0,30
27,8,183,77.41,71.49,0,0,25
67,10,83,139.83,121.24,0,0,21
176,5,142,271.79,243.99,0,0,19
158,25,288,214.85,195.73,0,0,35
209,48,105,165.08,151.89,0,1,45
70,23,397,262.39,233.2,0,0,28
86,7,179,158.56,224.29,0,0,42
24,37,285,142.01,182.21,0,0,21
209,17,296,72.38,63.18,0,0,37
178,22,245,215.8,189.19,1,0,42
141,34,299,77.91,70.87,0,0,48
108,8,37,66.78,66.21,1,0,61
56,38,21,87.3,84.77,0,1,33
148,22,34,311.28,279.48,0,0,19
17,47,168,102.81,84.75,0,0,38
238,24,37,120.01,104.4,0,1,29
6,30,254,143.24,139.61,1,0,28
260,49,244,212.49,237.77,0,0,58
223,32,394,263.35,256.53,0,0,28
247,1,86,202.29,257.11,0,0,55
161,40,327,149.7,195.62,1,0,46
156,8,73,322.59,279.72,0,0,33
259,43,382,323.11,297.03,0,0,43
228,16,70,338.15,291.33,0,0,44
160,21,350,45.12,56.2,0,0,41
4,14,198,238.78,283.09,0,0,27
99,29,315,334.18,295.14,0,0,32
138,15,231,42.46,60.65,0,0,33
100,21,194,221.38,212.33,0,0,25
36,10,399,107.07,99.9,0,0,32
223,36,131,50.46,63.6,0,0,42
151,18,303,228.2,204.56,0,0,41
252,45,31,301.36,284.31,1,0,63
141,48,224,188.4,167.6,0,0,38
16,45,5,65.26,55.67,0,0,36
204,31,108,233.78,271.81,0,0,31
39,34,390,222.71,192.15,0,0,23
148,49,398,144.21,183.85,0,1,45
30,12,385,92.97,120.5,0,0,42
84,28,69,173.42,154.86,0,0,32
5,26,111,119.3,106.16,0,1,12
17,27,313,130.4,112.82,0,0,29
143,6,127,313.28,292.71,0,0,32
231,3,261,259.71,208.5,0,0,34
39,4,379,270.52,249.7,1,1,49
168,3,135,212.99,180.35,0,0,19
82,21,69,61.62,51.15,0,0,30
166,14,320,105.79,102.99,0,0,37
171,20,314,217.0,176.22,1,0,34
163,43,154,205.32,179.08,1,0,54
157,44,134,143.6,117.34,0,0,30
33,20,115,266.46,231.42,0,0,31
179,3,25,195.34,191.25,0,0,37
247,23,183,62.66,50.53,1,0,45
190,37,357,125.6,120.22,0,0,44
4,40,303,54.18,59.14,0,0,18
9,20,8,247.04,238.62,0,0,29
170,43,72,75.77,94.42,0,0,29
173,30,157,119.17,159.66,0,1,29
130,27,89,187.28,186.36,0,0,43
251,11,365,309.3,267.97,0,0,46
186,35,346,114.83,145.43,0,0,32
29,7,163,336.74,280.31,0,0,16
255,10,390,52.92,62.99,1,0,36
3,41,379,158.76,141.61,0,0,26
66,28,180,105.76,149.66,0,0,31
118,47,255,254.64,287.67,0,0,35
134,33,221,107.2,92.12,0,0,31
110,13,53,303.09,290.7,0,0,23
189,10,78,156.42,128.13,1,0,30
52,24,241,89.43,90.76,0,0,21
114,28,193,144.26,124.35,0,0,43
43,42,42,129.87,109.96,0,0,28
211,50,273,172.36,233.23,0,1,51
14,21,201,325.47,280.14,0,0,5
249,21,244,245.26,214.1,0,0,16
90,34,113,130.08,106.34,0,0,35
43,33,87,254.15,223.82,0,0,15
169,39,237,272.21,226.29,0,0,51
111,6,161,59.9,84.26,0,1,33
6,34,84,239.72,228.57,0,0,27
61,48,240,220.63,178.53,0,0,17
121,24,34,228.59,189.4,1,0,27
70,23,5,216.97,246.18,0,0,33
147,23,143,116.98,143.36,0,0,31
55,4,364,137.61,190.38,0,0,31
106,33,54,126.33,125.41,0,0,46
219,28,131,162.5,156.47,0,1,44
101,33,247,288.79,257.24,0,0,35
73,21,129,281.54,295.29,0,0,43
109,1,236,308.76,259.51,0,0,31
254,40,346,62.33,64.17,0,0,47
80,21,195,211.75,257.33,0,0,30
255,43,112,312.43,289.76,1,0,48
159,16,169,105.85,105.68,0,0,42
258,46,72,216.35,235.9,0,0,48
248,13,357,171.53,186.26,0,0,49
92,38,247,193.73,167.83,0,0,34
148,35,148,199.4,195.54,0,0,47
93,4,155,176.7,170.95,1,0,40
231,20,11,187.87,165.36,0,0,29
54,44,7,151.52,141.62,0,0,21
218,23,184,209.97,171.84,0,0,40
58,31,85,305.7,262.11,1,1,31
58,17,231,193.82,197.99,0,0,37
105,28,332,68.77,60.66,0,0,42
85,5,328,85.31,110.2,0,0,39
256,38,72,85.15,84.74,0,1,72
153,15,338,116.29,107.01,1,0,38
133,6,333,94.5,88.82,0,0,42
43,35,363,207.19,186.81,0,0,24
177,21,368,266.95,254.32,0,0,27
56,48,367,249.21,214.12,0,0,24
65,10,2,212.21,224.5,0,0,11
219,47,245,203.46,172.0,0,0,42
226,24,22,68.34,61.53,0,0,47
31,22,390,193.09,186.82,0,0,31
246,43,80,247.48,224.7,1,1,48
120,19,380,203.14,199.22,0,0,19
53,11,142,212.77,283.43,1,1,49
77,6,275,333.48,293.85,0,0,38
4,23,66,62.12,54.77,1,0,36
176,24,252,93.03,81.53,1,0,50
42,48,164,73.08,71.01,1,0,33
157,48,389,173.35,142.57,0,0,23
169,37,6,274.2,247.43,0,1,34
89,23,387,84.65,68.63,0,1,34
3,29,104,126.81,104.46,0,0,36
136,43,112,119.65,112.88,1,1,40
91,38,103,186.95,186.83,0,0,20
130,35,260,131.71,152.89,0,0,37
117,26,230,232.62,244.36,0,1,50
231,32,50,111.94,107.44,0,0,59
45,31,88,257.95,213.31,1,0,36
191,31,165,119.68,117.44,0,0,37
115,38,174,138.59,164.49,0,0,30
28,27,91,220.85,299.47,0,0,29
239,43,155,247.83,231.57,0,0,41
139,6,94,161.02,179.76,0,1,41
125,47,251,78.68,73.05,0,0,33
219,38,43,165.75,153.64,0,0,45
145,46,276,195.02,169.11,0,1,38
225,7,216,91.34,94.49,0,0,49
217,29,128,100.05,95.95,0,1,45
212,43,400,83.94,72.67,0,0,44
231,13,146,205.17,242.82,1,0,41
237,5,46,161.8,138.13,0,0,36
47,50,334,180.93,155.11,0,0,24
68,14,283,303.77,277.34,1,0,32
15,7,381,168.84,197.67,0,0,34
138,4,292,248.54,230.93,0,0,31
143,8,271,147.94,120.3,0,0,39
149,48,392,183.17,149.5,0,0,43
79,20,24,146.85,129.89,0,0,19
183,5,223,155.13,174.2,0,0,28
256,11,171,117.72,140.93,0,0,53
114,41,383,115.41,107.11,0,0,44
121,23,9,151.09,136.38,1,1,38
131,22,231,159.9,142.62,1,0,43
89,4,235,179.89,156.81,0,1,29
168,36,41,245.93,232.99,0,0,47
158,19,202,42.32,54.34,0,1,49
192,50,280,306.15,273.53,0,0,20
236,19,27,288.88,281.21,0,0,41
63,9,98,277.46,249.54,0,1,29
25,30,305,171.94,243.57,0,0,16
216,19,171,74.69,90.16,0,0,30
215,13,56,121.03,103.42,1,1,44
